# flashlight mesh, units=1/16 block
v 0.8761 0.8761 8
v 1.7246 0.0275 8
v 1.7083 0.0438 8.2341
v 1.66 0.0921 8.4592
v 1.5816 0.1705 8.6667
v 1.4761 0.2761 8.8485
v 1.3475 0.4046 8.9978
v 1.2008 0.5513 9.1087
v 1.0416 0.7105 9.1769
v 0.8761 0.8761 9.2
v 0.7105 1.0416 9.1769
v 0.5513 1.2008 9.1087
v 0.4046 1.3475 8.9978
v 0.2761 1.4761 8.8485
v 0.1705 1.5816 8.6667
v 0.0921 1.66 8.4592
v 0.0438 1.7083 8.2341
v 0.0275 1.7246 8
v 0.0438 1.7083 7.7659
v 0.0921 1.66 7.5408
v 0.1705 1.5816 7.3333
v 0.2761 1.4761 7.1515
v 0.4046 1.3475 7.0022
v 0.5513 1.2008 6.8913
v 0.7105 1.0416 6.8231
v 0.8761 0.8761 6.8
v 1.0416 0.7105 6.8231
v 1.2008 0.5513 6.8913
v 1.3475 0.4046 7.0022
v 1.4761 0.2761 7.1515
v 1.5816 0.1705 7.3333
v 1.66 0.0921 7.5408
v 1.7083 0.0438 7.7659
v 2.1285 0.0479 8.2926
v 2.1489 0.0275 8
v 2.0681 0.1083 8.574
v 1.9701 0.2063 8.8334
v 1.8382 0.3382 9.0607
v 1.6775 0.4989 9.2472
v 1.4941 0.6823 9.3858
v 1.2951 0.8813 9.4712
v 1.0882 1.0882 9.5
v 0.8813 1.2951 9.4712
v 0.6823 1.4941 9.3858
v 0.4989 1.6775 9.2472
v 0.3382 1.8382 9.0607
v 0.2063 1.9701 8.8334
v 0.1083 2.0681 8.574
v 0.0479 2.1285 8.2926
v 0.0275 2.1489 8
v 0.0479 2.1285 7.7074
v 0.1083 2.0681 7.426
v 0.2063 1.9701 7.1666
v 0.3382 1.8382 6.9393
v 0.4989 1.6775 6.7528
v 0.6823 1.4941 6.6142
v 0.8813 1.2951 6.5288
v 1.0882 1.0882 6.5
v 1.2951 0.8813 6.5288
v 1.4941 0.6823 6.6142
v 1.6775 0.4989 6.7528
v 1.8382 0.3382 6.9393
v 1.9701 0.2063 7.1666
v 2.0681 0.1083 7.426
v 2.1285 0.0479 7.7074
v 2.7067 0.4597 8.316
v 2.7287 0.4377 8
v 2.6415 0.5249 8.6199
v 2.5356 0.6307 8.9
v 2.3932 0.7732 9.1455
v 2.2196 0.9468 9.347
v 2.0215 1.1448 9.4967
v 1.8066 1.3597 9.5889
v 1.5832 1.5832 9.62
v 1.3597 1.8066 9.5889
v 1.1448 2.0215 9.4967
v 0.9468 2.2196 9.347
v 0.7732 2.3932 9.1455
v 0.6307 2.5356 8.9
v 0.5249 2.6415 8.6199
v 0.4597 2.7067 8.316
v 0.4377 2.7287 8
v 0.4597 2.7067 7.684
v 0.5249 2.6415 7.3801
v 0.6307 2.5356 7.1
v 0.7732 2.3932 6.8545
v 0.9468 2.2196 6.653
v 1.1448 2.0215 6.5033
v 1.3597 1.8066 6.4111
v 1.5832 1.5832 6.38
v 1.8066 1.3597 6.4111
v 2.0215 1.1448 6.5033
v 2.2196 0.9468 6.653
v 2.3932 0.7732 6.8545
v 2.5356 0.6307 7.1
v 2.6415 0.5249 7.3801
v 2.7067 0.4597 7.684
v 3.2724 1.0254 8.316
v 3.2944 1.0033 8
v 3.2072 1.0905 8.6199
v 3.1013 1.1964 8.9
v 2.9589 1.3389 9.1455
v 2.7853 1.5124 9.347
v 2.5872 1.7105 9.4967
v 2.3723 1.9254 9.5889
v 2.1489 2.1489 9.62
v 1.9254 2.3723 9.5889
v 1.7105 2.5872 9.4967
v 1.5124 2.7853 9.347
v 1.3389 2.9589 9.1455
v 1.1964 3.1013 8.9
v 1.0905 3.2072 8.6199
v 1.0254 3.2724 8.316
v 1.0033 3.2944 8
v 1.0254 3.2724 7.684
v 1.0905 3.2072 7.3801
v 1.1964 3.1013 7.1
v 1.3389 2.9589 6.8545
v 1.5124 2.7853 6.653
v 1.7105 2.5872 6.5033
v 1.9254 2.3723 6.4111
v 2.1489 2.1489 6.38
v 2.3723 1.9254 6.4111
v 2.5872 1.7105 6.5033
v 2.7853 1.5124 6.653
v 2.9589 1.3389 6.8545
v 3.1013 1.1964 7.1
v 3.2072 1.0905 7.3801
v 3.2724 1.0254 7.684
v 2.1489 2.1489 8
v 0.4872 0.4872 8
v 1.0175 -0.0432 8
v 1.0073 -0.033 8.1463
v 0.9771 -0.0028 8.287
v 0.9281 0.0462 8.4167
v 0.8622 0.1122 8.5303
v 0.7818 0.1925 8.6236
v 0.6901 0.2842 8.6929
v 0.5906 0.3837 8.7356
v 0.4872 0.4872 8.75
v 0.3837 0.5906 8.7356
v 0.2842 0.6901 8.6929
v 0.1925 0.7818 8.6236
v 0.1122 0.8622 8.5303
v 0.0462 0.9281 8.4167
v -0.0028 0.9771 8.287
v -0.033 1.0073 8.1463
v -0.0432 1.0175 8
v -0.033 1.0073 7.8537
v -0.0028 0.9771 7.713
v 0.0462 0.9281 7.5833
v 0.1122 0.8622 7.4697
v 0.1925 0.7818 7.3764
v 0.2842 0.6901 7.3071
v 0.3837 0.5906 7.2644
v 0.4872 0.4872 7.25
v 0.5906 0.3837 7.2644
v 0.6901 0.2842 7.3071
v 0.7818 0.1925 7.3764
v 0.8622 0.1122 7.4697
v 0.9281 0.0462 7.5833
v 0.9771 -0.0028 7.713
v 1.0073 -0.033 7.8537
v 1.2389 0.0183 8.1717
v 1.2508 0.0063 8
v 1.2035 0.0537 8.3368
v 1.146 0.1112 8.4889
v 1.0686 0.1886 8.6223
v 0.9743 0.2829 8.7317
v 0.8667 0.3904 8.813
v 0.75 0.5072 8.8631
v 0.6286 0.6286 8.88
v 0.5072 0.75 8.8631
v 0.3904 0.8667 8.813
v 0.2829 0.9743 8.7317
v 0.1886 1.0686 8.6223
v 0.1112 1.146 8.4889
v 0.0537 1.2035 8.3368
v 0.0183 1.2389 8.1717
v 0.0063 1.2508 8
v 0.0183 1.2389 7.8283
v 0.0537 1.2035 7.6632
v 0.1112 1.146 7.5111
v 0.1886 1.0686 7.3777
v 0.2829 0.9743 7.2683
v 0.3904 0.8667 7.187
v 0.5072 0.75 7.1369
v 0.6286 0.6286 7.12
v 0.75 0.5072 7.1369
v 0.8667 0.3904 7.187
v 0.9743 0.2829 7.2683
v 1.0686 0.1886 7.3777
v 1.146 0.1112 7.5111
v 1.2035 0.0537 7.6632
v 1.2389 0.0183 7.8283
v 1.5217 0.3011 8.1717
v 1.5337 0.2892 8
v 1.4863 0.3365 8.3368
v 1.4288 0.394 8.4889
v 1.3514 0.4714 8.6223
v 1.2571 0.5657 8.7317
v 1.1495 0.6733 8.813
v 1.0328 0.79 8.8631
v 0.9114 0.9114 8.88
v 0.79 1.0328 8.8631
v 0.6733 1.1495 8.813
v 0.5657 1.2571 8.7317
v 0.4714 1.3514 8.6223
v 0.394 1.4288 8.4889
v 0.3365 1.4863 8.3368
v 0.3011 1.5217 8.1717
v 0.2892 1.5337 8
v 0.3011 1.5217 7.8283
v 0.3365 1.4863 7.6632
v 0.394 1.4288 7.5111
v 0.4714 1.3514 7.3777
v 0.5657 1.2571 7.2683
v 0.6733 1.1495 7.187
v 0.79 1.0328 7.1369
v 0.9114 0.9114 7.12
v 1.0328 0.79 7.1369
v 1.1495 0.6733 7.187
v 1.2571 0.5657 7.2683
v 1.3514 0.4714 7.3777
v 1.4288 0.394 7.5111
v 1.4863 0.3365 7.6632
v 1.5217 0.3011 7.8283
v 0.9114 0.9114 8
v 1.371 0.3811 8
v 1.6043 0.1479 8.2048
v 1.3615 0.3906 8.1366
v 1.6185 0.1336 8
v 1.562 0.1901 8.4018
v 1.3334 0.4188 8.2679
v 1.4934 0.2587 8.5833
v 1.2876 0.4645 8.3889
v 1.4011 0.3511 8.7425
v 1.2261 0.5261 8.495
v 1.2886 0.4636 8.873
v 1.1511 0.6011 8.582
v 1.1602 0.5919 8.9701
v 1.0655 0.6866 8.6467
v 1.0209 0.7312 9.0298
v 0.9726 0.7795 8.6865
v 0.8761 0.8761 9.05
v 0.8761 0.8761 8.7
v 0.7312 1.0209 9.0298
v 0.7795 0.9726 8.6865
v 0.5919 1.1602 8.9701
v 0.6866 1.0655 8.6467
v 0.4636 1.2886 8.873
v 0.6011 1.1511 8.582
v 0.3511 1.4011 8.7425
v 0.5261 1.2261 8.495
v 0.2587 1.4934 8.5833
v 0.4645 1.2876 8.3889
v 0.1901 1.562 8.4018
v 0.4188 1.3334 8.2679
v 0.1479 1.6043 8.2048
v 0.3906 1.3615 8.1366
v 0.1336 1.6185 8
v 0.3811 1.371 8
v 0.1479 1.6043 7.7952
v 0.3906 1.3615 7.8634
v 0.1901 1.562 7.5982
v 0.4188 1.3334 7.7321
v 0.2587 1.4934 7.4167
v 0.4645 1.2876 7.6111
v 0.3511 1.4011 7.2575
v 0.5261 1.2261 7.505
v 0.4636 1.2886 7.127
v 0.6011 1.1511 7.418
v 0.5919 1.1602 7.0299
v 0.6866 1.0655 7.3533
v 0.7312 1.0209 6.9702
v 0.7795 0.9726 7.3135
v 0.8761 0.8761 6.95
v 0.8761 0.8761 7.3
v 1.0209 0.7312 6.9702
v 0.9726 0.7795 7.3135
v 1.1602 0.5919 7.0299
v 1.0655 0.6866 7.3533
v 1.2886 0.4636 7.127
v 1.1511 0.6011 7.418
v 1.4011 0.3511 7.2575
v 1.2261 0.5261 7.505
v 1.4934 0.2587 7.4167
v 1.2876 0.4645 7.6111
v 1.562 0.1901 7.5982
v 1.3334 0.4188 7.7321
v 1.6043 0.1479 7.7952
v 1.3615 0.3906 7.8634
v 1.7103 0.2539 8.2048
v 1.7246 0.2397 8
v 1.6681 0.2962 8.4018
v 1.5995 0.3648 8.5833
v 1.5071 0.4571 8.7425
v 1.3946 0.5696 8.873
v 1.2663 0.698 8.9701
v 1.127 0.8373 9.0298
v 0.9821 0.9821 9.05
v 0.8373 1.127 9.0298
v 0.698 1.2663 8.9701
v 0.5696 1.3946 8.873
v 0.4571 1.5071 8.7425
v 0.3648 1.5995 8.5833
v 0.2962 1.6681 8.4018
v 0.2539 1.7103 8.2048
v 0.2397 1.7246 8
v 0.2539 1.7103 7.7952
v 0.2962 1.6681 7.5982
v 0.3648 1.5995 7.4167
v 0.4571 1.5071 7.2575
v 0.5696 1.3946 7.127
v 0.698 1.2663 7.0299
v 0.8373 1.127 6.9702
v 0.9821 0.9821 6.95
v 1.127 0.8373 6.9702
v 1.2663 0.698 7.0299
v 1.3946 0.5696 7.127
v 1.5071 0.4571 7.2575
v 1.5995 0.3648 7.4167
v 1.6681 0.2962 7.5982
v 1.7103 0.2539 7.7952
v 1.4676 0.4967 8.1366
v 1.4771 0.4872 8
v 1.4394 0.5248 8.2679
v 1.3937 0.5706 8.3889
v 1.3321 0.6321 8.495
v 1.2571 0.7071 8.582
v 1.1715 0.7927 8.6467
v 1.0787 0.8856 8.6865
v 0.9821 0.9821 8.7
v 0.8856 1.0787 8.6865
v 0.7927 1.1715 8.6467
v 0.7071 1.2571 8.582
v 0.6321 1.3321 8.495
v 0.5706 1.3937 8.3889
v 0.5248 1.4394 8.2679
v 0.4967 1.4676 8.1366
v 0.4872 1.4771 8
v 0.4967 1.4676 7.8634
v 0.5248 1.4394 7.7321
v 0.5706 1.3937 7.6111
v 0.6321 1.3321 7.505
v 0.7071 1.2571 7.418
v 0.7927 1.1715 7.3533
v 0.8856 1.0787 7.3135
v 0.9821 0.9821 7.3
v 1.0787 0.8856 7.3135
v 1.1715 0.7927 7.3533
v 1.2571 0.7071 7.418
v 1.3321 0.6321 7.505
v 1.3937 0.5706 7.6111
v 1.4394 0.5248 7.7321
v 1.4676 0.4967 7.8634
v 3.2095 1.0882 8
v 3.1965 1.1013 8.2347
v 3.1576 1.1401 8.4635
v 3.0939 1.2038 8.681
v 3.0069 1.2908 8.8817
v 2.8989 1.3989 9.0607
v 2.7723 1.5254 9.2135
v 2.6304 1.6673 9.3365
v 2.4766 1.8211 9.4266
v 2.3148 1.9829 9.4815
v 2.1489 2.1489 9.5
v 1.9829 2.3148 9.4815
v 1.8211 2.4766 9.4266
v 1.6673 2.6304 9.3365
v 1.5254 2.7723 9.2135
v 1.3989 2.8989 9.0607
v 1.2908 3.0069 8.8817
v 1.2038 3.0939 8.681
v 1.1401 3.1576 8.4635
v 1.1013 3.1965 8.2347
v 1.0882 3.2095 8
v 1.1013 3.1965 7.7653
v 1.1401 3.1576 7.5365
v 1.2038 3.0939 7.319
v 1.2908 3.0069 7.1183
v 1.3989 2.8989 6.9393
v 1.5254 2.7723 6.7865
v 1.6673 2.6304 6.6635
v 1.8211 2.4766 6.5734
v 1.9829 2.3148 6.5185
v 2.1489 2.1489 6.5
v 2.3148 1.9829 6.5185
v 2.4766 1.8211 6.5734
v 2.6304 1.6673 6.6635
v 2.7723 1.5254 6.7865
v 2.8989 1.3989 6.9393
v 3.0069 1.2908 7.1183
v 3.0939 1.2038 7.319
v 3.1576 1.1401 7.5365
v 3.1965 1.1013 7.7653
v 3.3021 1.137 8.2425
v 3.3156 1.1235 8
v 3.2619 1.1772 8.479
v 3.1961 1.243 8.7037
v 3.1063 1.3329 8.9111
v 2.9946 1.4446 9.096
v 2.8638 1.5753 9.254
v 2.7171 1.722 9.3811
v 2.5583 1.8809 9.4741
v 2.391 2.0481 9.5309
v 2.2196 2.2196 9.55
v 2.0481 2.391 9.5309
v 1.8809 2.5583 9.4741
v 1.722 2.7171 9.3811
v 1.5753 2.8638 9.254
v 1.4446 2.9946 9.096
v 1.3329 3.1063 8.9111
v 1.243 3.1961 8.7037
v 1.1772 3.2619 8.479
v 1.137 3.3021 8.2425
v 1.1235 3.3156 8
v 1.137 3.3021 7.7575
v 1.1772 3.2619 7.521
v 1.243 3.1961 7.2963
v 1.3329 3.1063 7.0889
v 1.4446 2.9946 6.904
v 1.5753 2.8638 6.746
v 1.722 2.7171 6.6189
v 1.8809 2.5583 6.5259
v 2.0481 2.391 6.4691
v 2.2196 2.2196 6.45
v 2.391 2.0481 6.4691
v 2.5583 1.8809 6.5259
v 2.7171 1.722 6.6189
v 2.8638 1.5753 6.746
v 2.9946 1.4446 6.904
v 3.1063 1.3329 7.0889
v 3.1961 1.243 7.2963
v 3.2619 1.1772 7.521
v 3.3021 1.137 7.7575
v 3.7263 1.5613 8.2425
v 3.7398 1.5478 8
v 3.6862 1.6015 8.479
v 3.6204 1.6673 8.7037
v 3.5305 1.7571 8.9111
v 3.4188 1.8688 9.096
v 3.288 1.9996 9.254
v 3.1414 2.1462 9.3811
v 2.9825 2.3051 9.4741
v 2.8153 2.4724 9.5309
v 2.6438 2.6438 9.55
v 2.4724 2.8153 9.5309
v 2.3051 2.9825 9.4741
v 2.1462 3.1414 9.3811
v 1.9996 3.288 9.254
v 1.8688 3.4188 9.096
v 1.7571 3.5305 8.9111
v 1.6673 3.6204 8.7037
v 1.6015 3.6862 8.479
v 1.5613 3.7263 8.2425
v 1.5478 3.7398 8
v 1.5613 3.7263 7.7575
v 1.6015 3.6862 7.521
v 1.6673 3.6204 7.2963
v 1.7571 3.5305 7.0889
v 1.8688 3.4188 6.904
v 1.9996 3.288 6.746
v 2.1462 3.1414 6.6189
v 2.3051 2.9825 6.5259
v 2.4724 2.8153 6.4691
v 2.6438 2.6438 6.45
v 2.8153 2.4724 6.4691
v 2.9825 2.3051 6.5259
v 3.1414 2.1462 6.6189
v 3.288 1.9996 6.746
v 3.4188 1.8688 6.904
v 3.5305 1.7571 7.0889
v 3.6204 1.6673 7.2963
v 3.6862 1.6015 7.521
v 3.7263 1.5613 7.7575
v 3.6709 1.6875 8.2221
v 3.6833 1.6751 8
v 3.6341 1.7242 8.4388
v 3.5738 1.7845 8.6447
v 3.4915 1.8669 8.8347
v 3.3892 1.9692 9.0041
v 3.2694 2.089 9.1488
v 3.135 2.2233 9.2652
v 2.9895 2.3689 9.3505
v 2.8363 2.5221 9.4025
v 2.6792 2.6792 9.42
v 2.5221 2.8363 9.4025
v 2.3689 2.9895 9.3505
v 2.2233 3.135 9.2652
v 2.089 3.2694 9.1488
v 1.9692 3.3892 9.0041
v 1.8669 3.4915 8.8347
v 1.7845 3.5738 8.6447
v 1.7242 3.6341 8.4388
v 1.6875 3.6709 8.2221
v 1.6751 3.6833 8
v 1.6875 3.6709 7.7779
v 1.7242 3.6341 7.5612
v 1.7845 3.5738 7.3553
v 1.8669 3.4915 7.1653
v 1.9692 3.3892 6.9959
v 2.089 3.2694 6.8512
v 2.2233 3.135 6.7348
v 2.3689 2.9895 6.6495
v 2.5221 2.8363 6.5975
v 2.6792 2.6792 6.58
v 2.8363 2.5221 6.5975
v 2.9895 2.3689 6.6495
v 3.135 2.2233 6.7348
v 3.2694 2.089 6.8512
v 3.3892 1.9692 6.9959
v 3.4915 1.8669 7.1653
v 3.5738 1.7845 7.3553
v 3.6341 1.7242 7.5612
v 3.6709 1.6875 7.7779
v 3.8123 1.8289 8.2221
v 3.8247 1.8165 8
v 3.7756 1.8657 8.4388
v 3.7153 1.926 8.6447
v 3.6329 2.0083 8.8347
v 3.5306 2.1106 9.0041
v 3.4108 2.2304 9.1488
v 3.2765 2.3648 9.2652
v 3.1309 2.5103 9.3505
v 2.9777 2.6635 9.4025
v 2.8206 2.8206 9.42
v 2.6635 2.9777 9.4025
v 2.5103 3.1309 9.3505
v 2.3648 3.2765 9.2652
v 2.2304 3.4108 9.1488
v 2.1106 3.5306 9.0041
v 2.0083 3.6329 8.8347
v 1.926 3.7153 8.6447
v 1.8657 3.7756 8.4388
v 1.8289 3.8123 8.2221
v 1.8165 3.8247 8
v 1.8289 3.8123 7.7779
v 1.8657 3.7756 7.5612
v 1.926 3.7153 7.3553
v 2.0083 3.6329 7.1653
v 2.1106 3.5306 6.9959
v 2.2304 3.4108 6.8512
v 2.3648 3.2765 6.7348
v 2.5103 3.1309 6.6495
v 2.6635 2.9777 6.5975
v 2.8206 2.8206 6.58
v 2.9777 2.6635 6.5975
v 3.1309 2.5103 6.6495
v 3.2765 2.3648 6.7348
v 3.4108 2.2304 6.8512
v 3.5306 2.1106 6.9959
v 3.6329 2.0083 7.1653
v 3.7153 1.926 7.3553
v 3.7756 1.8657 7.5612
v 3.8123 1.8289 7.7779
v 3.9385 1.7734 8.2425
v 3.952 1.7599 8
v 3.8983 1.8136 8.479
v 3.8325 1.8794 8.7037
v 3.7427 1.9693 8.9111
v 3.631 2.081 9.096
v 3.5002 2.2117 9.254
v 3.3535 2.3584 9.3811
v 3.1946 2.5173 9.4741
v 3.0274 2.6845 9.5309
v 2.856 2.856 9.55
v 2.6845 3.0274 9.5309
v 2.5173 3.1946 9.4741
v 2.3584 3.3535 9.3811
v 2.2117 3.5002 9.254
v 2.081 3.631 9.096
v 1.9693 3.7427 8.9111
v 1.8794 3.8325 8.7037
v 1.8136 3.8983 8.479
v 1.7734 3.9385 8.2425
v 1.7599 3.952 8
v 1.7734 3.9385 7.7575
v 1.8136 3.8983 7.521
v 1.8794 3.8325 7.2963
v 1.9693 3.7427 7.0889
v 2.081 3.631 6.904
v 2.2117 3.5002 6.746
v 2.3584 3.3535 6.6189
v 2.5173 3.1946 6.5259
v 2.6845 3.0274 6.4691
v 2.856 2.856 6.45
v 3.0274 2.6845 6.4691
v 3.1946 2.5173 6.5259
v 3.3535 2.3584 6.6189
v 3.5002 2.2117 6.746
v 3.631 2.081 6.904
v 3.7427 1.9693 7.0889
v 3.8325 1.8794 7.2963
v 3.8983 1.8136 7.521
v 3.9385 1.7734 7.7575
v 8.8882 6.7232 8.2425
v 8.9017 6.7097 8
v 8.8481 6.7633 8.479
v 8.7823 6.8292 8.7037
v 8.6924 6.919 8.9111
v 8.5807 7.0307 9.096
v 8.4499 7.1615 9.254
v 8.3033 7.3081 9.3811
v 8.1444 7.467 9.4741
v 7.9772 7.6343 9.5309
v 7.8057 7.8057 9.55
v 7.6343 7.9772 9.5309
v 7.467 8.1444 9.4741
v 7.3081 8.3033 9.3811
v 7.1615 8.4499 9.254
v 7.0307 8.5807 9.096
v 6.919 8.6924 8.9111
v 6.8292 8.7823 8.7037
v 6.7633 8.8481 8.479
v 6.7232 8.8882 8.2425
v 6.7097 8.9017 8
v 6.7232 8.8882 7.7575
v 6.7633 8.8481 7.521
v 6.8292 8.7823 7.2963
v 6.919 8.6924 7.0889
v 7.0307 8.5807 6.904
v 7.1615 8.4499 6.746
v 7.3081 8.3033 6.6189
v 7.467 8.1444 6.5259
v 7.6343 7.9772 6.4691
v 7.8057 7.8057 6.45
v 7.9772 7.6343 6.4691
v 8.1444 7.467 6.5259
v 8.3033 7.3081 6.6189
v 8.4499 7.1615 6.746
v 8.5807 7.0307 6.904
v 8.6924 6.919 7.0889
v 8.7823 6.8292 7.2963
v 8.8481 6.7633 7.521
v 8.8882 6.7232 7.7575
v 8.8328 6.8493 8.2221
v 8.8452 6.837 8
v 8.796 6.8861 8.4388
v 8.7357 6.9464 8.6447
v 8.6534 7.0287 8.8347
v 8.5511 7.1311 9.0041
v 8.4313 7.2509 9.1488
v 8.2969 7.3852 9.2652
v 8.1513 7.5308 9.3505
v 7.9981 7.684 9.4025
v 7.8411 7.8411 9.42
v 7.684 7.9981 9.4025
v 7.5308 8.1513 9.3505
v 7.3852 8.2969 9.2652
v 7.2509 8.4313 9.1488
v 7.1311 8.5511 9.0041
v 7.0287 8.6534 8.8347
v 6.9464 8.7357 8.6447
v 6.8861 8.796 8.4388
v 6.8493 8.8328 8.2221
v 6.837 8.8452 8
v 6.8493 8.8328 7.7779
v 6.8861 8.796 7.5612
v 6.9464 8.7357 7.3553
v 7.0287 8.6534 7.1653
v 7.1311 8.5511 6.9959
v 7.2509 8.4313 6.8512
v 7.3852 8.2969 6.7348
v 7.5308 8.1513 6.6495
v 7.684 7.9981 6.5975
v 7.8411 7.8411 6.58
v 7.9981 7.684 6.5975
v 8.1513 7.5308 6.6495
v 8.2969 7.3852 6.7348
v 8.4313 7.2509 6.8512
v 8.5511 7.1311 6.9959
v 8.6534 7.0287 7.1653
v 8.7357 6.9464 7.3553
v 8.796 6.8861 7.5612
v 8.8328 6.8493 7.7779
v 8.9742 6.9908 8.2221
v 8.9866 6.9784 8
v 8.9374 7.0275 8.4388
v 8.8771 7.0878 8.6447
v 8.7948 7.1702 8.8347
v 8.6925 7.2725 9.0041
v 8.5727 7.3923 9.1488
v 8.4383 7.5266 9.2652
v 8.2928 7.6722 9.3505
v 8.1396 7.8254 9.4025
v 7.9825 7.9825 9.42
v 7.8254 8.1396 9.4025
v 7.6722 8.2928 9.3505
v 7.5266 8.4383 9.2652
v 7.3923 8.5727 9.1488
v 7.2725 8.6925 9.0041
v 7.1702 8.7948 8.8347
v 7.0878 8.8771 8.6447
v 7.0275 8.9374 8.4388
v 6.9908 8.9742 8.2221
v 6.9784 8.9866 8
v 6.9908 8.9742 7.7779
v 7.0275 8.9374 7.5612
v 7.0878 8.8771 7.3553
v 7.1702 8.7948 7.1653
v 7.2725 8.6925 6.9959
v 7.3923 8.5727 6.8512
v 7.5266 8.4383 6.7348
v 7.6722 8.2928 6.6495
v 7.8254 8.1396 6.5975
v 7.9825 7.9825 6.58
v 8.1396 7.8254 6.5975
v 8.2928 7.6722 6.6495
v 8.4383 7.5266 6.7348
v 8.5727 7.3923 6.8512
v 8.6925 7.2725 6.9959
v 8.7948 7.1702 7.1653
v 8.8771 7.0878 7.3553
v 8.9374 7.0275 7.5612
v 8.9742 6.9908 7.7779
v 9.1004 6.9353 8.2425
v 9.1139 6.9218 8
v 9.0602 6.9755 8.479
v 8.9944 7.0413 8.7037
v 8.9045 7.1311 8.9111
v 8.7928 7.2428 9.096
v 8.6621 7.3736 9.254
v 8.5154 7.5203 9.3811
v 8.3565 7.6792 9.4741
v 8.1893 7.8464 9.5309
v 8.0178 8.0178 9.55
v 7.8464 8.1893 9.5309
v 7.6792 8.3565 9.4741
v 7.5203 8.5154 9.3811
v 7.3736 8.6621 9.254
v 7.2428 8.7928 9.096
v 7.1311 8.9045 8.9111
v 7.0413 8.9944 8.7037
v 6.9755 9.0602 8.479
v 6.9353 9.1004 8.2425
v 6.9218 9.1139 8
v 6.9353 9.1004 7.7575
v 6.9755 9.0602 7.521
v 7.0413 8.9944 7.2963
v 7.1311 8.9045 7.0889
v 7.2428 8.7928 6.904
v 7.3736 8.6621 6.746
v 7.5203 8.5154 6.6189
v 7.6792 8.3565 6.5259
v 7.8464 8.1893 6.4691
v 8.0178 8.0178 6.45
v 8.1893 7.8464 6.4691
v 8.3565 7.6792 6.5259
v 8.5154 7.5203 6.6189
v 8.6621 7.3736 6.746
v 8.7928 7.2428 6.904
v 8.9045 7.1311 7.0889
v 8.9944 7.0413 7.2963
v 9.0602 6.9755 7.521
v 9.1004 6.9353 7.7575
v 10.7267 8.5617 8.2425
v 10.7402 8.5482 8
v 10.6866 8.6018 8.479
v 10.6207 8.6676 8.7037
v 10.5309 8.7575 8.9111
v 10.4192 8.8692 9.096
v 10.2884 9 9.254
v 10.1418 9.1466 9.3811
v 9.9829 9.3055 9.4741
v 9.8156 9.4727 9.5309
v 9.6442 9.6442 9.55
v 9.4727 9.8156 9.5309
v 9.3055 9.9829 9.4741
v 9.1466 10.1418 9.3811
v 9 10.2884 9.254
v 8.8692 10.4192 9.096
v 8.7575 10.5309 8.9111
v 8.6676 10.6207 8.7037
v 8.6018 10.6866 8.479
v 8.5617 10.7267 8.2425
v 8.5482 10.7402 8
v 8.5617 10.7267 7.7575
v 8.6018 10.6866 7.521
v 8.6676 10.6207 7.2963
v 8.7575 10.5309 7.0889
v 8.8692 10.4192 6.904
v 9 10.2884 6.746
v 9.1466 10.1418 6.6189
v 9.3055 9.9829 6.5259
v 9.4727 9.8156 6.4691
v 9.6442 9.6442 6.45
v 9.8156 9.4727 6.4691
v 9.9829 9.3055 6.5259
v 10.1418 9.1466 6.6189
v 10.2884 9 6.746
v 10.4192 8.8692 6.904
v 10.5309 8.7575 7.0889
v 10.6207 8.6676 7.2963
v 10.6866 8.6018 7.521
v 10.7267 8.5617 7.7575
v 9.6442 9.6442 8
v 11.0018 8.2865 8
v 10.9851 8.3033 8.3004
v 10.9354 8.353 8.5933
v 10.8539 8.4345 8.8717
v 10.7425 8.5458 9.1285
v 10.6042 8.6842 9.3576
v 10.4422 8.8462 9.5533
v 10.2605 9.0278 9.7107
v 10.0637 9.2246 9.826
v 9.8566 9.4318 9.8964
v 9.6442 9.6442 9.92
v 9.4318 9.8566 9.8964
v 9.2246 10.0637 9.826
v 9.0278 10.2605 9.7107
v 8.8462 10.4422 9.5533
v 8.6842 10.6042 9.3576
v 8.5458 10.7425 9.1285
v 8.4345 10.8539 8.8717
v 8.353 10.9354 8.5933
v 8.3033 10.9851 8.3004
v 8.2865 11.0018 8
v 8.3033 10.9851 7.6996
v 8.353 10.9354 7.4067
v 8.4345 10.8539 7.1283
v 8.5458 10.7425 6.8715
v 8.6842 10.6042 6.6424
v 8.8462 10.4422 6.4467
v 9.0278 10.2605 6.2893
v 9.2246 10.0637 6.174
v 9.4318 9.8566 6.1036
v 9.6442 9.6442 6.08
v 9.8566 9.4318 6.1036
v 10.0637 9.2246 6.174
v 10.2605 9.0278 6.2893
v 10.4422 8.8462 6.4467
v 10.6042 8.6842 6.6424
v 10.7425 8.5458 6.8715
v 10.8539 8.4345 7.1283
v 10.9354 8.353 7.4067
v 10.9851 8.3033 7.6996
v 11.3387 8.6568 8.3004
v 11.3554 8.6401 8
v 11.2889 8.7065 8.5933
v 11.2074 8.7881 8.8717
v 11.0961 8.8994 9.1285
v 10.9577 9.0377 9.3576
v 10.7957 9.1997 9.5533
v 10.6141 9.3814 9.7107
v 10.4173 9.5782 9.826
v 10.2101 9.7854 9.8964
v 9.9977 9.9977 9.92
v 9.7854 10.2101 9.8964
v 9.5782 10.4173 9.826
v 9.3814 10.6141 9.7107
v 9.1997 10.7957 9.5533
v 9.0377 10.9577 9.3576
v 8.8994 11.0961 9.1285
v 8.7881 11.2074 8.8717
v 8.7065 11.2889 8.5933
v 8.6568 11.3387 8.3004
v 8.6401 11.3554 8
v 8.6568 11.3387 7.6996
v 8.7065 11.2889 7.4067
v 8.7881 11.2074 7.1283
v 8.8994 11.0961 6.8715
v 9.0377 10.9577 6.6424
v 9.1997 10.7957 6.4467
v 9.3814 10.6141 6.2893
v 9.5782 10.4173 6.174
v 9.7854 10.2101 6.1036
v 9.9977 9.9977 6.08
v 10.2101 9.7854 6.1036
v 10.4173 9.5782 6.174
v 10.6141 9.3814 6.2893
v 10.7957 9.1997 6.4467
v 10.9577 9.0377 6.6424
v 11.0961 8.8994 6.8715
v 11.2074 8.7881 7.1283
v 11.2889 8.7065 7.4067
v 11.3387 8.6568 7.6996
v 11.4299 8.6363 8.3129
v 11.4473 8.6189 8
v 11.3781 8.6881 8.618
v 11.2932 8.773 8.908
v 11.1772 8.889 9.1756
v 11.0331 9.0331 9.4142
v 10.8643 9.2018 9.618
v 10.6751 9.3911 9.782
v 10.4701 9.5961 9.9021
v 10.2543 9.8119 9.9754
v 10.0331 10.0331 10
v 9.8119 10.2543 9.9754
v 9.5961 10.4701 9.9021
v 9.3911 10.6751 9.782
v 9.2018 10.8643 9.618
v 9.0331 11.0331 9.4142
v 8.889 11.1772 9.1756
v 8.773 11.2932 8.908
v 8.6881 11.3781 8.618
v 8.6363 11.4299 8.3129
v 8.6189 11.4473 8
v 8.6363 11.4299 7.6871
v 8.6881 11.3781 7.382
v 8.773 11.2932 7.092
v 8.889 11.1772 6.8244
v 9.0331 11.0331 6.5858
v 9.2018 10.8643 6.382
v 9.3911 10.6751 6.218
v 9.5961 10.4701 6.0979
v 9.8119 10.2543 6.0246
v 10.0331 10.0331 6
v 10.2543 9.8119 6.0246
v 10.4701 9.5961 6.0979
v 10.6751 9.3911 6.218
v 10.8643 9.2018 6.382
v 11.0331 9.0331 6.5858
v 11.1772 8.889 6.8244
v 11.2932 8.773 7.092
v 11.3781 8.6881 7.382
v 11.4299 8.6363 7.6871
v 13.6512 9.8798 8.4224
v 13.6747 9.8563 8
v 13.5813 9.9498 8.8343
v 13.4666 10.0644 9.2258
v 13.3101 10.2209 9.587
v 13.1155 10.4155 9.9092
v 12.8877 10.6433 10.1843
v 12.6323 10.8988 10.4057
v 12.3555 11.1755 10.5679
v 12.0642 11.4668 10.6668
v 11.7655 11.7655 10.7
v 11.4668 12.0642 10.6668
v 11.1755 12.3555 10.5679
v 10.8988 12.6323 10.4057
v 10.6433 12.8877 10.1843
v 10.4155 13.1155 9.9092
v 10.2209 13.3101 9.587
v 10.0644 13.4666 9.2258
v 9.9498 13.5813 8.8343
v 9.8798 13.6512 8.4224
v 9.8563 13.6747 8
v 9.8798 13.6512 7.5776
v 9.9498 13.5813 7.1657
v 10.0644 13.4666 6.7742
v 10.2209 13.3101 6.413
v 10.4155 13.1155 6.0908
v 10.6433 12.8877 5.8157
v 10.8988 12.6323 5.5943
v 11.1755 12.3555 5.4321
v 11.4668 12.0642 5.3332
v 11.7655 11.7655 5.3
v 12.0642 11.4668 5.3332
v 12.3555 11.1755 5.4321
v 12.6323 10.8988 5.5943
v 12.8877 10.6433 5.8157
v 13.1155 10.4155 6.0908
v 13.3101 10.2209 6.413
v 13.4666 10.0644 6.7742
v 13.5813 9.9498 7.1657
v 13.6512 9.8798 7.5776
v 14.7118 10.9405 8.4224
v 14.7354 10.917 8
v 14.6419 11.0104 8.8343
v 14.5273 11.1251 9.2258
v 14.3707 11.2816 9.587
v 14.1762 11.4762 9.9092
v 13.9484 11.704 10.1843
v 13.6929 11.9594 10.4057
v 13.4161 12.2362 10.5679
v 13.1248 12.5275 10.6668
v 12.8262 12.8262 10.7
v 12.5275 13.1248 10.6668
v 12.2362 13.4161 10.5679
v 11.9594 13.6929 10.4057
v 11.704 13.9484 10.1843
v 11.4762 14.1762 9.9092
v 11.2816 14.3707 9.587
v 11.1251 14.5273 9.2258
v 11.0104 14.6419 8.8343
v 10.9405 14.7118 8.4224
v 10.917 14.7354 8
v 10.9405 14.7118 7.5776
v 11.0104 14.6419 7.1657
v 11.1251 14.5273 6.7742
v 11.2816 14.3707 6.413
v 11.4762 14.1762 6.0908
v 11.704 13.9484 5.8157
v 11.9594 13.6929 5.5943
v 12.2362 13.4161 5.4321
v 12.5275 13.1248 5.3332
v 12.8262 12.8262 5.3
v 13.1248 12.5275 5.3332
v 13.4161 12.2362 5.4321
v 13.6929 11.9594 5.5943
v 13.9484 11.704 5.8157
v 14.1762 11.4762 6.0908
v 14.3707 11.2816 6.413
v 14.5273 11.1251 6.7742
v 14.6419 11.0104 7.1657
v 14.7118 10.9405 7.5776
v 14.5023 11.15 8.3754
v 14.5232 11.1291 8
v 14.4402 11.2122 8.7416
v 14.3383 11.3141 9.0896
v 14.1991 11.4532 9.4107
v 14.0262 11.6262 9.6971
v 13.8237 11.8287 9.9416
v 13.5966 12.0557 10.1384
v 13.3506 12.3017 10.2825
v 13.0916 12.5607 10.3705
v 12.8262 12.8262 10.4
v 12.5607 13.0916 10.3705
v 12.3017 13.3506 10.2825
v 12.0557 13.5966 10.1384
v 11.8287 13.8237 9.9416
v 11.6262 14.0262 9.6971
v 11.4532 14.1991 9.4107
v 11.3141 14.3383 9.0896
v 11.2122 14.4402 8.7416
v 11.15 14.5023 8.3754
v 11.1291 14.5232 8
v 11.15 14.5023 7.6246
v 11.2122 14.4402 7.2584
v 11.3141 14.3383 6.9104
v 11.4532 14.1991 6.5893
v 11.6262 14.0262 6.3029
v 11.8287 13.8237 6.0584
v 12.0557 13.5966 5.8616
v 12.3017 13.3506 5.7175
v 12.5607 13.0916 5.6295
v 12.8262 12.8262 5.6
v 13.0916 12.5607 5.6295
v 13.3506 12.3017 5.7175
v 13.5966 12.0557 5.8616
v 13.8237 11.8287 6.0584
v 14.0262 11.6262 6.3029
v 14.1991 11.4532 6.5893
v 14.3383 11.3141 6.9104
v 14.4402 11.2122 7.2584
v 14.5023 11.15 7.6246
v 10.6341 10.6341 8
v 12.2598 9.0085 8
v 12.2398 9.0285 8.3596
v 12.1802 9.0881 8.7104
v 12.0826 9.1857 9.0437
v 11.9493 9.319 9.3513
v 11.7836 9.4846 9.6256
v 11.5897 9.6786 9.8599
v 11.3722 9.8961 10.0484
v 11.1365 10.1318 10.1865
v 10.8884 10.3798 10.2707
v 10.6341 10.6341 10.299
v 10.3798 10.8884 10.2707
v 10.1318 11.1365 10.1865
v 9.8961 11.3722 10.0484
v 9.6786 11.5897 9.8599
v 9.4846 11.7836 9.6256
v 9.319 11.9493 9.3513
v 9.1857 12.0826 9.0437
v 9.0881 12.1802 8.7104
v 9.0285 12.2398 8.3596
v 9.0085 12.2598 8
v 9.0285 12.2398 7.6404
v 9.0881 12.1802 7.2896
v 9.1857 12.0826 6.9563
v 9.319 11.9493 6.6487
v 9.4846 11.7836 6.3744
v 9.6786 11.5897 6.1401
v 9.8961 11.3722 5.9516
v 10.1318 11.1365 5.8135
v 10.3798 10.8884 5.7293
v 10.6341 10.6341 5.701
v 10.8884 10.3798 5.7293
v 11.1365 10.1318 5.8135
v 11.3722 9.8961 5.9516
v 11.5897 9.6786 6.1401
v 11.7836 9.4846 6.3744
v 11.9493 9.319 6.6487
v 12.0826 9.1857 6.9563
v 12.1802 9.0881 7.2896
v 12.2398 9.0285 7.6404
v 12.36 9.1487 8.3596
v 12.38 9.1287 8
v 12.3004 9.2083 8.7104
v 12.2028 9.3059 9.0437
v 12.0695 9.4392 9.3513
v 11.9038 9.6048 9.6256
v 11.7099 9.7988 9.8599
v 11.4924 10.0163 10.0484
v 11.2567 10.252 10.1865
v 11.0086 10.5 10.2707
v 10.7543 10.7543 10.299
v 10.5 11.0086 10.2707
v 10.252 11.2567 10.1865
v 10.0163 11.4924 10.0484
v 9.7988 11.7099 9.8599
v 9.6048 11.9038 9.6256
v 9.4392 12.0695 9.3513
v 9.3059 12.2028 9.0437
v 9.2083 12.3004 8.7104
v 9.1487 12.36 8.3596
v 9.1287 12.38 8
v 9.1487 12.36 7.6404
v 9.2083 12.3004 7.2896
v 9.3059 12.2028 6.9563
v 9.4392 12.0695 6.6487
v 9.6048 11.9038 6.3744
v 9.7988 11.7099 6.1401
v 10.0163 11.4924 5.9516
v 10.252 11.2567 5.8135
v 10.5 11.0086 5.7293
v 10.7543 10.7543 5.701
v 11.0086 10.5 5.7293
v 11.2567 10.252 5.8135
v 11.4924 10.0163 5.9516
v 11.7099 9.7988 6.1401
v 11.9038 9.6048 6.3744
v 12.0695 9.4392 6.6487
v 12.2028 9.3059 6.9563
v 12.3004 9.2083 7.2896
v 12.36 9.1487 7.6404
v 10.7543 10.7543 8
v 11.1291 11.1291 8
v 12.9082 9.35 8
v 12.8863 9.3719 8.3936
v 12.8211 9.4371 8.7775
v 12.7143 9.5439 9.1422
v 12.5684 9.6898 9.4789
v 12.3871 9.8711 9.7791
v 12.1748 10.0834 10.0355
v 11.9368 10.3214 10.2418
v 11.6789 10.5793 10.3929
v 11.4074 10.8508 10.485
v 11.1291 11.1291 10.516
v 10.8508 11.4074 10.485
v 10.5793 11.6789 10.3929
v 10.3214 11.9368 10.2418
v 10.0834 12.1748 10.0355
v 9.8711 12.3871 9.7791
v 9.6898 12.5684 9.4789
v 9.5439 12.7143 9.1422
v 9.4371 12.8211 8.7775
v 9.3719 12.8863 8.3936
v 9.35 12.9082 8
v 9.3719 12.8863 7.6064
v 9.4371 12.8211 7.2225
v 9.5439 12.7143 6.8578
v 9.6898 12.5684 6.5211
v 9.8711 12.3871 6.2209
v 10.0834 12.1748 5.9645
v 10.3214 11.9368 5.7582
v 10.5793 11.6789 5.6071
v 10.8508 11.4074 5.515
v 11.1291 11.1291 5.484
v 11.4074 10.8508 5.515
v 11.6789 10.5793 5.6071
v 11.9368 10.3214 5.7582
v 12.1748 10.0834 5.9645
v 12.3871 9.8711 6.2209
v 12.5684 9.6898 6.5211
v 12.7143 9.5439 6.8578
v 12.8211 9.4371 7.2225
v 12.8863 9.3719 7.6064
v 13.0065 9.4921 8.3936
v 13.0284 9.4702 8
v 12.9413 9.5573 8.7775
v 12.8345 9.6641 9.1422
v 12.6886 9.81 9.4789
v 12.5073 9.9913 9.7791
v 12.295 10.2036 10.0355
v 12.057 10.4416 10.2418
v 11.7991 10.6996 10.3929
v 11.5276 10.971 10.485
v 11.2493 11.2493 10.516
v 10.971 11.5276 10.485
v 10.6996 11.7991 10.3929
v 10.4416 12.057 10.2418
v 10.2036 12.295 10.0355
v 9.9913 12.5073 9.7791
v 9.81 12.6886 9.4789
v 9.6641 12.8345 9.1422
v 9.5573 12.9413 8.7775
v 9.4921 13.0065 8.3936
v 9.4702 13.0284 8
v 9.4921 13.0065 7.6064
v 9.5573 12.9413 7.2225
v 9.6641 12.8345 6.8578
v 9.81 12.6886 6.5211
v 9.9913 12.5073 6.2209
v 10.2036 12.295 5.9645
v 10.4416 12.057 5.7582
v 10.6996 11.7991 5.6071
v 10.971 11.5276 5.515
v 11.2493 11.2493 5.484
v 11.5276 10.971 5.515
v 11.7991 10.6996 5.6071
v 12.057 10.4416 5.7582
v 12.295 10.2036 5.9645
v 12.5073 9.9913 6.2209
v 12.6886 9.81 6.5211
v 12.8345 9.6641 6.8578
v 12.9413 9.5573 7.2225
v 13.0065 9.4921 7.6064
v 11.2493 11.2493 8
v 11.6241 11.6241 8
v 13.5566 9.6916 8
v 13.5328 9.7154 8.4275
v 13.462 9.7861 8.8445
v 13.346 9.9022 9.2408
v 13.1875 10.0606 9.6064
v 12.9906 10.2576 9.9325
v 12.76 10.4882 10.211
v 12.5014 10.7467 10.4351
v 12.2213 11.0269 10.5992
v 11.9264 11.3218 10.6994
v 11.6241 11.6241 10.733
v 11.3218 11.9264 10.6994
v 11.0269 12.2213 10.5992
v 10.7467 12.5014 10.4351
v 10.4882 12.76 10.211
v 10.2576 12.9906 9.9325
v 10.0606 13.1875 9.6064
v 9.9022 13.346 9.2408
v 9.7861 13.462 8.8445
v 9.7154 13.5328 8.4275
v 9.6916 13.5566 8
v 9.7154 13.5328 7.5725
v 9.7861 13.462 7.1555
v 9.9022 13.346 6.7592
v 10.0606 13.1875 6.3936
v 10.2576 12.9906 6.0675
v 10.4882 12.76 5.789
v 10.7467 12.5014 5.5649
v 11.0269 12.2213 5.4008
v 11.3218 11.9264 5.3006
v 11.6241 11.6241 5.267
v 11.9264 11.3218 5.3006
v 12.2213 11.0269 5.4008
v 12.5014 10.7467 5.5649
v 12.76 10.4882 5.789
v 12.9906 10.2576 6.0675
v 13.1875 10.0606 6.3936
v 13.346 9.9022 6.7592
v 13.462 9.7861 7.1555
v 13.5328 9.7154 7.5725
v 13.653 9.8356 8.4275
v 13.6768 9.8118 8
v 13.5822 9.9064 8.8445
v 13.4662 10.0224 9.2408
v 13.3077 10.1808 9.6064
v 13.1108 10.3778 9.9325
v 12.8802 10.6084 10.211
v 12.6216 10.8669 10.4351
v 12.3415 11.1471 10.5992
v 12.0466 11.442 10.6994
v 11.7443 11.7443 10.733
v 11.442 12.0466 10.6994
v 11.1471 12.3415 10.5992
v 10.8669 12.6216 10.4351
v 10.6084 12.8802 10.211
v 10.3778 13.1108 9.9325
v 10.1808 13.3077 9.6064
v 10.0224 13.4662 9.2408
v 9.9064 13.5822 8.8445
v 9.8356 13.653 8.4275
v 9.8118 13.6768 8
v 9.8356 13.653 7.5725
v 9.9064 13.5822 7.1555
v 10.0224 13.4662 6.7592
v 10.1808 13.3077 6.3936
v 10.3778 13.1108 6.0675
v 10.6084 12.8802 5.789
v 10.8669 12.6216 5.5649
v 11.1471 12.3415 5.4008
v 11.442 12.0466 5.3006
v 11.7443 11.7443 5.267
v 12.0466 11.442 5.3006
v 12.3415 11.1471 5.4008
v 12.6216 10.8669 5.5649
v 12.8802 10.6084 5.789
v 13.1108 10.3778 6.0675
v 13.3077 10.1808 6.3936
v 13.4662 10.0224 6.7592
v 13.5822 9.9064 7.1555
v 13.653 9.8356 7.5725
v 11.7443 11.7443 8
v 14.9912 10.6611 8.4849
v 15.0182 10.6341 8
v 14.9109 10.7414 8.958
v 14.7793 10.8731 9.4074
v 14.5996 11.0528 9.8221
v 14.3762 11.2762 10.192
v 14.1146 11.5377 10.508
v 13.8213 11.831 10.7621
v 13.5035 12.1488 10.9483
v 13.1691 12.4833 11.0618
v 12.8262 12.8262 11.1
v 12.4833 13.1691 11.0618
v 12.1488 13.5035 10.9483
v 11.831 13.8213 10.7621
v 11.5377 14.1146 10.508
v 11.2762 14.3762 10.192
v 11.0528 14.5996 9.8221
v 10.8731 14.7793 9.4074
v 10.7414 14.9109 8.958
v 10.6611 14.9912 8.4849
v 10.6341 15.0182 8
v 10.6611 14.9912 7.5151
v 10.7414 14.9109 7.042
v 10.8731 14.7793 6.5926
v 11.0528 14.5996 6.1779
v 11.2762 14.3762 5.808
v 11.5377 14.1146 5.492
v 11.831 13.8213 5.2379
v 12.1488 13.5035 5.0517
v 12.4833 13.1691 4.9382
v 12.8262 12.8262 4.9
v 13.1691 12.4833 4.9382
v 13.5035 12.1488 5.0517
v 13.8213 11.831 5.2379
v 14.1146 11.5377 5.492
v 14.3762 11.2762 5.808
v 14.5996 11.0528 6.1779
v 14.7793 10.8731 6.5926
v 14.9109 10.7414 7.042
v 14.9912 10.6611 7.5151
v 15.6983 11.3682 8.4849
v 15.7253 11.3412 8
v 15.618 11.4485 8.958
v 15.4864 11.5802 9.4074
v 15.3067 11.7599 9.8221
v 15.0833 11.9833 10.192
v 14.8217 12.2448 10.508
v 14.5284 12.5381 10.7621
v 14.2106 12.8559 10.9483
v 13.8762 13.1904 11.0618
v 13.5333 13.5333 11.1
v 13.1904 13.8762 11.0618
v 12.8559 14.2106 10.9483
v 12.5381 14.5284 10.7621
v 12.2448 14.8217 10.508
v 11.9833 15.0833 10.192
v 11.7599 15.3067 9.8221
v 11.5802 15.4864 9.4074
v 11.4485 15.618 8.958
v 11.3682 15.6983 8.4849
v 11.3412 15.7253 8
v 11.3682 15.6983 7.5151
v 11.4485 15.618 7.042
v 11.5802 15.4864 6.5926
v 11.7599 15.3067 6.1779
v 11.9833 15.0833 5.808
v 12.2448 14.8217 5.492
v 12.5381 14.5284 5.2379
v 12.8559 14.2106 5.0517
v 13.1904 13.8762 4.9382
v 13.5333 13.5333 4.9
v 13.8762 13.1904 4.9382
v 14.2106 12.8559 5.0517
v 14.5284 12.5381 5.2379
v 14.8217 12.2448 5.492
v 15.0833 11.9833 5.808
v 15.3067 11.7599 6.1779
v 15.4864 11.5802 6.5926
v 15.618 11.4485 7.042
v 15.6983 11.3682 7.5151
v 15.6996 11.5791 8.4615
v 15.7253 11.5534 8
v 15.6232 11.6555 8.9116
v 15.4979 11.7807 9.3393
v 15.3269 11.9518 9.734
v 15.1143 12.1643 10.086
v 14.8654 12.4132 10.3866
v 14.5863 12.6923 10.6285
v 14.2839 12.9947 10.8056
v 13.9657 13.313 10.9137
v 13.6393 13.6393 10.95
v 13.313 13.9657 10.9137
v 12.9947 14.2839 10.8056
v 12.6923 14.5863 10.6285
v 12.4132 14.8654 10.3866
v 12.1643 15.1143 10.086
v 11.9518 15.3269 9.734
v 11.7807 15.4979 9.3393
v 11.6555 15.6232 8.9116
v 11.5791 15.6996 8.4615
v 11.5534 15.7253 8
v 11.5791 15.6996 7.5385
v 11.6555 15.6232 7.0884
v 11.7807 15.4979 6.6607
v 11.9518 15.3269 6.266
v 12.1643 15.1143 5.914
v 12.4132 14.8654 5.6134
v 12.6923 14.5863 5.3715
v 12.9947 14.2839 5.1944
v 13.313 13.9657 5.0863
v 13.6393 13.6393 5.05
v 13.9657 13.313 5.0863
v 14.2839 12.9947 5.1944
v 14.5863 12.6923 5.3715
v 14.8654 12.4132 5.6134
v 15.1143 12.1643 5.914
v 15.3269 11.9518 6.266
v 15.4979 11.7807 6.6607
v 15.6232 11.6555 7.0884
v 15.6996 11.5791 7.5385
v 15.3155 11.9632 8.3754
v 15.3364 11.9423 8
v 15.2533 12.0253 8.7416
v 15.1514 12.1273 9.0896
v 15.0123 12.2664 9.4107
v 14.8393 12.4393 9.6971
v 14.6368 12.6418 9.9416
v 14.4098 12.8689 10.1384
v 14.1638 13.1149 10.2825
v 13.9048 13.3739 10.3705
v 13.6393 13.6393 10.4
v 13.3739 13.9048 10.3705
v 13.1149 14.1638 10.2825
v 12.8689 14.4098 10.1384
v 12.6418 14.6368 9.9416
v 12.4393 14.8393 9.6971
v 12.2664 15.0123 9.4107
v 12.1273 15.1514 9.0896
v 12.0253 15.2533 8.7416
v 11.9632 15.3155 8.3754
v 11.9423 15.3364 8
v 11.9632 15.3155 7.6246
v 12.0253 15.2533 7.2584
v 12.1273 15.1514 6.9104
v 12.2664 15.0123 6.5893
v 12.4393 14.8393 6.3029
v 12.6418 14.6368 6.0584
v 12.8689 14.4098 5.8616
v 13.1149 14.1638 5.7175
v 13.3739 13.9048 5.6295
v 13.6393 13.6393 5.6
v 13.9048 13.3739 5.6295
v 14.1638 13.1149 5.7175
v 14.4098 12.8689 5.8616
v 14.6368 12.6418 6.0584
v 14.8393 12.4393 6.3029
v 15.0123 12.2664 6.5893
v 15.1514 12.1273 6.9104
v 15.2533 12.0253 7.2584
v 15.3155 11.9632 7.6246
v 14.8556 11.5322 8
v 13.9755 11.1819 8.3129
v 14.8351 11.5526 8.3676
v 13.9929 11.1645 8
v 13.9237 11.2337 8.618
v 14.7742 11.6135 8.7262
v 13.8388 11.3186 8.908
v 14.6744 11.7133 9.0669
v 13.7228 11.4346 9.1756
v 14.5382 11.8495 9.3813
v 13.5787 11.5787 9.4142
v 14.3689 12.0189 9.6617
v 13.4099 11.7474 9.618
v 14.1706 12.2171 9.9012
v 13.2207 11.9366 9.782
v 13.9483 12.4395 10.0939
v 13.0157 12.1417 9.9021
v 13.7074 12.6804 10.235
v 12.7999 12.3574 9.9754
v 13.4538 12.9339 10.3211
v 12.5787 12.5787 10
v 13.1939 13.1939 10.35
v 12.3574 12.7999 9.9754
v 12.9339 13.4538 10.3211
v 12.1417 13.0157 9.9021
v 12.6804 13.7074 10.235
v 11.9366 13.2207 9.782
v 12.4395 13.9483 10.0939
v 11.7474 13.4099 9.618
v 12.2171 14.1706 9.9012
v 11.5787 13.5787 9.4142
v 12.0189 14.3689 9.6617
v 11.4346 13.7228 9.1756
v 11.8495 14.5382 9.3813
v 11.3186 13.8388 8.908
v 11.7133 14.6744 9.0669
v 11.2337 13.9237 8.618
v 11.6135 14.7742 8.7262
v 11.1819 13.9755 8.3129
v 11.5526 14.8351 8.3676
v 11.1645 13.9929 8
v 11.5322 14.8556 8
v 11.1819 13.9755 7.6871
v 11.5526 14.8351 7.6324
v 11.2337 13.9237 7.382
v 11.6135 14.7742 7.2738
v 11.3186 13.8388 7.092
v 11.7133 14.6744 6.9331
v 11.4346 13.7228 6.8244
v 11.8495 14.5382 6.6187
v 11.5787 13.5787 6.5858
v 12.0189 14.3689 6.3383
v 11.7474 13.4099 6.382
v 12.2171 14.1706 6.0988
v 11.9366 13.2207 6.218
v 12.4395 13.9483 5.9061
v 12.1417 13.0157 6.0979
v 12.6804 13.7074 5.765
v 12.3574 12.7999 6.0246
v 12.9339 13.4538 5.6789
v 12.5787 12.5787 6
v 13.1939 13.1939 5.65
v 12.7999 12.3574 6.0246
v 13.4538 12.9339 5.6789
v 13.0157 12.1417 6.0979
v 13.7074 12.6804 5.765
v 13.2207 11.9366 6.218
v 13.9483 12.4395 5.9061
v 13.4099 11.7474 6.382
v 14.1706 12.2171 6.0988
v 13.5787 11.5787 6.5858
v 14.3689 12.0189 6.3383
v 13.7228 11.4346 6.8244
v 14.5382 11.8495 6.6187
v 13.8388 11.3186 7.092
v 14.6744 11.7133 6.9331
v 13.9237 11.2337 7.382
v 14.7742 11.6135 7.2738
v 13.9755 11.1819 7.6871
v 14.8351 11.5526 7.6324
v 13.0951 10.8602 8.2503
v 13.109 10.8463 8
v 13.0536 10.9016 8.4944
v 12.9857 10.9696 8.7264
v 12.8929 11.0623 8.9405
v 12.7776 11.1776 9.1314
v 12.6426 11.3126 9.2944
v 12.4913 11.464 9.4256
v 12.3273 11.628 9.5217
v 12.1546 11.8007 9.5803
v 11.9776 11.9776 9.6
v 11.8007 12.1546 9.5803
v 11.628 12.3273 9.5217
v 11.464 12.4913 9.4256
v 11.3126 12.6426 9.2944
v 11.1776 12.7776 9.1314
v 11.0623 12.8929 8.9405
v 10.9696 12.9857 8.7264
v 10.9016 13.0536 8.4944
v 10.8602 13.0951 8.2503
v 10.8463 13.109 8
v 10.8602 13.0951 7.7497
v 10.9016 13.0536 7.5056
v 10.9696 12.9857 7.2736
v 11.0623 12.8929 7.0595
v 11.1776 12.7776 6.8686
v 11.3126 12.6426 6.7056
v 11.464 12.4913 6.5744
v 11.628 12.3273 6.4783
v 11.8007 12.1546 6.4197
v 11.9776 11.9776 6.4
v 12.1546 11.8007 6.4197
v 12.3273 11.628 6.4783
v 12.4913 11.464 6.5744
v 12.6426 11.3126 6.7056
v 12.7776 11.1776 6.8686
v 12.8929 11.0623 7.0595
v 12.9857 10.9696 7.2736
v 13.0536 10.9016 7.5056
v 13.0951 10.8602 7.7497
v 12.2854 10.6092 8.1877
v 12.2958 10.5988 8
v 12.2543 10.6403 8.3708
v 12.2034 10.6913 8.5448
v 12.1338 10.7608 8.7053
v 12.0473 10.8473 8.8485
v 11.9461 10.9486 8.9708
v 11.8325 11.0621 9.0692
v 11.7095 11.1851 9.1413
v 11.58 11.3146 9.1852
v 11.4473 11.4473 9.2
v 11.3146 11.58 9.1852
v 11.1851 11.7095 9.1413
v 11.0621 11.8325 9.0692
v 10.9486 11.9461 8.9708
v 10.8473 12.0473 8.8485
v 10.7608 12.1338 8.7053
v 10.6913 12.2034 8.5448
v 10.6403 12.2543 8.3708
v 10.6092 12.2854 8.1877
v 10.5988 12.2958 8
v 10.6092 12.2854 7.8123
v 10.6403 12.2543 7.6292
v 10.6913 12.2034 7.4552
v 10.7608 12.1338 7.2947
v 10.8473 12.0473 7.1515
v 10.9486 11.9461 7.0292
v 11.0621 11.8325 6.9308
v 11.1851 11.7095 6.8587
v 11.3146 11.58 6.8148
v 11.4473 11.4473 6.8
v 11.58 11.3146 6.8148
v 11.7095 11.1851 6.8587
v 11.8325 11.0621 6.9308
v 11.9461 10.9486 7.0292
v 12.0473 10.8473 7.1515
v 12.1338 10.7608 7.2947
v 12.2034 10.6913 7.4552
v 12.2543 10.6403 7.6292
v 12.2854 10.6092 7.8123
v 11.6171 10.4997 8.1251
v 11.6241 10.4927 8
v 11.5964 10.5204 8.2472
v 11.5624 10.5544 8.3632
v 11.516 10.6007 8.4702
v 11.4584 10.6584 8.5657
v 11.3909 10.7259 8.6472
v 11.3152 10.8016 8.7128
v 11.2332 10.8836 8.7608
v 11.1469 10.9699 8.7902
v 11.0584 11.0584 8.8
v 10.9699 11.1469 8.7902
v 10.8836 11.2332 8.7608
v 10.8016 11.3152 8.7128
v 10.7259 11.3909 8.6472
v 10.6584 11.4584 8.5657
v 10.6007 11.516 8.4702
v 10.5544 11.5624 8.3632
v 10.5204 11.5964 8.2472
v 10.4997 11.6171 8.1251
v 10.4927 11.6241 8
v 10.4997 11.6171 7.8749
v 10.5204 11.5964 7.7528
v 10.5544 11.5624 7.6368
v 10.6007 11.516 7.5298
v 10.6584 11.4584 7.4343
v 10.7259 11.3909 7.3528
v 10.8016 11.3152 7.2872
v 10.8836 11.2332 7.2392
v 10.9699 11.1469 7.2098
v 11.0584 11.0584 7.2
v 11.1469 10.9699 7.2098
v 11.2332 10.8836 7.2392
v 11.3152 10.8016 7.2872
v 11.3909 10.7259 7.3528
v 11.4584 10.6584 7.4343
v 11.516 10.6007 7.5298
v 11.5624 10.5544 7.6368
v 11.5964 10.5204 7.7528
v 11.6171 10.4997 7.8749
v 11.2657 10.4975 8.086
v 11.2705 10.4927 8
v 11.2515 10.5117 8.17
v 11.2281 10.5351 8.2497
v 11.1963 10.567 8.3233
v 11.1566 10.6066 8.3889
v 11.1102 10.653 8.445
v 11.0582 10.7051 8.4901
v 11.0018 10.7614 8.5231
v 10.9425 10.8208 8.5432
v 10.8816 10.8816 8.55
v 10.8208 10.9425 8.5432
v 10.7614 11.0018 8.5231
v 10.7051 11.0582 8.4901
v 10.653 11.1102 8.445
v 10.6066 11.1566 8.3889
v 10.567 11.1963 8.3233
v 10.5351 11.2281 8.2497
v 10.5117 11.2515 8.17
v 10.4975 11.2657 8.086
v 10.4927 11.2705 8
v 10.4975 11.2657 7.914
v 10.5117 11.2515 7.83
v 10.5351 11.2281 7.7503
v 10.567 11.1963 7.6767
v 10.6066 11.1566 7.6111
v 10.653 11.1102 7.555
v 10.7051 11.0582 7.5099
v 10.7614 11.0018 7.4769
v 10.8208 10.9425 7.4568
v 10.8816 10.8816 7.45
v 10.9425 10.8208 7.4568
v 11.0018 10.7614 7.4769
v 11.0582 10.7051 7.5099
v 11.1102 10.653 7.555
v 11.1566 10.6066 7.6111
v 11.1963 10.567 7.6767
v 11.2281 10.5351 7.7503
v 11.2515 10.5117 7.83
v 11.2657 10.4975 7.914
v 11.2635 10.4856 8
v 10.8746 10.8746 8
v 11.2502 10.4989 8.1424
v 11.2114 10.5377 8.275
v 11.1496 10.5996 8.3889
v 11.069 10.6801 8.4763
v 10.9752 10.7739 8.5313
v 10.8746 10.8746 8.55
v 10.7739 10.9752 8.5313
v 10.6801 11.069 8.4763
v 10.5996 11.1496 8.3889
v 10.5377 11.2114 8.275
v 10.4989 11.2502 8.1424
v 10.4856 11.2635 8
v 10.4989 11.2502 7.8576
v 10.5377 11.2114 7.725
v 10.5996 11.1496 7.6111
v 10.6801 11.069 7.5237
v 10.7739 10.9752 7.4687
v 10.8746 10.8746 7.45
v 10.9752 10.7739 7.4687
v 11.069 10.6801 7.5237
v 11.1496 10.5996 7.6111
v 11.2114 10.5377 7.725
v 11.2502 10.4989 7.8576
v 14.1906 13.2295 10.4245
v 14.5825 12.8376 10.1949
v 14.5866 12.7334 10.1949
v 14.1023 13.2178 10.4786
v 14.7593 13.0143 10.1949
v 14.8634 13.0102 10.1949
v 14.3673 13.4063 10.4245
v 14.3791 13.4946 10.4786
v 14.6042 12.6745 10.249
v 14.0816 13.1971 10.5552
v 14.9224 12.9927 10.249
v 14.3998 13.5153 10.5552
v 14.7124 12.5662 10.6186
v 14.1898 13.0889 10.9247
v 15.0306 12.8844 10.6186
v 14.508 13.4071 10.9247
v 14.7332 12.5869 10.6951
v 14.2488 13.0713 10.9788
v 15.0099 12.8637 10.6951
v 14.5256 13.3481 10.9788
v 14.7449 12.6752 10.7492
v 14.3529 13.0672 10.9788
v 14.9217 12.852 10.7492
v 14.5297 13.244 10.9788
v 14.4749 13.1219 10.3097
v 14.6373 12.9596 10.864
v 15.2621 12.158 9.2339
v 15.4244 11.9957 8.6795
v 15.4127 11.9074 8.6254
v 15.2121 12.108 9.3104
v 15.6012 12.1724 8.6795
v 15.6895 12.1842 8.6254
v 15.4389 12.3348 9.2339
v 15.4889 12.3848 9.3104
v 15.4461 11.8326 8.6254
v 15.2296 12.049 9.3645
v 15.7643 12.1508 8.6254
v 15.5478 12.3672 9.3645
v 15.7074 11.5713 8.7785
v 15.4909 11.7877 9.5176
v 16.0256 11.8895 8.7785
v 15.8091 12.1059 9.5176
v 15.7664 11.5537 8.8326
v 15.5658 11.7543 9.5176
v 16.0432 11.8305 8.8326
v 15.8426 12.0311 9.5176
v 15.8164 11.6037 8.9092
v 15.654 11.7661 9.4635
v 15.9932 11.7805 8.9092
v 15.8308 11.9428 9.4635
v 15.4316 12.1652 8.9567
v 15.8236 11.7733 9.1863
v 15.4244 11.9957 7.3205
v 15.2621 12.158 6.7661
v 15.2121 12.108 6.6896
v 15.4127 11.9074 7.3746
v 15.4389 12.3348 6.7661
v 15.4889 12.3848 6.6896
v 15.6012 12.1724 7.3205
v 15.6895 12.1842 7.3746
v 15.2296 12.049 6.6355
v 15.4461 11.8326 7.3746
v 15.5478 12.3672 6.6355
v 15.7643 12.1508 7.3746
v 15.4909 11.7877 6.4824
v 15.7074 11.5713 7.2215
v 15.8091 12.1059 6.4824
v 16.0256 11.8895 7.2215
v 15.5658 11.7543 6.4824
v 15.7664 11.5537 7.1674
v 15.8426 12.0311 6.4824
v 16.0432 11.8305 7.1674
v 15.654 11.7661 6.5365
v 15.8164 11.6037 7.0908
v 15.8308 11.9428 6.5365
v 15.9932 11.7805 7.0908
v 15.4316 12.1652 7.0433
v 15.8236 11.7733 6.8137
v 14.5825 12.8376 5.8051
v 14.1906 13.2295 5.5755
v 14.1023 13.2178 5.5214
v 14.5866 12.7334 5.8051
v 14.3673 13.4063 5.5755
v 14.3791 13.4946 5.5214
v 14.7593 13.0143 5.8051
v 14.8634 13.0102 5.8051
v 14.0816 13.1971 5.4448
v 14.6042 12.6745 5.751
v 14.3998 13.5153 5.4448
v 14.9224 12.9927 5.751
v 14.1898 13.0889 5.0753
v 14.7124 12.5662 5.3814
v 14.508 13.4071 5.0753
v 15.0306 12.8844 5.3814
v 14.2488 13.0713 5.0212
v 14.7332 12.5869 5.3049
v 14.5256 13.3481 5.0212
v 15.0099 12.8637 5.3049
v 14.3529 13.0672 5.0212
v 14.7449 12.6752 5.2508
v 14.5297 13.244 5.0212
v 14.9217 12.852 5.2508
v 14.4749 13.1219 5.6903
v 14.6373 12.9596 5.136
v 13.2295 14.1906 5.5755
v 12.8376 14.5825 5.8051
v 12.7334 14.5866 5.8051
v 13.2178 14.1023 5.5214
v 13.0143 14.7593 5.8051
v 13.0102 14.8634 5.8051
v 13.4063 14.3673 5.5755
v 13.4946 14.3791 5.5214
v 12.6745 14.6042 5.751
v 13.1971 14.0816 5.4448
v 12.9927 14.9224 5.751
v 13.5153 14.3998 5.4448
v 12.5662 14.7124 5.3814
v 13.0889 14.1898 5.0753
v 12.8844 15.0306 5.3814
v 13.4071 14.508 5.0753
v 12.5869 14.7332 5.3049
v 13.0713 14.2488 5.0212
v 12.8637 15.0099 5.3049
v 13.3481 14.5256 5.0212
v 12.6752 14.7449 5.2508
v 13.0672 14.3529 5.0212
v 12.852 14.9217 5.2508
v 13.244 14.5297 5.0212
v 13.1219 14.4749 5.6903
v 12.9596 14.6373 5.136
v 12.158 15.2621 6.7661
v 11.9957 15.4244 7.3205
v 11.9074 15.4127 7.3746
v 12.108 15.2121 6.6896
v 12.1724 15.6012 7.3205
v 12.1842 15.6895 7.3746
v 12.3348 15.4389 6.7661
v 12.3848 15.4889 6.6896
v 11.8326 15.4461 7.3746
v 12.049 15.2296 6.6355
v 12.1508 15.7643 7.3746
v 12.3672 15.5478 6.6355
v 11.5713 15.7074 7.2215
v 11.7877 15.4909 6.4824
v 11.8895 16.0256 7.2215
v 12.1059 15.8091 6.4824
v 11.5537 15.7664 7.1674
v 11.7543 15.5658 6.4824
v 11.8305 16.0432 7.1674
v 12.0311 15.8426 6.4824
v 11.6037 15.8164 7.0908
v 11.7661 15.654 6.5365
v 11.7805 15.9932 7.0908
v 11.9428 15.8308 6.5365
v 12.1652 15.4316 7.0433
v 11.7733 15.8236 6.8137
v 11.9957 15.4244 8.6795
v 12.158 15.2621 9.2339
v 12.108 15.2121 9.3104
v 11.9074 15.4127 8.6254
v 12.3348 15.4389 9.2339
v 12.3848 15.4889 9.3104
v 12.1724 15.6012 8.6795
v 12.1842 15.6895 8.6254
v 12.049 15.2296 9.3645
v 11.8326 15.4461 8.6254
v 12.3672 15.5478 9.3645
v 12.1508 15.7643 8.6254
v 11.7877 15.4909 9.5176
v 11.5713 15.7074 8.7785
v 12.1059 15.8091 9.5176
v 11.8895 16.0256 8.7785
v 11.7543 15.5658 9.5176
v 11.5537 15.7664 8.8326
v 12.0311 15.8426 9.5176
v 11.8305 16.0432 8.8326
v 11.7661 15.654 9.4635
v 11.6037 15.8164 8.9092
v 11.9428 15.8308 9.4635
v 11.7805 15.9932 8.9092
v 12.1652 15.4316 8.9567
v 11.7733 15.8236 9.1863
v 12.8376 14.5825 10.1949
v 13.2295 14.1906 10.4245
v 13.2178 14.1023 10.4786
v 12.7334 14.5866 10.1949
v 13.4063 14.3673 10.4245
v 13.4946 14.3791 10.4786
v 13.0143 14.7593 10.1949
v 13.0102 14.8634 10.1949
v 13.1971 14.0816 10.5552
v 12.6745 14.6042 10.249
v 13.5153 14.3998 10.5552
v 12.9927 14.9224 10.249
v 13.0889 14.1898 10.9247
v 12.5662 14.7124 10.6186
v 13.4071 14.508 10.9247
v 12.8844 15.0306 10.6186
v 13.0713 14.2488 10.9788
v 12.5869 14.7332 10.6951
v 13.3481 14.5256 10.9788
v 12.8637 15.0099 10.6951
v 13.0672 14.3529 10.9788
v 12.6752 14.7449 10.7492
v 13.244 14.5297 10.9788
v 12.852 14.9217 10.7492
v 13.1219 14.4749 10.3097
v 12.9596 14.6373 10.864
v 8.2404 8.8061 9.45
v 8.2002 8.7459 9.45
v 8.1295 8.7751 9.4701
v 8.1822 8.8539 9.4701
v 8.189 8.6896 9.45
v 8.1125 8.6896 9.4701
v 8.2002 8.6333 9.45
v 8.1295 8.604 9.4701
v 8.2404 8.5731 9.45
v 8.1822 8.5253 9.4701
v 8.5731 8.2404 9.45
v 8.5253 8.1822 9.4701
v 8.6333 8.2002 9.45
v 8.604 8.1295 9.4701
v 8.6896 8.189 9.45
v 8.6896 8.1125 9.4701
v 8.7459 8.2002 9.45
v 8.7751 8.1295 9.4701
v 8.8061 8.2404 9.45
v 8.8539 8.1822 9.4701
v 9.4216 8.8559 9.45
v 9.4799 8.8081 9.4701
v 9.4619 8.9162 9.45
v 9.5325 8.8869 9.4701
v 9.473 8.9724 9.45
v 9.5495 8.9724 9.4701
v 9.4619 9.0287 9.45
v 9.5325 9.058 9.4701
v 9.4216 9.0889 9.45
v 9.4799 9.1368 9.4701
v 9.0889 9.4216 9.45
v 9.1368 9.4799 9.4701
v 9.0287 9.4619 9.45
v 9.058 9.5325 9.4701
v 8.9724 9.473 9.45
v 8.9724 9.5495 9.4701
v 8.9162 9.4619 9.45
v 8.8869 9.5325 9.4701
v 8.8559 9.4216 9.45
v 8.8081 9.4799 9.4701
v 8.0778 8.7966 9.525
v 8.1395 8.8889 9.525
v 8.0565 8.6896 9.525
v 8.0778 8.5826 9.525
v 8.1395 8.4903 9.525
v 8.4903 8.1395 9.525
v 8.5826 8.0778 9.525
v 8.6896 8.0565 9.525
v 8.7966 8.0778 9.525
v 8.8889 8.1395 9.525
v 9.5225 8.7731 9.525
v 9.5842 8.8655 9.525
v 9.6055 8.9724 9.525
v 9.5842 9.0794 9.525
v 9.5225 9.1718 9.525
v 9.1718 9.5225 9.525
v 9.0794 9.5842 9.525
v 8.9724 9.6055 9.525
v 8.8655 9.5842 9.525
v 8.7731 9.5225 9.525
v 8.0589 8.8044 9.6
v 8.1239 8.9017 9.6
v 8.036 8.6896 9.6
v 8.0589 8.5748 9.6
v 8.1239 8.4775 9.6
v 8.4775 8.1239 9.6
v 8.5748 8.0589 9.6
v 8.6896 8.036 9.6
v 8.8044 8.0589 9.6
v 8.9017 8.1239 9.6
v 9.5381 8.7603 9.6
v 9.6032 8.8576 9.6
v 9.626 8.9724 9.6
v 9.6032 9.0872 9.6
v 9.5381 9.1846 9.6
v 9.1846 9.5381 9.6
v 9.0872 9.6032 9.6
v 8.9724 9.626 9.6
v 8.8576 9.6032 9.6
v 8.7603 9.5381 9.6
v 8.0589 8.8044 9.75
v 8.1239 8.9017 9.75
v 8.036 8.6896 9.75
v 8.0589 8.5748 9.75
v 8.1239 8.4775 9.75
v 8.4775 8.1239 9.75
v 8.5748 8.0589 9.75
v 8.6896 8.036 9.75
v 8.8044 8.0589 9.75
v 8.9017 8.1239 9.75
v 9.5381 8.7603 9.75
v 9.6032 8.8576 9.75
v 9.626 8.9724 9.75
v 9.6032 9.0872 9.75
v 9.5381 9.1846 9.75
v 9.1846 9.5381 9.75
v 9.0872 9.6032 9.75
v 8.9724 9.626 9.75
v 8.8576 9.6032 9.75
v 8.7603 9.5381 9.75
v 8.0778 8.7966 9.825
v 8.1395 8.8889 9.825
v 8.0565 8.6896 9.825
v 8.0778 8.5826 9.825
v 8.1395 8.4903 9.825
v 8.4903 8.1395 9.825
v 8.5826 8.0778 9.825
v 8.6896 8.0565 9.825
v 8.7966 8.0778 9.825
v 8.8889 8.1395 9.825
v 9.5225 8.7731 9.825
v 9.5842 8.8655 9.825
v 9.6055 8.9724 9.825
v 9.5842 9.0794 9.825
v 9.5225 9.1718 9.825
v 9.1718 9.5225 9.825
v 9.0794 9.5842 9.825
v 8.9724 9.6055 9.825
v 8.8655 9.5842 9.825
v 8.7731 9.5225 9.825
v 8.1295 8.7751 9.8799
v 8.1822 8.8539 9.8799
v 8.1125 8.6896 9.8799
v 8.1295 8.604 9.8799
v 8.1822 8.5253 9.8799
v 8.5253 8.1822 9.8799
v 8.604 8.1295 9.8799
v 8.6896 8.1125 9.8799
v 8.7751 8.1295 9.8799
v 8.8539 8.1822 9.8799
v 9.4799 8.8081 9.8799
v 9.5325 8.8869 9.8799
v 9.5495 8.9724 9.8799
v 9.5325 9.058 9.8799
v 9.4799 9.1368 9.8799
v 9.1368 9.4799 9.8799
v 9.058 9.5325 9.8799
v 8.9724 9.5495 9.8799
v 8.8869 9.5325 9.8799
v 8.8081 9.4799 9.8799
v 8.2002 8.7459 9.9
v 8.2404 8.8061 9.9
v 8.189 8.6896 9.9
v 8.2002 8.6333 9.9
v 8.2404 8.5731 9.9
v 8.5731 8.2404 9.9
v 8.6333 8.2002 9.9
v 8.6896 8.189 9.9
v 8.7459 8.2002 9.9
v 8.8061 8.2404 9.9
v 9.4216 8.8559 9.9
v 9.4619 8.9162 9.9
v 9.473 8.9724 9.9
v 9.4619 9.0287 9.9
v 9.4216 9.0889 9.9
v 9.0889 9.4216 9.9
v 9.0287 9.4619 9.9
v 8.9724 9.473 9.9
v 8.9162 9.4619 9.9
v 8.8559 9.4216 9.9
v 8.831 8.831 9.45
v 8.831 8.831 9.9
v 8.9654 9.1492 9.88
v 9.1492 8.9654 9.88
v 9.1492 8.9371 9.9
v 8.9371 9.1492 9.9
v 9.3331 9.1492 9.88
v 9.3613 9.1492 9.9
v 9.1492 9.3331 9.88
v 9.1492 9.3613 9.9
v 9.1492 8.9371 9.94
v 8.9371 9.1492 9.94
v 9.3613 9.1492 9.94
v 9.1492 9.3613 9.94
v 9.1492 8.9654 9.96
v 8.9654 9.1492 9.96
v 9.3331 9.1492 9.96
v 9.1492 9.3331 9.96
v 9.1492 9.1492 9.88
v 9.1492 9.1492 9.96
v 4.4186 4.8428 6.05
v 4.3701 4.7702 6.05
v 4.3034 4.7978 6.0793
v 4.3636 4.8879 6.0793
v 4.355 4.6944 6.05
v 4.2829 4.6944 6.0793
v 4.3701 4.6187 6.05
v 4.3034 4.5911 6.0793
v 4.4186 4.5461 6.05
v 4.3636 4.501 6.0793
v 4.5461 4.4186 6.05
v 4.501 4.3636 6.0793
v 4.6187 4.3701 6.05
v 4.5911 4.3034 6.0793
v 4.6944 4.355 6.05
v 4.6944 4.2829 6.0793
v 4.7702 4.3701 6.05
v 4.7978 4.3034 6.0793
v 4.8428 4.4186 6.05
v 4.8879 4.3636 6.0793
v 9.4958 9.0715 6.05
v 9.5507 9.0265 6.0793
v 9.5443 9.1441 6.05
v 9.6109 9.1165 6.0793
v 9.5594 9.2199 6.05
v 9.6315 9.2199 6.0793
v 9.5443 9.2957 6.05
v 9.6109 9.3233 6.0793
v 9.4958 9.3683 6.05
v 9.5507 9.4134 6.0793
v 9.3683 9.4958 6.05
v 9.4134 9.5507 6.0793
v 9.2957 9.5443 6.05
v 9.3233 9.6109 6.0793
v 9.2199 9.5594 6.05
v 9.2199 9.6315 6.0793
v 9.1441 9.5443 6.05
v 9.1165 9.6109 6.0793
v 9.0715 9.4958 6.05
v 9.0265 9.5507 6.0793
v 4.2759 4.8092 6.15
v 4.3409 4.9066 6.15
v 4.253 4.6944 6.15
v 4.2759 4.5796 6.15
v 4.3409 4.4823 6.15
v 4.4823 4.3409 6.15
v 4.5796 4.2759 6.15
v 4.6944 4.253 6.15
v 4.8092 4.2759 6.15
v 4.9066 4.3409 6.15
v 9.5735 9.0078 6.15
v 9.6385 9.1051 6.15
v 9.6613 9.2199 6.15
v 9.6385 9.3347 6.15
v 9.5735 9.4321 6.15
v 9.4321 9.5735 6.15
v 9.3347 9.6385 6.15
v 9.2199 9.6613 6.15
v 9.1051 9.6385 6.15
v 9.0078 9.5735 6.15
v 4.2759 4.8092 6.28
v 4.3409 4.9066 6.28
v 4.253 4.6944 6.28
v 4.2759 4.5796 6.28
v 4.3409 4.4823 6.28
v 4.4823 4.3409 6.28
v 4.5796 4.2759 6.28
v 4.6944 4.253 6.28
v 4.8092 4.2759 6.28
v 4.9066 4.3409 6.28
v 9.5735 9.0078 6.28
v 9.6385 9.1051 6.28
v 9.6613 9.2199 6.28
v 9.6385 9.3347 6.28
v 9.5735 9.4321 6.28
v 9.4321 9.5735 6.28
v 9.3347 9.6385 6.28
v 9.2199 9.6613 6.28
v 9.1051 9.6385 6.28
v 9.0078 9.5735 6.28
v 4.3034 4.7978 6.3507
v 4.3636 4.8879 6.3507
v 4.2829 4.6944 6.3507
v 4.3034 4.5911 6.3507
v 4.3636 4.501 6.3507
v 4.501 4.3636 6.3507
v 4.5911 4.3034 6.3507
v 4.6944 4.2829 6.3507
v 4.7978 4.3034 6.3507
v 4.8879 4.3636 6.3507
v 9.5507 9.0265 6.3507
v 9.6109 9.1165 6.3507
v 9.6315 9.2199 6.3507
v 9.6109 9.3233 6.3507
v 9.5507 9.4134 6.3507
v 9.4134 9.5507 6.3507
v 9.3233 9.6109 6.3507
v 9.2199 9.6315 6.3507
v 9.1165 9.6109 6.3507
v 9.0265 9.5507 6.3507
v 4.3701 4.7702 6.38
v 4.4186 4.8428 6.38
v 4.355 4.6944 6.38
v 4.3701 4.6187 6.38
v 4.4186 4.5461 6.38
v 4.5461 4.4186 6.38
v 4.6187 4.3701 6.38
v 4.6944 4.355 6.38
v 4.7702 4.3701 6.38
v 4.8428 4.4186 6.38
v 9.4958 9.0715 6.38
v 9.5443 9.1441 6.38
v 9.5594 9.2199 6.38
v 9.5443 9.2957 6.38
v 9.4958 9.3683 6.38
v 9.3683 9.4958 6.38
v 9.2957 9.5443 6.38
v 9.2199 9.5594 6.38
v 9.1441 9.5443 6.38
v 9.0715 9.4958 6.38
v 6.9572 6.9572 6.05
v 6.9572 6.9572 6.38
vt 0.00781 0.02344
vt 0.02344 0.02344
vt 0.03906 0.02344
vt 0 0.60938
vt 0.0125 1
vt 0.0125 0.60938
vt 0 1
vt 0.025 1
vt 0.025 0.60938
vt 0.0375 1
vt 0.0375 0.60938
vt 0.05 1
vt 0.05 0.60938
vt 0.0625 1
vt 0.0625 0.60938
vt 0.075 1
vt 0.075 0.60938
vt 0.0875 1
vt 0.0875 0.60938
vt 0.1 1
vt 0.1 0.60938
vt 0.1125 1
vt 0.1125 0.60938
vt 0.125 1
vt 0.125 0.60938
vt 0.1375 1
vt 0.1375 0.60938
vt 0.15 1
vt 0.15 0.60938
vt 0.1625 1
vt 0.1625 0.60938
vt 0.175 1
vt 0.175 0.60938
vt 0.1875 1
vt 0.1875 0.60938
vt 0.2 1
vt 0.2 0.60938
vt 0.2125 1
vt 0.2125 0.60938
vt 0.225 1
vt 0.225 0.60938
vt 0.2375 1
vt 0.2375 0.60938
vt 0.25 1
vt 0.25 0.60938
vt 0.2625 1
vt 0.2625 0.60938
vt 0.275 1
vt 0.275 0.60938
vt 0.2875 1
vt 0.2875 0.60938
vt 0.3 1
vt 0.3 0.60938
vt 0.3125 1
vt 0.3125 0.60938
vt 0.325 1
vt 0.325 0.60938
vt 0.3375 1
vt 0.3375 0.60938
vt 0.35 1
vt 0.35 0.60938
vt 0.3625 1
vt 0.3625 0.60938
vt 0.375 1
vt 0.375 0.60938
vt 0.3875 1
vt 0.3875 0.60938
vt 0.4 1
vt 0.4 0.60938
vt 0.4125 1
vt 0.4125 0.60938
vt 0.425 1
vt 0.425 0.60938
vt 0.4375 1
vt 0.4375 0.60938
vt 0.45 1
vt 0.45 0.60938
vt 0.4625 1
vt 0.4625 0.60938
vt 0.475 1
vt 0.475 0.60938
vt 0.4875 1
vt 0.4875 0.60938
vt 0.5 1
vt 0.5 0.60938
vt 0 0.60547
vt 0.0125 0.5639
vt 0.0125 0.60547
vt 0 0.5639
vt 0.025 0.5639
vt 0.025 0.60547
vt 0.0375 0.5639
vt 0.0375 0.60547
vt 0.05 0.5639
vt 0.05 0.60547
vt 0.0625 0.5639
vt 0.0625 0.60547
vt 0.075 0.5639
vt 0.075 0.60547
vt 0.0875 0.5639
vt 0.0875 0.60547
vt 0.1 0.5639
vt 0.1 0.60547
vt 0.1125 0.5639
vt 0.1125 0.60547
vt 0.125 0.5639
vt 0.125 0.60547
vt 0.1375 0.5639
vt 0.1375 0.60547
vt 0.15 0.5639
vt 0.15 0.60547
vt 0.1625 0.5639
vt 0.1625 0.60547
vt 0.175 0.5639
vt 0.175 0.60547
vt 0.1875 0.5639
vt 0.1875 0.60547
vt 0.2 0.5639
vt 0.2 0.60547
vt 0.2125 0.5639
vt 0.2125 0.60547
vt 0.225 0.5639
vt 0.225 0.60547
vt 0.2375 0.5639
vt 0.2375 0.60547
vt 0.25 0.5639
vt 0.25 0.60547
vt 0.2625 0.5639
vt 0.2625 0.60547
vt 0.275 0.5639
vt 0.275 0.60547
vt 0.2875 0.5639
vt 0.2875 0.60547
vt 0.3 0.5639
vt 0.3 0.60547
vt 0.3125 0.5639
vt 0.3125 0.60547
vt 0.325 0.5639
vt 0.325 0.60547
vt 0.3375 0.5639
vt 0.3375 0.60547
vt 0.35 0.5639
vt 0.35 0.60547
vt 0.3625 0.5639
vt 0.3625 0.60547
vt 0.375 0.5639
vt 0.375 0.60547
vt 0.3875 0.5639
vt 0.3875 0.60547
vt 0.4 0.5639
vt 0.4 0.60547
vt 0.4125 0.5639
vt 0.4125 0.60547
vt 0.425 0.5639
vt 0.425 0.60547
vt 0.4375 0.5639
vt 0.4375 0.60547
vt 0.45 0.5639
vt 0.45 0.60547
vt 0.4625 0.5639
vt 0.4625 0.60547
vt 0.475 0.5639
vt 0.475 0.60547
vt 0.4875 0.5639
vt 0.4875 0.60547
vt 0.5 0.5639
vt 0.5 0.60547
vt 0.0125 0.52328
vt 0 0.52328
vt 0.025 0.52328
vt 0.0375 0.52328
vt 0.05 0.52328
vt 0.0625 0.52328
vt 0.075 0.52328
vt 0.0875 0.52328
vt 0.1 0.52328
vt 0.1125 0.52328
vt 0.125 0.52328
vt 0.1375 0.52328
vt 0.15 0.52328
vt 0.1625 0.52328
vt 0.175 0.52328
vt 0.1875 0.52328
vt 0.2 0.52328
vt 0.2125 0.52328
vt 0.225 0.52328
vt 0.2375 0.52328
vt 0.25 0.52328
vt 0.2625 0.52328
vt 0.275 0.52328
vt 0.2875 0.52328
vt 0.3 0.52328
vt 0.3125 0.52328
vt 0.325 0.52328
vt 0.3375 0.52328
vt 0.35 0.52328
vt 0.3625 0.52328
vt 0.375 0.52328
vt 0.3875 0.52328
vt 0.4 0.52328
vt 0.4125 0.52328
vt 0.425 0.52328
vt 0.4375 0.52328
vt 0.45 0.52328
vt 0.4625 0.52328
vt 0.475 0.52328
vt 0.4875 0.52328
vt 0.5 0.52328
vt 0.0125 0.48745
vt 0 0.48745
vt 0.025 0.48745
vt 0.0375 0.48745
vt 0.05 0.48745
vt 0.0625 0.48745
vt 0.075 0.48745
vt 0.0875 0.48745
vt 0.1 0.48745
vt 0.1125 0.48745
vt 0.125 0.48745
vt 0.1375 0.48745
vt 0.15 0.48745
vt 0.1625 0.48745
vt 0.175 0.48745
vt 0.1875 0.48745
vt 0.2 0.48745
vt 0.2125 0.48745
vt 0.225 0.48745
vt 0.2375 0.48745
vt 0.25 0.48745
vt 0.2625 0.48745
vt 0.275 0.48745
vt 0.2875 0.48745
vt 0.3 0.48745
vt 0.3125 0.48745
vt 0.325 0.48745
vt 0.3375 0.48745
vt 0.35 0.48745
vt 0.3625 0.48745
vt 0.375 0.48745
vt 0.3875 0.48745
vt 0.4 0.48745
vt 0.4125 0.48745
vt 0.425 0.48745
vt 0.4375 0.48745
vt 0.45 0.48745
vt 0.4625 0.48745
vt 0.475 0.48745
vt 0.4875 0.48745
vt 0.5 0.48745
vt 0.0125 0.46116
vt 0 0.46116
vt 0.025 0.46116
vt 0.0375 0.46116
vt 0.05 0.46116
vt 0.0625 0.46116
vt 0.075 0.46116
vt 0.0875 0.46116
vt 0.1 0.46116
vt 0.1125 0.46116
vt 0.125 0.46116
vt 0.1375 0.46116
vt 0.15 0.46116
vt 0.1625 0.46116
vt 0.175 0.46116
vt 0.1875 0.46116
vt 0.2 0.46116
vt 0.2125 0.46116
vt 0.225 0.46116
vt 0.2375 0.46116
vt 0.25 0.46116
vt 0.2625 0.46116
vt 0.275 0.46116
vt 0.2875 0.46116
vt 0.3 0.46116
vt 0.3125 0.46116
vt 0.325 0.46116
vt 0.3375 0.46116
vt 0.35 0.46116
vt 0.3625 0.46116
vt 0.375 0.46116
vt 0.3875 0.46116
vt 0.4 0.46116
vt 0.4125 0.46116
vt 0.425 0.46116
vt 0.4375 0.46116
vt 0.45 0.46116
vt 0.4625 0.46116
vt 0.475 0.46116
vt 0.4875 0.46116
vt 0.5 0.46116
vt 0.0125 0.44922
vt 0 0.44922
vt 0.025 0.44922
vt 0.0375 0.44922
vt 0.05 0.44922
vt 0.0625 0.44922
vt 0.075 0.44922
vt 0.0875 0.44922
vt 0.1 0.44922
vt 0.1125 0.44922
vt 0.125 0.44922
vt 0.1375 0.44922
vt 0.15 0.44922
vt 0.1625 0.44922
vt 0.175 0.44922
vt 0.1875 0.44922
vt 0.2 0.44922
vt 0.2125 0.44922
vt 0.225 0.44922
vt 0.2375 0.44922
vt 0.25 0.44922
vt 0.2625 0.44922
vt 0.275 0.44922
vt 0.2875 0.44922
vt 0.3 0.44922
vt 0.3125 0.44922
vt 0.325 0.44922
vt 0.3375 0.44922
vt 0.35 0.44922
vt 0.3625 0.44922
vt 0.375 0.44922
vt 0.3875 0.44922
vt 0.4 0.44922
vt 0.4125 0.44922
vt 0.425 0.44922
vt 0.4375 0.44922
vt 0.45 0.44922
vt 0.4625 0.44922
vt 0.475 0.44922
vt 0.4875 0.44922
vt 0.5 0.44922
vt 0.05469 0.02344
vt 0.07031 0.02344
vt 0.08594 0.02344
vn -0.707 -0.707 0
vn 0 -1 0
vn 0.291 -0.941 0.173
vn -0.01 -0.99 0.138
vn 0.303 -0.953 0
vn 0.255 -0.905 0.34
vn -0.038 -0.962 0.271
vn 0.197 -0.847 0.493
vn -0.084 -0.916 0.393
vn 0.119 -0.769 0.628
vn -0.146 -0.854 0.5
vn 0.024 -0.674 0.738
vn -0.222 -0.778 0.588
vn -0.085 -0.565 0.821
vn -0.309 -0.691 0.653
vn -0.202 -0.448 0.871
vn -0.402 -0.598 0.694
vn -0.325 -0.325 0.888
vn -0.5 -0.5 0.707
vn -0.448 -0.202 0.871
vn -0.598 -0.402 0.694
vn -0.565 -0.085 0.821
vn -0.691 -0.309 0.653
vn -0.674 0.024 0.738
vn -0.778 -0.222 0.588
vn -0.769 0.119 0.628
vn -0.854 -0.146 0.5
vn -0.847 0.197 0.493
vn -0.916 -0.084 0.393
vn -0.905 0.255 0.34
vn -0.962 -0.038 0.271
vn -0.941 0.291 0.173
vn -0.99 -0.01 0.138
vn -0.953 0.303 0
vn -1 0 0
vn -0.941 0.291 -0.173
vn -0.99 -0.01 -0.138
vn -0.905 0.255 -0.34
vn -0.962 -0.038 -0.271
vn -0.847 0.197 -0.493
vn -0.916 -0.084 -0.393
vn -0.769 0.119 -0.628
vn -0.854 -0.146 -0.5
vn -0.674 0.024 -0.738
vn -0.778 -0.222 -0.588
vn -0.565 -0.085 -0.821
vn -0.691 -0.309 -0.653
vn -0.448 -0.202 -0.871
vn -0.598 -0.402 -0.694
vn -0.325 -0.325 -0.888
vn -0.5 -0.5 -0.707
vn -0.202 -0.448 -0.871
vn -0.402 -0.598 -0.694
vn -0.085 -0.565 -0.821
vn -0.309 -0.691 -0.653
vn 0.024 -0.674 -0.738
vn -0.222 -0.778 -0.588
vn 0.119 -0.769 -0.628
vn -0.146 -0.854 -0.5
vn 0.197 -0.847 -0.493
vn -0.084 -0.916 -0.393
vn 0.255 -0.905 -0.34
vn -0.038 -0.962 -0.271
vn 0.291 -0.941 -0.173
vn -0.01 -0.99 -0.138
vn 0.631 -0.751 0.194
vn 0.645 -0.765 0
vn 0.591 -0.711 0.381
vn 0.526 -0.646 0.554
vn 0.438 -0.558 0.705
vn 0.331 -0.451 0.828
vn 0.21 -0.33 0.921
vn 0.077 -0.197 0.977
vn -0.06 -0.06 0.996
vn -0.197 0.077 0.977
vn -0.33 0.21 0.921
vn -0.451 0.331 0.828
vn -0.558 0.438 0.705
vn -0.646 0.526 0.554
vn -0.711 0.591 0.381
vn -0.751 0.631 0.194
vn -0.765 0.645 0
vn -0.751 0.631 -0.194
vn -0.711 0.591 -0.381
vn -0.646 0.526 -0.554
vn -0.558 0.438 -0.705
vn -0.451 0.331 -0.828
vn -0.33 0.21 -0.921
vn -0.197 0.077 -0.977
vn -0.06 -0.06 -0.996
vn 0.077 -0.197 -0.977
vn 0.21 -0.33 -0.921
vn 0.331 -0.451 -0.828
vn 0.438 -0.558 -0.705
vn 0.526 -0.646 -0.554
vn 0.591 -0.711 -0.381
vn 0.631 -0.751 -0.194
vn 0.694 -0.694 0.195
vn 0.707 -0.707 0
vn 0.653 -0.653 0.383
vn 0.588 -0.588 0.556
vn 0.5 -0.5 0.707
vn 0.393 -0.393 0.831
vn 0.271 -0.271 0.924
vn 0.138 -0.138 0.981
vn 0 -0 1
vn -0.138 0.138 0.981
vn -0.271 0.271 0.924
vn -0.393 0.393 0.831
vn -0.5 0.5 0.707
vn -0.588 0.588 0.556
vn -0.653 0.653 0.383
vn -0.694 0.694 0.195
vn -0.707 0.707 0
vn -0.694 0.694 -0.195
vn -0.653 0.653 -0.383
vn -0.588 0.588 -0.556
vn -0.5 0.5 -0.707
vn -0.393 0.393 -0.831
vn -0.271 0.271 -0.924
vn -0.138 0.138 -0.981
vn -0 0 -1
vn 0.138 -0.138 -0.981
vn 0.271 -0.271 -0.924
vn 0.393 -0.393 -0.831
vn 0.5 -0.5 -0.707
vn 0.588 -0.588 -0.556
vn 0.653 -0.653 -0.383
vn 0.694 -0.694 -0.195
vn 0.707 0.707 0
vn 0.208 -0.978 0
vn 0.464 -0.866 0.187
vn 0.196 -0.967 0.164
vn 0.477 -0.879 0
vn 0.425 -0.827 0.367
vn 0.162 -0.933 0.321
vn 0.363 -0.765 0.533
vn 0.108 -0.878 0.466
vn 0.278 -0.68 0.678
vn 0.034 -0.805 0.593
vn 0.176 -0.578 0.797
vn -0.056 -0.715 0.697
vn 0.058 -0.46 0.886
vn -0.158 -0.612 0.775
vn -0.069 -0.333 0.94
vn -0.27 -0.501 0.822
vn -0.201 -0.201 0.959
vn -0.385 -0.385 0.838
vn -0.333 -0.069 0.94
vn -0.501 -0.27 0.822
vn -0.46 0.058 0.886
vn -0.612 -0.158 0.775
vn -0.578 0.176 0.797
vn -0.715 -0.056 0.697
vn -0.68 0.278 0.678
vn -0.805 0.034 0.593
vn -0.765 0.363 0.533
vn -0.878 0.108 0.466
vn -0.827 0.425 0.367
vn -0.933 0.162 0.321
vn -0.866 0.464 0.187
vn -0.967 0.196 0.164
vn -0.879 0.477 0
vn -0.978 0.208 0
vn -0.866 0.464 -0.187
vn -0.967 0.196 -0.164
vn -0.827 0.425 -0.367
vn -0.933 0.162 -0.321
vn -0.765 0.363 -0.533
vn -0.878 0.108 -0.466
vn -0.68 0.278 -0.678
vn -0.805 0.034 -0.593
vn -0.578 0.176 -0.797
vn -0.715 -0.056 -0.697
vn -0.46 0.058 -0.886
vn -0.612 -0.158 -0.775
vn -0.333 -0.069 -0.94
vn -0.501 -0.27 -0.822
vn -0.201 -0.201 -0.959
vn -0.385 -0.385 -0.838
vn -0.069 -0.333 -0.94
vn -0.27 -0.501 -0.822
vn 0.058 -0.46 -0.886
vn -0.158 -0.612 -0.775
vn 0.176 -0.578 -0.797
vn -0.056 -0.715 -0.697
vn 0.278 -0.68 -0.678
vn 0.034 -0.805 -0.593
vn 0.363 -0.765 -0.533
vn 0.108 -0.878 -0.466
vn 0.425 -0.827 -0.367
vn 0.162 -0.933 -0.321
vn 0.464 -0.866 -0.187
vn 0.196 -0.967 -0.164
vn 0.316 -0.949 0
vn 0.517 -0.842 0.152
vn 0.308 -0.941 0.14
vn 0.526 -0.851 0
vn 0.492 -0.817 0.301
vn 0.285 -0.918 0.276
vn 0.451 -0.776 0.442
vn 0.247 -0.88 0.406
vn 0.394 -0.719 0.572
vn 0.195 -0.828 0.526
vn 0.324 -0.649 0.688
vn 0.131 -0.763 0.632
vn 0.242 -0.567 0.787
vn 0.056 -0.688 0.724
vn 0.15 -0.475 0.867
vn -0.029 -0.603 0.797
vn 0.05 -0.375 0.926
vn -0.121 -0.512 0.851
vn -0.055 -0.27 0.961
vn -0.217 -0.415 0.883
vn -0.162 -0.162 0.973
vn -0.316 -0.316 0.894
vn -0.27 -0.055 0.961
vn -0.415 -0.217 0.883
vn -0.375 0.05 0.926
vn -0.512 -0.121 0.851
vn -0.475 0.15 0.867
vn -0.603 -0.029 0.797
vn -0.567 0.242 0.787
vn -0.688 0.056 0.724
vn -0.649 0.324 0.688
vn -0.763 0.131 0.632
vn -0.719 0.394 0.572
vn -0.828 0.195 0.526
vn -0.776 0.451 0.442
vn -0.88 0.247 0.406
vn -0.817 0.492 0.301
vn -0.918 0.285 0.276
vn -0.842 0.517 0.152
vn -0.941 0.308 0.14
vn -0.851 0.526 0
vn -0.949 0.316 0
vn -0.842 0.517 -0.152
vn -0.941 0.308 -0.14
vn -0.817 0.492 -0.301
vn -0.918 0.285 -0.276
vn -0.776 0.451 -0.442
vn -0.88 0.247 -0.406
vn -0.719 0.394 -0.572
vn -0.828 0.195 -0.526
vn -0.649 0.324 -0.688
vn -0.763 0.131 -0.632
vn -0.567 0.242 -0.787
vn -0.688 0.056 -0.724
vn -0.475 0.15 -0.867
vn -0.603 -0.029 -0.797
vn -0.375 0.05 -0.926
vn -0.512 -0.121 -0.851
vn -0.27 -0.055 -0.961
vn -0.415 -0.217 -0.883
vn -0.162 -0.162 -0.973
vn -0.316 -0.316 -0.894
vn -0.055 -0.27 -0.961
vn -0.217 -0.415 -0.883
vn 0.05 -0.375 -0.926
vn -0.121 -0.512 -0.851
vn 0.15 -0.475 -0.867
vn -0.029 -0.603 -0.797
vn 0.242 -0.567 -0.787
vn 0.056 -0.688 -0.724
vn 0.324 -0.649 -0.688
vn 0.131 -0.763 -0.632
vn 0.394 -0.719 -0.572
vn 0.195 -0.828 -0.526
vn 0.451 -0.776 -0.442
vn 0.247 -0.88 -0.406
vn 0.492 -0.817 -0.301
vn 0.285 -0.918 -0.276
vn 0.517 -0.842 -0.152
vn 0.308 -0.941 -0.14
vn 0.698 -0.698 0.156
vn 0.672 -0.672 0.309
vn 0.63 -0.63 0.454
vn 0.572 -0.572 0.588
vn 0.416 -0.416 0.809
vn 0.321 -0.321 0.891
vn 0.219 -0.219 0.951
vn 0.111 -0.111 0.988
vn -0.111 0.111 0.988
vn -0.219 0.219 0.951
vn -0.321 0.321 0.891
vn -0.416 0.416 0.809
vn -0.572 0.572 0.588
vn -0.63 0.63 0.454
vn -0.672 0.672 0.309
vn -0.698 0.698 0.156
vn -0.698 0.698 -0.156
vn -0.672 0.672 -0.309
vn -0.63 0.63 -0.454
vn -0.572 0.572 -0.588
vn -0.416 0.416 -0.809
vn -0.321 0.321 -0.891
vn -0.219 0.219 -0.951
vn -0.111 0.111 -0.988
vn 0.111 -0.111 -0.988
vn 0.219 -0.219 -0.951
vn 0.321 -0.321 -0.891
vn 0.416 -0.416 -0.809
vn 0.572 -0.572 -0.588
vn 0.63 -0.63 -0.454
vn 0.672 -0.672 -0.309
vn 0.698 -0.698 -0.156
vn 0.914 0.406 0
vn 0.911 0.409 0.056
vn 0.901 0.419 0.111
vn 0.886 0.434 0.163
vn 0.865 0.455 0.211
vn 0.839 0.48 0.254
vn 0.809 0.511 0.29
vn 0.775 0.545 0.32
vn 0.738 0.582 0.341
vn 0.7 0.62 0.355
vn 0.66 0.66 0.359
vn 0.62 0.7 0.355
vn 0.582 0.738 0.341
vn 0.545 0.775 0.32
vn 0.511 0.809 0.29
vn 0.48 0.839 0.254
vn 0.455 0.865 0.211
vn 0.434 0.886 0.163
vn 0.419 0.901 0.111
vn 0.409 0.911 0.056
vn 0.406 0.914 0
vn 0.409 0.911 -0.056
vn 0.419 0.901 -0.111
vn 0.434 0.886 -0.163
vn 0.455 0.865 -0.211
vn 0.48 0.839 -0.254
vn 0.511 0.809 -0.29
vn 0.545 0.775 -0.32
vn 0.582 0.738 -0.341
vn 0.62 0.7 -0.355
vn 0.66 0.66 -0.359
vn 0.7 0.62 -0.355
vn 0.738 0.582 -0.341
vn 0.775 0.545 -0.32
vn 0.809 0.511 -0.29
vn 0.839 0.48 -0.254
vn 0.865 0.455 -0.211
vn 0.886 0.434 -0.163
vn 0.901 0.419 -0.111
vn 0.911 0.409 -0.056
vn -0.406 -0.914 0
vn -0.409 -0.911 0.056
vn -0.419 -0.901 0.111
vn -0.434 -0.886 0.163
vn -0.455 -0.865 0.211
vn -0.48 -0.839 0.254
vn -0.511 -0.809 0.29
vn -0.545 -0.775 0.32
vn -0.582 -0.738 0.341
vn -0.62 -0.7 0.355
vn -0.66 -0.66 0.359
vn -0.7 -0.62 0.355
vn -0.738 -0.582 0.341
vn -0.775 -0.545 0.32
vn -0.809 -0.511 0.29
vn -0.839 -0.48 0.254
vn -0.865 -0.455 0.211
vn -0.886 -0.434 0.163
vn -0.901 -0.419 0.111
vn -0.911 -0.409 0.056
vn -0.914 -0.406 0
vn -0.911 -0.409 -0.056
vn -0.901 -0.419 -0.111
vn -0.886 -0.434 -0.163
vn -0.865 -0.455 -0.211
vn -0.839 -0.48 -0.254
vn -0.809 -0.511 -0.29
vn -0.775 -0.545 -0.32
vn -0.738 -0.582 -0.341
vn -0.7 -0.62 -0.355
vn -0.66 -0.66 -0.359
vn -0.62 -0.7 -0.355
vn -0.582 -0.738 -0.341
vn -0.545 -0.775 -0.32
vn -0.511 -0.809 -0.29
vn -0.48 -0.839 -0.254
vn -0.455 -0.865 -0.211
vn -0.434 -0.886 -0.163
vn -0.419 -0.901 -0.111
vn -0.409 -0.911 -0.056
vn -0.225 -0.974 0
vn -0.229 -0.97 0.083
vn -0.243 -0.956 0.164
vn -0.266 -0.934 0.241
vn -0.296 -0.903 0.312
vn -0.335 -0.865 0.375
vn -0.379 -0.82 0.429
vn -0.429 -0.77 0.472
vn -0.484 -0.715 0.504
vn -0.541 -0.658 0.523
vn -0.6 -0.6 0.53
vn -0.658 -0.541 0.523
vn -0.715 -0.484 0.504
vn -0.77 -0.429 0.472
vn -0.82 -0.379 0.429
vn -0.865 -0.335 0.375
vn -0.903 -0.296 0.312
vn -0.934 -0.266 0.241
vn -0.956 -0.243 0.164
vn -0.97 -0.229 0.083
vn -0.974 -0.225 0
vn -0.97 -0.229 -0.083
vn -0.956 -0.243 -0.164
vn -0.934 -0.266 -0.241
vn -0.903 -0.296 -0.312
vn -0.865 -0.335 -0.375
vn -0.82 -0.379 -0.429
vn -0.77 -0.429 -0.472
vn -0.715 -0.484 -0.504
vn -0.658 -0.541 -0.523
vn -0.6 -0.6 -0.53
vn -0.541 -0.658 -0.523
vn -0.484 -0.715 -0.504
vn -0.429 -0.77 -0.472
vn -0.379 -0.82 -0.429
vn -0.335 -0.865 -0.375
vn -0.296 -0.903 -0.312
vn -0.266 -0.934 -0.241
vn -0.243 -0.956 -0.164
vn -0.229 -0.97 -0.083
vn 0.486 -0.874 0
vn 0.594 -0.79 0.155
vn 0.477 -0.866 0.15
vn 0.602 -0.798 0
vn 0.568 -0.764 0.306
vn 0.452 -0.841 0.297
vn 0.526 -0.722 0.45
vn 0.412 -0.8 0.437
vn 0.468 -0.665 0.582
vn 0.356 -0.744 0.565
vn 0.397 -0.593 0.7
vn 0.287 -0.675 0.68
vn 0.314 -0.51 0.801
vn 0.205 -0.594 0.778
vn 0.22 -0.416 0.882
vn 0.114 -0.503 0.857
vn 0.118 -0.314 0.942
vn 0.016 -0.404 0.914
vn 0.011 -0.208 0.978
vn -0.088 -0.301 0.95
vn -0.098 -0.098 0.99
vn -0.194 -0.194 0.962
vn -0.208 0.011 0.978
vn -0.301 -0.088 0.95
vn -0.314 0.118 0.942
vn -0.404 0.016 0.914
vn -0.416 0.22 0.882
vn -0.503 0.114 0.857
vn -0.51 0.314 0.801
vn -0.594 0.205 0.778
vn -0.593 0.397 0.7
vn -0.675 0.287 0.68
vn -0.665 0.468 0.582
vn -0.744 0.356 0.565
vn -0.722 0.526 0.45
vn -0.8 0.412 0.437
vn -0.764 0.568 0.306
vn -0.841 0.452 0.297
vn -0.79 0.594 0.155
vn -0.866 0.477 0.15
vn -0.798 0.602 0
vn -0.874 0.486 0
vn -0.79 0.594 -0.155
vn -0.866 0.477 -0.15
vn -0.764 0.568 -0.306
vn -0.841 0.452 -0.297
vn -0.722 0.526 -0.45
vn -0.8 0.412 -0.437
vn -0.665 0.468 -0.582
vn -0.744 0.356 -0.565
vn -0.593 0.397 -0.7
vn -0.675 0.287 -0.68
vn -0.51 0.314 -0.801
vn -0.594 0.205 -0.778
vn -0.416 0.22 -0.882
vn -0.503 0.114 -0.857
vn -0.314 0.118 -0.942
vn -0.404 0.016 -0.914
vn -0.208 0.011 -0.978
vn -0.301 -0.088 -0.95
vn -0.098 -0.098 -0.99
vn -0.194 -0.194 -0.962
vn 0.011 -0.208 -0.978
vn -0.088 -0.301 -0.95
vn 0.118 -0.314 -0.942
vn 0.016 -0.404 -0.914
vn 0.22 -0.416 -0.882
vn 0.114 -0.503 -0.857
vn 0.314 -0.51 -0.801
vn 0.205 -0.594 -0.778
vn 0.397 -0.593 -0.7
vn 0.287 -0.675 -0.68
vn 0.468 -0.665 -0.582
vn 0.356 -0.744 -0.565
vn 0.526 -0.722 -0.45
vn 0.412 -0.8 -0.437
vn 0.568 -0.764 -0.306
vn 0.452 -0.841 -0.297
vn 0.594 -0.79 -0.155
vn 0.477 -0.866 -0.15
vn 1 -0 0
vn 0.994 0.006 0.111
vn 0.976 0.024 0.219
vn 0.946 0.054 0.321
vn 0.905 0.095 0.416
vn 0.854 0.146 0.5
vn 0.794 0.206 0.572
vn 0.727 0.273 0.63
vn 0.655 0.345 0.672
vn 0.578 0.422 0.698
vn 0.5 0.5 0.707
vn 0.422 0.578 0.698
vn 0.345 0.655 0.672
vn 0.273 0.727 0.63
vn 0.206 0.794 0.572
vn 0.146 0.854 0.5
vn 0.095 0.905 0.416
vn 0.054 0.946 0.321
vn 0.024 0.976 0.219
vn 0.006 0.994 0.111
vn -0 1 0
vn 0.006 0.994 -0.111
vn 0.024 0.976 -0.219
vn 0.054 0.946 -0.321
vn 0.095 0.905 -0.416
vn 0.146 0.854 -0.5
vn 0.206 0.794 -0.572
vn 0.273 0.727 -0.63
vn 0.345 0.655 -0.672
vn 0.422 0.578 -0.698
vn 0.5 0.5 -0.707
vn 0.578 0.422 -0.698
vn 0.655 0.345 -0.672
vn 0.727 0.273 -0.63
vn 0.794 0.206 -0.572
vn 0.854 0.146 -0.5
vn 0.905 0.095 -0.416
vn 0.946 0.054 -0.321
vn 0.976 0.024 -0.219
vn 0.994 0.006 -0.111
vn -0.392 0.92 0
vn -0.358 0.923 -0.143
vn -0.384 0.912 -0.145
vn -0.366 0.931 0
vn -0.334 0.899 -0.283
vn -0.36 0.888 -0.287
vn -0.295 0.86 -0.416
vn -0.321 0.848 -0.421
vn -0.242 0.807 -0.539
vn -0.267 0.795 -0.545
vn -0.176 0.741 -0.648
vn -0.2 0.728 -0.656
vn -0.098 0.664 -0.742
vn -0.122 0.65 -0.751
vn -0.012 0.577 -0.817
vn -0.034 0.562 -0.827
vn 0.082 0.483 -0.872
vn 0.061 0.467 -0.882
vn 0.181 0.384 -0.905
vn 0.161 0.367 -0.916
vn 0.283 0.283 -0.917
vn 0.264 0.264 -0.928
vn 0.384 0.181 -0.905
vn 0.367 0.161 -0.916
vn 0.483 0.082 -0.872
vn 0.467 0.061 -0.882
vn 0.577 -0.012 -0.817
vn 0.562 -0.034 -0.827
vn 0.664 -0.098 -0.742
vn 0.65 -0.122 -0.751
vn 0.741 -0.176 -0.648
vn 0.728 -0.2 -0.656
vn 0.807 -0.242 -0.539
vn 0.795 -0.267 -0.545
vn 0.86 -0.295 -0.416
vn 0.848 -0.321 -0.421
vn 0.899 -0.334 -0.283
vn 0.888 -0.36 -0.287
vn 0.923 -0.358 -0.143
vn 0.912 -0.384 -0.145
vn 0.931 -0.366 -0
vn 0.92 -0.392 -0
vn 0.923 -0.358 0.143
vn 0.912 -0.384 0.145
vn 0.899 -0.334 0.283
vn 0.888 -0.36 0.287
vn 0.86 -0.295 0.416
vn 0.848 -0.321 0.421
vn 0.807 -0.242 0.539
vn 0.795 -0.267 0.545
vn 0.741 -0.176 0.648
vn 0.728 -0.2 0.656
vn 0.664 -0.098 0.742
vn 0.65 -0.122 0.751
vn 0.577 -0.012 0.817
vn 0.562 -0.034 0.827
vn 0.483 0.082 0.872
vn 0.467 0.061 0.882
vn 0.384 0.181 0.905
vn 0.367 0.161 0.916
vn 0.283 0.283 0.917
vn 0.264 0.264 0.928
vn 0.181 0.384 0.905
vn 0.161 0.367 0.916
vn 0.082 0.483 0.872
vn 0.061 0.467 0.882
vn -0.012 0.577 0.817
vn -0.034 0.562 0.827
vn -0.098 0.664 0.742
vn -0.122 0.65 0.751
vn -0.176 0.741 0.648
vn -0.2 0.728 0.656
vn -0.242 0.807 0.539
vn -0.267 0.795 0.545
vn -0.295 0.86 0.416
vn -0.321 0.848 0.421
vn -0.334 0.899 0.283
vn -0.36 0.888 0.287
vn -0.358 0.923 0.143
vn -0.384 0.912 0.145
vn -0.307 0.941 -0.14
vn -0.315 0.949 0
vn -0.284 0.918 -0.276
vn -0.246 0.88 -0.406
vn -0.194 0.828 -0.525
vn -0.13 0.764 -0.632
vn -0.054 0.689 -0.723
vn 0.03 0.604 -0.796
vn 0.122 0.512 -0.85
vn 0.218 0.416 -0.883
vn 0.317 0.317 -0.894
vn 0.416 0.218 -0.883
vn 0.512 0.122 -0.85
vn 0.604 0.03 -0.796
vn 0.689 -0.054 -0.723
vn 0.764 -0.13 -0.632
vn 0.828 -0.194 -0.525
vn 0.88 -0.246 -0.406
vn 0.918 -0.284 -0.276
vn 0.941 -0.307 -0.14
vn 0.949 -0.315 -0
vn 0.941 -0.307 0.14
vn 0.918 -0.284 0.276
vn 0.88 -0.246 0.406
vn 0.828 -0.194 0.525
vn 0.764 -0.13 0.632
vn 0.689 -0.054 0.723
vn 0.604 0.03 0.796
vn 0.512 0.122 0.85
vn 0.416 0.218 0.883
vn 0.317 0.317 0.894
vn 0.218 0.416 0.883
vn 0.122 0.512 0.85
vn 0.03 0.604 0.796
vn -0.054 0.689 0.723
vn -0.13 0.764 0.632
vn -0.194 0.828 0.525
vn -0.246 0.88 0.406
vn -0.284 0.918 0.276
vn -0.307 0.941 0.14
vn -0.217 0.967 -0.133
vn -0.224 0.975 0
vn -0.195 0.945 -0.262
vn -0.159 0.909 -0.385
vn -0.11 0.86 -0.498
vn -0.049 0.799 -0.599
vn 0.023 0.728 -0.686
vn 0.103 0.647 -0.755
vn 0.19 0.56 -0.806
vn 0.281 0.469 -0.837
vn 0.375 0.375 -0.848
vn 0.469 0.281 -0.837
vn 0.56 0.19 -0.806
vn 0.647 0.103 -0.755
vn 0.728 0.023 -0.686
vn 0.799 -0.049 -0.599
vn 0.86 -0.11 -0.498
vn 0.909 -0.159 -0.385
vn 0.945 -0.195 -0.262
vn 0.967 -0.217 -0.133
vn 0.975 -0.224 -0
vn 0.967 -0.217 0.133
vn 0.945 -0.195 0.262
vn 0.909 -0.159 0.385
vn 0.86 -0.11 0.498
vn 0.799 -0.049 0.599
vn 0.728 0.023 0.686
vn 0.647 0.103 0.755
vn 0.56 0.19 0.806
vn 0.469 0.281 0.837
vn 0.375 0.375 0.848
vn 0.281 0.469 0.837
vn 0.19 0.56 0.806
vn 0.103 0.647 0.755
vn 0.023 0.728 0.686
vn -0.049 0.799 0.599
vn -0.11 0.86 0.498
vn -0.159 0.909 0.385
vn -0.195 0.945 0.262
vn -0.217 0.967 0.133
vn -0.072 0.99 -0.119
vn -0.078 0.997 0
vn -0.052 0.971 -0.235
vn -0.02 0.938 -0.345
vn 0.024 0.894 -0.447
vn 0.079 0.839 -0.538
vn 0.143 0.775 -0.615
vn 0.215 0.703 -0.677
vn 0.293 0.625 -0.723
vn 0.375 0.543 -0.751
vn 0.459 0.459 -0.76
vn 0.543 0.375 -0.751
vn 0.625 0.293 -0.723
vn 0.703 0.215 -0.677
vn 0.775 0.143 -0.615
vn 0.839 0.079 -0.538
vn 0.894 0.024 -0.447
vn 0.938 -0.02 -0.345
vn 0.971 -0.052 -0.235
vn 0.99 -0.072 -0.119
vn 0.997 -0.078 -0
vn 0.99 -0.072 0.119
vn 0.971 -0.052 0.235
vn 0.938 -0.02 0.345
vn 0.894 0.024 0.447
vn 0.839 0.079 0.538
vn 0.775 0.143 0.615
vn 0.703 0.215 0.677
vn 0.625 0.293 0.723
vn 0.543 0.375 0.751
vn 0.459 0.459 0.76
vn 0.375 0.543 0.751
vn 0.293 0.625 0.723
vn 0.215 0.703 0.677
vn 0.143 0.775 0.615
vn 0.079 0.839 0.538
vn 0.024 0.894 0.447
vn -0.02 0.938 0.345
vn -0.052 0.971 0.235
vn -0.072 0.99 0.119
vn -0.218 -0.489 -0.845
vn -0.872 0.164 -0.462
vn 0.489 0.218 -0.845
vn -0.164 0.872 -0.462
vn 0.962 0.038 -0.271
vn 0.038 0.962 0.271
vn 0.164 -0.872 0.462
vn -0.489 -0.218 0.845
vn 0.872 -0.164 0.462
vn 0.218 0.489 0.845
vn -0.68 -0.027 -0.733
vn -0.951 0.244 0.191
vn 0.027 0.68 -0.733
vn -0.244 0.951 0.191
vn 0.691 0.309 -0.653
vn 0.309 0.691 0.653
vn 0.244 -0.951 -0.191
vn -0.027 -0.68 0.733
vn 0.951 -0.244 -0.191
vn 0.68 0.027 0.733
vn -0.951 0.244 -0.191
vn -0.68 -0.027 0.733
vn -0.244 0.951 -0.191
vn 0.027 0.68 0.733
vn 0.309 0.691 -0.653
vn 0.691 0.309 0.653
vn -0.027 -0.68 -0.733
vn 0.244 -0.951 0.191
vn 0.68 0.027 -0.733
vn 0.951 -0.244 0.191
vn -0.872 0.164 0.462
vn -0.218 -0.489 0.845
vn -0.164 0.872 0.462
vn 0.489 0.218 0.845
vn 0.038 0.962 -0.271
vn 0.962 0.038 0.271
vn -0.489 -0.218 -0.845
vn 0.164 -0.872 -0.462
vn 0.218 0.489 -0.845
vn 0.872 -0.164 -0.462
vn -0.462 0.191 -0.866
vn -0.387 0.317 -0.866
vn -0.5 -0 -0.866
vn -0.462 -0.191 -0.866
vn -0.387 -0.317 -0.866
vn -0.317 -0.387 -0.866
vn -0.191 -0.462 -0.866
vn 0 -0.5 -0.866
vn 0.191 -0.462 -0.866
vn 0.317 -0.387 -0.866
vn 0.387 -0.317 -0.866
vn 0.462 -0.191 -0.866
vn 0.5 0 -0.866
vn 0.462 0.191 -0.866
vn 0.387 0.317 -0.866
vn 0.317 0.387 -0.866
vn 0.191 0.462 -0.866
vn -0 0.5 -0.866
vn -0.191 0.462 -0.866
vn -0.317 0.387 -0.866
vn -0.8 0.331 -0.5
vn -0.669 0.549 -0.5
vn -0.866 -0 -0.5
vn -0.8 -0.331 -0.5
vn -0.669 -0.549 -0.5
vn -0.549 -0.669 -0.5
vn -0.331 -0.8 -0.5
vn 0 -0.866 -0.5
vn 0.331 -0.8 -0.5
vn 0.549 -0.669 -0.5
vn 0.669 -0.549 -0.5
vn 0.8 -0.331 -0.5
vn 0.866 0 -0.5
vn 0.8 0.331 -0.5
vn 0.669 0.549 -0.5
vn 0.549 0.669 -0.5
vn 0.331 0.8 -0.5
vn -0 0.866 -0.5
vn -0.331 0.8 -0.5
vn -0.549 0.669 -0.5
vn -0.924 0.383 -0
vn -0.773 0.634 -0
vn -0.924 -0.383 -0
vn -0.773 -0.634 -0
vn -0.634 -0.773 0
vn -0.383 -0.924 0
vn 0.383 -0.924 0
vn 0.634 -0.773 0
vn 0.773 -0.634 0
vn 0.924 -0.383 0
vn 0.924 0.383 0
vn 0.773 0.634 0
vn 0.634 0.773 0
vn 0.383 0.924 0
vn -0.383 0.924 0
vn -0.634 0.773 0
vn -0.8 0.331 0.5
vn -0.669 0.549 0.5
vn -0.866 -0 0.5
vn -0.8 -0.331 0.5
vn -0.669 -0.549 0.5
vn -0.549 -0.669 0.5
vn -0.331 -0.8 0.5
vn 0 -0.866 0.5
vn 0.331 -0.8 0.5
vn 0.549 -0.669 0.5
vn 0.669 -0.549 0.5
vn 0.8 -0.331 0.5
vn 0.866 0 0.5
vn 0.8 0.331 0.5
vn 0.669 0.549 0.5
vn 0.549 0.669 0.5
vn 0.331 0.8 0.5
vn -0 0.866 0.5
vn -0.331 0.8 0.5
vn -0.549 0.669 0.5
vn -0.462 0.191 0.866
vn -0.387 0.317 0.866
vn -0.5 -0 0.866
vn -0.462 -0.191 0.866
vn -0.387 -0.317 0.866
vn -0.317 -0.387 0.866
vn -0.191 -0.462 0.866
vn 0 -0.5 0.866
vn 0.191 -0.462 0.866
vn 0.317 -0.387 0.866
vn 0.387 -0.317 0.866
vn 0.462 -0.191 0.866
vn 0.5 0 0.866
vn 0.462 0.191 0.866
vn 0.387 0.317 0.866
vn 0.317 0.387 0.866
vn 0.191 0.462 0.866
vn -0 0.5 0.866
vn -0.191 0.462 0.866
vn -0.317 0.387 0.866
vn -0.653 0.271 -0.707
vn -0.547 0.449 -0.707
vn -0.707 0 -0.707
vn -0.653 -0.271 -0.707
vn -0.547 -0.449 -0.707
vn -0.449 -0.547 -0.707
vn -0.271 -0.653 -0.707
vn 0 -0.707 -0.707
vn 0.271 -0.653 -0.707
vn 0.449 -0.547 -0.707
vn 0.547 -0.449 -0.707
vn 0.653 -0.271 -0.707
vn 0.707 0 -0.707
vn 0.653 0.271 -0.707
vn 0.547 0.449 -0.707
vn 0.449 0.547 -0.707
vn 0.271 0.653 -0.707
vn -0 0.707 -0.707
vn -0.271 0.653 -0.707
vn -0.449 0.547 -0.707
vn -0.653 0.271 0.707
vn -0.547 0.449 0.707
vn -0.707 0 0.707
vn -0.653 -0.271 0.707
vn -0.547 -0.449 0.707
vn -0.449 -0.547 0.707
vn -0.271 -0.653 0.707
vn 0 -0.707 0.707
vn 0.271 -0.653 0.707
vn 0.449 -0.547 0.707
vn 0.547 -0.449 0.707
vn 0.653 -0.271 0.707
vn 0.707 0 0.707
vn 0.653 0.271 0.707
vn 0.547 0.449 0.707
vn 0.449 0.547 0.707
vn 0.271 0.653 0.707
vn -0 0.707 0.707
vn -0.271 0.653 0.707
vn -0.449 0.547 0.707
f 1/1/1 2/1/1 3/1/1
f 1/1/1 3/1/1 4/1/1
f 1/1/1 4/1/1 5/1/1
f 1/1/1 5/1/1 6/1/1
f 1/1/1 6/1/1 7/1/1
f 1/1/1 7/1/1 8/1/1
f 1/1/1 8/1/1 9/1/1
f 1/1/1 9/1/1 10/1/1
f 1/1/1 10/1/1 11/1/1
f 1/1/1 11/1/1 12/1/1
f 1/1/1 12/1/1 13/1/1
f 1/1/1 13/1/1 14/1/1
f 1/1/1 14/1/1 15/1/1
f 1/1/1 15/1/1 16/1/1
f 1/1/1 16/1/1 17/1/1
f 1/1/1 17/1/1 18/1/1
f 1/1/1 18/1/1 19/1/1
f 1/1/1 19/1/1 20/1/1
f 1/1/1 20/1/1 21/1/1
f 1/1/1 21/1/1 22/1/1
f 1/1/1 22/1/1 23/1/1
f 1/1/1 23/1/1 24/1/1
f 1/1/1 24/1/1 25/1/1
f 1/1/1 25/1/1 26/1/1
f 1/1/1 26/1/1 27/1/1
f 1/1/1 27/1/1 28/1/1
f 1/1/1 28/1/1 29/1/1
f 1/1/1 29/1/1 30/1/1
f 1/1/1 30/1/1 31/1/1
f 1/1/1 31/1/1 32/1/1
f 1/1/1 32/1/1 33/1/1
f 1/1/1 33/1/1 2/1/1
f 2/1/2 34/1/3 3/1/4
f 2/1/2 35/1/5 34/1/3
f 3/1/4 36/1/6 4/1/7
f 3/1/4 34/1/3 36/1/6
f 4/1/7 37/1/8 5/1/9
f 4/1/7 36/1/6 37/1/8
f 5/1/9 38/1/10 6/1/11
f 5/1/9 37/1/8 38/1/10
f 6/1/11 39/1/12 7/1/13
f 6/1/11 38/1/10 39/1/12
f 7/1/13 40/1/14 8/1/15
f 7/1/13 39/1/12 40/1/14
f 8/1/15 41/1/16 9/1/17
f 8/1/15 40/1/14 41/1/16
f 9/1/17 42/1/18 10/1/19
f 9/1/17 41/1/16 42/1/18
f 10/1/19 43/1/20 11/1/21
f 10/1/19 42/1/18 43/1/20
f 11/1/21 44/1/22 12/1/23
f 11/1/21 43/1/20 44/1/22
f 12/1/23 45/1/24 13/1/25
f 12/1/23 44/1/22 45/1/24
f 13/1/25 46/1/26 14/1/27
f 13/1/25 45/1/24 46/1/26
f 14/1/27 47/1/28 15/1/29
f 14/1/27 46/1/26 47/1/28
f 15/1/29 48/1/30 16/1/31
f 15/1/29 47/1/28 48/1/30
f 16/1/31 49/1/32 17/1/33
f 16/1/31 48/1/30 49/1/32
f 17/1/33 50/1/34 18/1/35
f 17/1/33 49/1/32 50/1/34
f 18/1/35 51/1/36 19/1/37
f 18/1/35 50/1/34 51/1/36
f 19/1/37 52/1/38 20/1/39
f 19/1/37 51/1/36 52/1/38
f 20/1/39 53/1/40 21/1/41
f 20/1/39 52/1/38 53/1/40
f 21/1/41 54/1/42 22/1/43
f 21/1/41 53/1/40 54/1/42
f 22/1/43 55/1/44 23/1/45
f 22/1/43 54/1/42 55/1/44
f 23/1/45 56/1/46 24/1/47
f 23/1/45 55/1/44 56/1/46
f 24/1/47 57/1/48 25/1/49
f 24/1/47 56/1/46 57/1/48
f 25/1/49 58/1/50 26/1/51
f 25/1/49 57/1/48 58/1/50
f 26/1/51 59/1/52 27/1/53
f 26/1/51 58/1/50 59/1/52
f 27/1/53 60/1/54 28/1/55
f 27/1/53 59/1/52 60/1/54
f 28/1/55 61/1/56 29/1/57
f 28/1/55 60/1/54 61/1/56
f 29/1/57 62/1/58 30/1/59
f 29/1/57 61/1/56 62/1/58
f 30/1/59 63/1/60 31/1/61
f 30/1/59 62/1/58 63/1/60
f 31/1/61 64/1/62 32/1/63
f 31/1/61 63/1/60 64/1/62
f 32/1/63 65/1/64 33/1/65
f 32/1/63 64/1/62 65/1/64
f 33/1/65 35/1/5 2/1/2
f 33/1/65 65/1/64 35/1/5
f 35/1/5 66/1/66 34/1/3
f 35/1/5 67/1/67 66/1/66
f 34/1/3 68/1/68 36/1/6
f 34/1/3 66/1/66 68/1/68
f 36/1/6 69/1/69 37/1/8
f 36/1/6 68/1/68 69/1/69
f 37/1/8 70/1/70 38/1/10
f 37/1/8 69/1/69 70/1/70
f 38/1/10 71/1/71 39/1/12
f 38/1/10 70/1/70 71/1/71
f 39/1/12 72/1/72 40/1/14
f 39/1/12 71/1/71 72/1/72
f 40/1/14 73/1/73 41/1/16
f 40/1/14 72/1/72 73/1/73
f 41/1/16 74/1/74 42/1/18
f 41/1/16 73/1/73 74/1/74
f 42/1/18 75/1/75 43/1/20
f 42/1/18 74/1/74 75/1/75
f 43/1/20 76/1/76 44/1/22
f 43/1/20 75/1/75 76/1/76
f 44/1/22 77/1/77 45/1/24
f 44/1/22 76/1/76 77/1/77
f 45/1/24 78/1/78 46/1/26
f 45/1/24 77/1/77 78/1/78
f 46/1/26 79/1/79 47/1/28
f 46/1/26 78/1/78 79/1/79
f 47/1/28 80/1/80 48/1/30
f 47/1/28 79/1/79 80/1/80
f 48/1/30 81/1/81 49/1/32
f 48/1/30 80/1/80 81/1/81
f 49/1/32 82/1/82 50/1/34
f 49/1/32 81/1/81 82/1/82
f 50/1/34 83/1/83 51/1/36
f 50/1/34 82/1/82 83/1/83
f 51/1/36 84/1/84 52/1/38
f 51/1/36 83/1/83 84/1/84
f 52/1/38 85/1/85 53/1/40
f 52/1/38 84/1/84 85/1/85
f 53/1/40 86/1/86 54/1/42
f 53/1/40 85/1/85 86/1/86
f 54/1/42 87/1/87 55/1/44
f 54/1/42 86/1/86 87/1/87
f 55/1/44 88/1/88 56/1/46
f 55/1/44 87/1/87 88/1/88
f 56/1/46 89/1/89 57/1/48
f 56/1/46 88/1/88 89/1/89
f 57/1/48 90/1/90 58/1/50
f 57/1/48 89/1/89 90/1/90
f 58/1/50 91/1/91 59/1/52
f 58/1/50 90/1/90 91/1/91
f 59/1/52 92/1/92 60/1/54
f 59/1/52 91/1/91 92/1/92
f 60/1/54 93/1/93 61/1/56
f 60/1/54 92/1/92 93/1/93
f 61/1/56 94/1/94 62/1/58
f 61/1/56 93/1/93 94/1/94
f 62/1/58 95/1/95 63/1/60
f 62/1/58 94/1/94 95/1/95
f 63/1/60 96/1/96 64/1/62
f 63/1/60 95/1/95 96/1/96
f 64/1/62 97/1/97 65/1/64
f 64/1/62 96/1/96 97/1/97
f 65/1/64 67/1/67 35/1/5
f 65/1/64 97/1/97 67/1/67
f 67/1/67 98/1/98 66/1/66
f 67/1/67 99/1/99 98/1/98
f 66/1/66 100/1/100 68/1/68
f 66/1/66 98/1/98 100/1/100
f 68/1/68 101/1/101 69/1/69
f 68/1/68 100/1/100 101/1/101
f 69/1/69 102/1/102 70/1/70
f 69/1/69 101/1/101 102/1/102
f 70/1/70 103/1/103 71/1/71
f 70/1/70 102/1/102 103/1/103
f 71/1/71 104/1/104 72/1/72
f 71/1/71 103/1/103 104/1/104
f 72/1/72 105/1/105 73/1/73
f 72/1/72 104/1/104 105/1/105
f 73/1/73 106/1/106 74/1/74
f 73/1/73 105/1/105 106/1/106
f 74/1/74 107/1/107 75/1/75
f 74/1/74 106/1/106 107/1/107
f 75/1/75 108/1/108 76/1/76
f 75/1/75 107/1/107 108/1/108
f 76/1/76 109/1/109 77/1/77
f 76/1/76 108/1/108 109/1/109
f 77/1/77 110/1/110 78/1/78
f 77/1/77 109/1/109 110/1/110
f 78/1/78 111/1/111 79/1/79
f 78/1/78 110/1/110 111/1/111
f 79/1/79 112/1/112 80/1/80
f 79/1/79 111/1/111 112/1/112
f 80/1/80 113/1/113 81/1/81
f 80/1/80 112/1/112 113/1/113
f 81/1/81 114/1/114 82/1/82
f 81/1/81 113/1/113 114/1/114
f 82/1/82 115/1/115 83/1/83
f 82/1/82 114/1/114 115/1/115
f 83/1/83 116/1/116 84/1/84
f 83/1/83 115/1/115 116/1/116
f 84/1/84 117/1/117 85/1/85
f 84/1/84 116/1/116 117/1/117
f 85/1/85 118/1/118 86/1/86
f 85/1/85 117/1/117 118/1/118
f 86/1/86 119/1/119 87/1/87
f 86/1/86 118/1/118 119/1/119
f 87/1/87 120/1/120 88/1/88
f 87/1/87 119/1/119 120/1/120
f 88/1/88 121/1/121 89/1/89
f 88/1/88 120/1/120 121/1/121
f 89/1/89 122/1/122 90/1/90
f 89/1/89 121/1/121 122/1/122
f 90/1/90 123/1/123 91/1/91
f 90/1/90 122/1/122 123/1/123
f 91/1/91 124/1/124 92/1/92
f 91/1/91 123/1/123 124/1/124
f 92/1/92 125/1/125 93/1/93
f 92/1/92 124/1/124 125/1/125
f 93/1/93 126/1/126 94/1/94
f 93/1/93 125/1/125 126/1/126
f 94/1/94 127/1/127 95/1/95
f 94/1/94 126/1/126 127/1/127
f 95/1/95 128/1/128 96/1/96
f 95/1/95 127/1/127 128/1/128
f 96/1/96 129/1/129 97/1/97
f 96/1/96 128/1/128 129/1/129
f 97/1/97 99/1/99 67/1/67
f 97/1/97 129/1/129 99/1/99
f 99/1/130 130/1/130 98/1/130
f 98/1/130 130/1/130 100/1/130
f 100/1/130 130/1/130 101/1/130
f 101/1/130 130/1/130 102/1/130
f 102/1/130 130/1/130 103/1/130
f 103/1/130 130/1/130 104/1/130
f 104/1/130 130/1/130 105/1/130
f 105/1/130 130/1/130 106/1/130
f 106/1/130 130/1/130 107/1/130
f 107/1/130 130/1/130 108/1/130
f 108/1/130 130/1/130 109/1/130
f 109/1/130 130/1/130 110/1/130
f 110/1/130 130/1/130 111/1/130
f 111/1/130 130/1/130 112/1/130
f 112/1/130 130/1/130 113/1/130
f 113/1/130 130/1/130 114/1/130
f 114/1/130 130/1/130 115/1/130
f 115/1/130 130/1/130 116/1/130
f 116/1/130 130/1/130 117/1/130
f 117/1/130 130/1/130 118/1/130
f 118/1/130 130/1/130 119/1/130
f 119/1/130 130/1/130 120/1/130
f 120/1/130 130/1/130 121/1/130
f 121/1/130 130/1/130 122/1/130
f 122/1/130 130/1/130 123/1/130
f 123/1/130 130/1/130 124/1/130
f 124/1/130 130/1/130 125/1/130
f 125/1/130 130/1/130 126/1/130
f 126/1/130 130/1/130 127/1/130
f 127/1/130 130/1/130 128/1/130
f 128/1/130 130/1/130 129/1/130
f 129/1/130 130/1/130 99/1/130
f 131/2/1 132/2/1 133/2/1
f 131/2/1 133/2/1 134/2/1
f 131/2/1 134/2/1 135/2/1
f 131/2/1 135/2/1 136/2/1
f 131/2/1 136/2/1 137/2/1
f 131/2/1 137/2/1 138/2/1
f 131/2/1 138/2/1 139/2/1
f 131/2/1 139/2/1 140/2/1
f 131/2/1 140/2/1 141/2/1
f 131/2/1 141/2/1 142/2/1
f 131/2/1 142/2/1 143/2/1
f 131/2/1 143/2/1 144/2/1
f 131/2/1 144/2/1 145/2/1
f 131/2/1 145/2/1 146/2/1
f 131/2/1 146/2/1 147/2/1
f 131/2/1 147/2/1 148/2/1
f 131/2/1 148/2/1 149/2/1
f 131/2/1 149/2/1 150/2/1
f 131/2/1 150/2/1 151/2/1
f 131/2/1 151/2/1 152/2/1
f 131/2/1 152/2/1 153/2/1
f 131/2/1 153/2/1 154/2/1
f 131/2/1 154/2/1 155/2/1
f 131/2/1 155/2/1 156/2/1
f 131/2/1 156/2/1 157/2/1
f 131/2/1 157/2/1 158/2/1
f 131/2/1 158/2/1 159/2/1
f 131/2/1 159/2/1 160/2/1
f 131/2/1 160/2/1 161/2/1
f 131/2/1 161/2/1 162/2/1
f 131/2/1 162/2/1 163/2/1
f 131/2/1 163/2/1 132/2/1
f 132/2/131 164/2/132 133/2/133
f 132/2/131 165/2/134 164/2/132
f 133/2/133 166/2/135 134/2/136
f 133/2/133 164/2/132 166/2/135
f 134/2/136 167/2/137 135/2/138
f 134/2/136 166/2/135 167/2/137
f 135/2/138 168/2/139 136/2/140
f 135/2/138 167/2/137 168/2/139
f 136/2/140 169/2/141 137/2/142
f 136/2/140 168/2/139 169/2/141
f 137/2/142 170/2/143 138/2/144
f 137/2/142 169/2/141 170/2/143
f 138/2/144 171/2/145 139/2/146
f 138/2/144 170/2/143 171/2/145
f 139/2/146 172/2/147 140/2/148
f 139/2/146 171/2/145 172/2/147
f 140/2/148 173/2/149 141/2/150
f 140/2/148 172/2/147 173/2/149
f 141/2/150 174/2/151 142/2/152
f 141/2/150 173/2/149 174/2/151
f 142/2/152 175/2/153 143/2/154
f 142/2/152 174/2/151 175/2/153
f 143/2/154 176/2/155 144/2/156
f 143/2/154 175/2/153 176/2/155
f 144/2/156 177/2/157 145/2/158
f 144/2/156 176/2/155 177/2/157
f 145/2/158 178/2/159 146/2/160
f 145/2/158 177/2/157 178/2/159
f 146/2/160 179/2/161 147/2/162
f 146/2/160 178/2/159 179/2/161
f 147/2/162 180/2/163 148/2/164
f 147/2/162 179/2/161 180/2/163
f 148/2/164 181/2/165 149/2/166
f 148/2/164 180/2/163 181/2/165
f 149/2/166 182/2/167 150/2/168
f 149/2/166 181/2/165 182/2/167
f 150/2/168 183/2/169 151/2/170
f 150/2/168 182/2/167 183/2/169
f 151/2/170 184/2/171 152/2/172
f 151/2/170 183/2/169 184/2/171
f 152/2/172 185/2/173 153/2/174
f 152/2/172 184/2/171 185/2/173
f 153/2/174 186/2/175 154/2/176
f 153/2/174 185/2/173 186/2/175
f 154/2/176 187/2/177 155/2/178
f 154/2/176 186/2/175 187/2/177
f 155/2/178 188/2/179 156/2/180
f 155/2/178 187/2/177 188/2/179
f 156/2/180 189/2/181 157/2/182
f 156/2/180 188/2/179 189/2/181
f 157/2/182 190/2/183 158/2/184
f 157/2/182 189/2/181 190/2/183
f 158/2/184 191/2/185 159/2/186
f 158/2/184 190/2/183 191/2/185
f 159/2/186 192/2/187 160/2/188
f 159/2/186 191/2/185 192/2/187
f 160/2/188 193/2/189 161/2/190
f 160/2/188 192/2/187 193/2/189
f 161/2/190 194/2/191 162/2/192
f 161/2/190 193/2/189 194/2/191
f 162/2/192 195/2/193 163/2/194
f 162/2/192 194/2/191 195/2/193
f 163/2/194 165/2/134 132/2/131
f 163/2/194 195/2/193 165/2/134
f 165/2/134 196/2/98 164/2/132
f 165/2/134 197/2/99 196/2/98
f 164/2/132 198/2/100 166/2/135
f 164/2/132 196/2/98 198/2/100
f 166/2/135 199/2/101 167/2/137
f 166/2/135 198/2/100 199/2/101
f 167/2/137 200/2/102 168/2/139
f 167/2/137 199/2/101 200/2/102
f 168/2/139 201/2/103 169/2/141
f 168/2/139 200/2/102 201/2/103
f 169/2/141 202/2/104 170/2/143
f 169/2/141 201/2/103 202/2/104
f 170/2/143 203/2/105 171/2/145
f 170/2/143 202/2/104 203/2/105
f 171/2/145 204/2/106 172/2/147
f 171/2/145 203/2/105 204/2/106
f 172/2/147 205/2/107 173/2/149
f 172/2/147 204/2/106 205/2/107
f 173/2/149 206/2/108 174/2/151
f 173/2/149 205/2/107 206/2/108
f 174/2/151 207/2/109 175/2/153
f 174/2/151 206/2/108 207/2/109
f 175/2/153 208/2/110 176/2/155
f 175/2/153 207/2/109 208/2/110
f 176/2/155 209/2/111 177/2/157
f 176/2/155 208/2/110 209/2/111
f 177/2/157 210/2/112 178/2/159
f 177/2/157 209/2/111 210/2/112
f 178/2/159 211/2/113 179/2/161
f 178/2/159 210/2/112 211/2/113
f 179/2/161 212/2/114 180/2/163
f 179/2/161 211/2/113 212/2/114
f 180/2/163 213/2/115 181/2/165
f 180/2/163 212/2/114 213/2/115
f 181/2/165 214/2/116 182/2/167
f 181/2/165 213/2/115 214/2/116
f 182/2/167 215/2/117 183/2/169
f 182/2/167 214/2/116 215/2/117
f 183/2/169 216/2/118 184/2/171
f 183/2/169 215/2/117 216/2/118
f 184/2/171 217/2/119 185/2/173
f 184/2/171 216/2/118 217/2/119
f 185/2/173 218/2/120 186/2/175
f 185/2/173 217/2/119 218/2/120
f 186/2/175 219/2/121 187/2/177
f 186/2/175 218/2/120 219/2/121
f 187/2/177 220/2/122 188/2/179
f 187/2/177 219/2/121 220/2/122
f 188/2/179 221/2/123 189/2/181
f 188/2/179 220/2/122 221/2/123
f 189/2/181 222/2/124 190/2/183
f 189/2/181 221/2/123 222/2/124
f 190/2/183 223/2/125 191/2/185
f 190/2/183 222/2/124 223/2/125
f 191/2/185 224/2/126 192/2/187
f 191/2/185 223/2/125 224/2/126
f 192/2/187 225/2/127 193/2/189
f 192/2/187 224/2/126 225/2/127
f 193/2/189 226/2/128 194/2/191
f 193/2/189 225/2/127 226/2/128
f 194/2/191 227/2/129 195/2/193
f 194/2/191 226/2/128 227/2/129
f 195/2/193 197/2/99 165/2/134
f 195/2/193 227/2/129 197/2/99
f 197/2/130 228/2/130 196/2/130
f 196/2/130 228/2/130 198/2/130
f 198/2/130 228/2/130 199/2/130
f 199/2/130 228/2/130 200/2/130
f 200/2/130 228/2/130 201/2/130
f 201/2/130 228/2/130 202/2/130
f 202/2/130 228/2/130 203/2/130
f 203/2/130 228/2/130 204/2/130
f 204/2/130 228/2/130 205/2/130
f 205/2/130 228/2/130 206/2/130
f 206/2/130 228/2/130 207/2/130
f 207/2/130 228/2/130 208/2/130
f 208/2/130 228/2/130 209/2/130
f 209/2/130 228/2/130 210/2/130
f 210/2/130 228/2/130 211/2/130
f 211/2/130 228/2/130 212/2/130
f 212/2/130 228/2/130 213/2/130
f 213/2/130 228/2/130 214/2/130
f 214/2/130 228/2/130 215/2/130
f 215/2/130 228/2/130 216/2/130
f 216/2/130 228/2/130 217/2/130
f 217/2/130 228/2/130 218/2/130
f 218/2/130 228/2/130 219/2/130
f 219/2/130 228/2/130 220/2/130
f 220/2/130 228/2/130 221/2/130
f 221/2/130 228/2/130 222/2/130
f 222/2/130 228/2/130 223/2/130
f 223/2/130 228/2/130 224/2/130
f 224/2/130 228/2/130 225/2/130
f 225/2/130 228/2/130 226/2/130
f 226/2/130 228/2/130 227/2/130
f 227/2/130 228/2/130 197/2/130
f 229/3/1 230/3/1 231/3/1
f 229/3/1 232/3/1 230/3/1
f 231/3/1 233/3/1 234/3/1
f 231/3/1 230/3/1 233/3/1
f 234/3/1 235/3/1 236/3/1
f 234/3/1 233/3/1 235/3/1
f 236/3/1 237/3/1 238/3/1
f 236/3/1 235/3/1 237/3/1
f 238/3/1 239/3/1 240/3/1
f 238/3/1 237/3/1 239/3/1
f 240/3/1 241/3/1 242/3/1
f 240/3/1 239/3/1 241/3/1
f 242/3/1 243/3/1 244/3/1
f 242/3/1 241/3/1 243/3/1
f 244/3/1 245/3/1 246/3/1
f 244/3/1 243/3/1 245/3/1
f 246/3/1 247/3/1 248/3/1
f 246/3/1 245/3/1 247/3/1
f 248/3/1 249/3/1 250/3/1
f 248/3/1 247/3/1 249/3/1
f 250/3/1 251/3/1 252/3/1
f 250/3/1 249/3/1 251/3/1
f 252/3/1 253/3/1 254/3/1
f 252/3/1 251/3/1 253/3/1
f 254/3/1 255/3/1 256/3/1
f 254/3/1 253/3/1 255/3/1
f 256/3/1 257/3/1 258/3/1
f 256/3/1 255/3/1 257/3/1
f 258/3/1 259/3/1 260/3/1
f 258/3/1 257/3/1 259/3/1
f 260/3/1 261/3/1 262/3/1
f 260/3/1 259/3/1 261/3/1
f 262/3/1 263/3/1 264/3/1
f 262/3/1 261/3/1 263/3/1
f 264/3/1 265/3/1 266/3/1
f 264/3/1 263/3/1 265/3/1
f 266/3/1 267/3/1 268/3/1
f 266/3/1 265/3/1 267/3/1
f 268/3/1 269/3/1 270/3/1
f 268/3/1 267/3/1 269/3/1
f 270/3/1 271/3/1 272/3/1
f 270/3/1 269/3/1 271/3/1
f 272/3/1 273/3/1 274/3/1
f 272/3/1 271/3/1 273/3/1
f 274/3/1 275/3/1 276/3/1
f 274/3/1 273/3/1 275/3/1
f 276/3/1 277/3/1 278/3/1
f 276/3/1 275/3/1 277/3/1
f 278/3/1 279/3/1 280/3/1
f 278/3/1 277/3/1 279/3/1
f 280/3/1 281/3/1 282/3/1
f 280/3/1 279/3/1 281/3/1
f 282/3/1 283/3/1 284/3/1
f 282/3/1 281/3/1 283/3/1
f 284/3/1 285/3/1 286/3/1
f 284/3/1 283/3/1 285/3/1
f 286/3/1 287/3/1 288/3/1
f 286/3/1 285/3/1 287/3/1
f 288/3/1 289/3/1 290/3/1
f 288/3/1 287/3/1 289/3/1
f 290/3/1 291/3/1 292/3/1
f 290/3/1 289/3/1 291/3/1
f 292/3/1 232/3/1 229/3/1
f 292/3/1 291/3/1 232/3/1
f 232/3/99 293/3/98 230/3/98
f 232/3/99 294/3/99 293/3/98
f 230/3/98 295/3/100 233/3/100
f 230/3/98 293/3/98 295/3/100
f 233/3/100 296/3/101 235/3/101
f 233/3/100 295/3/100 296/3/101
f 235/3/101 297/3/102 237/3/102
f 235/3/101 296/3/101 297/3/102
f 237/3/102 298/3/103 239/3/103
f 237/3/102 297/3/102 298/3/103
f 239/3/103 299/3/104 241/3/104
f 239/3/103 298/3/103 299/3/104
f 241/3/104 300/3/105 243/3/105
f 241/3/104 299/3/104 300/3/105
f 243/3/105 301/3/106 245/3/106
f 243/3/105 300/3/105 301/3/106
f 245/3/106 302/3/107 247/3/107
f 245/3/106 301/3/106 302/3/107
f 247/3/107 303/3/108 249/3/108
f 247/3/107 302/3/107 303/3/108
f 249/3/108 304/3/109 251/3/109
f 249/3/108 303/3/108 304/3/109
f 251/3/109 305/3/110 253/3/110
f 251/3/109 304/3/109 305/3/110
f 253/3/110 306/3/111 255/3/111
f 253/3/110 305/3/110 306/3/111
f 255/3/111 307/3/112 257/3/112
f 255/3/111 306/3/111 307/3/112
f 257/3/112 308/3/113 259/3/113
f 257/3/112 307/3/112 308/3/113
f 259/3/113 309/3/114 261/3/114
f 259/3/113 308/3/113 309/3/114
f 261/3/114 310/3/115 263/3/115
f 261/3/114 309/3/114 310/3/115
f 263/3/115 311/3/116 265/3/116
f 263/3/115 310/3/115 311/3/116
f 265/3/116 312/3/117 267/3/117
f 265/3/116 311/3/116 312/3/117
f 267/3/117 313/3/118 269/3/118
f 267/3/117 312/3/117 313/3/118
f 269/3/118 314/3/119 271/3/119
f 269/3/118 313/3/118 314/3/119
f 271/3/119 315/3/120 273/3/120
f 271/3/119 314/3/119 315/3/120
f 273/3/120 316/3/121 275/3/121
f 273/3/120 315/3/120 316/3/121
f 275/3/121 317/3/122 277/3/122
f 275/3/121 316/3/121 317/3/122
f 277/3/122 318/3/123 279/3/123
f 277/3/122 317/3/122 318/3/123
f 279/3/123 319/3/124 281/3/124
f 279/3/123 318/3/123 319/3/124
f 281/3/124 320/3/125 283/3/125
f 281/3/124 319/3/124 320/3/125
f 283/3/125 321/3/126 285/3/126
f 283/3/125 320/3/125 321/3/126
f 285/3/126 322/3/127 287/3/127
f 285/3/126 321/3/126 322/3/127
f 287/3/127 323/3/128 289/3/128
f 287/3/127 322/3/127 323/3/128
f 289/3/128 324/3/129 291/3/129
f 289/3/128 323/3/128 324/3/129
f 291/3/129 294/3/99 232/3/99
f 291/3/129 324/3/129 294/3/99
f 294/3/130 325/3/130 293/3/130
f 294/3/130 326/3/130 325/3/130
f 293/3/130 327/3/130 295/3/130
f 293/3/130 325/3/130 327/3/130
f 295/3/130 328/3/130 296/3/130
f 295/3/130 327/3/130 328/3/130
f 296/3/130 329/3/130 297/3/130
f 296/3/130 328/3/130 329/3/130
f 297/3/130 330/3/130 298/3/130
f 297/3/130 329/3/130 330/3/130
f 298/3/130 331/3/130 299/3/130
f 298/3/130 330/3/130 331/3/130
f 299/3/130 332/3/130 300/3/130
f 299/3/130 331/3/130 332/3/130
f 300/3/130 333/3/130 301/3/130
f 300/3/130 332/3/130 333/3/130
f 301/3/130 334/3/130 302/3/130
f 301/3/130 333/3/130 334/3/130
f 302/3/130 335/3/130 303/3/130
f 302/3/130 334/3/130 335/3/130
f 303/3/130 336/3/130 304/3/130
f 303/3/130 335/3/130 336/3/130
f 304/3/130 337/3/130 305/3/130
f 304/3/130 336/3/130 337/3/130
f 305/3/130 338/3/130 306/3/130
f 305/3/130 337/3/130 338/3/130
f 306/3/130 339/3/130 307/3/130
f 306/3/130 338/3/130 339/3/130
f 307/3/130 340/3/130 308/3/130
f 307/3/130 339/3/130 340/3/130
f 308/3/130 341/3/130 309/3/130
f 308/3/130 340/3/130 341/3/130
f 309/3/130 342/3/130 310/3/130
f 309/3/130 341/3/130 342/3/130
f 310/3/130 343/3/130 311/3/130
f 310/3/130 342/3/130 343/3/130
f 311/3/130 344/3/130 312/3/130
f 311/3/130 343/3/130 344/3/130
f 312/3/130 345/3/130 313/3/130
f 312/3/130 344/3/130 345/3/130
f 313/3/130 346/3/130 314/3/130
f 313/3/130 345/3/130 346/3/130
f 314/3/130 347/3/130 315/3/130
f 314/3/130 346/3/130 347/3/130
f 315/3/130 348/3/130 316/3/130
f 315/3/130 347/3/130 348/3/130
f 316/3/130 349/3/130 317/3/130
f 316/3/130 348/3/130 349/3/130
f 317/3/130 350/3/130 318/3/130
f 317/3/130 349/3/130 350/3/130
f 318/3/130 351/3/130 319/3/130
f 318/3/130 350/3/130 351/3/130
f 319/3/130 352/3/130 320/3/130
f 319/3/130 351/3/130 352/3/130
f 320/3/130 353/3/130 321/3/130
f 320/3/130 352/3/130 353/3/130
f 321/3/130 354/3/130 322/3/130
f 321/3/130 353/3/130 354/3/130
f 322/3/130 355/3/130 323/3/130
f 322/3/130 354/3/130 355/3/130
f 323/3/130 356/3/130 324/3/130
f 323/3/130 355/3/130 356/3/130
f 324/3/130 326/3/130 294/3/130
f 324/3/130 356/3/130 326/3/130
f 130/1/1 357/1/1 358/1/1
f 130/1/1 358/1/1 359/1/1
f 130/1/1 359/1/1 360/1/1
f 130/1/1 360/1/1 361/1/1
f 130/1/1 361/1/1 362/1/1
f 130/1/1 362/1/1 363/1/1
f 130/1/1 363/1/1 364/1/1
f 130/1/1 364/1/1 365/1/1
f 130/1/1 365/1/1 366/1/1
f 130/1/1 366/1/1 367/1/1
f 130/1/1 367/1/1 368/1/1
f 130/1/1 368/1/1 369/1/1
f 130/1/1 369/1/1 370/1/1
f 130/1/1 370/1/1 371/1/1
f 130/1/1 371/1/1 372/1/1
f 130/1/1 372/1/1 373/1/1
f 130/1/1 373/1/1 374/1/1
f 130/1/1 374/1/1 375/1/1
f 130/1/1 375/1/1 376/1/1
f 130/1/1 376/1/1 377/1/1
f 130/1/1 377/1/1 378/1/1
f 130/1/1 378/1/1 379/1/1
f 130/1/1 379/1/1 380/1/1
f 130/1/1 380/1/1 381/1/1
f 130/1/1 381/1/1 382/1/1
f 130/1/1 382/1/1 383/1/1
f 130/1/1 383/1/1 384/1/1
f 130/1/1 384/1/1 385/1/1
f 130/1/1 385/1/1 386/1/1
f 130/1/1 386/1/1 387/1/1
f 130/1/1 387/1/1 388/1/1
f 130/1/1 388/1/1 389/1/1
f 130/1/1 389/1/1 390/1/1
f 130/1/1 390/1/1 391/1/1
f 130/1/1 391/1/1 392/1/1
f 130/1/1 392/1/1 393/1/1
f 130/1/1 393/1/1 394/1/1
f 130/1/1 394/1/1 395/1/1
f 130/1/1 395/1/1 396/1/1
f 130/1/1 396/1/1 357/1/1
f 357/1/195 397/1/196 358/1/197
f 357/1/195 398/1/198 397/1/196
f 358/1/197 399/1/199 359/1/200
f 358/1/197 397/1/196 399/1/199
f 359/1/200 400/1/201 360/1/202
f 359/1/200 399/1/199 400/1/201
f 360/1/202 401/1/203 361/1/204
f 360/1/202 400/1/201 401/1/203
f 361/1/204 402/1/205 362/1/206
f 361/1/204 401/1/203 402/1/205
f 362/1/206 403/1/207 363/1/208
f 362/1/206 402/1/205 403/1/207
f 363/1/208 404/1/209 364/1/210
f 363/1/208 403/1/207 404/1/209
f 364/1/210 405/1/211 365/1/212
f 364/1/210 404/1/209 405/1/211
f 365/1/212 406/1/213 366/1/214
f 365/1/212 405/1/211 406/1/213
f 366/1/214 407/1/215 367/1/216
f 366/1/214 406/1/213 407/1/215
f 367/1/216 408/1/217 368/1/218
f 367/1/216 407/1/215 408/1/217
f 368/1/218 409/1/219 369/1/220
f 368/1/218 408/1/217 409/1/219
f 369/1/220 410/1/221 370/1/222
f 369/1/220 409/1/219 410/1/221
f 370/1/222 411/1/223 371/1/224
f 370/1/222 410/1/221 411/1/223
f 371/1/224 412/1/225 372/1/226
f 371/1/224 411/1/223 412/1/225
f 372/1/226 413/1/227 373/1/228
f 372/1/226 412/1/225 413/1/227
f 373/1/228 414/1/229 374/1/230
f 373/1/228 413/1/227 414/1/229
f 374/1/230 415/1/231 375/1/232
f 374/1/230 414/1/229 415/1/231
f 375/1/232 416/1/233 376/1/234
f 375/1/232 415/1/231 416/1/233
f 376/1/234 417/1/235 377/1/236
f 376/1/234 416/1/233 417/1/235
f 377/1/236 418/1/237 378/1/238
f 377/1/236 417/1/235 418/1/237
f 378/1/238 419/1/239 379/1/240
f 378/1/238 418/1/237 419/1/239
f 379/1/240 420/1/241 380/1/242
f 379/1/240 419/1/239 420/1/241
f 380/1/242 421/1/243 381/1/244
f 380/1/242 420/1/241 421/1/243
f 381/1/244 422/1/245 382/1/246
f 381/1/244 421/1/243 422/1/245
f 382/1/246 423/1/247 383/1/248
f 382/1/246 422/1/245 423/1/247
f 383/1/248 424/1/249 384/1/250
f 383/1/248 423/1/247 424/1/249
f 384/1/250 425/1/251 385/1/252
f 384/1/250 424/1/249 425/1/251
f 385/1/252 426/1/253 386/1/254
f 385/1/252 425/1/251 426/1/253
f 386/1/254 427/1/255 387/1/256
f 386/1/254 426/1/253 427/1/255
f 387/1/256 428/1/257 388/1/258
f 387/1/256 427/1/255 428/1/257
f 388/1/258 429/1/259 389/1/260
f 388/1/258 428/1/257 429/1/259
f 389/1/260 430/1/261 390/1/262
f 389/1/260 429/1/259 430/1/261
f 390/1/262 431/1/263 391/1/264
f 390/1/262 430/1/261 431/1/263
f 391/1/264 432/1/265 392/1/266
f 391/1/264 431/1/263 432/1/265
f 392/1/266 433/1/267 393/1/268
f 392/1/266 432/1/265 433/1/267
f 393/1/268 434/1/269 394/1/270
f 393/1/268 433/1/267 434/1/269
f 394/1/270 435/1/271 395/1/272
f 394/1/270 434/1/269 435/1/271
f 395/1/272 436/1/273 396/1/274
f 395/1/272 435/1/271 436/1/273
f 396/1/274 398/1/198 357/1/195
f 396/1/274 436/1/273 398/1/198
f 398/1/198 437/1/275 397/1/196
f 398/1/198 438/1/99 437/1/275
f 397/1/196 439/1/276 399/1/199
f 397/1/196 437/1/275 439/1/276
f 399/1/199 440/1/277 400/1/201
f 399/1/199 439/1/276 440/1/277
f 400/1/201 441/1/278 401/1/203
f 400/1/201 440/1/277 441/1/278
f 401/1/203 442/1/102 402/1/205
f 401/1/203 441/1/278 442/1/102
f 402/1/205 443/1/279 403/1/207
f 402/1/205 442/1/102 443/1/279
f 403/1/207 444/1/280 404/1/209
f 403/1/207 443/1/279 444/1/280
f 404/1/209 445/1/281 405/1/211
f 404/1/209 444/1/280 445/1/281
f 405/1/211 446/1/282 406/1/213
f 405/1/211 445/1/281 446/1/282
f 406/1/213 447/1/106 407/1/215
f 406/1/213 446/1/282 447/1/106
f 407/1/215 448/1/283 408/1/217
f 407/1/215 447/1/106 448/1/283
f 408/1/217 449/1/284 409/1/219
f 408/1/217 448/1/283 449/1/284
f 409/1/219 450/1/285 410/1/221
f 409/1/219 449/1/284 450/1/285
f 410/1/221 451/1/286 411/1/223
f 410/1/221 450/1/285 451/1/286
f 411/1/223 452/1/110 412/1/225
f 411/1/223 451/1/286 452/1/110
f 412/1/225 453/1/287 413/1/227
f 412/1/225 452/1/110 453/1/287
f 413/1/227 454/1/288 414/1/229
f 413/1/227 453/1/287 454/1/288
f 414/1/229 455/1/289 415/1/231
f 414/1/229 454/1/288 455/1/289
f 415/1/231 456/1/290 416/1/233
f 415/1/231 455/1/289 456/1/290
f 416/1/233 457/1/114 417/1/235
f 416/1/233 456/1/290 457/1/114
f 417/1/235 458/1/291 418/1/237
f 417/1/235 457/1/114 458/1/291
f 418/1/237 459/1/292 419/1/239
f 418/1/237 458/1/291 459/1/292
f 419/1/239 460/1/293 420/1/241
f 419/1/239 459/1/292 460/1/293
f 420/1/241 461/1/294 421/1/243
f 420/1/241 460/1/293 461/1/294
f 421/1/243 462/1/118 422/1/245
f 421/1/243 461/1/294 462/1/118
f 422/1/245 463/1/295 423/1/247
f 422/1/245 462/1/118 463/1/295
f 423/1/247 464/1/296 424/1/249
f 423/1/247 463/1/295 464/1/296
f 424/1/249 465/1/297 425/1/251
f 424/1/249 464/1/296 465/1/297
f 425/1/251 466/1/298 426/1/253
f 425/1/251 465/1/297 466/1/298
f 426/1/253 467/1/122 427/1/255
f 426/1/253 466/1/298 467/1/122
f 427/1/255 468/1/299 428/1/257
f 427/1/255 467/1/122 468/1/299
f 428/1/257 469/1/300 429/1/259
f 428/1/257 468/1/299 469/1/300
f 429/1/259 470/1/301 430/1/261
f 429/1/259 469/1/300 470/1/301
f 430/1/261 471/1/302 431/1/263
f 430/1/261 470/1/301 471/1/302
f 431/1/263 472/1/126 432/1/265
f 431/1/263 471/1/302 472/1/126
f 432/1/265 473/1/303 433/1/267
f 432/1/265 472/1/126 473/1/303
f 433/1/267 474/1/304 434/1/269
f 433/1/267 473/1/303 474/1/304
f 434/1/269 475/1/305 435/1/271
f 434/1/269 474/1/304 475/1/305
f 435/1/271 476/1/306 436/1/273
f 435/1/271 475/1/305 476/1/306
f 436/1/273 438/1/99 398/1/198
f 436/1/273 476/1/306 438/1/99
f 438/1/307 477/1/308 437/1/308
f 438/1/307 478/1/307 477/1/308
f 437/1/308 479/1/309 439/1/309
f 437/1/308 477/1/308 479/1/309
f 439/1/309 480/1/310 440/1/310
f 439/1/309 479/1/309 480/1/310
f 440/1/310 481/1/311 441/1/311
f 440/1/310 480/1/310 481/1/311
f 441/1/311 482/1/312 442/1/312
f 441/1/311 481/1/311 482/1/312
f 442/1/312 483/1/313 443/1/313
f 442/1/312 482/1/312 483/1/313
f 443/1/313 484/1/314 444/1/314
f 443/1/313 483/1/313 484/1/314
f 444/1/314 485/1/315 445/1/315
f 444/1/314 484/1/314 485/1/315
f 445/1/315 486/1/316 446/1/316
f 445/1/315 485/1/315 486/1/316
f 446/1/316 487/1/317 447/1/317
f 446/1/316 486/1/316 487/1/317
f 447/1/317 488/1/318 448/1/318
f 447/1/317 487/1/317 488/1/318
f 448/1/318 489/1/319 449/1/319
f 448/1/318 488/1/318 489/1/319
f 449/1/319 490/1/320 450/1/320
f 449/1/319 489/1/319 490/1/320
f 450/1/320 491/1/321 451/1/321
f 450/1/320 490/1/320 491/1/321
f 451/1/321 492/1/322 452/1/322
f 451/1/321 491/1/321 492/1/322
f 452/1/322 493/1/323 453/1/323
f 452/1/322 492/1/322 493/1/323
f 453/1/323 494/1/324 454/1/324
f 453/1/323 493/1/323 494/1/324
f 454/1/324 495/1/325 455/1/325
f 454/1/324 494/1/324 495/1/325
f 455/1/325 496/1/326 456/1/326
f 455/1/325 495/1/325 496/1/326
f 456/1/326 497/1/327 457/1/327
f 456/1/326 496/1/326 497/1/327
f 457/1/327 498/1/328 458/1/328
f 457/1/327 497/1/327 498/1/328
f 458/1/328 499/1/329 459/1/329
f 458/1/328 498/1/328 499/1/329
f 459/1/329 500/1/330 460/1/330
f 459/1/329 499/1/329 500/1/330
f 460/1/330 501/1/331 461/1/331
f 460/1/330 500/1/330 501/1/331
f 461/1/331 502/1/332 462/1/332
f 461/1/331 501/1/331 502/1/332
f 462/1/332 503/1/333 463/1/333
f 462/1/332 502/1/332 503/1/333
f 463/1/333 504/1/334 464/1/334
f 463/1/333 503/1/333 504/1/334
f 464/1/334 505/1/335 465/1/335
f 464/1/334 504/1/334 505/1/335
f 465/1/335 506/1/336 466/1/336
f 465/1/335 505/1/335 506/1/336
f 466/1/336 507/1/337 467/1/337
f 466/1/336 506/1/336 507/1/337
f 467/1/337 508/1/338 468/1/338
f 467/1/337 507/1/337 508/1/338
f 468/1/338 509/1/339 469/1/339
f 468/1/338 508/1/338 509/1/339
f 469/1/339 510/1/340 470/1/340
f 469/1/339 509/1/339 510/1/340
f 470/1/340 511/1/341 471/1/341
f 470/1/340 510/1/340 511/1/341
f 471/1/341 512/1/342 472/1/342
f 471/1/341 511/1/341 512/1/342
f 472/1/342 513/1/343 473/1/343
f 472/1/342 512/1/342 513/1/343
f 473/1/343 514/1/344 474/1/344
f 473/1/343 513/1/343 514/1/344
f 474/1/344 515/1/345 475/1/345
f 474/1/344 514/1/344 515/1/345
f 475/1/345 516/1/346 476/1/346
f 475/1/345 515/1/345 516/1/346
f 476/1/346 478/1/307 438/1/307
f 476/1/346 516/1/346 478/1/307
f 478/1/99 517/1/275 477/1/275
f 478/1/99 518/1/99 517/1/275
f 477/1/275 519/1/276 479/1/276
f 477/1/275 517/1/275 519/1/276
f 479/1/276 520/1/277 480/1/277
f 479/1/276 519/1/276 520/1/277
f 480/1/277 521/1/278 481/1/278
f 480/1/277 520/1/277 521/1/278
f 481/1/278 522/1/102 482/1/102
f 481/1/278 521/1/278 522/1/102
f 482/1/102 523/1/279 483/1/279
f 482/1/102 522/1/102 523/1/279
f 483/1/279 524/1/280 484/1/280
f 483/1/279 523/1/279 524/1/280
f 484/1/280 525/1/281 485/1/281
f 484/1/280 524/1/280 525/1/281
f 485/1/281 526/1/282 486/1/282
f 485/1/281 525/1/281 526/1/282
f 486/1/282 527/1/106 487/1/106
f 486/1/282 526/1/282 527/1/106
f 487/1/106 528/1/283 488/1/283
f 487/1/106 527/1/106 528/1/283
f 488/1/283 529/1/284 489/1/284
f 488/1/283 528/1/283 529/1/284
f 489/1/284 530/1/285 490/1/285
f 489/1/284 529/1/284 530/1/285
f 490/1/285 531/1/286 491/1/286
f 490/1/285 530/1/285 531/1/286
f 491/1/286 532/1/110 492/1/110
f 491/1/286 531/1/286 532/1/110
f 492/1/110 533/1/287 493/1/287
f 492/1/110 532/1/110 533/1/287
f 493/1/287 534/1/288 494/1/288
f 493/1/287 533/1/287 534/1/288
f 494/1/288 535/1/289 495/1/289
f 494/1/288 534/1/288 535/1/289
f 495/1/289 536/1/290 496/1/290
f 495/1/289 535/1/289 536/1/290
f 496/1/290 537/1/114 497/1/114
f 496/1/290 536/1/290 537/1/114
f 497/1/114 538/1/291 498/1/291
f 497/1/114 537/1/114 538/1/291
f 498/1/291 539/1/292 499/1/292
f 498/1/291 538/1/291 539/1/292
f 499/1/292 540/1/293 500/1/293
f 499/1/292 539/1/292 540/1/293
f 500/1/293 541/1/294 501/1/294
f 500/1/293 540/1/293 541/1/294
f 501/1/294 542/1/118 502/1/118
f 501/1/294 541/1/294 542/1/118
f 502/1/118 543/1/295 503/1/295
f 502/1/118 542/1/118 543/1/295
f 503/1/295 544/1/296 504/1/296
f 503/1/295 543/1/295 544/1/296
f 504/1/296 545/1/297 505/1/297
f 504/1/296 544/1/296 545/1/297
f 505/1/297 546/1/298 506/1/298
f 505/1/297 545/1/297 546/1/298
f 506/1/298 547/1/122 507/1/122
f 506/1/298 546/1/298 547/1/122
f 507/1/122 548/1/299 508/1/299
f 507/1/122 547/1/122 548/1/299
f 508/1/299 549/1/300 509/1/300
f 508/1/299 548/1/299 549/1/300
f 509/1/300 550/1/301 510/1/301
f 509/1/300 549/1/300 550/1/301
f 510/1/301 551/1/302 511/1/302
f 510/1/301 550/1/301 551/1/302
f 511/1/302 552/1/126 512/1/126
f 511/1/302 551/1/302 552/1/126
f 512/1/126 553/1/303 513/1/303
f 512/1/126 552/1/126 553/1/303
f 513/1/303 554/1/304 514/1/304
f 513/1/303 553/1/303 554/1/304
f 514/1/304 555/1/305 515/1/305
f 514/1/304 554/1/304 555/1/305
f 515/1/305 556/1/306 516/1/306
f 515/1/305 555/1/305 556/1/306
f 516/1/306 518/1/99 478/1/99
f 516/1/306 556/1/306 518/1/99
f 518/1/347 557/1/348 517/1/348
f 518/1/347 558/1/347 557/1/348
f 517/1/348 559/1/349 519/1/349
f 517/1/348 557/1/348 559/1/349
f 519/1/349 560/1/350 520/1/350
f 519/1/349 559/1/349 560/1/350
f 520/1/350 561/1/351 521/1/351
f 520/1/350 560/1/350 561/1/351
f 521/1/351 562/1/352 522/1/352
f 521/1/351 561/1/351 562/1/352
f 522/1/352 563/1/353 523/1/353
f 522/1/352 562/1/352 563/1/353
f 523/1/353 564/1/354 524/1/354
f 523/1/353 563/1/353 564/1/354
f 524/1/354 565/1/355 525/1/355
f 524/1/354 564/1/354 565/1/355
f 525/1/355 566/1/356 526/1/356
f 525/1/355 565/1/355 566/1/356
f 526/1/356 567/1/357 527/1/357
f 526/1/356 566/1/356 567/1/357
f 527/1/357 568/1/358 528/1/358
f 527/1/357 567/1/357 568/1/358
f 528/1/358 569/1/359 529/1/359
f 528/1/358 568/1/358 569/1/359
f 529/1/359 570/1/360 530/1/360
f 529/1/359 569/1/359 570/1/360
f 530/1/360 571/1/361 531/1/361
f 530/1/360 570/1/360 571/1/361
f 531/1/361 572/1/362 532/1/362
f 531/1/361 571/1/361 572/1/362
f 532/1/362 573/1/363 533/1/363
f 532/1/362 572/1/362 573/1/363
f 533/1/363 574/1/364 534/1/364
f 533/1/363 573/1/363 574/1/364
f 534/1/364 575/1/365 535/1/365
f 534/1/364 574/1/364 575/1/365
f 535/1/365 576/1/366 536/1/366
f 535/1/365 575/1/365 576/1/366
f 536/1/366 577/1/367 537/1/367
f 536/1/366 576/1/366 577/1/367
f 537/1/367 578/1/368 538/1/368
f 537/1/367 577/1/367 578/1/368
f 538/1/368 579/1/369 539/1/369
f 538/1/368 578/1/368 579/1/369
f 539/1/369 580/1/370 540/1/370
f 539/1/369 579/1/369 580/1/370
f 540/1/370 581/1/371 541/1/371
f 540/1/370 580/1/370 581/1/371
f 541/1/371 582/1/372 542/1/372
f 541/1/371 581/1/371 582/1/372
f 542/1/372 583/1/373 543/1/373
f 542/1/372 582/1/372 583/1/373
f 543/1/373 584/1/374 544/1/374
f 543/1/373 583/1/373 584/1/374
f 544/1/374 585/1/375 545/1/375
f 544/1/374 584/1/374 585/1/375
f 545/1/375 586/1/376 546/1/376
f 545/1/375 585/1/375 586/1/376
f 546/1/376 587/1/377 547/1/377
f 546/1/376 586/1/376 587/1/377
f 547/1/377 588/1/378 548/1/378
f 547/1/377 587/1/377 588/1/378
f 548/1/378 589/1/379 549/1/379
f 548/1/378 588/1/378 589/1/379
f 549/1/379 590/1/380 550/1/380
f 549/1/379 589/1/379 590/1/380
f 550/1/380 591/1/381 551/1/381
f 550/1/380 590/1/380 591/1/381
f 551/1/381 592/1/382 552/1/382
f 551/1/381 591/1/381 592/1/382
f 552/1/382 593/1/383 553/1/383
f 552/1/382 592/1/382 593/1/383
f 553/1/383 594/1/384 554/1/384
f 553/1/383 593/1/383 594/1/384
f 554/1/384 595/1/385 555/1/385
f 554/1/384 594/1/384 595/1/385
f 555/1/385 596/1/386 556/1/386
f 555/1/385 595/1/385 596/1/386
f 556/1/386 558/1/347 518/1/347
f 556/1/386 596/1/386 558/1/347
f 558/4/99 597/5/275 557/6/275
f 558/4/99 598/7/99 597/5/275
f 557/6/275 599/8/276 559/9/276
f 557/6/275 597/5/275 599/8/276
f 559/9/276 600/10/277 560/11/277
f 559/9/276 599/8/276 600/10/277
f 560/11/277 601/12/278 561/13/278
f 560/11/277 600/10/277 601/12/278
f 561/13/278 602/14/102 562/15/102
f 561/13/278 601/12/278 602/14/102
f 562/15/102 603/16/279 563/17/279
f 562/15/102 602/14/102 603/16/279
f 563/17/279 604/18/280 564/19/280
f 563/17/279 603/16/279 604/18/280
f 564/19/280 605/20/281 565/21/281
f 564/19/280 604/18/280 605/20/281
f 565/21/281 606/22/282 566/23/282
f 565/21/281 605/20/281 606/22/282
f 566/23/282 607/24/106 567/25/106
f 566/23/282 606/22/282 607/24/106
f 567/25/106 608/26/283 568/27/283
f 567/25/106 607/24/106 608/26/283
f 568/27/283 609/28/284 569/29/284
f 568/27/283 608/26/283 609/28/284
f 569/29/284 610/30/285 570/31/285
f 569/29/284 609/28/284 610/30/285
f 570/31/285 611/32/286 571/33/286
f 570/31/285 610/30/285 611/32/286
f 571/33/286 612/34/110 572/35/110
f 571/33/286 611/32/286 612/34/110
f 572/35/110 613/36/287 573/37/287
f 572/35/110 612/34/110 613/36/287
f 573/37/287 614/38/288 574/39/288
f 573/37/287 613/36/287 614/38/288
f 574/39/288 615/40/289 575/41/289
f 574/39/288 614/38/288 615/40/289
f 575/41/289 616/42/290 576/43/290
f 575/41/289 615/40/289 616/42/290
f 576/43/290 617/44/114 577/45/114
f 576/43/290 616/42/290 617/44/114
f 577/45/114 618/46/291 578/47/291
f 577/45/114 617/44/114 618/46/291
f 578/47/291 619/48/292 579/49/292
f 578/47/291 618/46/291 619/48/292
f 579/49/292 620/50/293 580/51/293
f 579/49/292 619/48/292 620/50/293
f 580/51/293 621/52/294 581/53/294
f 580/51/293 620/50/293 621/52/294
f 581/53/294 622/54/118 582/55/118
f 581/53/294 621/52/294 622/54/118
f 582/55/118 623/56/295 583/57/295
f 582/55/118 622/54/118 623/56/295
f 583/57/295 624/58/296 584/59/296
f 583/57/295 623/56/295 624/58/296
f 584/59/296 625/60/297 585/61/297
f 584/59/296 624/58/296 625/60/297
f 585/61/297 626/62/298 586/63/298
f 585/61/297 625/60/297 626/62/298
f 586/63/298 627/64/122 587/65/122
f 586/63/298 626/62/298 627/64/122
f 587/65/122 628/66/299 588/67/299
f 587/65/122 627/64/122 628/66/299
f 588/67/299 629/68/300 589/69/300
f 588/67/299 628/66/299 629/68/300
f 589/69/300 630/70/301 590/71/301
f 589/69/300 629/68/300 630/70/301
f 590/71/301 631/72/302 591/73/302
f 590/71/301 630/70/301 631/72/302
f 591/73/302 632/74/126 592/75/126
f 591/73/302 631/72/302 632/74/126
f 592/75/126 633/76/303 593/77/303
f 592/75/126 632/74/126 633/76/303
f 593/77/303 634/78/304 594/79/304
f 593/77/303 633/76/303 634/78/304
f 594/79/304 635/80/305 595/81/305
f 594/79/304 634/78/304 635/80/305
f 595/81/305 636/82/306 596/83/306
f 595/81/305 635/80/305 636/82/306
f 596/83/306 598/84/99 558/85/99
f 596/83/306 636/82/306 598/84/99
f 598/1/307 637/1/308 597/1/308
f 598/1/307 638/1/307 637/1/308
f 597/1/308 639/1/309 599/1/309
f 597/1/308 637/1/308 639/1/309
f 599/1/309 640/1/310 600/1/310
f 599/1/309 639/1/309 640/1/310
f 600/1/310 641/1/311 601/1/311
f 600/1/310 640/1/310 641/1/311
f 601/1/311 642/1/312 602/1/312
f 601/1/311 641/1/311 642/1/312
f 602/1/312 643/1/313 603/1/313
f 602/1/312 642/1/312 643/1/313
f 603/1/313 644/1/314 604/1/314
f 603/1/313 643/1/313 644/1/314
f 604/1/314 645/1/315 605/1/315
f 604/1/314 644/1/314 645/1/315
f 605/1/315 646/1/316 606/1/316
f 605/1/315 645/1/315 646/1/316
f 606/1/316 647/1/317 607/1/317
f 606/1/316 646/1/316 647/1/317
f 607/1/317 648/1/318 608/1/318
f 607/1/317 647/1/317 648/1/318
f 608/1/318 649/1/319 609/1/319
f 608/1/318 648/1/318 649/1/319
f 609/1/319 650/1/320 610/1/320
f 609/1/319 649/1/319 650/1/320
f 610/1/320 651/1/321 611/1/321
f 610/1/320 650/1/320 651/1/321
f 611/1/321 652/1/322 612/1/322
f 611/1/321 651/1/321 652/1/322
f 612/1/322 653/1/323 613/1/323
f 612/1/322 652/1/322 653/1/323
f 613/1/323 654/1/324 614/1/324
f 613/1/323 653/1/323 654/1/324
f 614/1/324 655/1/325 615/1/325
f 614/1/324 654/1/324 655/1/325
f 615/1/325 656/1/326 616/1/326
f 615/1/325 655/1/325 656/1/326
f 616/1/326 657/1/327 617/1/327
f 616/1/326 656/1/326 657/1/327
f 617/1/327 658/1/328 618/1/328
f 617/1/327 657/1/327 658/1/328
f 618/1/328 659/1/329 619/1/329
f 618/1/328 658/1/328 659/1/329
f 619/1/329 660/1/330 620/1/330
f 619/1/329 659/1/329 660/1/330
f 620/1/330 661/1/331 621/1/331
f 620/1/330 660/1/330 661/1/331
f 621/1/331 662/1/332 622/1/332
f 621/1/331 661/1/331 662/1/332
f 622/1/332 663/1/333 623/1/333
f 622/1/332 662/1/332 663/1/333
f 623/1/333 664/1/334 624/1/334
f 623/1/333 663/1/333 664/1/334
f 624/1/334 665/1/335 625/1/335
f 624/1/334 664/1/334 665/1/335
f 625/1/335 666/1/336 626/1/336
f 625/1/335 665/1/335 666/1/336
f 626/1/336 667/1/337 627/1/337
f 626/1/336 666/1/336 667/1/337
f 627/1/337 668/1/338 628/1/338
f 627/1/337 667/1/337 668/1/338
f 628/1/338 669/1/339 629/1/339
f 628/1/338 668/1/338 669/1/339
f 629/1/339 670/1/340 630/1/340
f 629/1/339 669/1/339 670/1/340
f 630/1/340 671/1/341 631/1/341
f 630/1/340 670/1/340 671/1/341
f 631/1/341 672/1/342 632/1/342
f 631/1/341 671/1/341 672/1/342
f 632/1/342 673/1/343 633/1/343
f 632/1/342 672/1/342 673/1/343
f 633/1/343 674/1/344 634/1/344
f 633/1/343 673/1/343 674/1/344
f 634/1/344 675/1/345 635/1/345
f 634/1/344 674/1/344 675/1/345
f 635/1/345 676/1/346 636/1/346
f 635/1/345 675/1/345 676/1/346
f 636/1/346 638/1/307 598/1/307
f 636/1/346 676/1/346 638/1/307
f 638/1/99 677/1/275 637/1/275
f 638/1/99 678/1/99 677/1/275
f 637/1/275 679/1/276 639/1/276
f 637/1/275 677/1/275 679/1/276
f 639/1/276 680/1/277 640/1/277
f 639/1/276 679/1/276 680/1/277
f 640/1/277 681/1/278 641/1/278
f 640/1/277 680/1/277 681/1/278
f 641/1/278 682/1/102 642/1/102
f 641/1/278 681/1/278 682/1/102
f 642/1/102 683/1/279 643/1/279
f 642/1/102 682/1/102 683/1/279
f 643/1/279 684/1/280 644/1/280
f 643/1/279 683/1/279 684/1/280
f 644/1/280 685/1/281 645/1/281
f 644/1/280 684/1/280 685/1/281
f 645/1/281 686/1/282 646/1/282
f 645/1/281 685/1/281 686/1/282
f 646/1/282 687/1/106 647/1/106
f 646/1/282 686/1/282 687/1/106
f 647/1/106 688/1/283 648/1/283
f 647/1/106 687/1/106 688/1/283
f 648/1/283 689/1/284 649/1/284
f 648/1/283 688/1/283 689/1/284
f 649/1/284 690/1/285 650/1/285
f 649/1/284 689/1/284 690/1/285
f 650/1/285 691/1/286 651/1/286
f 650/1/285 690/1/285 691/1/286
f 651/1/286 692/1/110 652/1/110
f 651/1/286 691/1/286 692/1/110
f 652/1/110 693/1/287 653/1/287
f 652/1/110 692/1/110 693/1/287
f 653/1/287 694/1/288 654/1/288
f 653/1/287 693/1/287 694/1/288
f 654/1/288 695/1/289 655/1/289
f 654/1/288 694/1/288 695/1/289
f 655/1/289 696/1/290 656/1/290
f 655/1/289 695/1/289 696/1/290
f 656/1/290 697/1/114 657/1/114
f 656/1/290 696/1/290 697/1/114
f 657/1/114 698/1/291 658/1/291
f 657/1/114 697/1/114 698/1/291
f 658/1/291 699/1/292 659/1/292
f 658/1/291 698/1/291 699/1/292
f 659/1/292 700/1/293 660/1/293
f 659/1/292 699/1/292 700/1/293
f 660/1/293 701/1/294 661/1/294
f 660/1/293 700/1/293 701/1/294
f 661/1/294 702/1/118 662/1/118
f 661/1/294 701/1/294 702/1/118
f 662/1/118 703/1/295 663/1/295
f 662/1/118 702/1/118 703/1/295
f 663/1/295 704/1/296 664/1/296
f 663/1/295 703/1/295 704/1/296
f 664/1/296 705/1/297 665/1/297
f 664/1/296 704/1/296 705/1/297
f 665/1/297 706/1/298 666/1/298
f 665/1/297 705/1/297 706/1/298
f 666/1/298 707/1/122 667/1/122
f 666/1/298 706/1/298 707/1/122
f 667/1/122 708/1/299 668/1/299
f 667/1/122 707/1/122 708/1/299
f 668/1/299 709/1/300 669/1/300
f 668/1/299 708/1/299 709/1/300
f 669/1/300 710/1/301 670/1/301
f 669/1/300 709/1/300 710/1/301
f 670/1/301 711/1/302 671/1/302
f 670/1/301 710/1/301 711/1/302
f 671/1/302 712/1/126 672/1/126
f 671/1/302 711/1/302 712/1/126
f 672/1/126 713/1/303 673/1/303
f 672/1/126 712/1/126 713/1/303
f 673/1/303 714/1/304 674/1/304
f 673/1/303 713/1/303 714/1/304
f 674/1/304 715/1/305 675/1/305
f 674/1/304 714/1/304 715/1/305
f 675/1/305 716/1/306 676/1/306
f 675/1/305 715/1/305 716/1/306
f 676/1/306 678/1/99 638/1/99
f 676/1/306 716/1/306 678/1/99
f 678/1/347 717/1/348 677/1/348
f 678/1/347 718/1/347 717/1/348
f 677/1/348 719/1/349 679/1/349
f 677/1/348 717/1/348 719/1/349
f 679/1/349 720/1/350 680/1/350
f 679/1/349 719/1/349 720/1/350
f 680/1/350 721/1/351 681/1/351
f 680/1/350 720/1/350 721/1/351
f 681/1/351 722/1/352 682/1/352
f 681/1/351 721/1/351 722/1/352
f 682/1/352 723/1/353 683/1/353
f 682/1/352 722/1/352 723/1/353
f 683/1/353 724/1/354 684/1/354
f 683/1/353 723/1/353 724/1/354
f 684/1/354 725/1/355 685/1/355
f 684/1/354 724/1/354 725/1/355
f 685/1/355 726/1/356 686/1/356
f 685/1/355 725/1/355 726/1/356
f 686/1/356 727/1/357 687/1/357
f 686/1/356 726/1/356 727/1/357
f 687/1/357 728/1/358 688/1/358
f 687/1/357 727/1/357 728/1/358
f 688/1/358 729/1/359 689/1/359
f 688/1/358 728/1/358 729/1/359
f 689/1/359 730/1/360 690/1/360
f 689/1/359 729/1/359 730/1/360
f 690/1/360 731/1/361 691/1/361
f 690/1/360 730/1/360 731/1/361
f 691/1/361 732/1/362 692/1/362
f 691/1/361 731/1/361 732/1/362
f 692/1/362 733/1/363 693/1/363
f 692/1/362 732/1/362 733/1/363
f 693/1/363 734/1/364 694/1/364
f 693/1/363 733/1/363 734/1/364
f 694/1/364 735/1/365 695/1/365
f 694/1/364 734/1/364 735/1/365
f 695/1/365 736/1/366 696/1/366
f 695/1/365 735/1/365 736/1/366
f 696/1/366 737/1/367 697/1/367
f 696/1/366 736/1/366 737/1/367
f 697/1/367 738/1/368 698/1/368
f 697/1/367 737/1/367 738/1/368
f 698/1/368 739/1/369 699/1/369
f 698/1/368 738/1/368 739/1/369
f 699/1/369 740/1/370 700/1/370
f 699/1/369 739/1/369 740/1/370
f 700/1/370 741/1/371 701/1/371
f 700/1/370 740/1/370 741/1/371
f 701/1/371 742/1/372 702/1/372
f 701/1/371 741/1/371 742/1/372
f 702/1/372 743/1/373 703/1/373
f 702/1/372 742/1/372 743/1/373
f 703/1/373 744/1/374 704/1/374
f 703/1/373 743/1/373 744/1/374
f 704/1/374 745/1/375 705/1/375
f 704/1/374 744/1/374 745/1/375
f 705/1/375 746/1/376 706/1/376
f 705/1/375 745/1/375 746/1/376
f 706/1/376 747/1/377 707/1/377
f 706/1/376 746/1/376 747/1/377
f 707/1/377 748/1/378 708/1/378
f 707/1/377 747/1/377 748/1/378
f 708/1/378 749/1/379 709/1/379
f 708/1/378 748/1/378 749/1/379
f 709/1/379 750/1/380 710/1/380
f 709/1/379 749/1/379 750/1/380
f 710/1/380 751/1/381 711/1/381
f 710/1/380 750/1/380 751/1/381
f 711/1/381 752/1/382 712/1/382
f 711/1/381 751/1/381 752/1/382
f 712/1/382 753/1/383 713/1/383
f 712/1/382 752/1/382 753/1/383
f 713/1/383 754/1/384 714/1/384
f 713/1/383 753/1/383 754/1/384
f 714/1/384 755/1/385 715/1/385
f 714/1/384 754/1/384 755/1/385
f 715/1/385 756/1/386 716/1/386
f 715/1/385 755/1/385 756/1/386
f 716/1/386 718/1/347 678/1/347
f 716/1/386 756/1/386 718/1/347
f 718/1/99 757/1/275 717/1/275
f 718/1/99 758/1/99 757/1/275
f 717/1/275 759/1/276 719/1/276
f 717/1/275 757/1/275 759/1/276
f 719/1/276 760/1/277 720/1/277
f 719/1/276 759/1/276 760/1/277
f 720/1/277 761/1/278 721/1/278
f 720/1/277 760/1/277 761/1/278
f 721/1/278 762/1/102 722/1/102
f 721/1/278 761/1/278 762/1/102
f 722/1/102 763/1/279 723/1/279
f 722/1/102 762/1/102 763/1/279
f 723/1/279 764/1/280 724/1/280
f 723/1/279 763/1/279 764/1/280
f 724/1/280 765/1/281 725/1/281
f 724/1/280 764/1/280 765/1/281
f 725/1/281 766/1/282 726/1/282
f 725/1/281 765/1/281 766/1/282
f 726/1/282 767/1/106 727/1/106
f 726/1/282 766/1/282 767/1/106
f 727/1/106 768/1/283 728/1/283
f 727/1/106 767/1/106 768/1/283
f 728/1/283 769/1/284 729/1/284
f 728/1/283 768/1/283 769/1/284
f 729/1/284 770/1/285 730/1/285
f 729/1/284 769/1/284 770/1/285
f 730/1/285 771/1/286 731/1/286
f 730/1/285 770/1/285 771/1/286
f 731/1/286 772/1/110 732/1/110
f 731/1/286 771/1/286 772/1/110
f 732/1/110 773/1/287 733/1/287
f 732/1/110 772/1/110 773/1/287
f 733/1/287 774/1/288 734/1/288
f 733/1/287 773/1/287 774/1/288
f 734/1/288 775/1/289 735/1/289
f 734/1/288 774/1/288 775/1/289
f 735/1/289 776/1/290 736/1/290
f 735/1/289 775/1/289 776/1/290
f 736/1/290 777/1/114 737/1/114
f 736/1/290 776/1/290 777/1/114
f 737/1/114 778/1/291 738/1/291
f 737/1/114 777/1/114 778/1/291
f 738/1/291 779/1/292 739/1/292
f 738/1/291 778/1/291 779/1/292
f 739/1/292 780/1/293 740/1/293
f 739/1/292 779/1/292 780/1/293
f 740/1/293 781/1/294 741/1/294
f 740/1/293 780/1/293 781/1/294
f 741/1/294 782/1/118 742/1/118
f 741/1/294 781/1/294 782/1/118
f 742/1/118 783/1/295 743/1/295
f 742/1/118 782/1/118 783/1/295
f 743/1/295 784/1/296 744/1/296
f 743/1/295 783/1/295 784/1/296
f 744/1/296 785/1/297 745/1/297
f 744/1/296 784/1/296 785/1/297
f 745/1/297 786/1/298 746/1/298
f 745/1/297 785/1/297 786/1/298
f 746/1/298 787/1/122 747/1/122
f 746/1/298 786/1/298 787/1/122
f 747/1/122 788/1/299 748/1/299
f 747/1/122 787/1/122 788/1/299
f 748/1/299 789/1/300 749/1/300
f 748/1/299 788/1/299 789/1/300
f 749/1/300 790/1/301 750/1/301
f 749/1/300 789/1/300 790/1/301
f 750/1/301 791/1/302 751/1/302
f 750/1/301 790/1/301 791/1/302
f 751/1/302 792/1/126 752/1/126
f 751/1/302 791/1/302 792/1/126
f 752/1/126 793/1/303 753/1/303
f 752/1/126 792/1/126 793/1/303
f 753/1/303 794/1/304 754/1/304
f 753/1/303 793/1/303 794/1/304
f 754/1/304 795/1/305 755/1/305
f 754/1/304 794/1/304 795/1/305
f 755/1/305 796/1/306 756/1/306
f 755/1/305 795/1/305 796/1/306
f 756/1/306 758/1/99 718/1/99
f 756/1/306 796/1/306 758/1/99
f 758/1/130 797/1/130 757/1/130
f 757/1/130 797/1/130 759/1/130
f 759/1/130 797/1/130 760/1/130
f 760/1/130 797/1/130 761/1/130
f 761/1/130 797/1/130 762/1/130
f 762/1/130 797/1/130 763/1/130
f 763/1/130 797/1/130 764/1/130
f 764/1/130 797/1/130 765/1/130
f 765/1/130 797/1/130 766/1/130
f 766/1/130 797/1/130 767/1/130
f 767/1/130 797/1/130 768/1/130
f 768/1/130 797/1/130 769/1/130
f 769/1/130 797/1/130 770/1/130
f 770/1/130 797/1/130 771/1/130
f 771/1/130 797/1/130 772/1/130
f 772/1/130 797/1/130 773/1/130
f 773/1/130 797/1/130 774/1/130
f 774/1/130 797/1/130 775/1/130
f 775/1/130 797/1/130 776/1/130
f 776/1/130 797/1/130 777/1/130
f 777/1/130 797/1/130 778/1/130
f 778/1/130 797/1/130 779/1/130
f 779/1/130 797/1/130 780/1/130
f 780/1/130 797/1/130 781/1/130
f 781/1/130 797/1/130 782/1/130
f 782/1/130 797/1/130 783/1/130
f 783/1/130 797/1/130 784/1/130
f 784/1/130 797/1/130 785/1/130
f 785/1/130 797/1/130 786/1/130
f 786/1/130 797/1/130 787/1/130
f 787/1/130 797/1/130 788/1/130
f 788/1/130 797/1/130 789/1/130
f 789/1/130 797/1/130 790/1/130
f 790/1/130 797/1/130 791/1/130
f 791/1/130 797/1/130 792/1/130
f 792/1/130 797/1/130 793/1/130
f 793/1/130 797/1/130 794/1/130
f 794/1/130 797/1/130 795/1/130
f 795/1/130 797/1/130 796/1/130
f 796/1/130 797/1/130 758/1/130
f 797/3/1 798/3/1 799/3/1
f 797/3/1 799/3/1 800/3/1
f 797/3/1 800/3/1 801/3/1
f 797/3/1 801/3/1 802/3/1
f 797/3/1 802/3/1 803/3/1
f 797/3/1 803/3/1 804/3/1
f 797/3/1 804/3/1 805/3/1
f 797/3/1 805/3/1 806/3/1
f 797/3/1 806/3/1 807/3/1
f 797/3/1 807/3/1 808/3/1
f 797/3/1 808/3/1 809/3/1
f 797/3/1 809/3/1 810/3/1
f 797/3/1 810/3/1 811/3/1
f 797/3/1 811/3/1 812/3/1
f 797/3/1 812/3/1 813/3/1
f 797/3/1 813/3/1 814/3/1
f 797/3/1 814/3/1 815/3/1
f 797/3/1 815/3/1 816/3/1
f 797/3/1 816/3/1 817/3/1
f 797/3/1 817/3/1 818/3/1
f 797/3/1 818/3/1 819/3/1
f 797/3/1 819/3/1 820/3/1
f 797/3/1 820/3/1 821/3/1
f 797/3/1 821/3/1 822/3/1
f 797/3/1 822/3/1 823/3/1
f 797/3/1 823/3/1 824/3/1
f 797/3/1 824/3/1 825/3/1
f 797/3/1 825/3/1 826/3/1
f 797/3/1 826/3/1 827/3/1
f 797/3/1 827/3/1 828/3/1
f 797/3/1 828/3/1 829/3/1
f 797/3/1 829/3/1 830/3/1
f 797/3/1 830/3/1 831/3/1
f 797/3/1 831/3/1 832/3/1
f 797/3/1 832/3/1 833/3/1
f 797/3/1 833/3/1 834/3/1
f 797/3/1 834/3/1 835/3/1
f 797/3/1 835/3/1 836/3/1
f 797/3/1 836/3/1 837/3/1
f 797/3/1 837/3/1 798/3/1
f 798/3/99 838/3/275 799/3/275
f 798/3/99 839/3/99 838/3/275
f 799/3/275 840/3/276 800/3/276
f 799/3/275 838/3/275 840/3/276
f 800/3/276 841/3/277 801/3/277
f 800/3/276 840/3/276 841/3/277
f 801/3/277 842/3/278 802/3/278
f 801/3/277 841/3/277 842/3/278
f 802/3/278 843/3/102 803/3/102
f 802/3/278 842/3/278 843/3/102
f 803/3/102 844/3/279 804/3/279
f 803/3/102 843/3/102 844/3/279
f 804/3/279 845/3/280 805/3/280
f 804/3/279 844/3/279 845/3/280
f 805/3/280 846/3/281 806/3/281
f 805/3/280 845/3/280 846/3/281
f 806/3/281 847/3/282 807/3/282
f 806/3/281 846/3/281 847/3/282
f 807/3/282 848/3/106 808/3/106
f 807/3/282 847/3/282 848/3/106
f 808/3/106 849/3/283 809/3/283
f 808/3/106 848/3/106 849/3/283
f 809/3/283 850/3/284 810/3/284
f 809/3/283 849/3/283 850/3/284
f 810/3/284 851/3/285 811/3/285
f 810/3/284 850/3/284 851/3/285
f 811/3/285 852/3/286 812/3/286
f 811/3/285 851/3/285 852/3/286
f 812/3/286 853/3/110 813/3/110
f 812/3/286 852/3/286 853/3/110
f 813/3/110 854/3/287 814/3/287
f 813/3/110 853/3/110 854/3/287
f 814/3/287 855/3/288 815/3/288
f 814/3/287 854/3/287 855/3/288
f 815/3/288 856/3/289 816/3/289
f 815/3/288 855/3/288 856/3/289
f 816/3/289 857/3/290 817/3/290
f 816/3/289 856/3/289 857/3/290
f 817/3/290 858/3/114 818/3/114
f 817/3/290 857/3/290 858/3/114
f 818/3/114 859/3/291 819/3/291
f 818/3/114 858/3/114 859/3/291
f 819/3/291 860/3/292 820/3/292
f 819/3/291 859/3/291 860/3/292
f 820/3/292 861/3/293 821/3/293
f 820/3/292 860/3/292 861/3/293
f 821/3/293 862/3/294 822/3/294
f 821/3/293 861/3/293 862/3/294
f 822/3/294 863/3/118 823/3/118
f 822/3/294 862/3/294 863/3/118
f 823/3/118 864/3/295 824/3/295
f 823/3/118 863/3/118 864/3/295
f 824/3/295 865/3/296 825/3/296
f 824/3/295 864/3/295 865/3/296
f 825/3/296 866/3/297 826/3/297
f 825/3/296 865/3/296 866/3/297
f 826/3/297 867/3/298 827/3/298
f 826/3/297 866/3/297 867/3/298
f 827/3/298 868/3/122 828/3/122
f 827/3/298 867/3/298 868/3/122
f 828/3/122 869/3/299 829/3/299
f 828/3/122 868/3/122 869/3/299
f 829/3/299 870/3/300 830/3/300
f 829/3/299 869/3/299 870/3/300
f 830/3/300 871/3/301 831/3/301
f 830/3/300 870/3/300 871/3/301
f 831/3/301 872/3/302 832/3/302
f 831/3/301 871/3/301 872/3/302
f 832/3/302 873/3/126 833/3/126
f 832/3/302 872/3/302 873/3/126
f 833/3/126 874/3/303 834/3/303
f 833/3/126 873/3/126 874/3/303
f 834/3/303 875/3/304 835/3/304
f 834/3/303 874/3/303 875/3/304
f 835/3/304 876/3/305 836/3/305
f 835/3/304 875/3/304 876/3/305
f 836/3/305 877/3/306 837/3/306
f 836/3/305 876/3/305 877/3/306
f 837/3/306 839/3/99 798/3/99
f 837/3/306 877/3/306 839/3/99
f 839/3/387 878/3/388 838/3/388
f 839/3/387 879/3/387 878/3/388
f 838/3/388 880/3/389 840/3/389
f 838/3/388 878/3/388 880/3/389
f 840/3/389 881/3/390 841/3/390
f 840/3/389 880/3/389 881/3/390
f 841/3/390 882/3/391 842/3/391
f 841/3/390 881/3/390 882/3/391
f 842/3/391 883/3/392 843/3/392
f 842/3/391 882/3/391 883/3/392
f 843/3/392 884/3/393 844/3/393
f 843/3/392 883/3/392 884/3/393
f 844/3/393 885/3/394 845/3/394
f 844/3/393 884/3/393 885/3/394
f 845/3/394 886/3/395 846/3/395
f 845/3/394 885/3/394 886/3/395
f 846/3/395 887/3/396 847/3/396
f 846/3/395 886/3/395 887/3/396
f 847/3/396 888/3/397 848/3/397
f 847/3/396 887/3/396 888/3/397
f 848/3/397 889/3/398 849/3/398
f 848/3/397 888/3/397 889/3/398
f 849/3/398 890/3/399 850/3/399
f 849/3/398 889/3/398 890/3/399
f 850/3/399 891/3/400 851/3/400
f 850/3/399 890/3/399 891/3/400
f 851/3/400 892/3/401 852/3/401
f 851/3/400 891/3/400 892/3/401
f 852/3/401 893/3/402 853/3/402
f 852/3/401 892/3/401 893/3/402
f 853/3/402 894/3/403 854/3/403
f 853/3/402 893/3/402 894/3/403
f 854/3/403 895/3/404 855/3/404
f 854/3/403 894/3/403 895/3/404
f 855/3/404 896/3/405 856/3/405
f 855/3/404 895/3/404 896/3/405
f 856/3/405 897/3/406 857/3/406
f 856/3/405 896/3/405 897/3/406
f 857/3/406 898/3/407 858/3/407
f 857/3/406 897/3/406 898/3/407
f 858/3/407 899/3/408 859/3/408
f 858/3/407 898/3/407 899/3/408
f 859/3/408 900/3/409 860/3/409
f 859/3/408 899/3/408 900/3/409
f 860/3/409 901/3/410 861/3/410
f 860/3/409 900/3/409 901/3/410
f 861/3/410 902/3/411 862/3/411
f 861/3/410 901/3/410 902/3/411
f 862/3/411 903/3/412 863/3/412
f 862/3/411 902/3/411 903/3/412
f 863/3/412 904/3/413 864/3/413
f 863/3/412 903/3/412 904/3/413
f 864/3/413 905/3/414 865/3/414
f 864/3/413 904/3/413 905/3/414
f 865/3/414 906/3/415 866/3/415
f 865/3/414 905/3/414 906/3/415
f 866/3/415 907/3/416 867/3/416
f 866/3/415 906/3/415 907/3/416
f 867/3/416 908/3/417 868/3/417
f 867/3/416 907/3/416 908/3/417
f 868/3/417 909/3/418 869/3/418
f 868/3/417 908/3/417 909/3/418
f 869/3/418 910/3/419 870/3/419
f 869/3/418 909/3/418 910/3/419
f 870/3/419 911/3/420 871/3/420
f 870/3/419 910/3/419 911/3/420
f 871/3/420 912/3/421 872/3/421
f 871/3/420 911/3/420 912/3/421
f 872/3/421 913/3/422 873/3/422
f 872/3/421 912/3/421 913/3/422
f 873/3/422 914/3/423 874/3/423
f 873/3/422 913/3/422 914/3/423
f 874/3/423 915/3/424 875/3/424
f 874/3/423 914/3/423 915/3/424
f 875/3/424 916/3/425 876/3/425
f 875/3/424 915/3/424 916/3/425
f 876/3/425 917/3/426 877/3/426
f 876/3/425 916/3/425 917/3/426
f 877/3/426 879/3/387 839/3/387
f 877/3/426 917/3/426 879/3/387
f 879/1/427 918/1/428 878/1/429
f 879/1/427 919/1/430 918/1/428
f 878/1/429 920/1/431 880/1/432
f 878/1/429 918/1/428 920/1/431
f 880/1/432 921/1/433 881/1/434
f 880/1/432 920/1/431 921/1/433
f 881/1/434 922/1/435 882/1/436
f 881/1/434 921/1/433 922/1/435
f 882/1/436 923/1/437 883/1/438
f 882/1/436 922/1/435 923/1/437
f 883/1/438 924/1/439 884/1/440
f 883/1/438 923/1/437 924/1/439
f 884/1/440 925/1/441 885/1/442
f 884/1/440 924/1/439 925/1/441
f 885/1/442 926/1/443 886/1/444
f 885/1/442 925/1/441 926/1/443
f 886/1/444 927/1/445 887/1/446
f 886/1/444 926/1/443 927/1/445
f 887/1/446 928/1/447 888/1/448
f 887/1/446 927/1/445 928/1/447
f 888/1/448 929/1/449 889/1/450
f 888/1/448 928/1/447 929/1/449
f 889/1/450 930/1/451 890/1/452
f 889/1/450 929/1/449 930/1/451
f 890/1/452 931/1/453 891/1/454
f 890/1/452 930/1/451 931/1/453
f 891/1/454 932/1/455 892/1/456
f 891/1/454 931/1/453 932/1/455
f 892/1/456 933/1/457 893/1/458
f 892/1/456 932/1/455 933/1/457
f 893/1/458 934/1/459 894/1/460
f 893/1/458 933/1/457 934/1/459
f 894/1/460 935/1/461 895/1/462
f 894/1/460 934/1/459 935/1/461
f 895/1/462 936/1/463 896/1/464
f 895/1/462 935/1/461 936/1/463
f 896/1/464 937/1/465 897/1/466
f 896/1/464 936/1/463 937/1/465
f 897/1/466 938/1/467 898/1/468
f 897/1/466 937/1/465 938/1/467
f 898/1/468 939/1/469 899/1/470
f 898/1/468 938/1/467 939/1/469
f 899/1/470 940/1/471 900/1/472
f 899/1/470 939/1/469 940/1/471
f 900/1/472 941/1/473 901/1/474
f 900/1/472 940/1/471 941/1/473
f 901/1/474 942/1/475 902/1/476
f 901/1/474 941/1/473 942/1/475
f 902/1/476 943/1/477 903/1/478
f 902/1/476 942/1/475 943/1/477
f 903/1/478 944/1/479 904/1/480
f 903/1/478 943/1/477 944/1/479
f 904/1/480 945/1/481 905/1/482
f 904/1/480 944/1/479 945/1/481
f 905/1/482 946/1/483 906/1/484
f 905/1/482 945/1/481 946/1/483
f 906/1/484 947/1/485 907/1/486
f 906/1/484 946/1/483 947/1/485
f 907/1/486 948/1/487 908/1/488
f 907/1/486 947/1/485 948/1/487
f 908/1/488 949/1/489 909/1/490
f 908/1/488 948/1/487 949/1/489
f 909/1/490 950/1/491 910/1/492
f 909/1/490 949/1/489 950/1/491
f 910/1/492 951/1/493 911/1/494
f 910/1/492 950/1/491 951/1/493
f 911/1/494 952/1/495 912/1/496
f 911/1/494 951/1/493 952/1/495
f 912/1/496 953/1/497 913/1/498
f 912/1/496 952/1/495 953/1/497
f 913/1/498 954/1/499 914/1/500
f 913/1/498 953/1/497 954/1/499
f 914/1/500 955/1/501 915/1/502
f 914/1/500 954/1/499 955/1/501
f 915/1/502 956/1/503 916/1/504
f 915/1/502 955/1/501 956/1/503
f 916/1/504 957/1/505 917/1/506
f 916/1/504 956/1/503 957/1/505
f 917/1/506 919/1/430 879/1/427
f 917/1/506 957/1/505 919/1/430
f 919/1/430 958/1/275 918/1/428
f 919/1/430 959/1/99 958/1/275
f 918/1/428 960/1/276 920/1/431
f 918/1/428 958/1/275 960/1/276
f 920/1/431 961/1/277 921/1/433
f 920/1/431 960/1/276 961/1/277
f 921/1/433 962/1/278 922/1/435
f 921/1/433 961/1/277 962/1/278
f 922/1/435 963/1/102 923/1/437
f 922/1/435 962/1/278 963/1/102
f 923/1/437 964/1/279 924/1/439
f 923/1/437 963/1/102 964/1/279
f 924/1/439 965/1/280 925/1/441
f 924/1/439 964/1/279 965/1/280
f 925/1/441 966/1/281 926/1/443
f 925/1/441 965/1/280 966/1/281
f 926/1/443 967/1/282 927/1/445
f 926/1/443 966/1/281 967/1/282
f 927/1/445 968/1/106 928/1/447
f 927/1/445 967/1/282 968/1/106
f 928/1/447 969/1/283 929/1/449
f 928/1/447 968/1/106 969/1/283
f 929/1/449 970/1/284 930/1/451
f 929/1/449 969/1/283 970/1/284
f 930/1/451 971/1/285 931/1/453
f 930/1/451 970/1/284 971/1/285
f 931/1/453 972/1/286 932/1/455
f 931/1/453 971/1/285 972/1/286
f 932/1/455 973/1/110 933/1/457
f 932/1/455 972/1/286 973/1/110
f 933/1/457 974/1/287 934/1/459
f 933/1/457 973/1/110 974/1/287
f 934/1/459 975/1/288 935/1/461
f 934/1/459 974/1/287 975/1/288
f 935/1/461 976/1/289 936/1/463
f 935/1/461 975/1/288 976/1/289
f 936/1/463 977/1/290 937/1/465
f 936/1/463 976/1/289 977/1/290
f 937/1/465 978/1/114 938/1/467
f 937/1/465 977/1/290 978/1/114
f 938/1/467 979/1/291 939/1/469
f 938/1/467 978/1/114 979/1/291
f 939/1/469 980/1/292 940/1/471
f 939/1/469 979/1/291 980/1/292
f 940/1/471 981/1/293 941/1/473
f 940/1/471 980/1/292 981/1/293
f 941/1/473 982/1/294 942/1/475
f 941/1/473 981/1/293 982/1/294
f 942/1/475 983/1/118 943/1/477
f 942/1/475 982/1/294 983/1/118
f 943/1/477 984/1/295 944/1/479
f 943/1/477 983/1/118 984/1/295
f 944/1/479 985/1/296 945/1/481
f 944/1/479 984/1/295 985/1/296
f 945/1/481 986/1/297 946/1/483
f 945/1/481 985/1/296 986/1/297
f 946/1/483 987/1/298 947/1/485
f 946/1/483 986/1/297 987/1/298
f 947/1/485 988/1/122 948/1/487
f 947/1/485 987/1/298 988/1/122
f 948/1/487 989/1/299 949/1/489
f 948/1/487 988/1/122 989/1/299
f 949/1/489 990/1/300 950/1/491
f 949/1/489 989/1/299 990/1/300
f 950/1/491 991/1/301 951/1/493
f 950/1/491 990/1/300 991/1/301
f 951/1/493 992/1/302 952/1/495
f 951/1/493 991/1/301 992/1/302
f 952/1/495 993/1/126 953/1/497
f 952/1/495 992/1/302 993/1/126
f 953/1/497 994/1/303 954/1/499
f 953/1/497 993/1/126 994/1/303
f 954/1/499 995/1/304 955/1/501
f 954/1/499 994/1/303 995/1/304
f 955/1/501 996/1/305 956/1/503
f 955/1/501 995/1/304 996/1/305
f 956/1/503 997/1/306 957/1/505
f 956/1/503 996/1/305 997/1/306
f 957/1/505 959/1/99 919/1/430
f 957/1/505 997/1/306 959/1/99
f 959/1/130 998/1/130 958/1/130
f 959/1/130 999/1/130 998/1/130
f 958/1/130 1000/1/130 960/1/130
f 958/1/130 998/1/130 1000/1/130
f 960/1/130 1001/1/130 961/1/130
f 960/1/130 1000/1/130 1001/1/130
f 961/1/130 1002/1/130 962/1/130
f 961/1/130 1001/1/130 1002/1/130
f 962/1/130 1003/1/130 963/1/130
f 962/1/130 1002/1/130 1003/1/130
f 963/1/130 1004/1/130 964/1/130
f 963/1/130 1003/1/130 1004/1/130
f 964/1/130 1005/1/130 965/1/130
f 964/1/130 1004/1/130 1005/1/130
f 965/1/130 1006/1/130 966/1/130
f 965/1/130 1005/1/130 1006/1/130
f 966/1/130 1007/1/130 967/1/130
f 966/1/130 1006/1/130 1007/1/130
f 967/1/130 1008/1/130 968/1/130
f 967/1/130 1007/1/130 1008/1/130
f 968/1/130 1009/1/130 969/1/130
f 968/1/130 1008/1/130 1009/1/130
f 969/1/130 1010/1/130 970/1/130
f 969/1/130 1009/1/130 1010/1/130
f 970/1/130 1011/1/130 971/1/130
f 970/1/130 1010/1/130 1011/1/130
f 971/1/130 1012/1/130 972/1/130
f 971/1/130 1011/1/130 1012/1/130
f 972/1/130 1013/1/130 973/1/130
f 972/1/130 1012/1/130 1013/1/130
f 973/1/130 1014/1/130 974/1/130
f 973/1/130 1013/1/130 1014/1/130
f 974/1/130 1015/1/130 975/1/130
f 974/1/130 1014/1/130 1015/1/130
f 975/1/130 1016/1/130 976/1/130
f 975/1/130 1015/1/130 1016/1/130
f 976/1/130 1017/1/130 977/1/130
f 976/1/130 1016/1/130 1017/1/130
f 977/1/130 1018/1/130 978/1/130
f 977/1/130 1017/1/130 1018/1/130
f 978/1/130 1019/1/130 979/1/130
f 978/1/130 1018/1/130 1019/1/130
f 979/1/130 1020/1/130 980/1/130
f 979/1/130 1019/1/130 1020/1/130
f 980/1/130 1021/1/130 981/1/130
f 980/1/130 1020/1/130 1021/1/130
f 981/1/130 1022/1/130 982/1/130
f 981/1/130 1021/1/130 1022/1/130
f 982/1/130 1023/1/130 983/1/130
f 982/1/130 1022/1/130 1023/1/130
f 983/1/130 1024/1/130 984/1/130
f 983/1/130 1023/1/130 1024/1/130
f 984/1/130 1025/1/130 985/1/130
f 984/1/130 1024/1/130 1025/1/130
f 985/1/130 1026/1/130 986/1/130
f 985/1/130 1025/1/130 1026/1/130
f 986/1/130 1027/1/130 987/1/130
f 986/1/130 1026/1/130 1027/1/130
f 987/1/130 1028/1/130 988/1/130
f 987/1/130 1027/1/130 1028/1/130
f 988/1/130 1029/1/130 989/1/130
f 988/1/130 1028/1/130 1029/1/130
f 989/1/130 1030/1/130 990/1/130
f 989/1/130 1029/1/130 1030/1/130
f 990/1/130 1031/1/130 991/1/130
f 990/1/130 1030/1/130 1031/1/130
f 991/1/130 1032/1/130 992/1/130
f 991/1/130 1031/1/130 1032/1/130
f 992/1/130 1033/1/130 993/1/130
f 992/1/130 1032/1/130 1033/1/130
f 993/1/130 1034/1/130 994/1/130
f 993/1/130 1033/1/130 1034/1/130
f 994/1/130 1035/1/130 995/1/130
f 994/1/130 1034/1/130 1035/1/130
f 995/1/130 1036/1/130 996/1/130
f 995/1/130 1035/1/130 1036/1/130
f 996/1/130 1037/1/130 997/1/130
f 996/1/130 1036/1/130 1037/1/130
f 997/1/130 999/1/130 959/1/130
f 997/1/130 1037/1/130 999/1/130
f 1038/3/1 1039/3/1 1040/3/1
f 1038/3/1 1040/3/1 1041/3/1
f 1038/3/1 1041/3/1 1042/3/1
f 1038/3/1 1042/3/1 1043/3/1
f 1038/3/1 1043/3/1 1044/3/1
f 1038/3/1 1044/3/1 1045/3/1
f 1038/3/1 1045/3/1 1046/3/1
f 1038/3/1 1046/3/1 1047/3/1
f 1038/3/1 1047/3/1 1048/3/1
f 1038/3/1 1048/3/1 1049/3/1
f 1038/3/1 1049/3/1 1050/3/1
f 1038/3/1 1050/3/1 1051/3/1
f 1038/3/1 1051/3/1 1052/3/1
f 1038/3/1 1052/3/1 1053/3/1
f 1038/3/1 1053/3/1 1054/3/1
f 1038/3/1 1054/3/1 1055/3/1
f 1038/3/1 1055/3/1 1056/3/1
f 1038/3/1 1056/3/1 1057/3/1
f 1038/3/1 1057/3/1 1058/3/1
f 1038/3/1 1058/3/1 1059/3/1
f 1038/3/1 1059/3/1 1060/3/1
f 1038/3/1 1060/3/1 1061/3/1
f 1038/3/1 1061/3/1 1062/3/1
f 1038/3/1 1062/3/1 1063/3/1
f 1038/3/1 1063/3/1 1064/3/1
f 1038/3/1 1064/3/1 1065/3/1
f 1038/3/1 1065/3/1 1066/3/1
f 1038/3/1 1066/3/1 1067/3/1
f 1038/3/1 1067/3/1 1068/3/1
f 1038/3/1 1068/3/1 1069/3/1
f 1038/3/1 1069/3/1 1070/3/1
f 1038/3/1 1070/3/1 1071/3/1
f 1038/3/1 1071/3/1 1072/3/1
f 1038/3/1 1072/3/1 1073/3/1
f 1038/3/1 1073/3/1 1074/3/1
f 1038/3/1 1074/3/1 1075/3/1
f 1038/3/1 1075/3/1 1076/3/1
f 1038/3/1 1076/3/1 1077/3/1
f 1038/3/1 1077/3/1 1078/3/1
f 1038/3/1 1078/3/1 1039/3/1
f 1039/3/99 1079/3/275 1040/3/275
f 1039/3/99 1080/3/99 1079/3/275
f 1040/3/275 1081/3/276 1041/3/276
f 1040/3/275 1079/3/275 1081/3/276
f 1041/3/276 1082/3/277 1042/3/277
f 1041/3/276 1081/3/276 1082/3/277
f 1042/3/277 1083/3/278 1043/3/278
f 1042/3/277 1082/3/277 1083/3/278
f 1043/3/278 1084/3/102 1044/3/102
f 1043/3/278 1083/3/278 1084/3/102
f 1044/3/102 1085/3/279 1045/3/279
f 1044/3/102 1084/3/102 1085/3/279
f 1045/3/279 1086/3/280 1046/3/280
f 1045/3/279 1085/3/279 1086/3/280
f 1046/3/280 1087/3/281 1047/3/281
f 1046/3/280 1086/3/280 1087/3/281
f 1047/3/281 1088/3/282 1048/3/282
f 1047/3/281 1087/3/281 1088/3/282
f 1048/3/282 1089/3/106 1049/3/106
f 1048/3/282 1088/3/282 1089/3/106
f 1049/3/106 1090/3/283 1050/3/283
f 1049/3/106 1089/3/106 1090/3/283
f 1050/3/283 1091/3/284 1051/3/284
f 1050/3/283 1090/3/283 1091/3/284
f 1051/3/284 1092/3/285 1052/3/285
f 1051/3/284 1091/3/284 1092/3/285
f 1052/3/285 1093/3/286 1053/3/286
f 1052/3/285 1092/3/285 1093/3/286
f 1053/3/286 1094/3/110 1054/3/110
f 1053/3/286 1093/3/286 1094/3/110
f 1054/3/110 1095/3/287 1055/3/287
f 1054/3/110 1094/3/110 1095/3/287
f 1055/3/287 1096/3/288 1056/3/288
f 1055/3/287 1095/3/287 1096/3/288
f 1056/3/288 1097/3/289 1057/3/289
f 1056/3/288 1096/3/288 1097/3/289
f 1057/3/289 1098/3/290 1058/3/290
f 1057/3/289 1097/3/289 1098/3/290
f 1058/3/290 1099/3/114 1059/3/114
f 1058/3/290 1098/3/290 1099/3/114
f 1059/3/114 1100/3/291 1060/3/291
f 1059/3/114 1099/3/114 1100/3/291
f 1060/3/291 1101/3/292 1061/3/292
f 1060/3/291 1100/3/291 1101/3/292
f 1061/3/292 1102/3/293 1062/3/293
f 1061/3/292 1101/3/292 1102/3/293
f 1062/3/293 1103/3/294 1063/3/294
f 1062/3/293 1102/3/293 1103/3/294
f 1063/3/294 1104/3/118 1064/3/118
f 1063/3/294 1103/3/294 1104/3/118
f 1064/3/118 1105/3/295 1065/3/295
f 1064/3/118 1104/3/118 1105/3/295
f 1065/3/295 1106/3/296 1066/3/296
f 1065/3/295 1105/3/295 1106/3/296
f 1066/3/296 1107/3/297 1067/3/297
f 1066/3/296 1106/3/296 1107/3/297
f 1067/3/297 1108/3/298 1068/3/298
f 1067/3/297 1107/3/297 1108/3/298
f 1068/3/298 1109/3/122 1069/3/122
f 1068/3/298 1108/3/298 1109/3/122
f 1069/3/122 1110/3/299 1070/3/299
f 1069/3/122 1109/3/122 1110/3/299
f 1070/3/299 1111/3/300 1071/3/300
f 1070/3/299 1110/3/299 1111/3/300
f 1071/3/300 1112/3/301 1072/3/301
f 1071/3/300 1111/3/300 1112/3/301
f 1072/3/301 1113/3/302 1073/3/302
f 1072/3/301 1112/3/301 1113/3/302
f 1073/3/302 1114/3/126 1074/3/126
f 1073/3/302 1113/3/302 1114/3/126
f 1074/3/126 1115/3/303 1075/3/303
f 1074/3/126 1114/3/126 1115/3/303
f 1075/3/303 1116/3/304 1076/3/304
f 1075/3/303 1115/3/303 1116/3/304
f 1076/3/304 1117/3/305 1077/3/305
f 1076/3/304 1116/3/304 1117/3/305
f 1077/3/305 1118/3/306 1078/3/306
f 1077/3/305 1117/3/305 1118/3/306
f 1078/3/306 1080/3/99 1039/3/99
f 1078/3/306 1118/3/306 1080/3/99
f 1080/3/130 1119/3/130 1079/3/130
f 1079/3/130 1119/3/130 1081/3/130
f 1081/3/130 1119/3/130 1082/3/130
f 1082/3/130 1119/3/130 1083/3/130
f 1083/3/130 1119/3/130 1084/3/130
f 1084/3/130 1119/3/130 1085/3/130
f 1085/3/130 1119/3/130 1086/3/130
f 1086/3/130 1119/3/130 1087/3/130
f 1087/3/130 1119/3/130 1088/3/130
f 1088/3/130 1119/3/130 1089/3/130
f 1089/3/130 1119/3/130 1090/3/130
f 1090/3/130 1119/3/130 1091/3/130
f 1091/3/130 1119/3/130 1092/3/130
f 1092/3/130 1119/3/130 1093/3/130
f 1093/3/130 1119/3/130 1094/3/130
f 1094/3/130 1119/3/130 1095/3/130
f 1095/3/130 1119/3/130 1096/3/130
f 1096/3/130 1119/3/130 1097/3/130
f 1097/3/130 1119/3/130 1098/3/130
f 1098/3/130 1119/3/130 1099/3/130
f 1099/3/130 1119/3/130 1100/3/130
f 1100/3/130 1119/3/130 1101/3/130
f 1101/3/130 1119/3/130 1102/3/130
f 1102/3/130 1119/3/130 1103/3/130
f 1103/3/130 1119/3/130 1104/3/130
f 1104/3/130 1119/3/130 1105/3/130
f 1105/3/130 1119/3/130 1106/3/130
f 1106/3/130 1119/3/130 1107/3/130
f 1107/3/130 1119/3/130 1108/3/130
f 1108/3/130 1119/3/130 1109/3/130
f 1109/3/130 1119/3/130 1110/3/130
f 1110/3/130 1119/3/130 1111/3/130
f 1111/3/130 1119/3/130 1112/3/130
f 1112/3/130 1119/3/130 1113/3/130
f 1113/3/130 1119/3/130 1114/3/130
f 1114/3/130 1119/3/130 1115/3/130
f 1115/3/130 1119/3/130 1116/3/130
f 1116/3/130 1119/3/130 1117/3/130
f 1117/3/130 1119/3/130 1118/3/130
f 1118/3/130 1119/3/130 1080/3/130
f 1120/3/1 1121/3/1 1122/3/1
f 1120/3/1 1122/3/1 1123/3/1
f 1120/3/1 1123/3/1 1124/3/1
f 1120/3/1 1124/3/1 1125/3/1
f 1120/3/1 1125/3/1 1126/3/1
f 1120/3/1 1126/3/1 1127/3/1
f 1120/3/1 1127/3/1 1128/3/1
f 1120/3/1 1128/3/1 1129/3/1
f 1120/3/1 1129/3/1 1130/3/1
f 1120/3/1 1130/3/1 1131/3/1
f 1120/3/1 1131/3/1 1132/3/1
f 1120/3/1 1132/3/1 1133/3/1
f 1120/3/1 1133/3/1 1134/3/1
f 1120/3/1 1134/3/1 1135/3/1
f 1120/3/1 1135/3/1 1136/3/1
f 1120/3/1 1136/3/1 1137/3/1
f 1120/3/1 1137/3/1 1138/3/1
f 1120/3/1 1138/3/1 1139/3/1
f 1120/3/1 1139/3/1 1140/3/1
f 1120/3/1 1140/3/1 1141/3/1
f 1120/3/1 1141/3/1 1142/3/1
f 1120/3/1 1142/3/1 1143/3/1
f 1120/3/1 1143/3/1 1144/3/1
f 1120/3/1 1144/3/1 1145/3/1
f 1120/3/1 1145/3/1 1146/3/1
f 1120/3/1 1146/3/1 1147/3/1
f 1120/3/1 1147/3/1 1148/3/1
f 1120/3/1 1148/3/1 1149/3/1
f 1120/3/1 1149/3/1 1150/3/1
f 1120/3/1 1150/3/1 1151/3/1
f 1120/3/1 1151/3/1 1152/3/1
f 1120/3/1 1152/3/1 1153/3/1
f 1120/3/1 1153/3/1 1154/3/1
f 1120/3/1 1154/3/1 1155/3/1
f 1120/3/1 1155/3/1 1156/3/1
f 1120/3/1 1156/3/1 1157/3/1
f 1120/3/1 1157/3/1 1158/3/1
f 1120/3/1 1158/3/1 1159/3/1
f 1120/3/1 1159/3/1 1160/3/1
f 1120/3/1 1160/3/1 1121/3/1
f 1121/3/99 1161/3/275 1122/3/275
f 1121/3/99 1162/3/99 1161/3/275
f 1122/3/275 1163/3/276 1123/3/276
f 1122/3/275 1161/3/275 1163/3/276
f 1123/3/276 1164/3/277 1124/3/277
f 1123/3/276 1163/3/276 1164/3/277
f 1124/3/277 1165/3/278 1125/3/278
f 1124/3/277 1164/3/277 1165/3/278
f 1125/3/278 1166/3/102 1126/3/102
f 1125/3/278 1165/3/278 1166/3/102
f 1126/3/102 1167/3/279 1127/3/279
f 1126/3/102 1166/3/102 1167/3/279
f 1127/3/279 1168/3/280 1128/3/280
f 1127/3/279 1167/3/279 1168/3/280
f 1128/3/280 1169/3/281 1129/3/281
f 1128/3/280 1168/3/280 1169/3/281
f 1129/3/281 1170/3/282 1130/3/282
f 1129/3/281 1169/3/281 1170/3/282
f 1130/3/282 1171/3/106 1131/3/106
f 1130/3/282 1170/3/282 1171/3/106
f 1131/3/106 1172/3/283 1132/3/283
f 1131/3/106 1171/3/106 1172/3/283
f 1132/3/283 1173/3/284 1133/3/284
f 1132/3/283 1172/3/283 1173/3/284
f 1133/3/284 1174/3/285 1134/3/285
f 1133/3/284 1173/3/284 1174/3/285
f 1134/3/285 1175/3/286 1135/3/286
f 1134/3/285 1174/3/285 1175/3/286
f 1135/3/286 1176/3/110 1136/3/110
f 1135/3/286 1175/3/286 1176/3/110
f 1136/3/110 1177/3/287 1137/3/287
f 1136/3/110 1176/3/110 1177/3/287
f 1137/3/287 1178/3/288 1138/3/288
f 1137/3/287 1177/3/287 1178/3/288
f 1138/3/288 1179/3/289 1139/3/289
f 1138/3/288 1178/3/288 1179/3/289
f 1139/3/289 1180/3/290 1140/3/290
f 1139/3/289 1179/3/289 1180/3/290
f 1140/3/290 1181/3/114 1141/3/114
f 1140/3/290 1180/3/290 1181/3/114
f 1141/3/114 1182/3/291 1142/3/291
f 1141/3/114 1181/3/114 1182/3/291
f 1142/3/291 1183/3/292 1143/3/292
f 1142/3/291 1182/3/291 1183/3/292
f 1143/3/292 1184/3/293 1144/3/293
f 1143/3/292 1183/3/292 1184/3/293
f 1144/3/293 1185/3/294 1145/3/294
f 1144/3/293 1184/3/293 1185/3/294
f 1145/3/294 1186/3/118 1146/3/118
f 1145/3/294 1185/3/294 1186/3/118
f 1146/3/118 1187/3/295 1147/3/295
f 1146/3/118 1186/3/118 1187/3/295
f 1147/3/295 1188/3/296 1148/3/296
f 1147/3/295 1187/3/295 1188/3/296
f 1148/3/296 1189/3/297 1149/3/297
f 1148/3/296 1188/3/296 1189/3/297
f 1149/3/297 1190/3/298 1150/3/298
f 1149/3/297 1189/3/297 1190/3/298
f 1150/3/298 1191/3/122 1151/3/122
f 1150/3/298 1190/3/298 1191/3/122
f 1151/3/122 1192/3/299 1152/3/299
f 1151/3/122 1191/3/122 1192/3/299
f 1152/3/299 1193/3/300 1153/3/300
f 1152/3/299 1192/3/299 1193/3/300
f 1153/3/300 1194/3/301 1154/3/301
f 1153/3/300 1193/3/300 1194/3/301
f 1154/3/301 1195/3/302 1155/3/302
f 1154/3/301 1194/3/301 1195/3/302
f 1155/3/302 1196/3/126 1156/3/126
f 1155/3/302 1195/3/302 1196/3/126
f 1156/3/126 1197/3/303 1157/3/303
f 1156/3/126 1196/3/126 1197/3/303
f 1157/3/303 1198/3/304 1158/3/304
f 1157/3/303 1197/3/303 1198/3/304
f 1158/3/304 1199/3/305 1159/3/305
f 1158/3/304 1198/3/304 1199/3/305
f 1159/3/305 1200/3/306 1160/3/306
f 1159/3/305 1199/3/305 1200/3/306
f 1160/3/306 1162/3/99 1121/3/99
f 1160/3/306 1200/3/306 1162/3/99
f 1162/3/130 1201/3/130 1161/3/130
f 1161/3/130 1201/3/130 1163/3/130
f 1163/3/130 1201/3/130 1164/3/130
f 1164/3/130 1201/3/130 1165/3/130
f 1165/3/130 1201/3/130 1166/3/130
f 1166/3/130 1201/3/130 1167/3/130
f 1167/3/130 1201/3/130 1168/3/130
f 1168/3/130 1201/3/130 1169/3/130
f 1169/3/130 1201/3/130 1170/3/130
f 1170/3/130 1201/3/130 1171/3/130
f 1171/3/130 1201/3/130 1172/3/130
f 1172/3/130 1201/3/130 1173/3/130
f 1173/3/130 1201/3/130 1174/3/130
f 1174/3/130 1201/3/130 1175/3/130
f 1175/3/130 1201/3/130 1176/3/130
f 1176/3/130 1201/3/130 1177/3/130
f 1177/3/130 1201/3/130 1178/3/130
f 1178/3/130 1201/3/130 1179/3/130
f 1179/3/130 1201/3/130 1180/3/130
f 1180/3/130 1201/3/130 1181/3/130
f 1181/3/130 1201/3/130 1182/3/130
f 1182/3/130 1201/3/130 1183/3/130
f 1183/3/130 1201/3/130 1184/3/130
f 1184/3/130 1201/3/130 1185/3/130
f 1185/3/130 1201/3/130 1186/3/130
f 1186/3/130 1201/3/130 1187/3/130
f 1187/3/130 1201/3/130 1188/3/130
f 1188/3/130 1201/3/130 1189/3/130
f 1189/3/130 1201/3/130 1190/3/130
f 1190/3/130 1201/3/130 1191/3/130
f 1191/3/130 1201/3/130 1192/3/130
f 1192/3/130 1201/3/130 1193/3/130
f 1193/3/130 1201/3/130 1194/3/130
f 1194/3/130 1201/3/130 1195/3/130
f 1195/3/130 1201/3/130 1196/3/130
f 1196/3/130 1201/3/130 1197/3/130
f 1197/3/130 1201/3/130 1198/3/130
f 1198/3/130 1201/3/130 1199/3/130
f 1199/3/130 1201/3/130 1200/3/130
f 1200/3/130 1201/3/130 1162/3/130
f 1202/3/1 1203/3/1 1204/3/1
f 1202/3/1 1204/3/1 1205/3/1
f 1202/3/1 1205/3/1 1206/3/1
f 1202/3/1 1206/3/1 1207/3/1
f 1202/3/1 1207/3/1 1208/3/1
f 1202/3/1 1208/3/1 1209/3/1
f 1202/3/1 1209/3/1 1210/3/1
f 1202/3/1 1210/3/1 1211/3/1
f 1202/3/1 1211/3/1 1212/3/1
f 1202/3/1 1212/3/1 1213/3/1
f 1202/3/1 1213/3/1 1214/3/1
f 1202/3/1 1214/3/1 1215/3/1
f 1202/3/1 1215/3/1 1216/3/1
f 1202/3/1 1216/3/1 1217/3/1
f 1202/3/1 1217/3/1 1218/3/1
f 1202/3/1 1218/3/1 1219/3/1
f 1202/3/1 1219/3/1 1220/3/1
f 1202/3/1 1220/3/1 1221/3/1
f 1202/3/1 1221/3/1 1222/3/1
f 1202/3/1 1222/3/1 1223/3/1
f 1202/3/1 1223/3/1 1224/3/1
f 1202/3/1 1224/3/1 1225/3/1
f 1202/3/1 1225/3/1 1226/3/1
f 1202/3/1 1226/3/1 1227/3/1
f 1202/3/1 1227/3/1 1228/3/1
f 1202/3/1 1228/3/1 1229/3/1
f 1202/3/1 1229/3/1 1230/3/1
f 1202/3/1 1230/3/1 1231/3/1
f 1202/3/1 1231/3/1 1232/3/1
f 1202/3/1 1232/3/1 1233/3/1
f 1202/3/1 1233/3/1 1234/3/1
f 1202/3/1 1234/3/1 1235/3/1
f 1202/3/1 1235/3/1 1236/3/1
f 1202/3/1 1236/3/1 1237/3/1
f 1202/3/1 1237/3/1 1238/3/1
f 1202/3/1 1238/3/1 1239/3/1
f 1202/3/1 1239/3/1 1240/3/1
f 1202/3/1 1240/3/1 1241/3/1
f 1202/3/1 1241/3/1 1242/3/1
f 1202/3/1 1242/3/1 1203/3/1
f 1203/3/99 1243/3/275 1204/3/275
f 1203/3/99 1244/3/99 1243/3/275
f 1204/3/275 1245/3/276 1205/3/276
f 1204/3/275 1243/3/275 1245/3/276
f 1205/3/276 1246/3/277 1206/3/277
f 1205/3/276 1245/3/276 1246/3/277
f 1206/3/277 1247/3/278 1207/3/278
f 1206/3/277 1246/3/277 1247/3/278
f 1207/3/278 1248/3/102 1208/3/102
f 1207/3/278 1247/3/278 1248/3/102
f 1208/3/102 1249/3/279 1209/3/279
f 1208/3/102 1248/3/102 1249/3/279
f 1209/3/279 1250/3/280 1210/3/280
f 1209/3/279 1249/3/279 1250/3/280
f 1210/3/280 1251/3/281 1211/3/281
f 1210/3/280 1250/3/280 1251/3/281
f 1211/3/281 1252/3/282 1212/3/282
f 1211/3/281 1251/3/281 1252/3/282
f 1212/3/282 1253/3/106 1213/3/106
f 1212/3/282 1252/3/282 1253/3/106
f 1213/3/106 1254/3/283 1214/3/283
f 1213/3/106 1253/3/106 1254/3/283
f 1214/3/283 1255/3/284 1215/3/284
f 1214/3/283 1254/3/283 1255/3/284
f 1215/3/284 1256/3/285 1216/3/285
f 1215/3/284 1255/3/284 1256/3/285
f 1216/3/285 1257/3/286 1217/3/286
f 1216/3/285 1256/3/285 1257/3/286
f 1217/3/286 1258/3/110 1218/3/110
f 1217/3/286 1257/3/286 1258/3/110
f 1218/3/110 1259/3/287 1219/3/287
f 1218/3/110 1258/3/110 1259/3/287
f 1219/3/287 1260/3/288 1220/3/288
f 1219/3/287 1259/3/287 1260/3/288
f 1220/3/288 1261/3/289 1221/3/289
f 1220/3/288 1260/3/288 1261/3/289
f 1221/3/289 1262/3/290 1222/3/290
f 1221/3/289 1261/3/289 1262/3/290
f 1222/3/290 1263/3/114 1223/3/114
f 1222/3/290 1262/3/290 1263/3/114
f 1223/3/114 1264/3/291 1224/3/291
f 1223/3/114 1263/3/114 1264/3/291
f 1224/3/291 1265/3/292 1225/3/292
f 1224/3/291 1264/3/291 1265/3/292
f 1225/3/292 1266/3/293 1226/3/293
f 1225/3/292 1265/3/292 1266/3/293
f 1226/3/293 1267/3/294 1227/3/294
f 1226/3/293 1266/3/293 1267/3/294
f 1227/3/294 1268/3/118 1228/3/118
f 1227/3/294 1267/3/294 1268/3/118
f 1228/3/118 1269/3/295 1229/3/295
f 1228/3/118 1268/3/118 1269/3/295
f 1229/3/295 1270/3/296 1230/3/296
f 1229/3/295 1269/3/295 1270/3/296
f 1230/3/296 1271/3/297 1231/3/297
f 1230/3/296 1270/3/296 1271/3/297
f 1231/3/297 1272/3/298 1232/3/298
f 1231/3/297 1271/3/297 1272/3/298
f 1232/3/298 1273/3/122 1233/3/122
f 1232/3/298 1272/3/298 1273/3/122
f 1233/3/122 1274/3/299 1234/3/299
f 1233/3/122 1273/3/122 1274/3/299
f 1234/3/299 1275/3/300 1235/3/300
f 1234/3/299 1274/3/299 1275/3/300
f 1235/3/300 1276/3/301 1236/3/301
f 1235/3/300 1275/3/300 1276/3/301
f 1236/3/301 1277/3/302 1237/3/302
f 1236/3/301 1276/3/301 1277/3/302
f 1237/3/302 1278/3/126 1238/3/126
f 1237/3/302 1277/3/302 1278/3/126
f 1238/3/126 1279/3/303 1239/3/303
f 1238/3/126 1278/3/126 1279/3/303
f 1239/3/303 1280/3/304 1240/3/304
f 1239/3/303 1279/3/303 1280/3/304
f 1240/3/304 1281/3/305 1241/3/305
f 1240/3/304 1280/3/304 1281/3/305
f 1241/3/305 1282/3/306 1242/3/306
f 1241/3/305 1281/3/305 1282/3/306
f 1242/3/306 1244/3/99 1203/3/99
f 1242/3/306 1282/3/306 1244/3/99
f 1244/3/130 1283/3/130 1243/3/130
f 1243/3/130 1283/3/130 1245/3/130
f 1245/3/130 1283/3/130 1246/3/130
f 1246/3/130 1283/3/130 1247/3/130
f 1247/3/130 1283/3/130 1248/3/130
f 1248/3/130 1283/3/130 1249/3/130
f 1249/3/130 1283/3/130 1250/3/130
f 1250/3/130 1283/3/130 1251/3/130
f 1251/3/130 1283/3/130 1252/3/130
f 1252/3/130 1283/3/130 1253/3/130
f 1253/3/130 1283/3/130 1254/3/130
f 1254/3/130 1283/3/130 1255/3/130
f 1255/3/130 1283/3/130 1256/3/130
f 1256/3/130 1283/3/130 1257/3/130
f 1257/3/130 1283/3/130 1258/3/130
f 1258/3/130 1283/3/130 1259/3/130
f 1259/3/130 1283/3/130 1260/3/130
f 1260/3/130 1283/3/130 1261/3/130
f 1261/3/130 1283/3/130 1262/3/130
f 1262/3/130 1283/3/130 1263/3/130
f 1263/3/130 1283/3/130 1264/3/130
f 1264/3/130 1283/3/130 1265/3/130
f 1265/3/130 1283/3/130 1266/3/130
f 1266/3/130 1283/3/130 1267/3/130
f 1267/3/130 1283/3/130 1268/3/130
f 1268/3/130 1283/3/130 1269/3/130
f 1269/3/130 1283/3/130 1270/3/130
f 1270/3/130 1283/3/130 1271/3/130
f 1271/3/130 1283/3/130 1272/3/130
f 1272/3/130 1283/3/130 1273/3/130
f 1273/3/130 1283/3/130 1274/3/130
f 1274/3/130 1283/3/130 1275/3/130
f 1275/3/130 1283/3/130 1276/3/130
f 1276/3/130 1283/3/130 1277/3/130
f 1277/3/130 1283/3/130 1278/3/130
f 1278/3/130 1283/3/130 1279/3/130
f 1279/3/130 1283/3/130 1280/3/130
f 1280/3/130 1283/3/130 1281/3/130
f 1281/3/130 1283/3/130 1282/3/130
f 1282/3/130 1283/3/130 1244/3/130
f 999/3/1 1284/3/1 998/3/1
f 999/3/1 1285/3/1 1284/3/1
f 998/3/1 1286/3/1 1000/3/1
f 998/3/1 1284/3/1 1286/3/1
f 1000/3/1 1287/3/1 1001/3/1
f 1000/3/1 1286/3/1 1287/3/1
f 1001/3/1 1288/3/1 1002/3/1
f 1001/3/1 1287/3/1 1288/3/1
f 1002/3/1 1289/3/1 1003/3/1
f 1002/3/1 1288/3/1 1289/3/1
f 1003/3/1 1290/3/1 1004/3/1
f 1003/3/1 1289/3/1 1290/3/1
f 1004/3/1 1291/3/1 1005/3/1
f 1004/3/1 1290/3/1 1291/3/1
f 1005/3/1 1292/3/1 1006/3/1
f 1005/3/1 1291/3/1 1292/3/1
f 1006/3/1 1293/3/1 1007/3/1
f 1006/3/1 1292/3/1 1293/3/1
f 1007/3/1 1294/3/1 1008/3/1
f 1007/3/1 1293/3/1 1294/3/1
f 1008/3/1 1295/3/1 1009/3/1
f 1008/3/1 1294/3/1 1295/3/1
f 1009/3/1 1296/3/1 1010/3/1
f 1009/3/1 1295/3/1 1296/3/1
f 1010/3/1 1297/3/1 1011/3/1
f 1010/3/1 1296/3/1 1297/3/1
f 1011/3/1 1298/3/1 1012/3/1
f 1011/3/1 1297/3/1 1298/3/1
f 1012/3/1 1299/3/1 1013/3/1
f 1012/3/1 1298/3/1 1299/3/1
f 1013/3/1 1300/3/1 1014/3/1
f 1013/3/1 1299/3/1 1300/3/1
f 1014/3/1 1301/3/1 1015/3/1
f 1014/3/1 1300/3/1 1301/3/1
f 1015/3/1 1302/3/1 1016/3/1
f 1015/3/1 1301/3/1 1302/3/1
f 1016/3/1 1303/3/1 1017/3/1
f 1016/3/1 1302/3/1 1303/3/1
f 1017/3/1 1304/3/1 1018/3/1
f 1017/3/1 1303/3/1 1304/3/1
f 1018/3/1 1305/3/1 1019/3/1
f 1018/3/1 1304/3/1 1305/3/1
f 1019/3/1 1306/3/1 1020/3/1
f 1019/3/1 1305/3/1 1306/3/1
f 1020/3/1 1307/3/1 1021/3/1
f 1020/3/1 1306/3/1 1307/3/1
f 1021/3/1 1308/3/1 1022/3/1
f 1021/3/1 1307/3/1 1308/3/1
f 1022/3/1 1309/3/1 1023/3/1
f 1022/3/1 1308/3/1 1309/3/1
f 1023/3/1 1310/3/1 1024/3/1
f 1023/3/1 1309/3/1 1310/3/1
f 1024/3/1 1311/3/1 1025/3/1
f 1024/3/1 1310/3/1 1311/3/1
f 1025/3/1 1312/3/1 1026/3/1
f 1025/3/1 1311/3/1 1312/3/1
f 1026/3/1 1313/3/1 1027/3/1
f 1026/3/1 1312/3/1 1313/3/1
f 1027/3/1 1314/3/1 1028/3/1
f 1027/3/1 1313/3/1 1314/3/1
f 1028/3/1 1315/3/1 1029/3/1
f 1028/3/1 1314/3/1 1315/3/1
f 1029/3/1 1316/3/1 1030/3/1
f 1029/3/1 1315/3/1 1316/3/1
f 1030/3/1 1317/3/1 1031/3/1
f 1030/3/1 1316/3/1 1317/3/1
f 1031/3/1 1318/3/1 1032/3/1
f 1031/3/1 1317/3/1 1318/3/1
f 1032/3/1 1319/3/1 1033/3/1
f 1032/3/1 1318/3/1 1319/3/1
f 1033/3/1 1320/3/1 1034/3/1
f 1033/3/1 1319/3/1 1320/3/1
f 1034/3/1 1321/3/1 1035/3/1
f 1034/3/1 1320/3/1 1321/3/1
f 1035/3/1 1322/3/1 1036/3/1
f 1035/3/1 1321/3/1 1322/3/1
f 1036/3/1 1323/3/1 1037/3/1
f 1036/3/1 1322/3/1 1323/3/1
f 1037/3/1 1285/3/1 999/3/1
f 1037/3/1 1323/3/1 1285/3/1
f 1285/3/99 1324/3/275 1284/3/275
f 1285/3/99 1325/3/99 1324/3/275
f 1284/3/275 1326/3/276 1286/3/276
f 1284/3/275 1324/3/275 1326/3/276
f 1286/3/276 1327/3/277 1287/3/277
f 1286/3/276 1326/3/276 1327/3/277
f 1287/3/277 1328/3/278 1288/3/278
f 1287/3/277 1327/3/277 1328/3/278
f 1288/3/278 1329/3/102 1289/3/102
f 1288/3/278 1328/3/278 1329/3/102
f 1289/3/102 1330/3/279 1290/3/279
f 1289/3/102 1329/3/102 1330/3/279
f 1290/3/279 1331/3/280 1291/3/280
f 1290/3/279 1330/3/279 1331/3/280
f 1291/3/280 1332/3/281 1292/3/281
f 1291/3/280 1331/3/280 1332/3/281
f 1292/3/281 1333/3/282 1293/3/282
f 1292/3/281 1332/3/281 1333/3/282
f 1293/3/282 1334/3/106 1294/3/106
f 1293/3/282 1333/3/282 1334/3/106
f 1294/3/106 1335/3/283 1295/3/283
f 1294/3/106 1334/3/106 1335/3/283
f 1295/3/283 1336/3/284 1296/3/284
f 1295/3/283 1335/3/283 1336/3/284
f 1296/3/284 1337/3/285 1297/3/285
f 1296/3/284 1336/3/284 1337/3/285
f 1297/3/285 1338/3/286 1298/3/286
f 1297/3/285 1337/3/285 1338/3/286
f 1298/3/286 1339/3/110 1299/3/110
f 1298/3/286 1338/3/286 1339/3/110
f 1299/3/110 1340/3/287 1300/3/287
f 1299/3/110 1339/3/110 1340/3/287
f 1300/3/287 1341/3/288 1301/3/288
f 1300/3/287 1340/3/287 1341/3/288
f 1301/3/288 1342/3/289 1302/3/289
f 1301/3/288 1341/3/288 1342/3/289
f 1302/3/289 1343/3/290 1303/3/290
f 1302/3/289 1342/3/289 1343/3/290
f 1303/3/290 1344/3/114 1304/3/114
f 1303/3/290 1343/3/290 1344/3/114
f 1304/3/114 1345/3/291 1305/3/291
f 1304/3/114 1344/3/114 1345/3/291
f 1305/3/291 1346/3/292 1306/3/292
f 1305/3/291 1345/3/291 1346/3/292
f 1306/3/292 1347/3/293 1307/3/293
f 1306/3/292 1346/3/292 1347/3/293
f 1307/3/293 1348/3/294 1308/3/294
f 1307/3/293 1347/3/293 1348/3/294
f 1308/3/294 1349/3/118 1309/3/118
f 1308/3/294 1348/3/294 1349/3/118
f 1309/3/118 1350/3/295 1310/3/295
f 1309/3/118 1349/3/118 1350/3/295
f 1310/3/295 1351/3/296 1311/3/296
f 1310/3/295 1350/3/295 1351/3/296
f 1311/3/296 1352/3/297 1312/3/297
f 1311/3/296 1351/3/296 1352/3/297
f 1312/3/297 1353/3/298 1313/3/298
f 1312/3/297 1352/3/297 1353/3/298
f 1313/3/298 1354/3/122 1314/3/122
f 1313/3/298 1353/3/298 1354/3/122
f 1314/3/122 1355/3/299 1315/3/299
f 1314/3/122 1354/3/122 1355/3/299
f 1315/3/299 1356/3/300 1316/3/300
f 1315/3/299 1355/3/299 1356/3/300
f 1316/3/300 1357/3/301 1317/3/301
f 1316/3/300 1356/3/300 1357/3/301
f 1317/3/301 1358/3/302 1318/3/302
f 1317/3/301 1357/3/301 1358/3/302
f 1318/3/302 1359/3/126 1319/3/126
f 1318/3/302 1358/3/302 1359/3/126
f 1319/3/126 1360/3/303 1320/3/303
f 1319/3/126 1359/3/126 1360/3/303
f 1320/3/303 1361/3/304 1321/3/304
f 1320/3/303 1360/3/303 1361/3/304
f 1321/3/304 1362/3/305 1322/3/305
f 1321/3/304 1361/3/304 1362/3/305
f 1322/3/305 1363/3/306 1323/3/306
f 1322/3/305 1362/3/305 1363/3/306
f 1323/3/306 1325/3/99 1285/3/99
f 1323/3/306 1363/3/306 1325/3/99
f 1325/3/507 1364/3/508 1324/3/508
f 1325/3/507 1365/3/507 1364/3/508
f 1324/3/508 1366/3/509 1326/3/509
f 1324/3/508 1364/3/508 1366/3/509
f 1326/3/509 1367/3/510 1327/3/510
f 1326/3/509 1366/3/509 1367/3/510
f 1327/3/510 1368/3/511 1328/3/511
f 1327/3/510 1367/3/510 1368/3/511
f 1328/3/511 1369/3/512 1329/3/512
f 1328/3/511 1368/3/511 1369/3/512
f 1329/3/512 1370/3/513 1330/3/513
f 1329/3/512 1369/3/512 1370/3/513
f 1330/3/513 1371/3/514 1331/3/514
f 1330/3/513 1370/3/513 1371/3/514
f 1331/3/514 1372/3/515 1332/3/515
f 1331/3/514 1371/3/514 1372/3/515
f 1332/3/515 1373/3/516 1333/3/516
f 1332/3/515 1372/3/515 1373/3/516
f 1333/3/516 1374/3/517 1334/3/517
f 1333/3/516 1373/3/516 1374/3/517
f 1334/3/517 1375/3/518 1335/3/518
f 1334/3/517 1374/3/517 1375/3/518
f 1335/3/518 1376/3/519 1336/3/519
f 1335/3/518 1375/3/518 1376/3/519
f 1336/3/519 1377/3/520 1337/3/520
f 1336/3/519 1376/3/519 1377/3/520
f 1337/3/520 1378/3/521 1338/3/521
f 1337/3/520 1377/3/520 1378/3/521
f 1338/3/521 1379/3/522 1339/3/522
f 1338/3/521 1378/3/521 1379/3/522
f 1339/3/522 1380/3/523 1340/3/523
f 1339/3/522 1379/3/522 1380/3/523
f 1340/3/523 1381/3/524 1341/3/524
f 1340/3/523 1380/3/523 1381/3/524
f 1341/3/524 1382/3/525 1342/3/525
f 1341/3/524 1381/3/524 1382/3/525
f 1342/3/525 1383/3/526 1343/3/526
f 1342/3/525 1382/3/525 1383/3/526
f 1343/3/526 1384/3/527 1344/3/527
f 1343/3/526 1383/3/526 1384/3/527
f 1344/3/527 1385/3/528 1345/3/528
f 1344/3/527 1384/3/527 1385/3/528
f 1345/3/528 1386/3/529 1346/3/529
f 1345/3/528 1385/3/528 1386/3/529
f 1346/3/529 1387/3/530 1347/3/530
f 1346/3/529 1386/3/529 1387/3/530
f 1347/3/530 1388/3/531 1348/3/531
f 1347/3/530 1387/3/530 1388/3/531
f 1348/3/531 1389/3/532 1349/3/532
f 1348/3/531 1388/3/531 1389/3/532
f 1349/3/532 1390/3/533 1350/3/533
f 1349/3/532 1389/3/532 1390/3/533
f 1350/3/533 1391/3/534 1351/3/534
f 1350/3/533 1390/3/533 1391/3/534
f 1351/3/534 1392/3/535 1352/3/535
f 1351/3/534 1391/3/534 1392/3/535
f 1352/3/535 1393/3/536 1353/3/536
f 1352/3/535 1392/3/535 1393/3/536
f 1353/3/536 1394/3/537 1354/3/537
f 1353/3/536 1393/3/536 1394/3/537
f 1354/3/537 1395/3/538 1355/3/538
f 1354/3/537 1394/3/537 1395/3/538
f 1355/3/538 1396/3/539 1356/3/539
f 1355/3/538 1395/3/538 1396/3/539
f 1356/3/539 1397/3/540 1357/3/540
f 1356/3/539 1396/3/539 1397/3/540
f 1357/3/540 1398/3/541 1358/3/541
f 1357/3/540 1397/3/540 1398/3/541
f 1358/3/541 1399/3/542 1359/3/542
f 1358/3/541 1398/3/541 1399/3/542
f 1359/3/542 1400/3/543 1360/3/543
f 1359/3/542 1399/3/542 1400/3/543
f 1360/3/543 1401/3/544 1361/3/544
f 1360/3/543 1400/3/543 1401/3/544
f 1361/3/544 1402/3/545 1362/3/545
f 1361/3/544 1401/3/544 1402/3/545
f 1362/3/545 1403/3/546 1363/3/546
f 1362/3/545 1402/3/545 1403/3/546
f 1363/3/546 1365/3/507 1325/3/507
f 1363/3/546 1403/3/546 1365/3/507
f 1365/3/130 1404/3/130 1364/3/130
f 1365/3/130 1405/3/130 1404/3/130
f 1364/3/130 1406/3/130 1366/3/130
f 1364/3/130 1404/3/130 1406/3/130
f 1366/3/130 1407/3/130 1367/3/130
f 1366/3/130 1406/3/130 1407/3/130
f 1367/3/130 1408/3/130 1368/3/130
f 1367/3/130 1407/3/130 1408/3/130
f 1368/3/130 1409/3/130 1369/3/130
f 1368/3/130 1408/3/130 1409/3/130
f 1369/3/130 1410/3/130 1370/3/130
f 1369/3/130 1409/3/130 1410/3/130
f 1370/3/130 1411/3/130 1371/3/130
f 1370/3/130 1410/3/130 1411/3/130
f 1371/3/130 1412/3/130 1372/3/130
f 1371/3/130 1411/3/130 1412/3/130
f 1372/3/130 1413/3/130 1373/3/130
f 1372/3/130 1412/3/130 1413/3/130
f 1373/3/130 1414/3/130 1374/3/130
f 1373/3/130 1413/3/130 1414/3/130
f 1374/3/130 1415/3/130 1375/3/130
f 1374/3/130 1414/3/130 1415/3/130
f 1375/3/130 1416/3/130 1376/3/130
f 1375/3/130 1415/3/130 1416/3/130
f 1376/3/130 1417/3/130 1377/3/130
f 1376/3/130 1416/3/130 1417/3/130
f 1377/3/130 1418/3/130 1378/3/130
f 1377/3/130 1417/3/130 1418/3/130
f 1378/3/130 1419/3/130 1379/3/130
f 1378/3/130 1418/3/130 1419/3/130
f 1379/3/130 1420/3/130 1380/3/130
f 1379/3/130 1419/3/130 1420/3/130
f 1380/3/130 1421/3/130 1381/3/130
f 1380/3/130 1420/3/130 1421/3/130
f 1381/3/130 1422/3/130 1382/3/130
f 1381/3/130 1421/3/130 1422/3/130
f 1382/3/130 1423/3/130 1383/3/130
f 1382/3/130 1422/3/130 1423/3/130
f 1383/3/130 1424/3/130 1384/3/130
f 1383/3/130 1423/3/130 1424/3/130
f 1384/3/130 1425/3/130 1385/3/130
f 1384/3/130 1424/3/130 1425/3/130
f 1385/3/130 1426/3/130 1386/3/130
f 1385/3/130 1425/3/130 1426/3/130
f 1386/3/130 1427/3/130 1387/3/130
f 1386/3/130 1426/3/130 1427/3/130
f 1387/3/130 1428/3/130 1388/3/130
f 1387/3/130 1427/3/130 1428/3/130
f 1388/3/130 1429/3/130 1389/3/130
f 1388/3/130 1428/3/130 1429/3/130
f 1389/3/130 1430/3/130 1390/3/130
f 1389/3/130 1429/3/130 1430/3/130
f 1390/3/130 1431/3/130 1391/3/130
f 1390/3/130 1430/3/130 1431/3/130
f 1391/3/130 1432/3/130 1392/3/130
f 1391/3/130 1431/3/130 1432/3/130
f 1392/3/130 1433/3/130 1393/3/130
f 1392/3/130 1432/3/130 1433/3/130
f 1393/3/130 1434/3/130 1394/3/130
f 1393/3/130 1433/3/130 1434/3/130
f 1394/3/130 1435/3/130 1395/3/130
f 1394/3/130 1434/3/130 1435/3/130
f 1395/3/130 1436/3/130 1396/3/130
f 1395/3/130 1435/3/130 1436/3/130
f 1396/3/130 1437/3/130 1397/3/130
f 1396/3/130 1436/3/130 1437/3/130
f 1397/3/130 1438/3/130 1398/3/130
f 1397/3/130 1437/3/130 1438/3/130
f 1398/3/130 1439/3/130 1399/3/130
f 1398/3/130 1438/3/130 1439/3/130
f 1399/3/130 1440/3/130 1400/3/130
f 1399/3/130 1439/3/130 1440/3/130
f 1400/3/130 1441/3/130 1401/3/130
f 1400/3/130 1440/3/130 1441/3/130
f 1401/3/130 1442/3/130 1402/3/130
f 1401/3/130 1441/3/130 1442/3/130
f 1402/3/130 1443/3/130 1403/3/130
f 1402/3/130 1442/3/130 1443/3/130
f 1403/3/130 1405/3/130 1365/3/130
f 1403/3/130 1443/3/130 1405/3/130
f 1405/3/114 998/3/291 1404/3/291
f 1405/3/114 999/3/114 998/3/291
f 1404/3/291 1000/3/292 1406/3/292
f 1404/3/291 998/3/291 1000/3/292
f 1406/3/292 1001/3/293 1407/3/293
f 1406/3/292 1000/3/292 1001/3/293
f 1407/3/293 1002/3/294 1408/3/294
f 1407/3/293 1001/3/293 1002/3/294
f 1408/3/294 1003/3/118 1409/3/118
f 1408/3/294 1002/3/294 1003/3/118
f 1409/3/118 1004/3/295 1410/3/295
f 1409/3/118 1003/3/118 1004/3/295
f 1410/3/295 1005/3/296 1411/3/296
f 1410/3/295 1004/3/295 1005/3/296
f 1411/3/296 1006/3/297 1412/3/297
f 1411/3/296 1005/3/296 1006/3/297
f 1412/3/297 1007/3/298 1413/3/298
f 1412/3/297 1006/3/297 1007/3/298
f 1413/3/298 1008/3/122 1414/3/122
f 1413/3/298 1007/3/298 1008/3/122
f 1414/3/122 1009/3/299 1415/3/299
f 1414/3/122 1008/3/122 1009/3/299
f 1415/3/299 1010/3/300 1416/3/300
f 1415/3/299 1009/3/299 1010/3/300
f 1416/3/300 1011/3/301 1417/3/301
f 1416/3/300 1010/3/300 1011/3/301
f 1417/3/301 1012/3/302 1418/3/302
f 1417/3/301 1011/3/301 1012/3/302
f 1418/3/302 1013/3/126 1419/3/126
f 1418/3/302 1012/3/302 1013/3/126
f 1419/3/126 1014/3/303 1420/3/303
f 1419/3/126 1013/3/126 1014/3/303
f 1420/3/303 1015/3/304 1421/3/304
f 1420/3/303 1014/3/303 1015/3/304
f 1421/3/304 1016/3/305 1422/3/305
f 1421/3/304 1015/3/304 1016/3/305
f 1422/3/305 1017/3/306 1423/3/306
f 1422/3/305 1016/3/305 1017/3/306
f 1423/3/306 1018/3/99 1424/3/99
f 1423/3/306 1017/3/306 1018/3/99
f 1424/3/99 1019/3/275 1425/3/275
f 1424/3/99 1018/3/99 1019/3/275
f 1425/3/275 1020/3/276 1426/3/276
f 1425/3/275 1019/3/275 1020/3/276
f 1426/3/276 1021/3/277 1427/3/277
f 1426/3/276 1020/3/276 1021/3/277
f 1427/3/277 1022/3/278 1428/3/278
f 1427/3/277 1021/3/277 1022/3/278
f 1428/3/278 1023/3/102 1429/3/102
f 1428/3/278 1022/3/278 1023/3/102
f 1429/3/102 1024/3/279 1430/3/279
f 1429/3/102 1023/3/102 1024/3/279
f 1430/3/279 1025/3/280 1431/3/280
f 1430/3/279 1024/3/279 1025/3/280
f 1431/3/280 1026/3/281 1432/3/281
f 1431/3/280 1025/3/280 1026/3/281
f 1432/3/281 1027/3/282 1433/3/282
f 1432/3/281 1026/3/281 1027/3/282
f 1433/3/282 1028/3/106 1434/3/106
f 1433/3/282 1027/3/282 1028/3/106
f 1434/3/106 1029/3/283 1435/3/283
f 1434/3/106 1028/3/106 1029/3/283
f 1435/3/283 1030/3/284 1436/3/284
f 1435/3/283 1029/3/283 1030/3/284
f 1436/3/284 1031/3/285 1437/3/285
f 1436/3/284 1030/3/284 1031/3/285
f 1437/3/285 1032/3/286 1438/3/286
f 1437/3/285 1031/3/285 1032/3/286
f 1438/3/286 1033/3/110 1439/3/110
f 1438/3/286 1032/3/286 1033/3/110
f 1439/3/110 1034/3/287 1440/3/287
f 1439/3/110 1033/3/110 1034/3/287
f 1440/3/287 1035/3/288 1441/3/288
f 1440/3/287 1034/3/287 1035/3/288
f 1441/3/288 1036/3/289 1442/3/289
f 1441/3/288 1035/3/288 1036/3/289
f 1442/3/289 1037/3/290 1443/3/290
f 1442/3/289 1036/3/289 1037/3/290
f 1443/3/290 999/3/114 1405/3/114
f 1443/3/290 1037/3/290 999/3/114
f 1444/86/547 1445/87/548 1446/88/549
f 1444/86/547 1447/89/550 1445/87/548
f 1446/88/549 1448/90/551 1449/91/552
f 1446/88/549 1445/87/548 1448/90/551
f 1449/91/552 1450/92/553 1451/93/554
f 1449/91/552 1448/90/551 1450/92/553
f 1451/93/554 1452/94/555 1453/95/556
f 1451/93/554 1450/92/553 1452/94/555
f 1453/95/556 1454/96/557 1455/97/558
f 1453/95/556 1452/94/555 1454/96/557
f 1455/97/558 1456/98/559 1457/99/560
f 1455/97/558 1454/96/557 1456/98/559
f 1457/99/560 1458/100/561 1459/101/562
f 1457/99/560 1456/98/559 1458/100/561
f 1459/101/562 1460/102/563 1461/103/564
f 1459/101/562 1458/100/561 1460/102/563
f 1461/103/564 1462/104/565 1463/105/566
f 1461/103/564 1460/102/563 1462/104/565
f 1463/105/566 1464/106/567 1465/107/568
f 1463/105/566 1462/104/565 1464/106/567
f 1465/107/568 1466/108/569 1467/109/570
f 1465/107/568 1464/106/567 1466/108/569
f 1467/109/570 1468/110/571 1469/111/572
f 1467/109/570 1466/108/569 1468/110/571
f 1469/111/572 1470/112/573 1471/113/574
f 1469/111/572 1468/110/571 1470/112/573
f 1471/113/574 1472/114/575 1473/115/576
f 1471/113/574 1470/112/573 1472/114/575
f 1473/115/576 1474/116/577 1475/117/578
f 1473/115/576 1472/114/575 1474/116/577
f 1475/117/578 1476/118/579 1477/119/580
f 1475/117/578 1474/116/577 1476/118/579
f 1477/119/580 1478/120/581 1479/121/582
f 1477/119/580 1476/118/579 1478/120/581
f 1479/121/582 1480/122/583 1481/123/584
f 1479/121/582 1478/120/581 1480/122/583
f 1481/123/584 1482/124/585 1483/125/586
f 1481/123/584 1480/122/583 1482/124/585
f 1483/125/586 1484/126/587 1485/127/588
f 1483/125/586 1482/124/585 1484/126/587
f 1485/127/588 1486/128/589 1487/129/590
f 1485/127/588 1484/126/587 1486/128/589
f 1487/129/590 1488/130/591 1489/131/592
f 1487/129/590 1486/128/589 1488/130/591
f 1489/131/592 1490/132/593 1491/133/594
f 1489/131/592 1488/130/591 1490/132/593
f 1491/133/594 1492/134/595 1493/135/596
f 1491/133/594 1490/132/593 1492/134/595
f 1493/135/596 1494/136/597 1495/137/598
f 1493/135/596 1492/134/595 1494/136/597
f 1495/137/598 1496/138/599 1497/139/600
f 1495/137/598 1494/136/597 1496/138/599
f 1497/139/600 1498/140/601 1499/141/602
f 1497/139/600 1496/138/599 1498/140/601
f 1499/141/602 1500/142/603 1501/143/604
f 1499/141/602 1498/140/601 1500/142/603
f 1501/143/604 1502/144/605 1503/145/606
f 1501/143/604 1500/142/603 1502/144/605
f 1503/145/606 1504/146/607 1505/147/608
f 1503/145/606 1502/144/605 1504/146/607
f 1505/147/608 1506/148/609 1507/149/610
f 1505/147/608 1504/146/607 1506/148/609
f 1507/149/610 1508/150/611 1509/151/612
f 1507/149/610 1506/148/609 1508/150/611
f 1509/151/612 1510/152/613 1511/153/614
f 1509/151/612 1508/150/611 1510/152/613
f 1511/153/614 1512/154/615 1513/155/616
f 1511/153/614 1510/152/613 1512/154/615
f 1513/155/616 1514/156/617 1515/157/618
f 1513/155/616 1512/154/615 1514/156/617
f 1515/157/618 1516/158/619 1517/159/620
f 1515/157/618 1514/156/617 1516/158/619
f 1517/159/620 1518/160/621 1519/161/622
f 1517/159/620 1516/158/619 1518/160/621
f 1519/161/622 1520/162/623 1521/163/624
f 1519/161/622 1518/160/621 1520/162/623
f 1521/163/624 1522/164/625 1523/165/626
f 1521/163/624 1520/162/623 1522/164/625
f 1523/165/626 1447/166/550 1444/167/547
f 1523/165/626 1522/164/625 1447/166/550
f 1447/89/550 1524/168/627 1445/87/548
f 1447/89/550 1525/169/628 1524/168/627
f 1445/87/548 1526/170/629 1448/90/551
f 1445/87/548 1524/168/627 1526/170/629
f 1448/90/551 1527/171/630 1450/92/553
f 1448/90/551 1526/170/629 1527/171/630
f 1450/92/553 1528/172/631 1452/94/555
f 1450/92/553 1527/171/630 1528/172/631
f 1452/94/555 1529/173/632 1454/96/557
f 1452/94/555 1528/172/631 1529/173/632
f 1454/96/557 1530/174/633 1456/98/559
f 1454/96/557 1529/173/632 1530/174/633
f 1456/98/559 1531/175/634 1458/100/561
f 1456/98/559 1530/174/633 1531/175/634
f 1458/100/561 1532/176/635 1460/102/563
f 1458/100/561 1531/175/634 1532/176/635
f 1460/102/563 1533/177/636 1462/104/565
f 1460/102/563 1532/176/635 1533/177/636
f 1462/104/565 1534/178/637 1464/106/567
f 1462/104/565 1533/177/636 1534/178/637
f 1464/106/567 1535/179/638 1466/108/569
f 1464/106/567 1534/178/637 1535/179/638
f 1466/108/569 1536/180/639 1468/110/571
f 1466/108/569 1535/179/638 1536/180/639
f 1468/110/571 1537/181/640 1470/112/573
f 1468/110/571 1536/180/639 1537/181/640
f 1470/112/573 1538/182/641 1472/114/575
f 1470/112/573 1537/181/640 1538/182/641
f 1472/114/575 1539/183/642 1474/116/577
f 1472/114/575 1538/182/641 1539/183/642
f 1474/116/577 1540/184/643 1476/118/579
f 1474/116/577 1539/183/642 1540/184/643
f 1476/118/579 1541/185/644 1478/120/581
f 1476/118/579 1540/184/643 1541/185/644
f 1478/120/581 1542/186/645 1480/122/583
f 1478/120/581 1541/185/644 1542/186/645
f 1480/122/583 1543/187/646 1482/124/585
f 1480/122/583 1542/186/645 1543/187/646
f 1482/124/585 1544/188/647 1484/126/587
f 1482/124/585 1543/187/646 1544/188/647
f 1484/126/587 1545/189/648 1486/128/589
f 1484/126/587 1544/188/647 1545/189/648
f 1486/128/589 1546/190/649 1488/130/591
f 1486/128/589 1545/189/648 1546/190/649
f 1488/130/591 1547/191/650 1490/132/593
f 1488/130/591 1546/190/649 1547/191/650
f 1490/132/593 1548/192/651 1492/134/595
f 1490/132/593 1547/191/650 1548/192/651
f 1492/134/595 1549/193/652 1494/136/597
f 1492/134/595 1548/192/651 1549/193/652
f 1494/136/597 1550/194/653 1496/138/599
f 1494/136/597 1549/193/652 1550/194/653
f 1496/138/599 1551/195/654 1498/140/601
f 1496/138/599 1550/194/653 1551/195/654
f 1498/140/601 1552/196/655 1500/142/603
f 1498/140/601 1551/195/654 1552/196/655
f 1500/142/603 1553/197/656 1502/144/605
f 1500/142/603 1552/196/655 1553/197/656
f 1502/144/605 1554/198/657 1504/146/607
f 1502/144/605 1553/197/656 1554/198/657
f 1504/146/607 1555/199/658 1506/148/609
f 1504/146/607 1554/198/657 1555/199/658
f 1506/148/609 1556/200/659 1508/150/611
f 1506/148/609 1555/199/658 1556/200/659
f 1508/150/611 1557/201/660 1510/152/613
f 1508/150/611 1556/200/659 1557/201/660
f 1510/152/613 1558/202/661 1512/154/615
f 1510/152/613 1557/201/660 1558/202/661
f 1512/154/615 1559/203/662 1514/156/617
f 1512/154/615 1558/202/661 1559/203/662
f 1514/156/617 1560/204/663 1516/158/619
f 1514/156/617 1559/203/662 1560/204/663
f 1516/158/619 1561/205/664 1518/160/621
f 1516/158/619 1560/204/663 1561/205/664
f 1518/160/621 1562/206/665 1520/162/623
f 1518/160/621 1561/205/664 1562/206/665
f 1520/162/623 1563/207/666 1522/164/625
f 1520/162/623 1562/206/665 1563/207/666
f 1522/164/625 1525/208/628 1447/166/550
f 1522/164/625 1563/207/666 1525/208/628
f 1525/169/628 1564/209/667 1524/168/627
f 1525/169/628 1565/210/668 1564/209/667
f 1524/168/627 1566/211/669 1526/170/629
f 1524/168/627 1564/209/667 1566/211/669
f 1526/170/629 1567/212/670 1527/171/630
f 1526/170/629 1566/211/669 1567/212/670
f 1527/171/630 1568/213/671 1528/172/631
f 1527/171/630 1567/212/670 1568/213/671
f 1528/172/631 1569/214/672 1529/173/632
f 1528/172/631 1568/213/671 1569/214/672
f 1529/173/632 1570/215/673 1530/174/633
f 1529/173/632 1569/214/672 1570/215/673
f 1530/174/633 1571/216/674 1531/175/634
f 1530/174/633 1570/215/673 1571/216/674
f 1531/175/634 1572/217/675 1532/176/635
f 1531/175/634 1571/216/674 1572/217/675
f 1532/176/635 1573/218/676 1533/177/636
f 1532/176/635 1572/217/675 1573/218/676
f 1533/177/636 1574/219/677 1534/178/637
f 1533/177/636 1573/218/676 1574/219/677
f 1534/178/637 1575/220/678 1535/179/638
f 1534/178/637 1574/219/677 1575/220/678
f 1535/179/638 1576/221/679 1536/180/639
f 1535/179/638 1575/220/678 1576/221/679
f 1536/180/639 1577/222/680 1537/181/640
f 1536/180/639 1576/221/679 1577/222/680
f 1537/181/640 1578/223/681 1538/182/641
f 1537/181/640 1577/222/680 1578/223/681
f 1538/182/641 1579/224/682 1539/183/642
f 1538/182/641 1578/223/681 1579/224/682
f 1539/183/642 1580/225/683 1540/184/643
f 1539/183/642 1579/224/682 1580/225/683
f 1540/184/643 1581/226/684 1541/185/644
f 1540/184/643 1580/225/683 1581/226/684
f 1541/185/644 1582/227/685 1542/186/645
f 1541/185/644 1581/226/684 1582/227/685
f 1542/186/645 1583/228/686 1543/187/646
f 1542/186/645 1582/227/685 1583/228/686
f 1543/187/646 1584/229/687 1544/188/647
f 1543/187/646 1583/228/686 1584/229/687
f 1544/188/647 1585/230/688 1545/189/648
f 1544/188/647 1584/229/687 1585/230/688
f 1545/189/648 1586/231/689 1546/190/649
f 1545/189/648 1585/230/688 1586/231/689
f 1546/190/649 1587/232/690 1547/191/650
f 1546/190/649 1586/231/689 1587/232/690
f 1547/191/650 1588/233/691 1548/192/651
f 1547/191/650 1587/232/690 1588/233/691
f 1548/192/651 1589/234/692 1549/193/652
f 1548/192/651 1588/233/691 1589/234/692
f 1549/193/652 1590/235/693 1550/194/653
f 1549/193/652 1589/234/692 1590/235/693
f 1550/194/653 1591/236/694 1551/195/654
f 1550/194/653 1590/235/693 1591/236/694
f 1551/195/654 1592/237/695 1552/196/655
f 1551/195/654 1591/236/694 1592/237/695
f 1552/196/655 1593/238/696 1553/197/656
f 1552/196/655 1592/237/695 1593/238/696
f 1553/197/656 1594/239/697 1554/198/657
f 1553/197/656 1593/238/696 1594/239/697
f 1554/198/657 1595/240/698 1555/199/658
f 1554/198/657 1594/239/697 1595/240/698
f 1555/199/658 1596/241/699 1556/200/659
f 1555/199/658 1595/240/698 1596/241/699
f 1556/200/659 1597/242/700 1557/201/660
f 1556/200/659 1596/241/699 1597/242/700
f 1557/201/660 1598/243/701 1558/202/661
f 1557/201/660 1597/242/700 1598/243/701
f 1558/202/661 1599/244/702 1559/203/662
f 1558/202/661 1598/243/701 1599/244/702
f 1559/203/662 1600/245/703 1560/204/663
f 1559/203/662 1599/244/702 1600/245/703
f 1560/204/663 1601/246/704 1561/205/664
f 1560/204/663 1600/245/703 1601/246/704
f 1561/205/664 1602/247/705 1562/206/665
f 1561/205/664 1601/246/704 1602/247/705
f 1562/206/665 1603/248/706 1563/207/666
f 1562/206/665 1602/247/705 1603/248/706
f 1563/207/666 1565/249/668 1525/208/628
f 1563/207/666 1603/248/706 1565/249/668
f 1565/210/668 1604/250/707 1564/209/667
f 1565/210/668 1605/251/708 1604/250/707
f 1564/209/667 1606/252/709 1566/211/669
f 1564/209/667 1604/250/707 1606/252/709
f 1566/211/669 1607/253/710 1567/212/670
f 1566/211/669 1606/252/709 1607/253/710
f 1567/212/670 1608/254/711 1568/213/671
f 1567/212/670 1607/253/710 1608/254/711
f 1568/213/671 1609/255/712 1569/214/672
f 1568/213/671 1608/254/711 1609/255/712
f 1569/214/672 1610/256/713 1570/215/673
f 1569/214/672 1609/255/712 1610/256/713
f 1570/215/673 1611/257/714 1571/216/674
f 1570/215/673 1610/256/713 1611/257/714
f 1571/216/674 1612/258/715 1572/217/675
f 1571/216/674 1611/257/714 1612/258/715
f 1572/217/675 1613/259/716 1573/218/676
f 1572/217/675 1612/258/715 1613/259/716
f 1573/218/676 1614/260/717 1574/219/677
f 1573/218/676 1613/259/716 1614/260/717
f 1574/219/677 1615/261/718 1575/220/678
f 1574/219/677 1614/260/717 1615/261/718
f 1575/220/678 1616/262/719 1576/221/679
f 1575/220/678 1615/261/718 1616/262/719
f 1576/221/679 1617/263/720 1577/222/680
f 1576/221/679 1616/262/719 1617/263/720
f 1577/222/680 1618/264/721 1578/223/681
f 1577/222/680 1617/263/720 1618/264/721
f 1578/223/681 1619/265/722 1579/224/682
f 1578/223/681 1618/264/721 1619/265/722
f 1579/224/682 1620/266/723 1580/225/683
f 1579/224/682 1619/265/722 1620/266/723
f 1580/225/683 1621/267/724 1581/226/684
f 1580/225/683 1620/266/723 1621/267/724
f 1581/226/684 1622/268/725 1582/227/685
f 1581/226/684 1621/267/724 1622/268/725
f 1582/227/685 1623/269/726 1583/228/686
f 1582/227/685 1622/268/725 1623/269/726
f 1583/228/686 1624/270/727 1584/229/687
f 1583/228/686 1623/269/726 1624/270/727
f 1584/229/687 1625/271/728 1585/230/688
f 1584/229/687 1624/270/727 1625/271/728
f 1585/230/688 1626/272/729 1586/231/689
f 1585/230/688 1625/271/728 1626/272/729
f 1586/231/689 1627/273/730 1587/232/690
f 1586/231/689 1626/272/729 1627/273/730
f 1587/232/690 1628/274/731 1588/233/691
f 1587/232/690 1627/273/730 1628/274/731
f 1588/233/691 1629/275/732 1589/234/692
f 1588/233/691 1628/274/731 1629/275/732
f 1589/234/692 1630/276/733 1590/235/693
f 1589/234/692 1629/275/732 1630/276/733
f 1590/235/693 1631/277/734 1591/236/694
f 1590/235/693 1630/276/733 1631/277/734
f 1591/236/694 1632/278/735 1592/237/695
f 1591/236/694 1631/277/734 1632/278/735
f 1592/237/695 1633/279/736 1593/238/696
f 1592/237/695 1632/278/735 1633/279/736
f 1593/238/696 1634/280/737 1594/239/697
f 1593/238/696 1633/279/736 1634/280/737
f 1594/239/697 1635/281/738 1595/240/698
f 1594/239/697 1634/280/737 1635/281/738
f 1595/240/698 1636/282/739 1596/241/699
f 1595/240/698 1635/281/738 1636/282/739
f 1596/241/699 1637/283/740 1597/242/700
f 1596/241/699 1636/282/739 1637/283/740
f 1597/242/700 1638/284/741 1598/243/701
f 1597/242/700 1637/283/740 1638/284/741
f 1598/243/701 1639/285/742 1599/244/702
f 1598/243/701 1638/284/741 1639/285/742
f 1599/244/702 1640/286/743 1600/245/703
f 1599/244/702 1639/285/742 1640/286/743
f 1600/245/703 1641/287/744 1601/246/704
f 1600/245/703 1640/286/743 1641/287/744
f 1601/246/704 1642/288/745 1602/247/705
f 1601/246/704 1641/287/744 1642/288/745
f 1602/247/705 1643/289/746 1603/248/706
f 1602/247/705 1642/288/745 1643/289/746
f 1603/248/706 1605/290/708 1565/249/668
f 1603/248/706 1643/289/746 1605/290/708
f 1605/251/708 1644/291/528 1604/250/707
f 1605/251/708 1645/292/527 1644/291/528
f 1604/250/707 1646/293/529 1606/252/709
f 1604/250/707 1644/291/528 1646/293/529
f 1606/252/709 1647/294/530 1607/253/710
f 1606/252/709 1646/293/529 1647/294/530
f 1607/253/710 1648/295/531 1608/254/711
f 1607/253/710 1647/294/530 1648/295/531
f 1608/254/711 1649/296/532 1609/255/712
f 1608/254/711 1648/295/531 1649/296/532
f 1609/255/712 1650/297/533 1610/256/713
f 1609/255/712 1649/296/532 1650/297/533
f 1610/256/713 1651/298/534 1611/257/714
f 1610/256/713 1650/297/533 1651/298/534
f 1611/257/714 1652/299/535 1612/258/715
f 1611/257/714 1651/298/534 1652/299/535
f 1612/258/715 1653/300/536 1613/259/716
f 1612/258/715 1652/299/535 1653/300/536
f 1613/259/716 1654/301/537 1614/260/717
f 1613/259/716 1653/300/536 1654/301/537
f 1614/260/717 1655/302/538 1615/261/718
f 1614/260/717 1654/301/537 1655/302/538
f 1615/261/718 1656/303/539 1616/262/719
f 1615/261/718 1655/302/538 1656/303/539
f 1616/262/719 1657/304/540 1617/263/720
f 1616/262/719 1656/303/539 1657/304/540
f 1617/263/720 1658/305/541 1618/264/721
f 1617/263/720 1657/304/540 1658/305/541
f 1618/264/721 1659/306/542 1619/265/722
f 1618/264/721 1658/305/541 1659/306/542
f 1619/265/722 1660/307/543 1620/266/723
f 1619/265/722 1659/306/542 1660/307/543
f 1620/266/723 1661/308/544 1621/267/724
f 1620/266/723 1660/307/543 1661/308/544
f 1621/267/724 1662/309/545 1622/268/725
f 1621/267/724 1661/308/544 1662/309/545
f 1622/268/725 1663/310/546 1623/269/726
f 1622/268/725 1662/309/545 1663/310/546
f 1623/269/726 1664/311/507 1624/270/727
f 1623/269/726 1663/310/546 1664/311/507
f 1624/270/727 1665/312/508 1625/271/728
f 1624/270/727 1664/311/507 1665/312/508
f 1625/271/728 1666/313/509 1626/272/729
f 1625/271/728 1665/312/508 1666/313/509
f 1626/272/729 1667/314/510 1627/273/730
f 1626/272/729 1666/313/509 1667/314/510
f 1627/273/730 1668/315/511 1628/274/731
f 1627/273/730 1667/314/510 1668/315/511
f 1628/274/731 1669/316/512 1629/275/732
f 1628/274/731 1668/315/511 1669/316/512
f 1629/275/732 1670/317/513 1630/276/733
f 1629/275/732 1669/316/512 1670/317/513
f 1630/276/733 1671/318/514 1631/277/734
f 1630/276/733 1670/317/513 1671/318/514
f 1631/277/734 1672/319/515 1632/278/735
f 1631/277/734 1671/318/514 1672/319/515
f 1632/278/735 1673/320/516 1633/279/736
f 1632/278/735 1672/319/515 1673/320/516
f 1633/279/736 1674/321/517 1634/280/737
f 1633/279/736 1673/320/516 1674/321/517
f 1634/280/737 1675/322/518 1635/281/738
f 1634/280/737 1674/321/517 1675/322/518
f 1635/281/738 1676/323/519 1636/282/739
f 1635/281/738 1675/322/518 1676/323/519
f 1636/282/739 1677/324/520 1637/283/740
f 1636/282/739 1676/323/519 1677/324/520
f 1637/283/740 1678/325/521 1638/284/741
f 1637/283/740 1677/324/520 1678/325/521
f 1638/284/741 1679/326/522 1639/285/742
f 1638/284/741 1678/325/521 1679/326/522
f 1639/285/742 1680/327/523 1640/286/743
f 1639/285/742 1679/326/522 1680/327/523
f 1640/286/743 1681/328/524 1641/287/744
f 1640/286/743 1680/327/523 1681/328/524
f 1641/287/744 1682/329/525 1642/288/745
f 1641/287/744 1681/328/524 1682/329/525
f 1642/288/745 1683/330/526 1643/289/746
f 1642/288/745 1682/329/525 1683/330/526
f 1643/289/746 1645/331/527 1605/290/708
f 1643/289/746 1683/330/526 1645/331/527
f 1684/332/130 1685/332/130 1686/332/130
f 1686/332/130 1685/332/130 1687/332/130
f 1687/332/130 1685/332/130 1688/332/130
f 1688/332/130 1685/332/130 1689/332/130
f 1689/332/130 1685/332/130 1690/332/130
f 1690/332/130 1685/332/130 1691/332/130
f 1691/332/130 1685/332/130 1692/332/130
f 1692/332/130 1685/332/130 1693/332/130
f 1693/332/130 1685/332/130 1694/332/130
f 1694/332/130 1685/332/130 1695/332/130
f 1695/332/130 1685/332/130 1696/332/130
f 1696/332/130 1685/332/130 1697/332/130
f 1697/332/130 1685/332/130 1698/332/130
f 1698/332/130 1685/332/130 1699/332/130
f 1699/332/130 1685/332/130 1700/332/130
f 1700/332/130 1685/332/130 1701/332/130
f 1701/332/130 1685/332/130 1702/332/130
f 1702/332/130 1685/332/130 1703/332/130
f 1703/332/130 1685/332/130 1704/332/130
f 1704/332/130 1685/332/130 1705/332/130
f 1705/332/130 1685/332/130 1706/332/130
f 1706/332/130 1685/332/130 1707/332/130
f 1707/332/130 1685/332/130 1708/332/130
f 1708/332/130 1685/332/130 1684/332/130
f 1709/3/120 1710/3/120 1711/3/747
f 1709/3/120 1711/3/747 1712/3/748
f 1710/3/120 1713/3/120 1714/3/749
f 1710/3/120 1714/3/749 1711/3/747
f 1713/3/120 1715/3/120 1716/3/750
f 1713/3/120 1716/3/750 1714/3/749
f 1715/3/120 1709/3/120 1712/3/748
f 1715/3/120 1712/3/748 1716/3/750
f 1712/3/748 1711/3/747 1717/3/63
f 1712/3/748 1717/3/63 1718/3/31
f 1711/3/747 1714/3/749 1719/3/751
f 1711/3/747 1719/3/751 1717/3/63
f 1714/3/749 1716/3/750 1720/3/752
f 1714/3/749 1720/3/752 1719/3/751
f 1716/3/750 1712/3/748 1718/3/31
f 1716/3/750 1718/3/31 1720/3/752
f 1718/3/31 1717/3/63 1721/3/63
f 1718/3/31 1721/3/63 1722/3/31
f 1717/3/63 1719/3/751 1723/3/751
f 1717/3/63 1723/3/751 1721/3/63
f 1719/3/751 1720/3/752 1724/3/752
f 1719/3/751 1724/3/752 1723/3/751
f 1720/3/752 1718/3/31 1722/3/31
f 1720/3/752 1722/3/31 1724/3/752
f 1722/3/31 1721/3/63 1725/3/753
f 1722/3/31 1725/3/753 1726/3/754
f 1721/3/63 1723/3/751 1727/3/755
f 1721/3/63 1727/3/755 1725/3/753
f 1723/3/751 1724/3/752 1728/3/756
f 1723/3/751 1728/3/756 1727/3/755
f 1724/3/752 1722/3/31 1726/3/754
f 1724/3/752 1726/3/754 1728/3/756
f 1726/3/754 1725/3/753 1729/3/104
f 1726/3/754 1729/3/104 1730/3/104
f 1725/3/753 1727/3/755 1731/3/104
f 1725/3/753 1731/3/104 1729/3/104
f 1727/3/755 1728/3/756 1732/3/104
f 1727/3/755 1732/3/104 1731/3/104
f 1728/3/756 1726/3/754 1730/3/104
f 1728/3/756 1730/3/104 1732/3/104
f 1733/3/120 1710/3/120 1709/3/120
f 1733/3/120 1713/3/120 1710/3/120
f 1733/3/120 1715/3/120 1713/3/120
f 1733/3/120 1709/3/120 1715/3/120
f 1734/3/104 1730/3/104 1729/3/104
f 1734/3/104 1729/3/104 1731/3/104
f 1734/3/104 1731/3/104 1732/3/104
f 1734/3/104 1732/3/104 1730/3/104
f 1735/3/116 1736/3/116 1737/3/757
f 1735/3/116 1737/3/757 1738/3/758
f 1736/3/116 1739/3/116 1740/3/759
f 1736/3/116 1740/3/759 1737/3/757
f 1739/3/116 1741/3/116 1742/3/760
f 1739/3/116 1742/3/760 1740/3/759
f 1741/3/116 1735/3/116 1738/3/758
f 1741/3/116 1738/3/758 1742/3/760
f 1738/3/758 1737/3/757 1743/3/55
f 1738/3/758 1743/3/55 1744/3/23
f 1737/3/757 1740/3/759 1745/3/761
f 1737/3/757 1745/3/761 1743/3/55
f 1740/3/759 1742/3/760 1746/3/762
f 1740/3/759 1746/3/762 1745/3/761
f 1742/3/760 1738/3/758 1744/3/23
f 1742/3/760 1744/3/23 1746/3/762
f 1744/3/23 1743/3/55 1747/3/55
f 1744/3/23 1747/3/55 1748/3/23
f 1743/3/55 1745/3/761 1749/3/761
f 1743/3/55 1749/3/761 1747/3/55
f 1745/3/761 1746/3/762 1750/3/762
f 1745/3/761 1750/3/762 1749/3/761
f 1746/3/762 1744/3/23 1748/3/23
f 1746/3/762 1748/3/23 1750/3/762
f 1748/3/23 1747/3/55 1751/3/763
f 1748/3/23 1751/3/763 1752/3/764
f 1747/3/55 1749/3/761 1753/3/765
f 1747/3/55 1753/3/765 1751/3/763
f 1749/3/761 1750/3/762 1754/3/766
f 1749/3/761 1754/3/766 1753/3/765
f 1750/3/762 1748/3/23 1752/3/764
f 1750/3/762 1752/3/764 1754/3/766
f 1752/3/764 1751/3/763 1755/3/100
f 1752/3/764 1755/3/100 1756/3/100
f 1751/3/763 1753/3/765 1757/3/100
f 1751/3/763 1757/3/100 1755/3/100
f 1753/3/765 1754/3/766 1758/3/100
f 1753/3/765 1758/3/100 1757/3/100
f 1754/3/766 1752/3/764 1756/3/100
f 1754/3/766 1756/3/100 1758/3/100
f 1759/3/116 1736/3/116 1735/3/116
f 1759/3/116 1739/3/116 1736/3/116
f 1759/3/116 1741/3/116 1739/3/116
f 1759/3/116 1735/3/116 1741/3/116
f 1760/3/100 1756/3/100 1755/3/100
f 1760/3/100 1755/3/100 1757/3/100
f 1760/3/100 1757/3/100 1758/3/100
f 1760/3/100 1758/3/100 1756/3/100
f 1761/3/112 1762/3/112 1763/3/767
f 1761/3/112 1763/3/767 1764/3/768
f 1762/3/112 1765/3/112 1766/3/769
f 1762/3/112 1766/3/769 1763/3/767
f 1765/3/112 1767/3/112 1768/3/770
f 1765/3/112 1768/3/770 1766/3/769
f 1767/3/112 1761/3/112 1764/3/768
f 1767/3/112 1764/3/768 1768/3/770
f 1764/3/768 1763/3/767 1769/3/47
f 1764/3/768 1769/3/47 1770/3/15
f 1763/3/767 1766/3/769 1771/3/771
f 1763/3/767 1771/3/771 1769/3/47
f 1766/3/769 1768/3/770 1772/3/772
f 1766/3/769 1772/3/772 1771/3/771
f 1768/3/770 1764/3/768 1770/3/15
f 1768/3/770 1770/3/15 1772/3/772
f 1770/3/15 1769/3/47 1773/3/47
f 1770/3/15 1773/3/47 1774/3/15
f 1769/3/47 1771/3/771 1775/3/771
f 1769/3/47 1775/3/771 1773/3/47
f 1771/3/771 1772/3/772 1776/3/772
f 1771/3/771 1776/3/772 1775/3/771
f 1772/3/772 1770/3/15 1774/3/15
f 1772/3/772 1774/3/15 1776/3/772
f 1774/3/15 1773/3/47 1777/3/773
f 1774/3/15 1777/3/773 1778/3/774
f 1773/3/47 1775/3/771 1779/3/775
f 1773/3/47 1779/3/775 1777/3/773
f 1775/3/771 1776/3/772 1780/3/776
f 1775/3/771 1780/3/776 1779/3/775
f 1776/3/772 1774/3/15 1778/3/774
f 1776/3/772 1778/3/774 1780/3/776
f 1778/3/774 1777/3/773 1781/3/128
f 1778/3/774 1781/3/128 1782/3/128
f 1777/3/773 1779/3/775 1783/3/128
f 1777/3/773 1783/3/128 1781/3/128
f 1779/3/775 1780/3/776 1784/3/128
f 1779/3/775 1784/3/128 1783/3/128
f 1780/3/776 1778/3/774 1782/3/128
f 1780/3/776 1782/3/128 1784/3/128
f 1785/3/112 1762/3/112 1761/3/112
f 1785/3/112 1765/3/112 1762/3/112
f 1785/3/112 1767/3/112 1765/3/112
f 1785/3/112 1761/3/112 1767/3/112
f 1786/3/128 1782/3/128 1781/3/128
f 1786/3/128 1781/3/128 1783/3/128
f 1786/3/128 1783/3/128 1784/3/128
f 1786/3/128 1784/3/128 1782/3/128
f 1787/3/108 1788/3/108 1789/3/777
f 1787/3/108 1789/3/777 1790/3/778
f 1788/3/108 1791/3/108 1792/3/779
f 1788/3/108 1792/3/779 1789/3/777
f 1791/3/108 1793/3/108 1794/3/780
f 1791/3/108 1794/3/780 1792/3/779
f 1793/3/108 1787/3/108 1790/3/778
f 1793/3/108 1790/3/778 1794/3/780
f 1790/3/778 1789/3/777 1795/3/39
f 1790/3/778 1795/3/39 1796/3/7
f 1789/3/777 1792/3/779 1797/3/781
f 1789/3/777 1797/3/781 1795/3/39
f 1792/3/779 1794/3/780 1798/3/782
f 1792/3/779 1798/3/782 1797/3/781
f 1794/3/780 1790/3/778 1796/3/7
f 1794/3/780 1796/3/7 1798/3/782
f 1796/3/7 1795/3/39 1799/3/39
f 1796/3/7 1799/3/39 1800/3/7
f 1795/3/39 1797/3/781 1801/3/781
f 1795/3/39 1801/3/781 1799/3/39
f 1797/3/781 1798/3/782 1802/3/782
f 1797/3/781 1802/3/782 1801/3/781
f 1798/3/782 1796/3/7 1800/3/7
f 1798/3/782 1800/3/7 1802/3/782
f 1800/3/7 1799/3/39 1803/3/783
f 1800/3/7 1803/3/783 1804/3/784
f 1799/3/39 1801/3/781 1805/3/785
f 1799/3/39 1805/3/785 1803/3/783
f 1801/3/781 1802/3/782 1806/3/786
f 1801/3/781 1806/3/786 1805/3/785
f 1802/3/782 1800/3/7 1804/3/784
f 1802/3/782 1804/3/784 1806/3/786
f 1804/3/784 1803/3/783 1807/3/124
f 1804/3/784 1807/3/124 1808/3/124
f 1803/3/783 1805/3/785 1809/3/124
f 1803/3/783 1809/3/124 1807/3/124
f 1805/3/785 1806/3/786 1810/3/124
f 1805/3/785 1810/3/124 1809/3/124
f 1806/3/786 1804/3/784 1808/3/124
f 1806/3/786 1808/3/124 1810/3/124
f 1811/3/108 1788/3/108 1787/3/108
f 1811/3/108 1791/3/108 1788/3/108
f 1811/3/108 1793/3/108 1791/3/108
f 1811/3/108 1787/3/108 1793/3/108
f 1812/3/124 1808/3/124 1807/3/124
f 1812/3/124 1807/3/124 1809/3/124
f 1812/3/124 1809/3/124 1810/3/124
f 1812/3/124 1810/3/124 1808/3/124
f 1813/3/104 1814/3/104 1815/3/754
f 1813/3/104 1815/3/754 1816/3/753
f 1814/3/104 1817/3/104 1818/3/756
f 1814/3/104 1818/3/756 1815/3/754
f 1817/3/104 1819/3/104 1820/3/755
f 1817/3/104 1820/3/755 1818/3/756
f 1819/3/104 1813/3/104 1816/3/753
f 1819/3/104 1816/3/753 1820/3/755
f 1816/3/753 1815/3/754 1821/3/31
f 1816/3/753 1821/3/31 1822/3/63
f 1815/3/754 1818/3/756 1823/3/752
f 1815/3/754 1823/3/752 1821/3/31
f 1818/3/756 1820/3/755 1824/3/751
f 1818/3/756 1824/3/751 1823/3/752
f 1820/3/755 1816/3/753 1822/3/63
f 1820/3/755 1822/3/63 1824/3/751
f 1822/3/63 1821/3/31 1825/3/31
f 1822/3/63 1825/3/31 1826/3/63
f 1821/3/31 1823/3/752 1827/3/752
f 1821/3/31 1827/3/752 1825/3/31
f 1823/3/752 1824/3/751 1828/3/751
f 1823/3/752 1828/3/751 1827/3/752
f 1824/3/751 1822/3/63 1826/3/63
f 1824/3/751 1826/3/63 1828/3/751
f 1826/3/63 1825/3/31 1829/3/748
f 1826/3/63 1829/3/748 1830/3/747
f 1825/3/31 1827/3/752 1831/3/750
f 1825/3/31 1831/3/750 1829/3/748
f 1827/3/752 1828/3/751 1832/3/749
f 1827/3/752 1832/3/749 1831/3/750
f 1828/3/751 1826/3/63 1830/3/747
f 1828/3/751 1830/3/747 1832/3/749
f 1830/3/747 1829/3/748 1833/3/120
f 1830/3/747 1833/3/120 1834/3/120
f 1829/3/748 1831/3/750 1835/3/120
f 1829/3/748 1835/3/120 1833/3/120
f 1831/3/750 1832/3/749 1836/3/120
f 1831/3/750 1836/3/120 1835/3/120
f 1832/3/749 1830/3/747 1834/3/120
f 1832/3/749 1834/3/120 1836/3/120
f 1837/3/104 1814/3/104 1813/3/104
f 1837/3/104 1817/3/104 1814/3/104
f 1837/3/104 1819/3/104 1817/3/104
f 1837/3/104 1813/3/104 1819/3/104
f 1838/3/120 1834/3/120 1833/3/120
f 1838/3/120 1833/3/120 1835/3/120
f 1838/3/120 1835/3/120 1836/3/120
f 1838/3/120 1836/3/120 1834/3/120
f 1839/3/100 1840/3/100 1841/3/764
f 1839/3/100 1841/3/764 1842/3/763
f 1840/3/100 1843/3/100 1844/3/766
f 1840/3/100 1844/3/766 1841/3/764
f 1843/3/100 1845/3/100 1846/3/765
f 1843/3/100 1846/3/765 1844/3/766
f 1845/3/100 1839/3/100 1842/3/763
f 1845/3/100 1842/3/763 1846/3/765
f 1842/3/763 1841/3/764 1847/3/23
f 1842/3/763 1847/3/23 1848/3/55
f 1841/3/764 1844/3/766 1849/3/762
f 1841/3/764 1849/3/762 1847/3/23
f 1844/3/766 1846/3/765 1850/3/761
f 1844/3/766 1850/3/761 1849/3/762
f 1846/3/765 1842/3/763 1848/3/55
f 1846/3/765 1848/3/55 1850/3/761
f 1848/3/55 1847/3/23 1851/3/23
f 1848/3/55 1851/3/23 1852/3/55
f 1847/3/23 1849/3/762 1853/3/762
f 1847/3/23 1853/3/762 1851/3/23
f 1849/3/762 1850/3/761 1854/3/761
f 1849/3/762 1854/3/761 1853/3/762
f 1850/3/761 1848/3/55 1852/3/55
f 1850/3/761 1852/3/55 1854/3/761
f 1852/3/55 1851/3/23 1855/3/758
f 1852/3/55 1855/3/758 1856/3/757
f 1851/3/23 1853/3/762 1857/3/760
f 1851/3/23 1857/3/760 1855/3/758
f 1853/3/762 1854/3/761 1858/3/759
f 1853/3/762 1858/3/759 1857/3/760
f 1854/3/761 1852/3/55 1856/3/757
f 1854/3/761 1856/3/757 1858/3/759
f 1856/3/757 1855/3/758 1859/3/116
f 1856/3/757 1859/3/116 1860/3/116
f 1855/3/758 1857/3/760 1861/3/116
f 1855/3/758 1861/3/116 1859/3/116
f 1857/3/760 1858/3/759 1862/3/116
f 1857/3/760 1862/3/116 1861/3/116
f 1858/3/759 1856/3/757 1860/3/116
f 1858/3/759 1860/3/116 1862/3/116
f 1863/3/100 1840/3/100 1839/3/100
f 1863/3/100 1843/3/100 1840/3/100
f 1863/3/100 1845/3/100 1843/3/100
f 1863/3/100 1839/3/100 1845/3/100
f 1864/3/116 1860/3/116 1859/3/116
f 1864/3/116 1859/3/116 1861/3/116
f 1864/3/116 1861/3/116 1862/3/116
f 1864/3/116 1862/3/116 1860/3/116
f 1865/3/128 1866/3/128 1867/3/774
f 1865/3/128 1867/3/774 1868/3/773
f 1866/3/128 1869/3/128 1870/3/776
f 1866/3/128 1870/3/776 1867/3/774
f 1869/3/128 1871/3/128 1872/3/775
f 1869/3/128 1872/3/775 1870/3/776
f 1871/3/128 1865/3/128 1868/3/773
f 1871/3/128 1868/3/773 1872/3/775
f 1868/3/773 1867/3/774 1873/3/15
f 1868/3/773 1873/3/15 1874/3/47
f 1867/3/774 1870/3/776 1875/3/772
f 1867/3/774 1875/3/772 1873/3/15
f 1870/3/776 1872/3/775 1876/3/771
f 1870/3/776 1876/3/771 1875/3/772
f 1872/3/775 1868/3/773 1874/3/47
f 1872/3/775 1874/3/47 1876/3/771
f 1874/3/47 1873/3/15 1877/3/15
f 1874/3/47 1877/3/15 1878/3/47
f 1873/3/15 1875/3/772 1879/3/772
f 1873/3/15 1879/3/772 1877/3/15
f 1875/3/772 1876/3/771 1880/3/771
f 1875/3/772 1880/3/771 1879/3/772
f 1876/3/771 1874/3/47 1878/3/47
f 1876/3/771 1878/3/47 1880/3/771
f 1878/3/47 1877/3/15 1881/3/768
f 1878/3/47 1881/3/768 1882/3/767
f 1877/3/15 1879/3/772 1883/3/770
f 1877/3/15 1883/3/770 1881/3/768
f 1879/3/772 1880/3/771 1884/3/769
f 1879/3/772 1884/3/769 1883/3/770
f 1880/3/771 1878/3/47 1882/3/767
f 1880/3/771 1882/3/767 1884/3/769
f 1882/3/767 1881/3/768 1885/3/112
f 1882/3/767 1885/3/112 1886/3/112
f 1881/3/768 1883/3/770 1887/3/112
f 1881/3/768 1887/3/112 1885/3/112
f 1883/3/770 1884/3/769 1888/3/112
f 1883/3/770 1888/3/112 1887/3/112
f 1884/3/769 1882/3/767 1886/3/112
f 1884/3/769 1886/3/112 1888/3/112
f 1889/3/128 1866/3/128 1865/3/128
f 1889/3/128 1869/3/128 1866/3/128
f 1889/3/128 1871/3/128 1869/3/128
f 1889/3/128 1865/3/128 1871/3/128
f 1890/3/112 1886/3/112 1885/3/112
f 1890/3/112 1885/3/112 1887/3/112
f 1890/3/112 1887/3/112 1888/3/112
f 1890/3/112 1888/3/112 1886/3/112
f 1891/3/124 1892/3/124 1893/3/784
f 1891/3/124 1893/3/784 1894/3/783
f 1892/3/124 1895/3/124 1896/3/786
f 1892/3/124 1896/3/786 1893/3/784
f 1895/3/124 1897/3/124 1898/3/785
f 1895/3/124 1898/3/785 1896/3/786
f 1897/3/124 1891/3/124 1894/3/783
f 1897/3/124 1894/3/783 1898/3/785
f 1894/3/783 1893/3/784 1899/3/7
f 1894/3/783 1899/3/7 1900/3/39
f 1893/3/784 1896/3/786 1901/3/782
f 1893/3/784 1901/3/782 1899/3/7
f 1896/3/786 1898/3/785 1902/3/781
f 1896/3/786 1902/3/781 1901/3/782
f 1898/3/785 1894/3/783 1900/3/39
f 1898/3/785 1900/3/39 1902/3/781
f 1900/3/39 1899/3/7 1903/3/7
f 1900/3/39 1903/3/7 1904/3/39
f 1899/3/7 1901/3/782 1905/3/782
f 1899/3/7 1905/3/782 1903/3/7
f 1901/3/782 1902/3/781 1906/3/781
f 1901/3/782 1906/3/781 1905/3/782
f 1902/3/781 1900/3/39 1904/3/39
f 1902/3/781 1904/3/39 1906/3/781
f 1904/3/39 1903/3/7 1907/3/778
f 1904/3/39 1907/3/778 1908/3/777
f 1903/3/7 1905/3/782 1909/3/780
f 1903/3/7 1909/3/780 1907/3/778
f 1905/3/782 1906/3/781 1910/3/779
f 1905/3/782 1910/3/779 1909/3/780
f 1906/3/781 1904/3/39 1908/3/777
f 1906/3/781 1908/3/777 1910/3/779
f 1908/3/777 1907/3/778 1911/3/108
f 1908/3/777 1911/3/108 1912/3/108
f 1907/3/778 1909/3/780 1913/3/108
f 1907/3/778 1913/3/108 1911/3/108
f 1909/3/780 1910/3/779 1914/3/108
f 1909/3/780 1914/3/108 1913/3/108
f 1910/3/779 1908/3/777 1912/3/108
f 1910/3/779 1912/3/108 1914/3/108
f 1915/3/124 1892/3/124 1891/3/124
f 1915/3/124 1895/3/124 1892/3/124
f 1915/3/124 1897/3/124 1895/3/124
f 1915/3/124 1891/3/124 1897/3/124
f 1916/3/108 1912/3/108 1911/3/108
f 1916/3/108 1911/3/108 1913/3/108
f 1916/3/108 1913/3/108 1914/3/108
f 1916/3/108 1914/3/108 1912/3/108
f 1917/2/122 1918/2/122 1919/2/787
f 1917/2/122 1919/2/787 1920/2/788
f 1918/2/122 1921/2/122 1922/2/789
f 1918/2/122 1922/2/789 1919/2/787
f 1921/2/122 1923/2/122 1924/2/790
f 1921/2/122 1924/2/790 1922/2/789
f 1923/2/122 1925/2/122 1926/2/791
f 1923/2/122 1926/2/791 1924/2/790
f 1925/2/122 1927/2/122 1928/2/792
f 1925/2/122 1928/2/792 1926/2/791
f 1927/2/122 1929/2/122 1930/2/793
f 1927/2/122 1930/2/793 1928/2/792
f 1929/2/122 1931/2/122 1932/2/794
f 1929/2/122 1932/2/794 1930/2/793
f 1931/2/122 1933/2/122 1934/2/795
f 1931/2/122 1934/2/795 1932/2/794
f 1933/2/122 1935/2/122 1936/2/796
f 1933/2/122 1936/2/796 1934/2/795
f 1935/2/122 1937/2/122 1938/2/797
f 1935/2/122 1938/2/797 1936/2/796
f 1937/2/122 1939/2/122 1940/2/798
f 1937/2/122 1940/2/798 1938/2/797
f 1939/2/122 1941/2/122 1942/2/799
f 1939/2/122 1942/2/799 1940/2/798
f 1941/2/122 1943/2/122 1944/2/800
f 1941/2/122 1944/2/800 1942/2/799
f 1943/2/122 1945/2/122 1946/2/801
f 1943/2/122 1946/2/801 1944/2/800
f 1945/2/122 1947/2/122 1948/2/802
f 1945/2/122 1948/2/802 1946/2/801
f 1947/2/122 1949/2/122 1950/2/803
f 1947/2/122 1950/2/803 1948/2/802
f 1949/2/122 1951/2/122 1952/2/804
f 1949/2/122 1952/2/804 1950/2/803
f 1951/2/122 1953/2/122 1954/2/805
f 1951/2/122 1954/2/805 1952/2/804
f 1953/2/122 1955/2/122 1956/2/806
f 1953/2/122 1956/2/806 1954/2/805
f 1955/2/122 1917/2/122 1920/2/788
f 1955/2/122 1920/2/788 1956/2/806
f 1920/2/788 1919/2/787 1957/2/807
f 1920/2/788 1957/2/807 1958/2/808
f 1919/2/787 1922/2/789 1959/2/809
f 1919/2/787 1959/2/809 1957/2/807
f 1922/2/789 1924/2/790 1960/2/810
f 1922/2/789 1960/2/810 1959/2/809
f 1924/2/790 1926/2/791 1961/2/811
f 1924/2/790 1961/2/811 1960/2/810
f 1926/2/791 1928/2/792 1962/2/812
f 1926/2/791 1962/2/812 1961/2/811
f 1928/2/792 1930/2/793 1963/2/813
f 1928/2/792 1963/2/813 1962/2/812
f 1930/2/793 1932/2/794 1964/2/814
f 1930/2/793 1964/2/814 1963/2/813
f 1932/2/794 1934/2/795 1965/2/815
f 1932/2/794 1965/2/815 1964/2/814
f 1934/2/795 1936/2/796 1966/2/816
f 1934/2/795 1966/2/816 1965/2/815
f 1936/2/796 1938/2/797 1967/2/817
f 1936/2/796 1967/2/817 1966/2/816
f 1938/2/797 1940/2/798 1968/2/818
f 1938/2/797 1968/2/818 1967/2/817
f 1940/2/798 1942/2/799 1969/2/819
f 1940/2/798 1969/2/819 1968/2/818
f 1942/2/799 1944/2/800 1970/2/820
f 1942/2/799 1970/2/820 1969/2/819
f 1944/2/800 1946/2/801 1971/2/821
f 1944/2/800 1971/2/821 1970/2/820
f 1946/2/801 1948/2/802 1972/2/822
f 1946/2/801 1972/2/822 1971/2/821
f 1948/2/802 1950/2/803 1973/2/823
f 1948/2/802 1973/2/823 1972/2/822
f 1950/2/803 1952/2/804 1974/2/824
f 1950/2/803 1974/2/824 1973/2/823
f 1952/2/804 1954/2/805 1975/2/825
f 1952/2/804 1975/2/825 1974/2/824
f 1954/2/805 1956/2/806 1976/2/826
f 1954/2/805 1976/2/826 1975/2/825
f 1956/2/806 1920/2/788 1958/2/808
f 1956/2/806 1958/2/808 1976/2/826
f 1958/2/808 1957/2/807 1977/2/827
f 1958/2/808 1977/2/827 1978/2/828
f 1957/2/807 1959/2/809 1979/2/35
f 1957/2/807 1979/2/35 1977/2/827
f 1959/2/809 1960/2/810 1980/2/829
f 1959/2/809 1980/2/829 1979/2/35
f 1960/2/810 1961/2/811 1981/2/830
f 1960/2/810 1981/2/830 1980/2/829
f 1961/2/811 1962/2/812 1982/2/831
f 1961/2/811 1982/2/831 1981/2/830
f 1962/2/812 1963/2/813 1983/2/832
f 1962/2/812 1983/2/832 1982/2/831
f 1963/2/813 1964/2/814 1984/2/2
f 1963/2/813 1984/2/2 1983/2/832
f 1964/2/814 1965/2/815 1985/2/833
f 1964/2/814 1985/2/833 1984/2/2
f 1965/2/815 1966/2/816 1986/2/834
f 1965/2/815 1986/2/834 1985/2/833
f 1966/2/816 1967/2/817 1987/2/835
f 1966/2/816 1987/2/835 1986/2/834
f 1967/2/817 1968/2/818 1988/2/836
f 1967/2/817 1988/2/836 1987/2/835
f 1968/2/818 1969/2/819 1989/2/507
f 1968/2/818 1989/2/507 1988/2/836
f 1969/2/819 1970/2/820 1990/2/837
f 1969/2/819 1990/2/837 1989/2/507
f 1970/2/820 1971/2/821 1991/2/838
f 1970/2/820 1991/2/838 1990/2/837
f 1971/2/821 1972/2/822 1992/2/839
f 1971/2/821 1992/2/839 1991/2/838
f 1972/2/822 1973/2/823 1993/2/840
f 1972/2/822 1993/2/840 1992/2/839
f 1973/2/823 1974/2/824 1994/2/527
f 1973/2/823 1994/2/527 1993/2/840
f 1974/2/824 1975/2/825 1995/2/841
f 1974/2/824 1995/2/841 1994/2/527
f 1975/2/825 1976/2/826 1996/2/842
f 1975/2/825 1996/2/842 1995/2/841
f 1976/2/826 1958/2/808 1978/2/828
f 1976/2/826 1978/2/828 1996/2/842
f 1978/2/828 1977/2/827 1997/2/827
f 1978/2/828 1997/2/827 1998/2/828
f 1977/2/827 1979/2/35 1999/2/35
f 1977/2/827 1999/2/35 1997/2/827
f 1979/2/35 1980/2/829 2000/2/829
f 1979/2/35 2000/2/829 1999/2/35
f 1980/2/829 1981/2/830 2001/2/830
f 1980/2/829 2001/2/830 2000/2/829
f 1981/2/830 1982/2/831 2002/2/831
f 1981/2/830 2002/2/831 2001/2/830
f 1982/2/831 1983/2/832 2003/2/832
f 1982/2/831 2003/2/832 2002/2/831
f 1983/2/832 1984/2/2 2004/2/2
f 1983/2/832 2004/2/2 2003/2/832
f 1984/2/2 1985/2/833 2005/2/833
f 1984/2/2 2005/2/833 2004/2/2
f 1985/2/833 1986/2/834 2006/2/834
f 1985/2/833 2006/2/834 2005/2/833
f 1986/2/834 1987/2/835 2007/2/835
f 1986/2/834 2007/2/835 2006/2/834
f 1987/2/835 1988/2/836 2008/2/836
f 1987/2/835 2008/2/836 2007/2/835
f 1988/2/836 1989/2/507 2009/2/507
f 1988/2/836 2009/2/507 2008/2/836
f 1989/2/507 1990/2/837 2010/2/837
f 1989/2/507 2010/2/837 2009/2/507
f 1990/2/837 1991/2/838 2011/2/838
f 1990/2/837 2011/2/838 2010/2/837
f 1991/2/838 1992/2/839 2012/2/839
f 1991/2/838 2012/2/839 2011/2/838
f 1992/2/839 1993/2/840 2013/2/840
f 1992/2/839 2013/2/840 2012/2/839
f 1993/2/840 1994/2/527 2014/2/527
f 1993/2/840 2014/2/527 2013/2/840
f 1994/2/527 1995/2/841 2015/2/841
f 1994/2/527 2015/2/841 2014/2/527
f 1995/2/841 1996/2/842 2016/2/842
f 1995/2/841 2016/2/842 2015/2/841
f 1996/2/842 1978/2/828 1998/2/828
f 1996/2/842 1998/2/828 2016/2/842
f 1998/2/828 1997/2/827 2017/2/843
f 1998/2/828 2017/2/843 2018/2/844
f 1997/2/827 1999/2/35 2019/2/845
f 1997/2/827 2019/2/845 2017/2/843
f 1999/2/35 2000/2/829 2020/2/846
f 1999/2/35 2020/2/846 2019/2/845
f 2000/2/829 2001/2/830 2021/2/847
f 2000/2/829 2021/2/847 2020/2/846
f 2001/2/830 2002/2/831 2022/2/848
f 2001/2/830 2022/2/848 2021/2/847
f 2002/2/831 2003/2/832 2023/2/849
f 2002/2/831 2023/2/849 2022/2/848
f 2003/2/832 2004/2/2 2024/2/850
f 2003/2/832 2024/2/850 2023/2/849
f 2004/2/2 2005/2/833 2025/2/851
f 2004/2/2 2025/2/851 2024/2/850
f 2005/2/833 2006/2/834 2026/2/852
f 2005/2/833 2026/2/852 2025/2/851
f 2006/2/834 2007/2/835 2027/2/853
f 2006/2/834 2027/2/853 2026/2/852
f 2007/2/835 2008/2/836 2028/2/854
f 2007/2/835 2028/2/854 2027/2/853
f 2008/2/836 2009/2/507 2029/2/855
f 2008/2/836 2029/2/855 2028/2/854
f 2009/2/507 2010/2/837 2030/2/856
f 2009/2/507 2030/2/856 2029/2/855
f 2010/2/837 2011/2/838 2031/2/857
f 2010/2/837 2031/2/857 2030/2/856
f 2011/2/838 2012/2/839 2032/2/858
f 2011/2/838 2032/2/858 2031/2/857
f 2012/2/839 2013/2/840 2033/2/859
f 2012/2/839 2033/2/859 2032/2/858
f 2013/2/840 2014/2/527 2034/2/860
f 2013/2/840 2034/2/860 2033/2/859
f 2014/2/527 2015/2/841 2035/2/861
f 2014/2/527 2035/2/861 2034/2/860
f 2015/2/841 2016/2/842 2036/2/862
f 2015/2/841 2036/2/862 2035/2/861
f 2016/2/842 1998/2/828 2018/2/844
f 2016/2/842 2018/2/844 2036/2/862
f 2018/2/844 2017/2/843 2037/2/863
f 2018/2/844 2037/2/863 2038/2/864
f 2017/2/843 2019/2/845 2039/2/865
f 2017/2/843 2039/2/865 2037/2/863
f 2019/2/845 2020/2/846 2040/2/866
f 2019/2/845 2040/2/866 2039/2/865
f 2020/2/846 2021/2/847 2041/2/867
f 2020/2/846 2041/2/867 2040/2/866
f 2021/2/847 2022/2/848 2042/2/868
f 2021/2/847 2042/2/868 2041/2/867
f 2022/2/848 2023/2/849 2043/2/869
f 2022/2/848 2043/2/869 2042/2/868
f 2023/2/849 2024/2/850 2044/2/870
f 2023/2/849 2044/2/870 2043/2/869
f 2024/2/850 2025/2/851 2045/2/871
f 2024/2/850 2045/2/871 2044/2/870
f 2025/2/851 2026/2/852 2046/2/872
f 2025/2/851 2046/2/872 2045/2/871
f 2026/2/852 2027/2/853 2047/2/873
f 2026/2/852 2047/2/873 2046/2/872
f 2027/2/853 2028/2/854 2048/2/874
f 2027/2/853 2048/2/874 2047/2/873
f 2028/2/854 2029/2/855 2049/2/875
f 2028/2/854 2049/2/875 2048/2/874
f 2029/2/855 2030/2/856 2050/2/876
f 2029/2/855 2050/2/876 2049/2/875
f 2030/2/856 2031/2/857 2051/2/877
f 2030/2/856 2051/2/877 2050/2/876
f 2031/2/857 2032/2/858 2052/2/878
f 2031/2/857 2052/2/878 2051/2/877
f 2032/2/858 2033/2/859 2053/2/879
f 2032/2/858 2053/2/879 2052/2/878
f 2033/2/859 2034/2/860 2054/2/880
f 2033/2/859 2054/2/880 2053/2/879
f 2034/2/860 2035/2/861 2055/2/881
f 2034/2/860 2055/2/881 2054/2/880
f 2035/2/861 2036/2/862 2056/2/882
f 2035/2/861 2056/2/882 2055/2/881
f 2036/2/862 2018/2/844 2038/2/864
f 2036/2/862 2038/2/864 2056/2/882
f 2038/2/864 2037/2/863 2057/2/106
f 2038/2/864 2057/2/106 2058/2/106
f 2037/2/863 2039/2/865 2059/2/106
f 2037/2/863 2059/2/106 2057/2/106
f 2039/2/865 2040/2/866 2060/2/106
f 2039/2/865 2060/2/106 2059/2/106
f 2040/2/866 2041/2/867 2061/2/106
f 2040/2/866 2061/2/106 2060/2/106
f 2041/2/867 2042/2/868 2062/2/106
f 2041/2/867 2062/2/106 2061/2/106
f 2042/2/868 2043/2/869 2063/2/106
f 2042/2/868 2063/2/106 2062/2/106
f 2043/2/869 2044/2/870 2064/2/106
f 2043/2/869 2064/2/106 2063/2/106
f 2044/2/870 2045/2/871 2065/2/106
f 2044/2/870 2065/2/106 2064/2/106
f 2045/2/871 2046/2/872 2066/2/106
f 2045/2/871 2066/2/106 2065/2/106
f 2046/2/872 2047/2/873 2067/2/106
f 2046/2/872 2067/2/106 2066/2/106
f 2047/2/873 2048/2/874 2068/2/106
f 2047/2/873 2068/2/106 2067/2/106
f 2048/2/874 2049/2/875 2069/2/106
f 2048/2/874 2069/2/106 2068/2/106
f 2049/2/875 2050/2/876 2070/2/106
f 2049/2/875 2070/2/106 2069/2/106
f 2050/2/876 2051/2/877 2071/2/106
f 2050/2/876 2071/2/106 2070/2/106
f 2051/2/877 2052/2/878 2072/2/106
f 2051/2/877 2072/2/106 2071/2/106
f 2052/2/878 2053/2/879 2073/2/106
f 2052/2/878 2073/2/106 2072/2/106
f 2053/2/879 2054/2/880 2074/2/106
f 2053/2/879 2074/2/106 2073/2/106
f 2054/2/880 2055/2/881 2075/2/106
f 2054/2/880 2075/2/106 2074/2/106
f 2055/2/881 2056/2/882 2076/2/106
f 2055/2/881 2076/2/106 2075/2/106
f 2056/2/882 2038/2/864 2058/2/106
f 2056/2/882 2058/2/106 2076/2/106
f 2077/2/122 1918/2/122 1917/2/122
f 2077/2/122 1921/2/122 1918/2/122
f 2077/2/122 1923/2/122 1921/2/122
f 2077/2/122 1925/2/122 1923/2/122
f 2077/2/122 1927/2/122 1925/2/122
f 2077/2/122 1929/2/122 1927/2/122
f 2077/2/122 1931/2/122 1929/2/122
f 2077/2/122 1933/2/122 1931/2/122
f 2077/2/122 1935/2/122 1933/2/122
f 2077/2/122 1937/2/122 1935/2/122
f 2077/2/122 1939/2/122 1937/2/122
f 2077/2/122 1941/2/122 1939/2/122
f 2077/2/122 1943/2/122 1941/2/122
f 2077/2/122 1945/2/122 1943/2/122
f 2077/2/122 1947/2/122 1945/2/122
f 2077/2/122 1949/2/122 1947/2/122
f 2077/2/122 1951/2/122 1949/2/122
f 2077/2/122 1953/2/122 1951/2/122
f 2077/2/122 1955/2/122 1953/2/122
f 2077/2/122 1917/2/122 1955/2/122
f 2078/2/106 2058/2/106 2057/2/106
f 2078/2/106 2057/2/106 2059/2/106
f 2078/2/106 2059/2/106 2060/2/106
f 2078/2/106 2060/2/106 2061/2/106
f 2078/2/106 2061/2/106 2062/2/106
f 2078/2/106 2062/2/106 2063/2/106
f 2078/2/106 2063/2/106 2064/2/106
f 2078/2/106 2064/2/106 2065/2/106
f 2078/2/106 2065/2/106 2066/2/106
f 2078/2/106 2066/2/106 2067/2/106
f 2078/2/106 2067/2/106 2068/2/106
f 2078/2/106 2068/2/106 2069/2/106
f 2078/2/106 2069/2/106 2070/2/106
f 2078/2/106 2070/2/106 2071/2/106
f 2078/2/106 2071/2/106 2072/2/106
f 2078/2/106 2072/2/106 2073/2/106
f 2078/2/106 2073/2/106 2074/2/106
f 2078/2/106 2074/2/106 2075/2/106
f 2078/2/106 2075/2/106 2076/2/106
f 2078/2/106 2076/2/106 2058/2/106
f 2079/333/122 2080/333/122 2081/333/2
f 2079/333/122 2081/333/2 2082/333/35
f 2080/333/122 2083/333/122 2084/333/507
f 2080/333/122 2084/333/507 2081/333/2
f 2083/333/122 2085/333/122 2086/333/527
f 2083/333/122 2086/333/527 2084/333/507
f 2085/333/122 2079/333/122 2082/333/35
f 2085/333/122 2082/333/35 2086/333/527
f 2082/333/35 2081/333/2 2087/333/2
f 2082/333/35 2087/333/2 2088/333/35
f 2081/333/2 2084/333/507 2089/333/507
f 2081/333/2 2089/333/507 2087/333/2
f 2084/333/507 2086/333/527 2090/333/527
f 2084/333/507 2090/333/527 2089/333/507
f 2086/333/527 2082/333/35 2088/333/35
f 2086/333/527 2088/333/35 2090/333/527
f 2088/333/35 2087/333/2 2091/333/106
f 2088/333/35 2091/333/106 2092/333/106
f 2087/333/2 2089/333/507 2093/333/106
f 2087/333/2 2093/333/106 2091/333/106
f 2089/333/507 2090/333/527 2094/333/106
f 2089/333/507 2094/333/106 2093/333/106
f 2090/333/527 2088/333/35 2092/333/106
f 2090/333/527 2092/333/106 2094/333/106
f 2095/333/122 2080/333/122 2079/333/122
f 2095/333/122 2083/333/122 2080/333/122
f 2095/333/122 2085/333/122 2083/333/122
f 2095/333/122 2079/333/122 2085/333/122
f 2096/333/106 2092/333/106 2091/333/106
f 2096/333/106 2091/333/106 2093/333/106
f 2096/333/106 2093/333/106 2094/333/106
f 2096/333/106 2094/333/106 2092/333/106
f 2097/334/122 2098/334/122 2099/334/883
f 2097/334/122 2099/334/883 2100/334/884
f 2098/334/122 2101/334/122 2102/334/885
f 2098/334/122 2102/334/885 2099/334/883
f 2101/334/122 2103/334/122 2104/334/886
f 2101/334/122 2104/334/886 2102/334/885
f 2103/334/122 2105/334/122 2106/334/887
f 2103/334/122 2106/334/887 2104/334/886
f 2105/334/122 2107/334/122 2108/334/888
f 2105/334/122 2108/334/888 2106/334/887
f 2107/334/122 2109/334/122 2110/334/889
f 2107/334/122 2110/334/889 2108/334/888
f 2109/334/122 2111/334/122 2112/334/890
f 2109/334/122 2112/334/890 2110/334/889
f 2111/334/122 2113/334/122 2114/334/891
f 2111/334/122 2114/334/891 2112/334/890
f 2113/334/122 2115/334/122 2116/334/892
f 2113/334/122 2116/334/892 2114/334/891
f 2115/334/122 2117/334/122 2118/334/893
f 2115/334/122 2118/334/893 2116/334/892
f 2117/334/122 2119/334/122 2120/334/894
f 2117/334/122 2120/334/894 2118/334/893
f 2119/334/122 2121/334/122 2122/334/895
f 2119/334/122 2122/334/895 2120/334/894
f 2121/334/122 2123/334/122 2124/334/896
f 2121/334/122 2124/334/896 2122/334/895
f 2123/334/122 2125/334/122 2126/334/897
f 2123/334/122 2126/334/897 2124/334/896
f 2125/334/122 2127/334/122 2128/334/898
f 2125/334/122 2128/334/898 2126/334/897
f 2127/334/122 2129/334/122 2130/334/899
f 2127/334/122 2130/334/899 2128/334/898
f 2129/334/122 2131/334/122 2132/334/900
f 2129/334/122 2132/334/900 2130/334/899
f 2131/334/122 2133/334/122 2134/334/901
f 2131/334/122 2134/334/901 2132/334/900
f 2133/334/122 2135/334/122 2136/334/902
f 2133/334/122 2136/334/902 2134/334/901
f 2135/334/122 2097/334/122 2100/334/884
f 2135/334/122 2100/334/884 2136/334/902
f 2100/334/884 2099/334/883 2137/334/827
f 2100/334/884 2137/334/827 2138/334/828
f 2099/334/883 2102/334/885 2139/334/35
f 2099/334/883 2139/334/35 2137/334/827
f 2102/334/885 2104/334/886 2140/334/829
f 2102/334/885 2140/334/829 2139/334/35
f 2104/334/886 2106/334/887 2141/334/830
f 2104/334/886 2141/334/830 2140/334/829
f 2106/334/887 2108/334/888 2142/334/831
f 2106/334/887 2142/334/831 2141/334/830
f 2108/334/888 2110/334/889 2143/334/832
f 2108/334/888 2143/334/832 2142/334/831
f 2110/334/889 2112/334/890 2144/334/2
f 2110/334/889 2144/334/2 2143/334/832
f 2112/334/890 2114/334/891 2145/334/833
f 2112/334/890 2145/334/833 2144/334/2
f 2114/334/891 2116/334/892 2146/334/834
f 2114/334/891 2146/334/834 2145/334/833
f 2116/334/892 2118/334/893 2147/334/835
f 2116/334/892 2147/334/835 2146/334/834
f 2118/334/893 2120/334/894 2148/334/836
f 2118/334/893 2148/334/836 2147/334/835
f 2120/334/894 2122/334/895 2149/334/507
f 2120/334/894 2149/334/507 2148/334/836
f 2122/334/895 2124/334/896 2150/334/837
f 2122/334/895 2150/334/837 2149/334/507
f 2124/334/896 2126/334/897 2151/334/838
f 2124/334/896 2151/334/838 2150/334/837
f 2126/334/897 2128/334/898 2152/334/839
f 2126/334/897 2152/334/839 2151/334/838
f 2128/334/898 2130/334/899 2153/334/840
f 2128/334/898 2153/334/840 2152/334/839
f 2130/334/899 2132/334/900 2154/334/527
f 2130/334/899 2154/334/527 2153/334/840
f 2132/334/900 2134/334/901 2155/334/841
f 2132/334/900 2155/334/841 2154/334/527
f 2134/334/901 2136/334/902 2156/334/842
f 2134/334/901 2156/334/842 2155/334/841
f 2136/334/902 2100/334/884 2138/334/828
f 2136/334/902 2138/334/828 2156/334/842
f 2138/334/828 2137/334/827 2157/334/827
f 2138/334/828 2157/334/827 2158/334/828
f 2137/334/827 2139/334/35 2159/334/35
f 2137/334/827 2159/334/35 2157/334/827
f 2139/334/35 2140/334/829 2160/334/829
f 2139/334/35 2160/334/829 2159/334/35
f 2140/334/829 2141/334/830 2161/334/830
f 2140/334/829 2161/334/830 2160/334/829
f 2141/334/830 2142/334/831 2162/334/831
f 2141/334/830 2162/334/831 2161/334/830
f 2142/334/831 2143/334/832 2163/334/832
f 2142/334/831 2163/334/832 2162/334/831
f 2143/334/832 2144/334/2 2164/334/2
f 2143/334/832 2164/334/2 2163/334/832
f 2144/334/2 2145/334/833 2165/334/833
f 2144/334/2 2165/334/833 2164/334/2
f 2145/334/833 2146/334/834 2166/334/834
f 2145/334/833 2166/334/834 2165/334/833
f 2146/334/834 2147/334/835 2167/334/835
f 2146/334/834 2167/334/835 2166/334/834
f 2147/334/835 2148/334/836 2168/334/836
f 2147/334/835 2168/334/836 2167/334/835
f 2148/334/836 2149/334/507 2169/334/507
f 2148/334/836 2169/334/507 2168/334/836
f 2149/334/507 2150/334/837 2170/334/837
f 2149/334/507 2170/334/837 2169/334/507
f 2150/334/837 2151/334/838 2171/334/838
f 2150/334/837 2171/334/838 2170/334/837
f 2151/334/838 2152/334/839 2172/334/839
f 2151/334/838 2172/334/839 2171/334/838
f 2152/334/839 2153/334/840 2173/334/840
f 2152/334/839 2173/334/840 2172/334/839
f 2153/334/840 2154/334/527 2174/334/527
f 2153/334/840 2174/334/527 2173/334/840
f 2154/334/527 2155/334/841 2175/334/841
f 2154/334/527 2175/334/841 2174/334/527
f 2155/334/841 2156/334/842 2176/334/842
f 2155/334/841 2176/334/842 2175/334/841
f 2156/334/842 2138/334/828 2158/334/828
f 2156/334/842 2158/334/828 2176/334/842
f 2158/334/828 2157/334/827 2177/334/903
f 2158/334/828 2177/334/903 2178/334/904
f 2157/334/827 2159/334/35 2179/334/905
f 2157/334/827 2179/334/905 2177/334/903
f 2159/334/35 2160/334/829 2180/334/906
f 2159/334/35 2180/334/906 2179/334/905
f 2160/334/829 2161/334/830 2181/334/907
f 2160/334/829 2181/334/907 2180/334/906
f 2161/334/830 2162/334/831 2182/334/908
f 2161/334/830 2182/334/908 2181/334/907
f 2162/334/831 2163/334/832 2183/334/909
f 2162/334/831 2183/334/909 2182/334/908
f 2163/334/832 2164/334/2 2184/334/910
f 2163/334/832 2184/334/910 2183/334/909
f 2164/334/2 2165/334/833 2185/334/911
f 2164/334/2 2185/334/911 2184/334/910
f 2165/334/833 2166/334/834 2186/334/912
f 2165/334/833 2186/334/912 2185/334/911
f 2166/334/834 2167/334/835 2187/334/913
f 2166/334/834 2187/334/913 2186/334/912
f 2167/334/835 2168/334/836 2188/334/914
f 2167/334/835 2188/334/914 2187/334/913
f 2168/334/836 2169/334/507 2189/334/915
f 2168/334/836 2189/334/915 2188/334/914
f 2169/334/507 2170/334/837 2190/334/916
f 2169/334/507 2190/334/916 2189/334/915
f 2170/334/837 2171/334/838 2191/334/917
f 2170/334/837 2191/334/917 2190/334/916
f 2171/334/838 2172/334/839 2192/334/918
f 2171/334/838 2192/334/918 2191/334/917
f 2172/334/839 2173/334/840 2193/334/919
f 2172/334/839 2193/334/919 2192/334/918
f 2173/334/840 2174/334/527 2194/334/920
f 2173/334/840 2194/334/920 2193/334/919
f 2174/334/527 2175/334/841 2195/334/921
f 2174/334/527 2195/334/921 2194/334/920
f 2175/334/841 2176/334/842 2196/334/922
f 2175/334/841 2196/334/922 2195/334/921
f 2176/334/842 2158/334/828 2178/334/904
f 2176/334/842 2178/334/904 2196/334/922
f 2178/334/904 2177/334/903 2197/334/106
f 2178/334/904 2197/334/106 2198/334/106
f 2177/334/903 2179/334/905 2199/334/106
f 2177/334/903 2199/334/106 2197/334/106
f 2179/334/905 2180/334/906 2200/334/106
f 2179/334/905 2200/334/106 2199/334/106
f 2180/334/906 2181/334/907 2201/334/106
f 2180/334/906 2201/334/106 2200/334/106
f 2181/334/907 2182/334/908 2202/334/106
f 2181/334/907 2202/334/106 2201/334/106
f 2182/334/908 2183/334/909 2203/334/106
f 2182/334/908 2203/334/106 2202/334/106
f 2183/334/909 2184/334/910 2204/334/106
f 2183/334/909 2204/334/106 2203/334/106
f 2184/334/910 2185/334/911 2205/334/106
f 2184/334/910 2205/334/106 2204/334/106
f 2185/334/911 2186/334/912 2206/334/106
f 2185/334/911 2206/334/106 2205/334/106
f 2186/334/912 2187/334/913 2207/334/106
f 2186/334/912 2207/334/106 2206/334/106
f 2187/334/913 2188/334/914 2208/334/106
f 2187/334/913 2208/334/106 2207/334/106
f 2188/334/914 2189/334/915 2209/334/106
f 2188/334/914 2209/334/106 2208/334/106
f 2189/334/915 2190/334/916 2210/334/106
f 2189/334/915 2210/334/106 2209/334/106
f 2190/334/916 2191/334/917 2211/334/106
f 2190/334/916 2211/334/106 2210/334/106
f 2191/334/917 2192/334/918 2212/334/106
f 2191/334/917 2212/334/106 2211/334/106
f 2192/334/918 2193/334/919 2213/334/106
f 2192/334/918 2213/334/106 2212/334/106
f 2193/334/919 2194/334/920 2214/334/106
f 2193/334/919 2214/334/106 2213/334/106
f 2194/334/920 2195/334/921 2215/334/106
f 2194/334/920 2215/334/106 2214/334/106
f 2195/334/921 2196/334/922 2216/334/106
f 2195/334/921 2216/334/106 2215/334/106
f 2196/334/922 2178/334/904 2198/334/106
f 2196/334/922 2198/334/106 2216/334/106
f 2217/334/122 2098/334/122 2097/334/122
f 2217/334/122 2101/334/122 2098/334/122
f 2217/334/122 2103/334/122 2101/334/122
f 2217/334/122 2105/334/122 2103/334/122
f 2217/334/122 2107/334/122 2105/334/122
f 2217/334/122 2109/334/122 2107/334/122
f 2217/334/122 2111/334/122 2109/334/122
f 2217/334/122 2113/334/122 2111/334/122
f 2217/334/122 2115/334/122 2113/334/122
f 2217/334/122 2117/334/122 2115/334/122
f 2217/334/122 2119/334/122 2117/334/122
f 2217/334/122 2121/334/122 2119/334/122
f 2217/334/122 2123/334/122 2121/334/122
f 2217/334/122 2125/334/122 2123/334/122
f 2217/334/122 2127/334/122 2125/334/122
f 2217/334/122 2129/334/122 2127/334/122
f 2217/334/122 2131/334/122 2129/334/122
f 2217/334/122 2133/334/122 2131/334/122
f 2217/334/122 2135/334/122 2133/334/122
f 2217/334/122 2097/334/122 2135/334/122
f 2218/334/106 2198/334/106 2197/334/106
f 2218/334/106 2197/334/106 2199/334/106
f 2218/334/106 2199/334/106 2200/334/106
f 2218/334/106 2200/334/106 2201/334/106
f 2218/334/106 2201/334/106 2202/334/106
f 2218/334/106 2202/334/106 2203/334/106
f 2218/334/106 2203/334/106 2204/334/106
f 2218/334/106 2204/334/106 2205/334/106
f 2218/334/106 2205/334/106 2206/334/106
f 2218/334/106 2206/334/106 2207/334/106
f 2218/334/106 2207/334/106 2208/334/106
f 2218/334/106 2208/334/106 2209/334/106
f 2218/334/106 2209/334/106 2210/334/106
f 2218/334/106 2210/334/106 2211/334/106
f 2218/334/106 2211/334/106 2212/334/106
f 2218/334/106 2212/334/106 2213/334/106
f 2218/334/106 2213/334/106 2214/334/106
f 2218/334/106 2214/334/106 2215/334/106
f 2218/334/106 2215/334/106 2216/334/106
f 2218/334/106 2216/334/106 2198/334/106
