# handcuffs mesh, units=1/16 block
v 4.64 8 8
v 4.6632 8.2212 8.3688
v 4.6278 8.2172 8
v 4.6757 8 8.3688
v 4.7625 8.2324 8.6646
v 4.7755 8 8.6646
v 4.9059 8.2485 8.8287
v 4.9199 8 8.8287
v 5.0651 8.2665 8.8287
v 5.0801 8 8.8287
v 5.2086 8.2826 8.6646
v 5.2245 8 8.6646
v 5.3078 8.2938 8.3688
v 5.3243 8 8.3688
v 5.3433 8.2978 8
v 5.36 8 8
v 5.3078 8.2938 7.6312
v 5.3243 8 7.6312
v 5.2086 8.2826 7.3354
v 5.2245 8 7.3354
v 5.0651 8.2665 7.1713
v 5.0801 8 7.1713
v 4.9059 8.2485 7.1713
v 4.9199 8 7.1713
v 4.7625 8.2324 7.3354
v 4.7755 8 7.3354
v 4.6632 8.2212 7.6312
v 4.6757 8 7.6312
v 4.6261 8.4396 8.3688
v 4.5914 8.4317 8
v 4.7235 8.4619 8.6646
v 4.8642 8.494 8.8287
v 5.0204 8.5296 8.8287
v 5.1612 8.5617 8.6646
v 5.2586 8.584 8.3688
v 5.2933 8.5919 8
v 5.2586 8.584 7.6312
v 5.1612 8.5617 7.3354
v 5.0204 8.5296 7.1713
v 4.8642 8.494 7.1713
v 4.7235 8.4619 7.3354
v 4.6261 8.4396 7.6312
v 4.5648 8.6525 8.3688
v 4.5311 8.6407 8
v 4.6591 8.6855 8.6646
v 4.7953 8.7332 8.8287
v 4.9465 8.7861 8.8287
v 5.0828 8.8338 8.6646
v 5.1771 8.8668 8.3688
v 5.2107 8.8785 8
v 5.1771 8.8668 7.6312
v 5.0828 8.8338 7.3354
v 4.9465 8.7861 7.1713
v 4.7953 8.7332 7.1713
v 4.6591 8.6855 7.3354
v 4.5648 8.6525 7.6312
v 4.48 8.8572 8.3688
v 4.4479 8.8417 8
v 4.57 8.9005 8.6646
v 4.7001 8.9632 8.8287
v 4.8444 9.0327 8.8287
v 4.9745 9.0953 8.6646
v 5.0645 9.1387 8.3688
v 5.0966 9.1541 8
v 5.0645 9.1387 7.6312
v 4.9745 9.0953 7.3354
v 4.8444 9.0327 7.1713
v 4.7001 8.9632 7.1713
v 4.57 8.9005 7.3354
v 4.48 8.8572 7.6312
v 4.3728 9.0511 8.3688
v 4.3426 9.0321 8
v 4.4574 9.1043 8.6646
v 4.5796 9.1811 8.8287
v 4.7153 9.2663 8.8287
v 4.8375 9.3431 8.6646
v 4.9221 9.3962 8.3688
v 4.9523 9.4152 8
v 4.9221 9.3962 7.6312
v 4.8375 9.3431 7.3354
v 4.7153 9.2663 7.1713
v 4.5796 9.1811 7.1713
v 4.4574 9.1043 7.3354
v 4.3728 9.0511 7.6312
v 4.2446 9.2318 8.3688
v 4.2168 9.2096 8
v 4.3227 9.2941 8.6646
v 4.4356 9.3841 8.8287
v 4.5608 9.484 8.8287
v 4.6737 9.574 8.6646
v 4.7518 9.6363 8.3688
v 4.7797 9.6585 8
v 4.7518 9.6363 7.6312
v 4.6737 9.574 7.3354
v 4.5608 9.484 7.1713
v 4.4356 9.3841 7.1713
v 4.3227 9.2941 7.3354
v 4.2446 9.2318 7.6312
v 4.097 9.397 8.3688
v 4.0718 9.3718 8
v 4.1676 9.4676 8.6646
v 4.2697 9.5697 8.8287
v 4.383 9.683 8.8287
v 4.4851 9.7851 8.6646
v 4.5557 9.8557 8.3688
v 4.5809 9.8809 8
v 4.5557 9.8557 7.6312
v 4.4851 9.7851 7.3354
v 4.383 9.683 7.1713
v 4.2697 9.5697 7.1713
v 4.1676 9.4676 7.3354
v 4.097 9.397 7.6312
v 3.9318 9.5446 8.3688
v 3.9096 9.5168 8
v 3.9941 9.6227 8.6646
v 4.0841 9.7356 8.8287
v 4.184 9.8608 8.8287
v 4.274 9.9737 8.6646
v 4.3363 10.0518 8.3688
v 4.3585 10.0797 8
v 4.3363 10.0518 7.6312
v 4.274 9.9737 7.3354
v 4.184 9.8608 7.1713
v 4.0841 9.7356 7.1713
v 3.9941 9.6227 7.3354
v 3.9318 9.5446 7.6312
v 3.7511 9.6728 8.3688
v 3.7321 9.6426 8
v 3.8043 9.7574 8.6646
v 3.8811 9.8796 8.8287
v 3.9663 10.0153 8.8287
v 4.0431 10.1375 8.6646
v 4.0962 10.2221 8.3688
v 4.1152 10.2523 8
v 4.0962 10.2221 7.6312
v 4.0431 10.1375 7.3354
v 3.9663 10.0153 7.1713
v 3.8811 9.8796 7.1713
v 3.8043 9.7574 7.3354
v 3.7511 9.6728 7.6312
v 3.5572 9.78 8.3688
v 3.5417 9.7479 8
v 3.6005 9.87 8.6646
v 3.6632 10.0001 8.8287
v 3.7327 10.1444 8.8287
v 3.7953 10.2745 8.6646
v 3.8387 10.3645 8.3688
v 3.8541 10.3966 8
v 3.8387 10.3645 7.6312
v 3.7953 10.2745 7.3354
v 3.7327 10.1444 7.1713
v 3.6632 10.0001 7.1713
v 3.6005 9.87 7.3354
v 3.5572 9.78 7.6312
v 3.3525 9.8648 8.3688
v 3.3407 9.8311 8
v 3.3855 9.9591 8.6646
v 3.4332 10.0953 8.8287
v 3.4861 10.2465 8.8287
v 3.5338 10.3828 8.6646
v 3.5668 10.4771 8.3688
v 3.5785 10.5107 8
v 3.5668 10.4771 7.6312
v 3.5338 10.3828 7.3354
v 3.4861 10.2465 7.1713
v 3.4332 10.0953 7.1713
v 3.3855 9.9591 7.3354
v 3.3525 9.8648 7.6312
v 3.1396 9.9261 8.3688
v 3.1317 9.8914 8
v 3.1619 10.0235 8.6646
v 3.194 10.1642 8.8287
v 3.2296 10.3204 8.8287
v 3.2617 10.4612 8.6646
v 3.284 10.5586 8.3688
v 3.2919 10.5933 8
v 3.284 10.5586 7.6312
v 3.2617 10.4612 7.3354
v 3.2296 10.3204 7.1713
v 3.194 10.1642 7.1713
v 3.1619 10.0235 7.3354
v 3.1396 9.9261 7.6312
v 2.9212 9.9632 8.3688
v 2.9172 9.9278 8
v 2.9324 10.0625 8.6646
v 2.9485 10.2059 8.8287
v 2.9665 10.3651 8.8287
v 2.9826 10.5086 8.6646
v 2.9938 10.6078 8.3688
v 2.9978 10.6433 8
v 2.9938 10.6078 7.6312
v 2.9826 10.5086 7.3354
v 2.9665 10.3651 7.1713
v 2.9485 10.2059 7.1713
v 2.9324 10.0625 7.3354
v 2.9212 9.9632 7.6312
v 2.7 9.9757 8.3688
v 2.7 9.94 8
v 2.7 10.0755 8.6646
v 2.7 10.2199 8.8287
v 2.7 10.3801 8.8287
v 2.7 10.5245 8.6646
v 2.7 10.6243 8.3688
v 2.7 10.66 8
v 2.7 10.6243 7.6312
v 2.7 10.5245 7.3354
v 2.7 10.3801 7.1713
v 2.7 10.2199 7.1713
v 2.7 10.0755 7.3354
v 2.7 9.9757 7.6312
v 2.4788 9.9632 8.3688
v 2.4828 9.9278 8
v 2.4676 10.0625 8.6646
v 2.4515 10.2059 8.8287
v 2.4335 10.3651 8.8287
v 2.4174 10.5086 8.6646
v 2.4062 10.6078 8.3688
v 2.4022 10.6433 8
v 2.4062 10.6078 7.6312
v 2.4174 10.5086 7.3354
v 2.4335 10.3651 7.1713
v 2.4515 10.2059 7.1713
v 2.4676 10.0625 7.3354
v 2.4788 9.9632 7.6312
v 2.2604 9.9261 8.3688
v 2.2683 9.8914 8
v 2.2381 10.0235 8.6646
v 2.206 10.1642 8.8287
v 2.1704 10.3204 8.8287
v 2.1383 10.4612 8.6646
v 2.116 10.5586 8.3688
v 2.1081 10.5933 8
v 2.116 10.5586 7.6312
v 2.1383 10.4612 7.3354
v 2.1704 10.3204 7.1713
v 2.206 10.1642 7.1713
v 2.2381 10.0235 7.3354
v 2.2604 9.9261 7.6312
v 2.0475 9.8648 8.3688
v 2.0593 9.8311 8
v 2.0145 9.9591 8.6646
v 1.9668 10.0953 8.8287
v 1.9139 10.2465 8.8287
v 1.8662 10.3828 8.6646
v 1.8332 10.4771 8.3688
v 1.8215 10.5107 8
v 1.8332 10.4771 7.6312
v 1.8662 10.3828 7.3354
v 1.9139 10.2465 7.1713
v 1.9668 10.0953 7.1713
v 2.0145 9.9591 7.3354
v 2.0475 9.8648 7.6312
v 1.8428 9.78 8.3688
v 1.8583 9.7479 8
v 1.7995 9.87 8.6646
v 1.7368 10.0001 8.8287
v 1.6673 10.1444 8.8287
v 1.6047 10.2745 8.6646
v 1.5613 10.3645 8.3688
v 1.5459 10.3966 8
v 1.5613 10.3645 7.6312
v 1.6047 10.2745 7.3354
v 1.6673 10.1444 7.1713
v 1.7368 10.0001 7.1713
v 1.7995 9.87 7.3354
v 1.8428 9.78 7.6312
v 1.6489 9.6728 8.3688
v 1.6679 9.6426 8
v 1.5957 9.7574 8.6646
v 1.5189 9.8796 8.8287
v 1.4337 10.0153 8.8287
v 1.3569 10.1375 8.6646
v 1.3038 10.2221 8.3688
v 1.2848 10.2523 8
v 1.3038 10.2221 7.6312
v 1.3569 10.1375 7.3354
v 1.4337 10.0153 7.1713
v 1.5189 9.8796 7.1713
v 1.5957 9.7574 7.3354
v 1.6489 9.6728 7.6312
v 1.4682 9.5446 8.3688
v 1.4904 9.5168 8
v 1.4059 9.6227 8.6646
v 1.3159 9.7356 8.8287
v 1.216 9.8608 8.8287
v 1.126 9.9737 8.6646
v 1.0637 10.0518 8.3688
v 1.0415 10.0797 8
v 1.0637 10.0518 7.6312
v 1.126 9.9737 7.3354
v 1.216 9.8608 7.1713
v 1.3159 9.7356 7.1713
v 1.4059 9.6227 7.3354
v 1.4682 9.5446 7.6312
v 1.303 9.397 8.3688
v 1.3282 9.3718 8
v 1.2324 9.4676 8.6646
v 1.1303 9.5697 8.8287
v 1.017 9.683 8.8287
v 0.9149 9.7851 8.6646
v 0.8443 9.8557 8.3688
v 0.8191 9.8809 8
v 0.8443 9.8557 7.6312
v 0.9149 9.7851 7.3354
v 1.017 9.683 7.1713
v 1.1303 9.5697 7.1713
v 1.2324 9.4676 7.3354
v 1.303 9.397 7.6312
v 1.1554 9.2318 8.3688
v 1.1832 9.2096 8
v 1.0773 9.2941 8.6646
v 0.9644 9.3841 8.8287
v 0.8392 9.484 8.8287
v 0.7263 9.574 8.6646
v 0.6482 9.6363 8.3688
v 0.6203 9.6585 8
v 0.6482 9.6363 7.6312
v 0.7263 9.574 7.3354
v 0.8392 9.484 7.1713
v 0.9644 9.3841 7.1713
v 1.0773 9.2941 7.3354
v 1.1554 9.2318 7.6312
v 1.0272 9.0511 8.3688
v 1.0574 9.0321 8
v 0.9426 9.1043 8.6646
v 0.8204 9.1811 8.8287
v 0.6847 9.2663 8.8287
v 0.5625 9.3431 8.6646
v 0.4779 9.3962 8.3688
v 0.4477 9.4152 8
v 0.4779 9.3962 7.6312
v 0.5625 9.3431 7.3354
v 0.6847 9.2663 7.1713
v 0.8204 9.1811 7.1713
v 0.9426 9.1043 7.3354
v 1.0272 9.0511 7.6312
v 0.92 8.8572 8.3688
v 0.9521 8.8417 8
v 0.83 8.9005 8.6646
v 0.6999 8.9632 8.8287
v 0.5556 9.0327 8.8287
v 0.4255 9.0953 8.6646
v 0.3355 9.1387 8.3688
v 0.3034 9.1541 8
v 0.3355 9.1387 7.6312
v 0.4255 9.0953 7.3354
v 0.5556 9.0327 7.1713
v 0.6999 8.9632 7.1713
v 0.83 8.9005 7.3354
v 0.92 8.8572 7.6312
v 0.8352 8.6525 8.3688
v 0.8689 8.6407 8
v 0.7409 8.6855 8.6646
v 0.6047 8.7332 8.8287
v 0.4535 8.7861 8.8287
v 0.3172 8.8338 8.6646
v 0.2229 8.8668 8.3688
v 0.1893 8.8785 8
v 0.2229 8.8668 7.6312
v 0.3172 8.8338 7.3354
v 0.4535 8.7861 7.1713
v 0.6047 8.7332 7.1713
v 0.7409 8.6855 7.3354
v 0.8352 8.6525 7.6312
v 0.7739 8.4396 8.3688
v 0.8086 8.4317 8
v 0.6765 8.4619 8.6646
v 0.5358 8.494 8.8287
v 0.3796 8.5296 8.8287
v 0.2388 8.5617 8.6646
v 0.1414 8.584 8.3688
v 0.1067 8.5919 8
v 0.1414 8.584 7.6312
v 0.2388 8.5617 7.3354
v 0.3796 8.5296 7.1713
v 0.5358 8.494 7.1713
v 0.6765 8.4619 7.3354
v 0.7739 8.4396 7.6312
v 0.7368 8.2212 8.3688
v 0.7722 8.2172 8
v 0.6375 8.2324 8.6646
v 0.4941 8.2485 8.8287
v 0.3349 8.2665 8.8287
v 0.1914 8.2826 8.6646
v 0.0922 8.2938 8.3688
v 0.0567 8.2978 8
v 0.0922 8.2938 7.6312
v 0.1914 8.2826 7.3354
v 0.3349 8.2665 7.1713
v 0.4941 8.2485 7.1713
v 0.6375 8.2324 7.3354
v 0.7368 8.2212 7.6312
v 0.7243 8 8.3688
v 0.76 8 8
v 0.6245 8 8.6646
v 0.4801 8 8.8287
v 0.3199 8 8.8287
v 0.1755 8 8.6646
v 0.0757 8 8.3688
v 0.04 8 8
v 0.0757 8 7.6312
v 0.1755 8 7.3354
v 0.3199 8 7.1713
v 0.4801 8 7.1713
v 0.6245 8 7.3354
v 0.7243 8 7.6312
v 0.7368 7.7788 8.3688
v 0.7722 7.7828 8
v 0.6375 7.7676 8.6646
v 0.4941 7.7515 8.8287
v 0.3349 7.7335 8.8287
v 0.1914 7.7174 8.6646
v 0.0922 7.7062 8.3688
v 0.0567 7.7022 8
v 0.0922 7.7062 7.6312
v 0.1914 7.7174 7.3354
v 0.3349 7.7335 7.1713
v 0.4941 7.7515 7.1713
v 0.6375 7.7676 7.3354
v 0.7368 7.7788 7.6312
v 0.7739 7.5604 8.3688
v 0.8086 7.5683 8
v 0.6765 7.5381 8.6646
v 0.5358 7.506 8.8287
v 0.3796 7.4704 8.8287
v 0.2388 7.4383 8.6646
v 0.1414 7.416 8.3688
v 0.1067 7.4081 8
v 0.1414 7.416 7.6312
v 0.2388 7.4383 7.3354
v 0.3796 7.4704 7.1713
v 0.5358 7.506 7.1713
v 0.6765 7.5381 7.3354
v 0.7739 7.5604 7.6312
v 0.8352 7.3475 8.3688
v 0.8689 7.3593 8
v 0.7409 7.3145 8.6646
v 0.6047 7.2668 8.8287
v 0.4535 7.2139 8.8287
v 0.3172 7.1662 8.6646
v 0.2229 7.1332 8.3688
v 0.1893 7.1215 8
v 0.2229 7.1332 7.6312
v 0.3172 7.1662 7.3354
v 0.4535 7.2139 7.1713
v 0.6047 7.2668 7.1713
v 0.7409 7.3145 7.3354
v 0.8352 7.3475 7.6312
v 0.92 7.1428 8.3688
v 0.9521 7.1583 8
v 0.83 7.0995 8.6646
v 0.6999 7.0368 8.8287
v 0.5556 6.9673 8.8287
v 0.4255 6.9047 8.6646
v 0.3355 6.8613 8.3688
v 0.3034 6.8459 8
v 0.3355 6.8613 7.6312
v 0.4255 6.9047 7.3354
v 0.5556 6.9673 7.1713
v 0.6999 7.0368 7.1713
v 0.83 7.0995 7.3354
v 0.92 7.1428 7.6312
v 1.0272 6.9489 8.3688
v 1.0574 6.9679 8
v 0.9426 6.8957 8.6646
v 0.8204 6.8189 8.8287
v 0.6847 6.7337 8.8287
v 0.5625 6.6569 8.6646
v 0.4779 6.6038 8.3688
v 0.4477 6.5848 8
v 0.4779 6.6038 7.6312
v 0.5625 6.6569 7.3354
v 0.6847 6.7337 7.1713
v 0.8204 6.8189 7.1713
v 0.9426 6.8957 7.3354
v 1.0272 6.9489 7.6312
v 1.1554 6.7682 8.3688
v 1.1832 6.7904 8
v 1.0773 6.7059 8.6646
v 0.9644 6.6159 8.8287
v 0.8392 6.516 8.8287
v 0.7263 6.426 8.6646
v 0.6482 6.3637 8.3688
v 0.6203 6.3415 8
v 0.6482 6.3637 7.6312
v 0.7263 6.426 7.3354
v 0.8392 6.516 7.1713
v 0.9644 6.6159 7.1713
v 1.0773 6.7059 7.3354
v 1.1554 6.7682 7.6312
v 1.303 6.603 8.3688
v 1.3282 6.6282 8
v 1.2324 6.5324 8.6646
v 1.1303 6.4303 8.8287
v 1.017 6.317 8.8287
v 0.9149 6.2149 8.6646
v 0.8443 6.1443 8.3688
v 0.8191 6.1191 8
v 0.8443 6.1443 7.6312
v 0.9149 6.2149 7.3354
v 1.017 6.317 7.1713
v 1.1303 6.4303 7.1713
v 1.2324 6.5324 7.3354
v 1.303 6.603 7.6312
v 1.4682 6.4554 8.3688
v 1.4904 6.4832 8
v 1.4059 6.3773 8.6646
v 1.3159 6.2644 8.8287
v 1.216 6.1392 8.8287
v 1.126 6.0263 8.6646
v 1.0637 5.9482 8.3688
v 1.0415 5.9203 8
v 1.0637 5.9482 7.6312
v 1.126 6.0263 7.3354
v 1.216 6.1392 7.1713
v 1.3159 6.2644 7.1713
v 1.4059 6.3773 7.3354
v 1.4682 6.4554 7.6312
v 1.6489 6.3272 8.3688
v 1.6679 6.3574 8
v 1.5957 6.2426 8.6646
v 1.5189 6.1204 8.8287
v 1.4337 5.9847 8.8287
v 1.3569 5.8625 8.6646
v 1.3038 5.7779 8.3688
v 1.2848 5.7477 8
v 1.3038 5.7779 7.6312
v 1.3569 5.8625 7.3354
v 1.4337 5.9847 7.1713
v 1.5189 6.1204 7.1713
v 1.5957 6.2426 7.3354
v 1.6489 6.3272 7.6312
v 1.8428 6.22 8.3688
v 1.8583 6.2521 8
v 1.7995 6.13 8.6646
v 1.7368 5.9999 8.8287
v 1.6673 5.8556 8.8287
v 1.6047 5.7255 8.6646
v 1.5613 5.6355 8.3688
v 1.5459 5.6034 8
v 1.5613 5.6355 7.6312
v 1.6047 5.7255 7.3354
v 1.6673 5.8556 7.1713
v 1.7368 5.9999 7.1713
v 1.7995 6.13 7.3354
v 1.8428 6.22 7.6312
v 2.0475 6.1352 8.3688
v 2.0593 6.1689 8
v 2.0145 6.0409 8.6646
v 1.9668 5.9047 8.8287
v 1.9139 5.7535 8.8287
v 1.8662 5.6172 8.6646
v 1.8332 5.5229 8.3688
v 1.8215 5.4893 8
v 1.8332 5.5229 7.6312
v 1.8662 5.6172 7.3354
v 1.9139 5.7535 7.1713
v 1.9668 5.9047 7.1713
v 2.0145 6.0409 7.3354
v 2.0475 6.1352 7.6312
v 2.2604 6.0739 8.3688
v 2.2683 6.1086 8
v 2.2381 5.9765 8.6646
v 2.206 5.8358 8.8287
v 2.1704 5.6796 8.8287
v 2.1383 5.5388 8.6646
v 2.116 5.4414 8.3688
v 2.1081 5.4067 8
v 2.116 5.4414 7.6312
v 2.1383 5.5388 7.3354
v 2.1704 5.6796 7.1713
v 2.206 5.8358 7.1713
v 2.2381 5.9765 7.3354
v 2.2604 6.0739 7.6312
v 2.4788 6.0368 8.3688
v 2.4828 6.0722 8
v 2.4676 5.9375 8.6646
v 2.4515 5.7941 8.8287
v 2.4335 5.6349 8.8287
v 2.4174 5.4914 8.6646
v 2.4062 5.3922 8.3688
v 2.4022 5.3567 8
v 2.4062 5.3922 7.6312
v 2.4174 5.4914 7.3354
v 2.4335 5.6349 7.1713
v 2.4515 5.7941 7.1713
v 2.4676 5.9375 7.3354
v 2.4788 6.0368 7.6312
v 2.7 6.0243 8.3688
v 2.7 6.06 8
v 2.7 5.9245 8.6646
v 2.7 5.7801 8.8287
v 2.7 5.6199 8.8287
v 2.7 5.4755 8.6646
v 2.7 5.3757 8.3688
v 2.7 5.34 8
v 2.7 5.3757 7.6312
v 2.7 5.4755 7.3354
v 2.7 5.6199 7.1713
v 2.7 5.7801 7.1713
v 2.7 5.9245 7.3354
v 2.7 6.0243 7.6312
v 2.9212 6.0368 8.3688
v 2.9172 6.0722 8
v 2.9324 5.9375 8.6646
v 2.9485 5.7941 8.8287
v 2.9665 5.6349 8.8287
v 2.9826 5.4914 8.6646
v 2.9938 5.3922 8.3688
v 2.9978 5.3567 8
v 2.9938 5.3922 7.6312
v 2.9826 5.4914 7.3354
v 2.9665 5.6349 7.1713
v 2.9485 5.7941 7.1713
v 2.9324 5.9375 7.3354
v 2.9212 6.0368 7.6312
v 3.1396 6.0739 8.3688
v 3.1317 6.1086 8
v 3.1619 5.9765 8.6646
v 3.194 5.8358 8.8287
v 3.2296 5.6796 8.8287
v 3.2617 5.5388 8.6646
v 3.284 5.4414 8.3688
v 3.2919 5.4067 8
v 3.284 5.4414 7.6312
v 3.2617 5.5388 7.3354
v 3.2296 5.6796 7.1713
v 3.194 5.8358 7.1713
v 3.1619 5.9765 7.3354
v 3.1396 6.0739 7.6312
v 3.3525 6.1352 8.3688
v 3.3407 6.1689 8
v 3.3855 6.0409 8.6646
v 3.4332 5.9047 8.8287
v 3.4861 5.7535 8.8287
v 3.5338 5.6172 8.6646
v 3.5668 5.5229 8.3688
v 3.5785 5.4893 8
v 3.5668 5.5229 7.6312
v 3.5338 5.6172 7.3354
v 3.4861 5.7535 7.1713
v 3.4332 5.9047 7.1713
v 3.3855 6.0409 7.3354
v 3.3525 6.1352 7.6312
v 3.5572 6.22 8.3688
v 3.5417 6.2521 8
v 3.6005 6.13 8.6646
v 3.6632 5.9999 8.8287
v 3.7327 5.8556 8.8287
v 3.7953 5.7255 8.6646
v 3.8387 5.6355 8.3688
v 3.8541 5.6034 8
v 3.8387 5.6355 7.6312
v 3.7953 5.7255 7.3354
v 3.7327 5.8556 7.1713
v 3.6632 5.9999 7.1713
v 3.6005 6.13 7.3354
v 3.5572 6.22 7.6312
v 3.7511 6.3272 8.3688
v 3.7321 6.3574 8
v 3.8043 6.2426 8.6646
v 3.8811 6.1204 8.8287
v 3.9663 5.9847 8.8287
v 4.0431 5.8625 8.6646
v 4.0962 5.7779 8.3688
v 4.1152 5.7477 8
v 4.0962 5.7779 7.6312
v 4.0431 5.8625 7.3354
v 3.9663 5.9847 7.1713
v 3.8811 6.1204 7.1713
v 3.8043 6.2426 7.3354
v 3.7511 6.3272 7.6312
v 3.9318 6.4554 8.3688
v 3.9096 6.4832 8
v 3.9941 6.3773 8.6646
v 4.0841 6.2644 8.8287
v 4.184 6.1392 8.8287
v 4.274 6.0263 8.6646
v 4.3363 5.9482 8.3688
v 4.3585 5.9203 8
v 4.3363 5.9482 7.6312
v 4.274 6.0263 7.3354
v 4.184 6.1392 7.1713
v 4.0841 6.2644 7.1713
v 3.9941 6.3773 7.3354
v 3.9318 6.4554 7.6312
v 4.097 6.603 8.3688
v 4.0718 6.6282 8
v 4.1676 6.5324 8.6646
v 4.2697 6.4303 8.8287
v 4.383 6.317 8.8287
v 4.4851 6.2149 8.6646
v 4.5557 6.1443 8.3688
v 4.5809 6.1191 8
v 4.5557 6.1443 7.6312
v 4.4851 6.2149 7.3354
v 4.383 6.317 7.1713
v 4.2697 6.4303 7.1713
v 4.1676 6.5324 7.3354
v 4.097 6.603 7.6312
v 4.2446 6.7682 8.3688
v 4.2168 6.7904 8
v 4.3227 6.7059 8.6646
v 4.4356 6.6159 8.8287
v 4.5608 6.516 8.8287
v 4.6737 6.426 8.6646
v 4.7518 6.3637 8.3688
v 4.7797 6.3415 8
v 4.7518 6.3637 7.6312
v 4.6737 6.426 7.3354
v 4.5608 6.516 7.1713
v 4.4356 6.6159 7.1713
v 4.3227 6.7059 7.3354
v 4.2446 6.7682 7.6312
v 4.3728 6.9489 8.3688
v 4.3426 6.9679 8
v 4.4574 6.8957 8.6646
v 4.5796 6.8189 8.8287
v 4.7153 6.7337 8.8287
v 4.8375 6.6569 8.6646
v 4.9221 6.6038 8.3688
v 4.9523 6.5848 8
v 4.9221 6.6038 7.6312
v 4.8375 6.6569 7.3354
v 4.7153 6.7337 7.1713
v 4.5796 6.8189 7.1713
v 4.4574 6.8957 7.3354
v 4.3728 6.9489 7.6312
v 4.48 7.1428 8.3688
v 4.4479 7.1583 8
v 4.57 7.0995 8.6646
v 4.7001 7.0368 8.8287
v 4.8444 6.9673 8.8287
v 4.9745 6.9047 8.6646
v 5.0645 6.8613 8.3688
v 5.0966 6.8459 8
v 5.0645 6.8613 7.6312
v 4.9745 6.9047 7.3354
v 4.8444 6.9673 7.1713
v 4.7001 7.0368 7.1713
v 4.57 7.0995 7.3354
v 4.48 7.1428 7.6312
v 4.5648 7.3475 8.3688
v 4.5311 7.3593 8
v 4.6591 7.3145 8.6646
v 4.7953 7.2668 8.8287
v 4.9465 7.2139 8.8287
v 5.0828 7.1662 8.6646
v 5.1771 7.1332 8.3688
v 5.2107 7.1215 8
v 5.1771 7.1332 7.6312
v 5.0828 7.1662 7.3354
v 4.9465 7.2139 7.1713
v 4.7953 7.2668 7.1713
v 4.6591 7.3145 7.3354
v 4.5648 7.3475 7.6312
v 4.6261 7.5604 8.3688
v 4.5914 7.5683 8
v 4.7235 7.5381 8.6646
v 4.8642 7.506 8.8287
v 5.0204 7.4704 8.8287
v 5.1612 7.4383 8.6646
v 5.2586 7.416 8.3688
v 5.2933 7.4081 8
v 5.2586 7.416 7.6312
v 5.1612 7.4383 7.3354
v 5.0204 7.4704 7.1713
v 4.8642 7.506 7.1713
v 4.7235 7.5381 7.3354
v 4.6261 7.5604 7.6312
v 4.6632 7.7788 8.3688
v 4.6278 7.7828 8
v 4.7625 7.7676 8.6646
v 4.9059 7.7515 8.8287
v 5.0651 7.7335 8.8287
v 5.2086 7.7174 8.6646
v 5.3078 7.7062 8.3688
v 5.3433 7.7022 8
v 5.3078 7.7062 7.6312
v 5.2086 7.7174 7.3354
v 5.0651 7.7335 7.1713
v 4.9059 7.7515 7.1713
v 4.7625 7.7676 7.3354
v 4.6632 7.7788 7.6312
v 3.1842 6.6327 8
v 3.3814 6.677 8.3644
v 3.3639 6.7109 8
v 3.1995 6.5977 8.3644
v 3.4272 6.5881 8.5897
v 3.2396 6.5061 8.5897
v 3.4838 6.4782 8.5897
v 3.2891 6.3929 8.5897
v 3.5296 6.3893 8.3644
v 3.3292 6.3013 8.3644
v 3.5471 6.3553 8
v 3.3445 6.2663 8
v 3.5296 6.3893 7.6356
v 3.3292 6.3013 7.6356
v 3.4838 6.4782 7.4103
v 3.2891 6.3929 7.4103
v 3.4272 6.5881 7.4103
v 3.2396 6.5061 7.4103
v 3.3814 6.677 7.6356
v 3.1995 6.5977 7.6356
v 3.5429 6.7735 8.3644
v 3.5213 6.805 8
v 3.5996 6.6911 8.5897
v 3.6696 6.5893 8.5897
v 3.7262 6.5068 8.3644
v 3.7479 6.4754 8
v 3.7262 6.5068 7.6356
v 3.6696 6.5893 7.4103
v 3.5996 6.6911 7.4103
v 3.5429 6.7735 7.6356
v 3.691 6.8897 8.3644
v 3.6655 6.9182 8
v 3.7576 6.8151 8.5897
v 3.8399 6.7229 8.5897
v 3.9064 6.6483 8.3644
v 3.9319 6.6198 8
v 3.9064 6.6483 7.6356
v 3.8399 6.7229 7.4103
v 3.7576 6.8151 7.4103
v 3.691 6.8897 7.6356
v 3.8232 7.0237 8.3644
v 3.7943 7.0487 8
v 3.8986 6.958 8.5897
v 3.9919 6.877 8.5897
v 4.0674 6.8114 8.3644
v 4.0962 6.7863 8
v 4.0674 6.8114 7.6356
v 3.9919 6.877 7.4103
v 3.8986 6.958 7.4103
v 3.8232 7.0237 7.6356
v 3.9374 7.1732 8.3644
v 3.9056 7.1944 8
v 4.0205 7.1176 8.5897
v 4.1233 7.049 8.5897
v 4.2065 6.9934 8.3644
v 4.2382 6.9722 8
v 4.2065 6.9934 7.6356
v 4.1233 7.049 7.4103
v 4.0205 7.1176 7.4103
v 3.9374 7.1732 7.6356
v 4.0318 7.336 8.3644
v 3.9977 7.353 8
v 4.1213 7.2914 8.5897
v 4.232 7.2362 8.5897
v 4.3214 7.1916 8.3644
v 4.3556 7.1745 8
v 4.3214 7.1916 7.6356
v 4.232 7.2362 7.4103
v 4.1213 7.2914 7.4103
v 4.0318 7.336 7.6356
v 4.105 7.5094 8.3644
v 4.0689 7.5219 8
v 4.1994 7.4764 8.5897
v 4.3161 7.4356 8.5897
v 4.4105 7.4027 8.3644
v 4.4466 7.3901 8
v 4.4105 7.4027 7.6356
v 4.3161 7.4356 7.4103
v 4.1994 7.4764 7.4103
v 4.105 7.5094 7.6356
v 4.1557 7.6906 8.3644
v 4.1183 7.6985 8
v 4.2535 7.6698 8.5897
v 4.3744 7.6441 8.5897
v 4.4722 7.6233 8.3644
v 4.5096 7.6154 8
v 4.4722 7.6233 7.6356
v 4.3744 7.6441 7.4103
v 4.2535 7.6698 7.4103
v 4.1557 7.6906 7.6356
v 4.1831 7.8768 8.3644
v 4.145 7.8799 8
v 4.2827 7.8685 8.5897
v 4.4059 7.8582 8.5897
v 4.5056 7.85 8.3644
v 4.5436 7.8468 8
v 4.5056 7.85 7.6356
v 4.4059 7.8582 7.4103
v 4.2827 7.8685 7.4103
v 4.1831 7.8768 7.6356
v 4.1868 8.0649 8.3644
v 4.1486 8.0632 8
v 4.2867 8.0693 8.5897
v 4.4102 8.0747 8.5897
v 4.5101 8.079 8.3644
v 4.5482 8.0807 8
v 4.5101 8.079 7.6356
v 4.4102 8.0747 7.4103
v 4.2867 8.0693 7.4103
v 4.1868 8.0649 7.6356
v 4.1667 8.252 8.3644
v 4.1291 8.2456 8
v 4.2653 8.269 8.5897
v 4.3871 8.2899 8.5897
v 4.4856 8.3068 8.3644
v 4.5233 8.3133 8
v 4.4856 8.3068 7.6356
v 4.3871 8.2899 7.4103
v 4.2653 8.269 7.4103
v 4.1667 8.252 7.6356
v 4.1232 8.4351 8.3644
v 4.0866 8.4239 8
v 4.2188 8.4643 8.5897
v 4.337 8.5005 8.5897
v 4.4326 8.5297 8.3644
v 4.4692 8.5409 8
v 4.4326 8.5297 7.6356
v 4.337 8.5005 7.4103
v 4.2188 8.4643 7.4103
v 4.1232 8.4351 7.6356
v 4.0569 8.6112 8.3644
v 4.0221 8.5955 8
v 4.1481 8.6523 8.5897
v 4.2608 8.7031 8.5897
v 4.3519 8.7441 8.3644
v 4.3868 8.7598 8
v 4.3519 8.7441 7.6356
v 4.2608 8.7031 7.4103
v 4.1481 8.6523 7.4103
v 4.0569 8.6112 7.6356
v 3.9689 8.7776 8.3644
v 3.9363 8.7576 8
v 4.0542 8.8298 8.5897
v 4.1596 8.8944 8.5897
v 4.2448 8.9467 8.3644
v 4.2774 8.9666 8
v 4.2448 8.9467 7.6356
v 4.1596 8.8944 7.4103
v 4.0542 8.8298 7.4103
v 3.9689 8.7776 7.6356
v 3.8606 8.9315 8.3644
v 3.8308 8.9076 8
v 3.9386 8.9941 8.5897
v 4.035 9.0715 8.5897
v 4.113 9.1341 8.3644
v 4.1428 9.158 8
v 4.113 9.1341 7.6356
v 4.035 9.0715 7.4103
v 3.9386 8.9941 7.4103
v 3.8606 8.9315 7.6356
v 3.7338 9.0705 8.3644
v 3.7073 9.043 8
v 3.8033 9.1425 8.5897
v 3.8891 9.2314 8.5897
v 3.9586 9.3033 8.3644
v 3.9851 9.3308 8
v 3.9586 9.3033 7.6356
v 3.8891 9.2314 7.4103
v 3.8033 9.1425 7.4103
v 3.7338 9.0705 7.6356
v 3.5904 9.1924 8.3644
v 3.5676 9.1618 8
v 3.6503 9.2725 8.5897
v 3.7242 9.3716 8.5897
v 3.784 9.4517 8.3644
v 3.8069 9.4823 8
v 3.784 9.4517 7.6356
v 3.7242 9.3716 7.4103
v 3.6503 9.2725 7.4103
v 3.5904 9.1924 7.6356
v 3.4328 9.2953 8.3644
v 3.414 9.262 8
v 3.4821 9.3823 8.5897
v 3.5429 9.4899 8.5897
v 3.5922 9.5769 8.3644
v 3.611 9.6102 8
v 3.5922 9.5769 7.6356
v 3.5429 9.4899 7.4103
v 3.4821 9.3823 7.4103
v 3.4328 9.2953 7.6356
v 3.2635 9.3774 8.3644
v 3.249 9.342 8
v 3.3014 9.4699 8.5897
v 3.3482 9.5843 8.5897
v 3.386 9.6769 8.3644
v 3.4005 9.7122 8
v 3.386 9.6769 7.6356
v 3.3482 9.5843 7.4103
v 3.3014 9.4699 7.4103
v 3.2635 9.3774 7.6356
v 3.0852 9.4375 8.3644
v 3.0753 9.4006 8
v 3.1111 9.5341 8.5897
v 3.143 9.6535 8.5897
v 3.1689 9.7501 8.3644
v 3.1788 9.787 8
v 3.1689 9.7501 7.6356
v 3.143 9.6535 7.4103
v 3.1111 9.5341 7.4103
v 3.0852 9.4375 7.6356
v 2.9007 9.4746 8.3644
v 2.8955 9.4368 8
v 2.9142 9.5737 8.5897
v 2.9308 9.6962 8.5897
v 2.9443 9.7953 8.3644
v 2.9495 9.8331 8
v 2.9443 9.7953 7.6356
v 2.9308 9.6962 7.4103
v 2.9142 9.5737 7.4103
v 2.9007 9.4746 7.6356
v 2.713 9.4881 8.3644
v 2.7127 9.4499 8
v 2.7139 9.5881 8.5897
v 2.7149 9.7117 8.5897
v 2.7158 9.8117 8.3644
v 2.7161 9.8499 8
v 2.7158 9.8117 7.6356
v 2.7149 9.7117 7.4103
v 2.7139 9.5881 7.4103
v 2.713 9.4881 7.6356
v 2.5251 9.4779 8.3644
v 2.5296 9.4399 8
v 2.5133 9.5772 8.5897
v 2.4988 9.6999 8.5897
v 2.487 9.7992 8.3644
v 2.4826 9.8372 8
v 2.487 9.7992 7.6356
v 2.4988 9.6999 7.4103
v 2.5133 9.5772 7.4103
v 2.5251 9.4779 7.6356
v 2.34 9.444 8.3644
v 2.3492 9.4069 8
v 2.3158 9.541 8.5897
v 2.2859 9.661 8.5897
v 2.2617 9.758 8.3644
v 2.2524 9.795 8
v 2.2617 9.758 7.6356
v 2.2859 9.661 7.4103
v 2.3158 9.541 7.4103
v 2.34 9.444 7.6356
v 2.1606 9.387 8.3644
v 2.1745 9.3514 8
v 2.1244 9.4802 8.5897
v 2.0796 9.5954 8.5897
v 2.0433 9.6886 8.3644
v 2.0295 9.7242 8
v 2.0433 9.6886 7.6356
v 2.0796 9.5954 7.4103
v 2.1244 9.4802 7.4103
v 2.1606 9.387 7.6356
v 1.9899 9.3079 8.3644
v 2.0081 9.2743 8
v 1.9422 9.3957 8.5897
v 1.8832 9.5044 8.5897
v 1.8355 9.5922 8.3644
v 1.8173 9.6258 8
v 1.8355 9.5922 7.6356
v 1.8832 9.5044 7.4103
v 1.9422 9.3957 7.4103
v 1.9899 9.3079 7.6356
v 1.8305 9.2078 8.3644
v 1.8528 9.1768 8
v 1.7721 9.2889 8.5897
v 1.6999 9.3893 8.5897
v 1.6415 9.4704 8.3644
v 1.6191 9.5014 8
v 1.6415 9.4704 7.6356
v 1.6999 9.3893 7.4103
v 1.7721 9.2889 7.4103
v 1.8305 9.2078 7.6356
v 1.6851 9.0884 8.3644
v 1.7111 9.0605 8
v 1.6169 9.1615 8.5897
v 1.5326 9.2519 8.5897
v 1.4644 9.3251 8.3644
v 1.4383 9.353 8
v 1.4644 9.3251 7.6356
v 1.5326 9.2519 7.4103
v 1.6169 9.1615 7.4103
v 1.6851 9.0884 7.6356
v 1.5558 8.9516 8.3644
v 1.5852 8.9272 8
v 1.4789 9.0156 8.5897
v 1.3839 9.0946 8.5897
v 1.307 9.1585 8.3644
v 1.2776 9.183 8
v 1.307 9.1585 7.6356
v 1.3839 9.0946 7.4103
v 1.4789 9.0156 7.4103
v 1.5558 8.9516 7.6356
v 1.4449 8.7996 8.3644
v 1.4771 8.7791 8
v 1.3605 8.8533 8.5897
v 1.2563 8.9198 8.5897
v 1.1719 8.9735 8.3644
v 1.1397 8.994 8
v 1.1719 8.9735 7.6356
v 1.2563 8.9198 7.4103
v 1.3605 8.8533 7.4103
v 1.4449 8.7996 7.6356
v 1.354 8.6348 8.3644
v 1.3885 8.6185 8
v 1.2635 8.6775 8.5897
v 1.1518 8.7302 8.5897
v 1.0613 8.7729 8.3644
v 1.0268 8.7892 8
v 1.0613 8.7729 7.6356
v 1.1518 8.7302 7.4103
v 1.2635 8.6775 7.4103
v 1.354 8.6348 7.6356
v 1.2846 8.4599 8.3644
v 1.321 8.4481 8
v 1.1895 8.4908 8.5897
v 1.072 8.529 8.5897
v 0.9769 8.5599 8.3644
v 0.9405 8.5717 8
v 0.9769 8.5599 7.6356
v 1.072 8.529 7.4103
v 1.1895 8.4908 7.4103
v 1.2846 8.4599 7.6356
v 1.2379 8.2776 8.3644
v 1.2754 8.2705 8
v 1.1397 8.2962 8.5897
v 1.0182 8.3193 8.5897
v 0.92 8.3379 8.3644
v 0.8825 8.3451 8
v 0.92 8.3379 7.6356
v 1.0182 8.3193 7.4103
v 1.1397 8.2962 7.4103
v 1.2379 8.2776 7.6356
v 1.2146 8.0909 8.3644
v 1.2527 8.0885 8
v 1.1148 8.097 8.5897
v 0.9914 8.1045 8.5897
v 0.8916 8.1106 8.3644
v 0.8535 8.1129 8
v 0.8916 8.1106 7.6356
v 0.9914 8.1045 7.4103
v 1.1148 8.097 7.4103
v 1.2146 8.0909 7.6356
v 1.215 7.9027 8.3644
v 1.2531 7.9052 8
v 1.1152 7.8961 8.5897
v 0.9919 7.888 8.5897
v 0.8921 7.8815 8.3644
v 0.854 7.879 8
v 0.8921 7.8815 7.6356
v 0.9919 7.888 7.4103
v 1.1152 7.8961 7.4103
v 1.215 7.9027 7.6356
v 1.2391 7.716 8.3644
v 1.2766 7.7233 8
v 1.141 7.697 8.5897
v 1.0196 7.6734 8.5897
v 0.9215 7.6543 8.3644
v 0.884 7.647 8
v 0.9215 7.6543 7.6356
v 1.0196 7.6734 7.4103
v 1.141 7.697 7.4103
v 1.2391 7.716 7.6356
v 1.2867 7.534 8.3644
v 1.3229 7.5459 8
v 1.1917 7.5026 8.5897
v 1.0743 7.4639 8.5897
v 0.9793 7.4326 8.3644
v 0.9431 7.4206 8
v 0.9793 7.4326 7.6356
v 1.0743 7.4639 7.4103
v 1.1917 7.5026 7.4103
v 1.2867 7.534 7.6356
v 1.3568 7.3593 8.3644
v 1.3913 7.3758 8
v 1.2665 7.3163 8.5897
v 1.155 7.263 8.5897
v 1.0647 7.22 8.3644
v 1.0302 7.2036 8
v 1.0647 7.22 7.6356
v 1.155 7.263 7.4103
v 1.2665 7.3163 7.4103
v 1.3568 7.3593 7.6356
v 1.4484 7.1949 8.3644
v 1.4805 7.2156 8
v 1.3643 7.1408 8.5897
v 1.2603 7.074 8.5897
v 1.1762 7.0199 8.3644
v 1.1441 6.9992 8
v 1.1762 7.0199 7.6356
v 1.2603 7.074 7.4103
v 1.3643 7.1408 7.4103
v 1.4484 7.1949 7.6356
v 1.5663 7.0354 8.3644
v 1.5971 7.058 8
v 1.4858 6.9761 8.5897
v 1.3863 6.9027 8.5897
v 1.3058 6.8434 8.3644
v 1.275 6.8208 8
v 1.3058 6.8434 7.6356
v 1.3863 6.9027 7.4103
v 1.4858 6.9761 7.4103
v 1.5663 7.0354 7.6356
v 15.24 8 8
v 15.2632 8.2212 8.3688
v 15.2278 8.2172 8
v 15.2757 8 8.3688
v 15.3625 8.2324 8.6646
v 15.3755 8 8.6646
v 15.5059 8.2485 8.8287
v 15.5199 8 8.8287
v 15.6651 8.2665 8.8287
v 15.6801 8 8.8287
v 15.8086 8.2826 8.6646
v 15.8245 8 8.6646
v 15.9078 8.2938 8.3688
v 15.9243 8 8.3688
v 15.9433 8.2978 8
v 15.96 8 8
v 15.9078 8.2938 7.6312
v 15.9243 8 7.6312
v 15.8086 8.2826 7.3354
v 15.8245 8 7.3354
v 15.6651 8.2665 7.1713
v 15.6801 8 7.1713
v 15.5059 8.2485 7.1713
v 15.5199 8 7.1713
v 15.3625 8.2324 7.3354
v 15.3755 8 7.3354
v 15.2632 8.2212 7.6312
v 15.2757 8 7.6312
v 15.2261 8.4396 8.3688
v 15.1914 8.4317 8
v 15.3235 8.4619 8.6646
v 15.4642 8.494 8.8287
v 15.6204 8.5296 8.8287
v 15.7612 8.5617 8.6646
v 15.8586 8.584 8.3688
v 15.8933 8.5919 8
v 15.8586 8.584 7.6312
v 15.7612 8.5617 7.3354
v 15.6204 8.5296 7.1713
v 15.4642 8.494 7.1713
v 15.3235 8.4619 7.3354
v 15.2261 8.4396 7.6312
v 15.1648 8.6525 8.3688
v 15.1311 8.6407 8
v 15.2591 8.6855 8.6646
v 15.3953 8.7332 8.8287
v 15.5465 8.7861 8.8287
v 15.6828 8.8338 8.6646
v 15.7771 8.8668 8.3688
v 15.8107 8.8785 8
v 15.7771 8.8668 7.6312
v 15.6828 8.8338 7.3354
v 15.5465 8.7861 7.1713
v 15.3953 8.7332 7.1713
v 15.2591 8.6855 7.3354
v 15.1648 8.6525 7.6312
v 15.08 8.8572 8.3688
v 15.0479 8.8417 8
v 15.17 8.9005 8.6646
v 15.3001 8.9632 8.8287
v 15.4444 9.0327 8.8287
v 15.5745 9.0953 8.6646
v 15.6645 9.1387 8.3688
v 15.6966 9.1541 8
v 15.6645 9.1387 7.6312
v 15.5745 9.0953 7.3354
v 15.4444 9.0327 7.1713
v 15.3001 8.9632 7.1713
v 15.17 8.9005 7.3354
v 15.08 8.8572 7.6312
v 14.9728 9.0511 8.3688
v 14.9426 9.0321 8
v 15.0574 9.1043 8.6646
v 15.1796 9.1811 8.8287
v 15.3153 9.2663 8.8287
v 15.4375 9.3431 8.6646
v 15.5221 9.3962 8.3688
v 15.5523 9.4152 8
v 15.5221 9.3962 7.6312
v 15.4375 9.3431 7.3354
v 15.3153 9.2663 7.1713
v 15.1796 9.1811 7.1713
v 15.0574 9.1043 7.3354
v 14.9728 9.0511 7.6312
v 14.8446 9.2318 8.3688
v 14.8168 9.2096 8
v 14.9227 9.2941 8.6646
v 15.0356 9.3841 8.8287
v 15.1608 9.484 8.8287
v 15.2737 9.574 8.6646
v 15.3518 9.6363 8.3688
v 15.3797 9.6585 8
v 15.3518 9.6363 7.6312
v 15.2737 9.574 7.3354
v 15.1608 9.484 7.1713
v 15.0356 9.3841 7.1713
v 14.9227 9.2941 7.3354
v 14.8446 9.2318 7.6312
v 14.697 9.397 8.3688
v 14.6718 9.3718 8
v 14.7676 9.4676 8.6646
v 14.8697 9.5697 8.8287
v 14.983 9.683 8.8287
v 15.0851 9.7851 8.6646
v 15.1557 9.8557 8.3688
v 15.1809 9.8809 8
v 15.1557 9.8557 7.6312
v 15.0851 9.7851 7.3354
v 14.983 9.683 7.1713
v 14.8697 9.5697 7.1713
v 14.7676 9.4676 7.3354
v 14.697 9.397 7.6312
v 14.5318 9.5446 8.3688
v 14.5096 9.5168 8
v 14.5941 9.6227 8.6646
v 14.6841 9.7356 8.8287
v 14.784 9.8608 8.8287
v 14.874 9.9737 8.6646
v 14.9363 10.0518 8.3688
v 14.9585 10.0797 8
v 14.9363 10.0518 7.6312
v 14.874 9.9737 7.3354
v 14.784 9.8608 7.1713
v 14.6841 9.7356 7.1713
v 14.5941 9.6227 7.3354
v 14.5318 9.5446 7.6312
v 14.3511 9.6728 8.3688
v 14.3321 9.6426 8
v 14.4043 9.7574 8.6646
v 14.4811 9.8796 8.8287
v 14.5663 10.0153 8.8287
v 14.6431 10.1375 8.6646
v 14.6962 10.2221 8.3688
v 14.7152 10.2523 8
v 14.6962 10.2221 7.6312
v 14.6431 10.1375 7.3354
v 14.5663 10.0153 7.1713
v 14.4811 9.8796 7.1713
v 14.4043 9.7574 7.3354
v 14.3511 9.6728 7.6312
v 14.1572 9.78 8.3688
v 14.1417 9.7479 8
v 14.2005 9.87 8.6646
v 14.2632 10.0001 8.8287
v 14.3327 10.1444 8.8287
v 14.3953 10.2745 8.6646
v 14.4387 10.3645 8.3688
v 14.4541 10.3966 8
v 14.4387 10.3645 7.6312
v 14.3953 10.2745 7.3354
v 14.3327 10.1444 7.1713
v 14.2632 10.0001 7.1713
v 14.2005 9.87 7.3354
v 14.1572 9.78 7.6312
v 13.9525 9.8648 8.3688
v 13.9407 9.8311 8
v 13.9855 9.9591 8.6646
v 14.0332 10.0953 8.8287
v 14.0861 10.2465 8.8287
v 14.1338 10.3828 8.6646
v 14.1668 10.4771 8.3688
v 14.1785 10.5107 8
v 14.1668 10.4771 7.6312
v 14.1338 10.3828 7.3354
v 14.0861 10.2465 7.1713
v 14.0332 10.0953 7.1713
v 13.9855 9.9591 7.3354
v 13.9525 9.8648 7.6312
v 13.7396 9.9261 8.3688
v 13.7317 9.8914 8
v 13.7619 10.0235 8.6646
v 13.794 10.1642 8.8287
v 13.8296 10.3204 8.8287
v 13.8617 10.4612 8.6646
v 13.884 10.5586 8.3688
v 13.8919 10.5933 8
v 13.884 10.5586 7.6312
v 13.8617 10.4612 7.3354
v 13.8296 10.3204 7.1713
v 13.794 10.1642 7.1713
v 13.7619 10.0235 7.3354
v 13.7396 9.9261 7.6312
v 13.5212 9.9632 8.3688
v 13.5172 9.9278 8
v 13.5324 10.0625 8.6646
v 13.5485 10.2059 8.8287
v 13.5665 10.3651 8.8287
v 13.5826 10.5086 8.6646
v 13.5938 10.6078 8.3688
v 13.5978 10.6433 8
v 13.5938 10.6078 7.6312
v 13.5826 10.5086 7.3354
v 13.5665 10.3651 7.1713
v 13.5485 10.2059 7.1713
v 13.5324 10.0625 7.3354
v 13.5212 9.9632 7.6312
v 13.3 9.9757 8.3688
v 13.3 9.94 8
v 13.3 10.0755 8.6646
v 13.3 10.2199 8.8287
v 13.3 10.3801 8.8287
v 13.3 10.5245 8.6646
v 13.3 10.6243 8.3688
v 13.3 10.66 8
v 13.3 10.6243 7.6312
v 13.3 10.5245 7.3354
v 13.3 10.3801 7.1713
v 13.3 10.2199 7.1713
v 13.3 10.0755 7.3354
v 13.3 9.9757 7.6312
v 13.0788 9.9632 8.3688
v 13.0828 9.9278 8
v 13.0676 10.0625 8.6646
v 13.0515 10.2059 8.8287
v 13.0335 10.3651 8.8287
v 13.0174 10.5086 8.6646
v 13.0062 10.6078 8.3688
v 13.0022 10.6433 8
v 13.0062 10.6078 7.6312
v 13.0174 10.5086 7.3354
v 13.0335 10.3651 7.1713
v 13.0515 10.2059 7.1713
v 13.0676 10.0625 7.3354
v 13.0788 9.9632 7.6312
v 12.8604 9.9261 8.3688
v 12.8683 9.8914 8
v 12.8381 10.0235 8.6646
v 12.806 10.1642 8.8287
v 12.7704 10.3204 8.8287
v 12.7383 10.4612 8.6646
v 12.716 10.5586 8.3688
v 12.7081 10.5933 8
v 12.716 10.5586 7.6312
v 12.7383 10.4612 7.3354
v 12.7704 10.3204 7.1713
v 12.806 10.1642 7.1713
v 12.8381 10.0235 7.3354
v 12.8604 9.9261 7.6312
v 12.6475 9.8648 8.3688
v 12.6593 9.8311 8
v 12.6145 9.9591 8.6646
v 12.5668 10.0953 8.8287
v 12.5139 10.2465 8.8287
v 12.4662 10.3828 8.6646
v 12.4332 10.4771 8.3688
v 12.4215 10.5107 8
v 12.4332 10.4771 7.6312
v 12.4662 10.3828 7.3354
v 12.5139 10.2465 7.1713
v 12.5668 10.0953 7.1713
v 12.6145 9.9591 7.3354
v 12.6475 9.8648 7.6312
v 12.4428 9.78 8.3688
v 12.4583 9.7479 8
v 12.3995 9.87 8.6646
v 12.3368 10.0001 8.8287
v 12.2673 10.1444 8.8287
v 12.2047 10.2745 8.6646
v 12.1613 10.3645 8.3688
v 12.1459 10.3966 8
v 12.1613 10.3645 7.6312
v 12.2047 10.2745 7.3354
v 12.2673 10.1444 7.1713
v 12.3368 10.0001 7.1713
v 12.3995 9.87 7.3354
v 12.4428 9.78 7.6312
v 12.2489 9.6728 8.3688
v 12.2679 9.6426 8
v 12.1957 9.7574 8.6646
v 12.1189 9.8796 8.8287
v 12.0337 10.0153 8.8287
v 11.9569 10.1375 8.6646
v 11.9038 10.2221 8.3688
v 11.8848 10.2523 8
v 11.9038 10.2221 7.6312
v 11.9569 10.1375 7.3354
v 12.0337 10.0153 7.1713
v 12.1189 9.8796 7.1713
v 12.1957 9.7574 7.3354
v 12.2489 9.6728 7.6312
v 12.0682 9.5446 8.3688
v 12.0904 9.5168 8
v 12.0059 9.6227 8.6646
v 11.9159 9.7356 8.8287
v 11.816 9.8608 8.8287
v 11.726 9.9737 8.6646
v 11.6637 10.0518 8.3688
v 11.6415 10.0797 8
v 11.6637 10.0518 7.6312
v 11.726 9.9737 7.3354
v 11.816 9.8608 7.1713
v 11.9159 9.7356 7.1713
v 12.0059 9.6227 7.3354
v 12.0682 9.5446 7.6312
v 11.903 9.397 8.3688
v 11.9282 9.3718 8
v 11.8324 9.4676 8.6646
v 11.7303 9.5697 8.8287
v 11.617 9.683 8.8287
v 11.5149 9.7851 8.6646
v 11.4443 9.8557 8.3688
v 11.4191 9.8809 8
v 11.4443 9.8557 7.6312
v 11.5149 9.7851 7.3354
v 11.617 9.683 7.1713
v 11.7303 9.5697 7.1713
v 11.8324 9.4676 7.3354
v 11.903 9.397 7.6312
v 11.7554 9.2318 8.3688
v 11.7832 9.2096 8
v 11.6773 9.2941 8.6646
v 11.5644 9.3841 8.8287
v 11.4392 9.484 8.8287
v 11.3263 9.574 8.6646
v 11.2482 9.6363 8.3688
v 11.2203 9.6585 8
v 11.2482 9.6363 7.6312
v 11.3263 9.574 7.3354
v 11.4392 9.484 7.1713
v 11.5644 9.3841 7.1713
v 11.6773 9.2941 7.3354
v 11.7554 9.2318 7.6312
v 11.6272 9.0511 8.3688
v 11.6574 9.0321 8
v 11.5426 9.1043 8.6646
v 11.4204 9.1811 8.8287
v 11.2847 9.2663 8.8287
v 11.1625 9.3431 8.6646
v 11.0779 9.3962 8.3688
v 11.0477 9.4152 8
v 11.0779 9.3962 7.6312
v 11.1625 9.3431 7.3354
v 11.2847 9.2663 7.1713
v 11.4204 9.1811 7.1713
v 11.5426 9.1043 7.3354
v 11.6272 9.0511 7.6312
v 11.52 8.8572 8.3688
v 11.5521 8.8417 8
v 11.43 8.9005 8.6646
v 11.2999 8.9632 8.8287
v 11.1556 9.0327 8.8287
v 11.0255 9.0953 8.6646
v 10.9355 9.1387 8.3688
v 10.9034 9.1541 8
v 10.9355 9.1387 7.6312
v 11.0255 9.0953 7.3354
v 11.1556 9.0327 7.1713
v 11.2999 8.9632 7.1713
v 11.43 8.9005 7.3354
v 11.52 8.8572 7.6312
v 11.4352 8.6525 8.3688
v 11.4689 8.6407 8
v 11.3409 8.6855 8.6646
v 11.2047 8.7332 8.8287
v 11.0535 8.7861 8.8287
v 10.9172 8.8338 8.6646
v 10.8229 8.8668 8.3688
v 10.7893 8.8785 8
v 10.8229 8.8668 7.6312
v 10.9172 8.8338 7.3354
v 11.0535 8.7861 7.1713
v 11.2047 8.7332 7.1713
v 11.3409 8.6855 7.3354
v 11.4352 8.6525 7.6312
v 11.3739 8.4396 8.3688
v 11.4086 8.4317 8
v 11.2765 8.4619 8.6646
v 11.1358 8.494 8.8287
v 10.9796 8.5296 8.8287
v 10.8388 8.5617 8.6646
v 10.7414 8.584 8.3688
v 10.7067 8.5919 8
v 10.7414 8.584 7.6312
v 10.8388 8.5617 7.3354
v 10.9796 8.5296 7.1713
v 11.1358 8.494 7.1713
v 11.2765 8.4619 7.3354
v 11.3739 8.4396 7.6312
v 11.3368 8.2212 8.3688
v 11.3722 8.2172 8
v 11.2375 8.2324 8.6646
v 11.0941 8.2485 8.8287
v 10.9349 8.2665 8.8287
v 10.7914 8.2826 8.6646
v 10.6922 8.2938 8.3688
v 10.6567 8.2978 8
v 10.6922 8.2938 7.6312
v 10.7914 8.2826 7.3354
v 10.9349 8.2665 7.1713
v 11.0941 8.2485 7.1713
v 11.2375 8.2324 7.3354
v 11.3368 8.2212 7.6312
v 11.3243 8 8.3688
v 11.36 8 8
v 11.2245 8 8.6646
v 11.0801 8 8.8287
v 10.9199 8 8.8287
v 10.7755 8 8.6646
v 10.6757 8 8.3688
v 10.64 8 8
v 10.6757 8 7.6312
v 10.7755 8 7.3354
v 10.9199 8 7.1713
v 11.0801 8 7.1713
v 11.2245 8 7.3354
v 11.3243 8 7.6312
v 11.3368 7.7788 8.3688
v 11.3722 7.7828 8
v 11.2375 7.7676 8.6646
v 11.0941 7.7515 8.8287
v 10.9349 7.7335 8.8287
v 10.7914 7.7174 8.6646
v 10.6922 7.7062 8.3688
v 10.6567 7.7022 8
v 10.6922 7.7062 7.6312
v 10.7914 7.7174 7.3354
v 10.9349 7.7335 7.1713
v 11.0941 7.7515 7.1713
v 11.2375 7.7676 7.3354
v 11.3368 7.7788 7.6312
v 11.3739 7.5604 8.3688
v 11.4086 7.5683 8
v 11.2765 7.5381 8.6646
v 11.1358 7.506 8.8287
v 10.9796 7.4704 8.8287
v 10.8388 7.4383 8.6646
v 10.7414 7.416 8.3688
v 10.7067 7.4081 8
v 10.7414 7.416 7.6312
v 10.8388 7.4383 7.3354
v 10.9796 7.4704 7.1713
v 11.1358 7.506 7.1713
v 11.2765 7.5381 7.3354
v 11.3739 7.5604 7.6312
v 11.4352 7.3475 8.3688
v 11.4689 7.3593 8
v 11.3409 7.3145 8.6646
v 11.2047 7.2668 8.8287
v 11.0535 7.2139 8.8287
v 10.9172 7.1662 8.6646
v 10.8229 7.1332 8.3688
v 10.7893 7.1215 8
v 10.8229 7.1332 7.6312
v 10.9172 7.1662 7.3354
v 11.0535 7.2139 7.1713
v 11.2047 7.2668 7.1713
v 11.3409 7.3145 7.3354
v 11.4352 7.3475 7.6312
v 11.52 7.1428 8.3688
v 11.5521 7.1583 8
v 11.43 7.0995 8.6646
v 11.2999 7.0368 8.8287
v 11.1556 6.9673 8.8287
v 11.0255 6.9047 8.6646
v 10.9355 6.8613 8.3688
v 10.9034 6.8459 8
v 10.9355 6.8613 7.6312
v 11.0255 6.9047 7.3354
v 11.1556 6.9673 7.1713
v 11.2999 7.0368 7.1713
v 11.43 7.0995 7.3354
v 11.52 7.1428 7.6312
v 11.6272 6.9489 8.3688
v 11.6574 6.9679 8
v 11.5426 6.8957 8.6646
v 11.4204 6.8189 8.8287
v 11.2847 6.7337 8.8287
v 11.1625 6.6569 8.6646
v 11.0779 6.6038 8.3688
v 11.0477 6.5848 8
v 11.0779 6.6038 7.6312
v 11.1625 6.6569 7.3354
v 11.2847 6.7337 7.1713
v 11.4204 6.8189 7.1713
v 11.5426 6.8957 7.3354
v 11.6272 6.9489 7.6312
v 11.7554 6.7682 8.3688
v 11.7832 6.7904 8
v 11.6773 6.7059 8.6646
v 11.5644 6.6159 8.8287
v 11.4392 6.516 8.8287
v 11.3263 6.426 8.6646
v 11.2482 6.3637 8.3688
v 11.2203 6.3415 8
v 11.2482 6.3637 7.6312
v 11.3263 6.426 7.3354
v 11.4392 6.516 7.1713
v 11.5644 6.6159 7.1713
v 11.6773 6.7059 7.3354
v 11.7554 6.7682 7.6312
v 11.903 6.603 8.3688
v 11.9282 6.6282 8
v 11.8324 6.5324 8.6646
v 11.7303 6.4303 8.8287
v 11.617 6.317 8.8287
v 11.5149 6.2149 8.6646
v 11.4443 6.1443 8.3688
v 11.4191 6.1191 8
v 11.4443 6.1443 7.6312
v 11.5149 6.2149 7.3354
v 11.617 6.317 7.1713
v 11.7303 6.4303 7.1713
v 11.8324 6.5324 7.3354
v 11.903 6.603 7.6312
v 12.0682 6.4554 8.3688
v 12.0904 6.4832 8
v 12.0059 6.3773 8.6646
v 11.9159 6.2644 8.8287
v 11.816 6.1392 8.8287
v 11.726 6.0263 8.6646
v 11.6637 5.9482 8.3688
v 11.6415 5.9203 8
v 11.6637 5.9482 7.6312
v 11.726 6.0263 7.3354
v 11.816 6.1392 7.1713
v 11.9159 6.2644 7.1713
v 12.0059 6.3773 7.3354
v 12.0682 6.4554 7.6312
v 12.2489 6.3272 8.3688
v 12.2679 6.3574 8
v 12.1957 6.2426 8.6646
v 12.1189 6.1204 8.8287
v 12.0337 5.9847 8.8287
v 11.9569 5.8625 8.6646
v 11.9038 5.7779 8.3688
v 11.8848 5.7477 8
v 11.9038 5.7779 7.6312
v 11.9569 5.8625 7.3354
v 12.0337 5.9847 7.1713
v 12.1189 6.1204 7.1713
v 12.1957 6.2426 7.3354
v 12.2489 6.3272 7.6312
v 12.4428 6.22 8.3688
v 12.4583 6.2521 8
v 12.3995 6.13 8.6646
v 12.3368 5.9999 8.8287
v 12.2673 5.8556 8.8287
v 12.2047 5.7255 8.6646
v 12.1613 5.6355 8.3688
v 12.1459 5.6034 8
v 12.1613 5.6355 7.6312
v 12.2047 5.7255 7.3354
v 12.2673 5.8556 7.1713
v 12.3368 5.9999 7.1713
v 12.3995 6.13 7.3354
v 12.4428 6.22 7.6312
v 12.6475 6.1352 8.3688
v 12.6593 6.1689 8
v 12.6145 6.0409 8.6646
v 12.5668 5.9047 8.8287
v 12.5139 5.7535 8.8287
v 12.4662 5.6172 8.6646
v 12.4332 5.5229 8.3688
v 12.4215 5.4893 8
v 12.4332 5.5229 7.6312
v 12.4662 5.6172 7.3354
v 12.5139 5.7535 7.1713
v 12.5668 5.9047 7.1713
v 12.6145 6.0409 7.3354
v 12.6475 6.1352 7.6312
v 12.8604 6.0739 8.3688
v 12.8683 6.1086 8
v 12.8381 5.9765 8.6646
v 12.806 5.8358 8.8287
v 12.7704 5.6796 8.8287
v 12.7383 5.5388 8.6646
v 12.716 5.4414 8.3688
v 12.7081 5.4067 8
v 12.716 5.4414 7.6312
v 12.7383 5.5388 7.3354
v 12.7704 5.6796 7.1713
v 12.806 5.8358 7.1713
v 12.8381 5.9765 7.3354
v 12.8604 6.0739 7.6312
v 13.0788 6.0368 8.3688
v 13.0828 6.0722 8
v 13.0676 5.9375 8.6646
v 13.0515 5.7941 8.8287
v 13.0335 5.6349 8.8287
v 13.0174 5.4914 8.6646
v 13.0062 5.3922 8.3688
v 13.0022 5.3567 8
v 13.0062 5.3922 7.6312
v 13.0174 5.4914 7.3354
v 13.0335 5.6349 7.1713
v 13.0515 5.7941 7.1713
v 13.0676 5.9375 7.3354
v 13.0788 6.0368 7.6312
v 13.3 6.0243 8.3688
v 13.3 6.06 8
v 13.3 5.9245 8.6646
v 13.3 5.7801 8.8287
v 13.3 5.6199 8.8287
v 13.3 5.4755 8.6646
v 13.3 5.3757 8.3688
v 13.3 5.34 8
v 13.3 5.3757 7.6312
v 13.3 5.4755 7.3354
v 13.3 5.6199 7.1713
v 13.3 5.7801 7.1713
v 13.3 5.9245 7.3354
v 13.3 6.0243 7.6312
v 13.5212 6.0368 8.3688
v 13.5172 6.0722 8
v 13.5324 5.9375 8.6646
v 13.5485 5.7941 8.8287
v 13.5665 5.6349 8.8287
v 13.5826 5.4914 8.6646
v 13.5938 5.3922 8.3688
v 13.5978 5.3567 8
v 13.5938 5.3922 7.6312
v 13.5826 5.4914 7.3354
v 13.5665 5.6349 7.1713
v 13.5485 5.7941 7.1713
v 13.5324 5.9375 7.3354
v 13.5212 6.0368 7.6312
v 13.7396 6.0739 8.3688
v 13.7317 6.1086 8
v 13.7619 5.9765 8.6646
v 13.794 5.8358 8.8287
v 13.8296 5.6796 8.8287
v 13.8617 5.5388 8.6646
v 13.884 5.4414 8.3688
v 13.8919 5.4067 8
v 13.884 5.4414 7.6312
v 13.8617 5.5388 7.3354
v 13.8296 5.6796 7.1713
v 13.794 5.8358 7.1713
v 13.7619 5.9765 7.3354
v 13.7396 6.0739 7.6312
v 13.9525 6.1352 8.3688
v 13.9407 6.1689 8
v 13.9855 6.0409 8.6646
v 14.0332 5.9047 8.8287
v 14.0861 5.7535 8.8287
v 14.1338 5.6172 8.6646
v 14.1668 5.5229 8.3688
v 14.1785 5.4893 8
v 14.1668 5.5229 7.6312
v 14.1338 5.6172 7.3354
v 14.0861 5.7535 7.1713
v 14.0332 5.9047 7.1713
v 13.9855 6.0409 7.3354
v 13.9525 6.1352 7.6312
v 14.1572 6.22 8.3688
v 14.1417 6.2521 8
v 14.2005 6.13 8.6646
v 14.2632 5.9999 8.8287
v 14.3327 5.8556 8.8287
v 14.3953 5.7255 8.6646
v 14.4387 5.6355 8.3688
v 14.4541 5.6034 8
v 14.4387 5.6355 7.6312
v 14.3953 5.7255 7.3354
v 14.3327 5.8556 7.1713
v 14.2632 5.9999 7.1713
v 14.2005 6.13 7.3354
v 14.1572 6.22 7.6312
v 14.3511 6.3272 8.3688
v 14.3321 6.3574 8
v 14.4043 6.2426 8.6646
v 14.4811 6.1204 8.8287
v 14.5663 5.9847 8.8287
v 14.6431 5.8625 8.6646
v 14.6962 5.7779 8.3688
v 14.7152 5.7477 8
v 14.6962 5.7779 7.6312
v 14.6431 5.8625 7.3354
v 14.5663 5.9847 7.1713
v 14.4811 6.1204 7.1713
v 14.4043 6.2426 7.3354
v 14.3511 6.3272 7.6312
v 14.5318 6.4554 8.3688
v 14.5096 6.4832 8
v 14.5941 6.3773 8.6646
v 14.6841 6.2644 8.8287
v 14.784 6.1392 8.8287
v 14.874 6.0263 8.6646
v 14.9363 5.9482 8.3688
v 14.9585 5.9203 8
v 14.9363 5.9482 7.6312
v 14.874 6.0263 7.3354
v 14.784 6.1392 7.1713
v 14.6841 6.2644 7.1713
v 14.5941 6.3773 7.3354
v 14.5318 6.4554 7.6312
v 14.697 6.603 8.3688
v 14.6718 6.6282 8
v 14.7676 6.5324 8.6646
v 14.8697 6.4303 8.8287
v 14.983 6.317 8.8287
v 15.0851 6.2149 8.6646
v 15.1557 6.1443 8.3688
v 15.1809 6.1191 8
v 15.1557 6.1443 7.6312
v 15.0851 6.2149 7.3354
v 14.983 6.317 7.1713
v 14.8697 6.4303 7.1713
v 14.7676 6.5324 7.3354
v 14.697 6.603 7.6312
v 14.8446 6.7682 8.3688
v 14.8168 6.7904 8
v 14.9227 6.7059 8.6646
v 15.0356 6.6159 8.8287
v 15.1608 6.516 8.8287
v 15.2737 6.426 8.6646
v 15.3518 6.3637 8.3688
v 15.3797 6.3415 8
v 15.3518 6.3637 7.6312
v 15.2737 6.426 7.3354
v 15.1608 6.516 7.1713
v 15.0356 6.6159 7.1713
v 14.9227 6.7059 7.3354
v 14.8446 6.7682 7.6312
v 14.9728 6.9489 8.3688
v 14.9426 6.9679 8
v 15.0574 6.8957 8.6646
v 15.1796 6.8189 8.8287
v 15.3153 6.7337 8.8287
v 15.4375 6.6569 8.6646
v 15.5221 6.6038 8.3688
v 15.5523 6.5848 8
v 15.5221 6.6038 7.6312
v 15.4375 6.6569 7.3354
v 15.3153 6.7337 7.1713
v 15.1796 6.8189 7.1713
v 15.0574 6.8957 7.3354
v 14.9728 6.9489 7.6312
v 15.08 7.1428 8.3688
v 15.0479 7.1583 8
v 15.17 7.0995 8.6646
v 15.3001 7.0368 8.8287
v 15.4444 6.9673 8.8287
v 15.5745 6.9047 8.6646
v 15.6645 6.8613 8.3688
v 15.6966 6.8459 8
v 15.6645 6.8613 7.6312
v 15.5745 6.9047 7.3354
v 15.4444 6.9673 7.1713
v 15.3001 7.0368 7.1713
v 15.17 7.0995 7.3354
v 15.08 7.1428 7.6312
v 15.1648 7.3475 8.3688
v 15.1311 7.3593 8
v 15.2591 7.3145 8.6646
v 15.3953 7.2668 8.8287
v 15.5465 7.2139 8.8287
v 15.6828 7.1662 8.6646
v 15.7771 7.1332 8.3688
v 15.8107 7.1215 8
v 15.7771 7.1332 7.6312
v 15.6828 7.1662 7.3354
v 15.5465 7.2139 7.1713
v 15.3953 7.2668 7.1713
v 15.2591 7.3145 7.3354
v 15.1648 7.3475 7.6312
v 15.2261 7.5604 8.3688
v 15.1914 7.5683 8
v 15.3235 7.5381 8.6646
v 15.4642 7.506 8.8287
v 15.6204 7.4704 8.8287
v 15.7612 7.4383 8.6646
v 15.8586 7.416 8.3688
v 15.8933 7.4081 8
v 15.8586 7.416 7.6312
v 15.7612 7.4383 7.3354
v 15.6204 7.4704 7.1713
v 15.4642 7.506 7.1713
v 15.3235 7.5381 7.3354
v 15.2261 7.5604 7.6312
v 15.2632 7.7788 8.3688
v 15.2278 7.7828 8
v 15.3625 7.7676 8.6646
v 15.5059 7.7515 8.8287
v 15.6651 7.7335 8.8287
v 15.8086 7.7174 8.6646
v 15.9078 7.7062 8.3688
v 15.9433 7.7022 8
v 15.9078 7.7062 7.6312
v 15.8086 7.7174 7.3354
v 15.6651 7.7335 7.1713
v 15.5059 7.7515 7.1713
v 15.3625 7.7676 7.3354
v 15.2632 7.7788 7.6312
v 14.4029 7.058 8
v 14.5516 7.1949 8.3644
v 14.5195 7.2156 8
v 14.4337 7.0354 8.3644
v 14.6357 7.1408 8.5897
v 14.5142 6.9761 8.5897
v 14.7397 7.074 8.5897
v 14.6137 6.9027 8.5897
v 14.8238 7.0199 8.3644
v 14.6942 6.8434 8.3644
v 14.8559 6.9992 8
v 14.725 6.8208 8
v 14.8238 7.0199 7.6356
v 14.6942 6.8434 7.6356
v 14.7397 7.074 7.4103
v 14.6137 6.9027 7.4103
v 14.6357 7.1408 7.4103
v 14.5142 6.9761 7.4103
v 14.5516 7.1949 7.6356
v 14.4337 7.0354 7.6356
v 14.6432 7.3593 8.3644
v 14.6087 7.3758 8
v 14.7335 7.3163 8.5897
v 14.845 7.263 8.5897
v 14.9353 7.22 8.3644
v 14.9698 7.2036 8
v 14.9353 7.22 7.6356
v 14.845 7.263 7.4103
v 14.7335 7.3163 7.4103
v 14.6432 7.3593 7.6356
v 14.7133 7.534 8.3644
v 14.6771 7.5459 8
v 14.8083 7.5026 8.5897
v 14.9257 7.4639 8.5897
v 15.0207 7.4326 8.3644
v 15.0569 7.4206 8
v 15.0207 7.4326 7.6356
v 14.9257 7.4639 7.4103
v 14.8083 7.5026 7.4103
v 14.7133 7.534 7.6356
v 14.7609 7.716 8.3644
v 14.7234 7.7233 8
v 14.859 7.697 8.5897
v 14.9804 7.6734 8.5897
v 15.0785 7.6543 8.3644
v 15.116 7.647 8
v 15.0785 7.6543 7.6356
v 14.9804 7.6734 7.4103
v 14.859 7.697 7.4103
v 14.7609 7.716 7.6356
v 14.785 7.9027 8.3644
v 14.7469 7.9052 8
v 14.8848 7.8961 8.5897
v 15.0081 7.888 8.5897
v 15.1079 7.8815 8.3644
v 15.146 7.879 8
v 15.1079 7.8815 7.6356
v 15.0081 7.888 7.4103
v 14.8848 7.8961 7.4103
v 14.785 7.9027 7.6356
v 14.7854 8.0909 8.3644
v 14.7473 8.0885 8
v 14.8852 8.097 8.5897
v 15.0086 8.1045 8.5897
v 15.1084 8.1106 8.3644
v 15.1465 8.1129 8
v 15.1084 8.1106 7.6356
v 15.0086 8.1045 7.4103
v 14.8852 8.097 7.4103
v 14.7854 8.0909 7.6356
v 14.7621 8.2776 8.3644
v 14.7246 8.2705 8
v 14.8603 8.2962 8.5897
v 14.9818 8.3193 8.5897
v 15.08 8.3379 8.3644
v 15.1175 8.3451 8
v 15.08 8.3379 7.6356
v 14.9818 8.3193 7.4103
v 14.8603 8.2962 7.4103
v 14.7621 8.2776 7.6356
v 14.7154 8.4599 8.3644
v 14.679 8.4481 8
v 14.8105 8.4908 8.5897
v 14.928 8.529 8.5897
v 15.0231 8.5599 8.3644
v 15.0595 8.5717 8
v 15.0231 8.5599 7.6356
v 14.928 8.529 7.4103
v 14.8105 8.4908 7.4103
v 14.7154 8.4599 7.6356
v 14.646 8.6348 8.3644
v 14.6115 8.6185 8
v 14.7365 8.6775 8.5897
v 14.8482 8.7302 8.5897
v 14.9387 8.7729 8.3644
v 14.9732 8.7892 8
v 14.9387 8.7729 7.6356
v 14.8482 8.7302 7.4103
v 14.7365 8.6775 7.4103
v 14.646 8.6348 7.6356
v 14.5551 8.7996 8.3644
v 14.5229 8.7791 8
v 14.6395 8.8533 8.5897
v 14.7437 8.9198 8.5897
v 14.8281 8.9735 8.3644
v 14.8603 8.994 8
v 14.8281 8.9735 7.6356
v 14.7437 8.9198 7.4103
v 14.6395 8.8533 7.4103
v 14.5551 8.7996 7.6356
v 14.4442 8.9516 8.3644
v 14.4148 8.9272 8
v 14.5211 9.0156 8.5897
v 14.6161 9.0946 8.5897
v 14.693 9.1585 8.3644
v 14.7224 9.183 8
v 14.693 9.1585 7.6356
v 14.6161 9.0946 7.4103
v 14.5211 9.0156 7.4103
v 14.4442 8.9516 7.6356
v 14.3149 9.0884 8.3644
v 14.2889 9.0605 8
v 14.3831 9.1615 8.5897
v 14.4674 9.2519 8.5897
v 14.5356 9.3251 8.3644
v 14.5617 9.353 8
v 14.5356 9.3251 7.6356
v 14.4674 9.2519 7.4103
v 14.3831 9.1615 7.4103
v 14.3149 9.0884 7.6356
v 14.1695 9.2078 8.3644
v 14.1472 9.1768 8
v 14.2279 9.2889 8.5897
v 14.3001 9.3893 8.5897
v 14.3585 9.4704 8.3644
v 14.3809 9.5014 8
v 14.3585 9.4704 7.6356
v 14.3001 9.3893 7.4103
v 14.2279 9.2889 7.4103
v 14.1695 9.2078 7.6356
v 14.0101 9.3079 8.3644
v 13.9919 9.2743 8
v 14.0578 9.3957 8.5897
v 14.1168 9.5044 8.5897
v 14.1645 9.5922 8.3644
v 14.1827 9.6258 8
v 14.1645 9.5922 7.6356
v 14.1168 9.5044 7.4103
v 14.0578 9.3957 7.4103
v 14.0101 9.3079 7.6356
v 13.8394 9.387 8.3644
v 13.8255 9.3514 8
v 13.8756 9.4802 8.5897
v 13.9204 9.5954 8.5897
v 13.9567 9.6886 8.3644
v 13.9705 9.7242 8
v 13.9567 9.6886 7.6356
v 13.9204 9.5954 7.4103
v 13.8756 9.4802 7.4103
v 13.8394 9.387 7.6356
v 13.66 9.444 8.3644
v 13.6508 9.4069 8
v 13.6842 9.541 8.5897
v 13.7141 9.661 8.5897
v 13.7383 9.758 8.3644
v 13.7476 9.795 8
v 13.7383 9.758 7.6356
v 13.7141 9.661 7.4103
v 13.6842 9.541 7.4103
v 13.66 9.444 7.6356
v 13.4749 9.4779 8.3644
v 13.4704 9.4399 8
v 13.4867 9.5772 8.5897
v 13.5012 9.6999 8.5897
v 13.513 9.7992 8.3644
v 13.5174 9.8372 8
v 13.513 9.7992 7.6356
v 13.5012 9.6999 7.4103
v 13.4867 9.5772 7.4103
v 13.4749 9.4779 7.6356
v 13.287 9.4881 8.3644
v 13.2873 9.4499 8
v 13.2861 9.5881 8.5897
v 13.2851 9.7117 8.5897
v 13.2842 9.8117 8.3644
v 13.2839 9.8499 8
v 13.2842 9.8117 7.6356
v 13.2851 9.7117 7.4103
v 13.2861 9.5881 7.4103
v 13.287 9.4881 7.6356
v 13.0993 9.4746 8.3644
v 13.1045 9.4368 8
v 13.0858 9.5737 8.5897
v 13.0692 9.6962 8.5897
v 13.0557 9.7953 8.3644
v 13.0505 9.8331 8
v 13.0557 9.7953 7.6356
v 13.0692 9.6962 7.4103
v 13.0858 9.5737 7.4103
v 13.0993 9.4746 7.6356
v 12.9148 9.4375 8.3644
v 12.9247 9.4006 8
v 12.8889 9.5341 8.5897
v 12.857 9.6535 8.5897
v 12.8311 9.7501 8.3644
v 12.8212 9.787 8
v 12.8311 9.7501 7.6356
v 12.857 9.6535 7.4103
v 12.8889 9.5341 7.4103
v 12.9148 9.4375 7.6356
v 12.7365 9.3774 8.3644
v 12.751 9.342 8
v 12.6986 9.4699 8.5897
v 12.6518 9.5843 8.5897
v 12.614 9.6769 8.3644
v 12.5995 9.7122 8
v 12.614 9.6769 7.6356
v 12.6518 9.5843 7.4103
v 12.6986 9.4699 7.4103
v 12.7365 9.3774 7.6356
v 12.5672 9.2953 8.3644
v 12.586 9.262 8
v 12.5179 9.3823 8.5897
v 12.4571 9.4899 8.5897
v 12.4078 9.5769 8.3644
v 12.389 9.6102 8
v 12.4078 9.5769 7.6356
v 12.4571 9.4899 7.4103
v 12.5179 9.3823 7.4103
v 12.5672 9.2953 7.6356
v 12.4096 9.1924 8.3644
v 12.4324 9.1618 8
v 12.3497 9.2725 8.5897
v 12.2758 9.3716 8.5897
v 12.216 9.4517 8.3644
v 12.1931 9.4823 8
v 12.216 9.4517 7.6356
v 12.2758 9.3716 7.4103
v 12.3497 9.2725 7.4103
v 12.4096 9.1924 7.6356
v 12.2662 9.0705 8.3644
v 12.2927 9.043 8
v 12.1967 9.1425 8.5897
v 12.1109 9.2314 8.5897
v 12.0414 9.3033 8.3644
v 12.0149 9.3308 8
v 12.0414 9.3033 7.6356
v 12.1109 9.2314 7.4103
v 12.1967 9.1425 7.4103
v 12.2662 9.0705 7.6356
v 12.1394 8.9315 8.3644
v 12.1692 8.9076 8
v 12.0614 8.9941 8.5897
v 11.965 9.0715 8.5897
v 11.887 9.1341 8.3644
v 11.8572 9.158 8
v 11.887 9.1341 7.6356
v 11.965 9.0715 7.4103
v 12.0614 8.9941 7.4103
v 12.1394 8.9315 7.6356
v 12.0311 8.7776 8.3644
v 12.0637 8.7576 8
v 11.9458 8.8298 8.5897
v 11.8404 8.8944 8.5897
v 11.7552 8.9467 8.3644
v 11.7226 8.9666 8
v 11.7552 8.9467 7.6356
v 11.8404 8.8944 7.4103
v 11.9458 8.8298 7.4103
v 12.0311 8.7776 7.6356
v 11.9431 8.6112 8.3644
v 11.9779 8.5955 8
v 11.8519 8.6523 8.5897
v 11.7392 8.7031 8.5897
v 11.6481 8.7441 8.3644
v 11.6132 8.7598 8
v 11.6481 8.7441 7.6356
v 11.7392 8.7031 7.4103
v 11.8519 8.6523 7.4103
v 11.9431 8.6112 7.6356
v 11.8768 8.4351 8.3644
v 11.9134 8.4239 8
v 11.7812 8.4643 8.5897
v 11.663 8.5005 8.5897
v 11.5674 8.5297 8.3644
v 11.5308 8.5409 8
v 11.5674 8.5297 7.6356
v 11.663 8.5005 7.4103
v 11.7812 8.4643 7.4103
v 11.8768 8.4351 7.6356
v 11.8333 8.252 8.3644
v 11.8709 8.2456 8
v 11.7347 8.269 8.5897
v 11.6129 8.2899 8.5897
v 11.5144 8.3068 8.3644
v 11.4767 8.3133 8
v 11.5144 8.3068 7.6356
v 11.6129 8.2899 7.4103
v 11.7347 8.269 7.4103
v 11.8333 8.252 7.6356
v 11.8132 8.0649 8.3644
v 11.8514 8.0632 8
v 11.7133 8.0693 8.5897
v 11.5898 8.0747 8.5897
v 11.4899 8.079 8.3644
v 11.4518 8.0807 8
v 11.4899 8.079 7.6356
v 11.5898 8.0747 7.4103
v 11.7133 8.0693 7.4103
v 11.8132 8.0649 7.6356
v 11.8169 7.8768 8.3644
v 11.855 7.8799 8
v 11.7173 7.8685 8.5897
v 11.5941 7.8582 8.5897
v 11.4944 7.85 8.3644
v 11.4564 7.8468 8
v 11.4944 7.85 7.6356
v 11.5941 7.8582 7.4103
v 11.7173 7.8685 7.4103
v 11.8169 7.8768 7.6356
v 11.8443 7.6906 8.3644
v 11.8817 7.6985 8
v 11.7465 7.6698 8.5897
v 11.6256 7.6441 8.5897
v 11.5278 7.6233 8.3644
v 11.4904 7.6154 8
v 11.5278 7.6233 7.6356
v 11.6256 7.6441 7.4103
v 11.7465 7.6698 7.4103
v 11.8443 7.6906 7.6356
v 11.895 7.5094 8.3644
v 11.9311 7.5219 8
v 11.8006 7.4764 8.5897
v 11.6839 7.4356 8.5897
v 11.5895 7.4027 8.3644
v 11.5534 7.3901 8
v 11.5895 7.4027 7.6356
v 11.6839 7.4356 7.4103
v 11.8006 7.4764 7.4103
v 11.895 7.5094 7.6356
v 11.9682 7.336 8.3644
v 12.0023 7.353 8
v 11.8787 7.2914 8.5897
v 11.768 7.2362 8.5897
v 11.6786 7.1916 8.3644
v 11.6444 7.1745 8
v 11.6786 7.1916 7.6356
v 11.768 7.2362 7.4103
v 11.8787 7.2914 7.4103
v 11.9682 7.336 7.6356
v 12.0626 7.1732 8.3644
v 12.0944 7.1944 8
v 11.9795 7.1176 8.5897
v 11.8767 7.049 8.5897
v 11.7935 6.9934 8.3644
v 11.7618 6.9722 8
v 11.7935 6.9934 7.6356
v 11.8767 7.049 7.4103
v 11.9795 7.1176 7.4103
v 12.0626 7.1732 7.6356
v 12.1768 7.0237 8.3644
v 12.2057 7.0487 8
v 12.1014 6.958 8.5897
v 12.0081 6.877 8.5897
v 11.9326 6.8114 8.3644
v 11.9038 6.7863 8
v 11.9326 6.8114 7.6356
v 12.0081 6.877 7.4103
v 12.1014 6.958 7.4103
v 12.1768 7.0237 7.6356
v 12.309 6.8897 8.3644
v 12.3345 6.9182 8
v 12.2424 6.8151 8.5897
v 12.1601 6.7229 8.5897
v 12.0936 6.6483 8.3644
v 12.0681 6.6198 8
v 12.0936 6.6483 7.6356
v 12.1601 6.7229 7.4103
v 12.2424 6.8151 7.4103
v 12.309 6.8897 7.6356
v 12.4571 6.7735 8.3644
v 12.4787 6.805 8
v 12.4004 6.6911 8.5897
v 12.3304 6.5893 8.5897
v 12.2738 6.5068 8.3644
v 12.2521 6.4754 8
v 12.2738 6.5068 7.6356
v 12.3304 6.5893 7.4103
v 12.4004 6.6911 7.4103
v 12.4571 6.7735 7.6356
v 12.6186 6.677 8.3644
v 12.6361 6.7109 8
v 12.5728 6.5881 8.5897
v 12.5162 6.4782 8.5897
v 12.4704 6.3893 8.3644
v 12.4529 6.3553 8
v 12.4704 6.3893 7.6356
v 12.5162 6.4782 7.4103
v 12.5728 6.5881 7.4103
v 12.6186 6.677 7.6356
v 12.8005 6.5977 8.3644
v 12.8158 6.6327 8
v 12.7604 6.5061 8.5897
v 12.7109 6.3929 8.5897
v 12.6708 6.3013 8.3644
v 12.6555 6.2663 8
v 12.6708 6.3013 7.6356
v 12.7109 6.3929 7.4103
v 12.7604 6.5061 7.4103
v 12.8005 6.5977 7.6356
v 4.95 7.0042 6.5
v 4.9523 6.9924 6.5
v 4.7541 6.9103 6.5419
v 4.7395 6.9834 6.5419
v 4.7766 6.8766 6.5419
v 4.9283 7.0283 6.5
v 4.8103 6.8541 6.5419
v 4.8924 7.0523 6.5
v 4.9042 7.05 6.5
v 4.8834 6.8395 6.5419
v 5.8958 7.05 6.5
v 5.9166 6.8395 6.5419
v 5.9076 7.0523 6.5
v 5.9897 6.8541 6.5419
v 6.0234 6.8766 6.5419
v 5.8717 7.0283 6.5
v 6.0459 6.9103 6.5419
v 5.8477 6.9924 6.5
v 5.85 7.0042 6.5
v 6.0605 6.9834 6.5419
v 5.85 8.9958 6.5
v 6.0605 9.0166 6.5419
v 5.8477 9.0076 6.5
v 6.0459 9.0897 6.5419
v 6.0234 9.1234 6.5419
v 5.8717 8.9717 6.5
v 5.9897 9.1459 6.5419
v 5.9076 8.9477 6.5
v 5.8958 8.95 6.5
v 5.9166 9.1605 6.5419
v 4.9042 8.95 6.5
v 4.8834 9.1605 6.5419
v 4.8924 8.9477 6.5
v 4.8103 9.1459 6.5419
v 4.7766 9.1234 6.5419
v 4.9283 8.9717 6.5
v 4.7541 9.0897 6.5419
v 4.9523 9.0076 6.5
v 4.95 8.9958 6.5
v 4.7395 9.0166 6.5419
v 4.586 6.8406 6.6611
v 4.5611 6.9659 6.6611
v 4.6479 6.7479 6.6611
v 4.7406 6.686 6.6611
v 4.8659 6.6611 6.6611
v 5.9341 6.6611 6.6611
v 6.0594 6.686 6.6611
v 6.1521 6.7479 6.6611
v 6.214 6.8406 6.6611
v 6.2389 6.9659 6.6611
v 6.2389 9.0341 6.6611
v 6.214 9.1594 6.6611
v 6.1521 9.2521 6.6611
v 6.0594 9.314 6.6611
v 5.9341 9.3389 6.6611
v 4.8659 9.3389 6.6611
v 4.7406 9.314 6.6611
v 4.6479 9.2521 6.6611
v 4.586 9.1594 6.6611
v 4.5611 9.0341 6.6611
v 4.4737 6.7941 6.8395
v 4.4419 6.9541 6.8395
v 4.562 6.662 6.8395
v 4.6941 6.5737 6.8395
v 4.8541 6.5419 6.8395
v 5.9459 6.5419 6.8395
v 6.1059 6.5737 6.8395
v 6.238 6.662 6.8395
v 6.3263 6.7941 6.8395
v 6.3581 6.9541 6.8395
v 6.3581 9.0459 6.8395
v 6.3263 9.2059 6.8395
v 6.238 9.338 6.8395
v 6.1059 9.4263 6.8395
v 5.9459 9.4581 6.8395
v 4.8541 9.4581 6.8395
v 4.6941 9.4263 6.8395
v 4.562 9.338 6.8395
v 4.4737 9.2059 6.8395
v 4.4419 9.0459 6.8395
v 4.4343 6.7778 7.05
v 4.4 6.95 7.05
v 4.5318 6.6318 7.05
v 4.6778 6.5343 7.05
v 4.85 6.5 7.05
v 5.95 6.5 7.05
v 6.1222 6.5343 7.05
v 6.2682 6.6318 7.05
v 6.3657 6.7778 7.05
v 6.4 6.95 7.05
v 6.4 9.05 7.05
v 6.3657 9.2222 7.05
v 6.2682 9.3682 7.05
v 6.1222 9.4657 7.05
v 5.95 9.5 7.05
v 4.85 9.5 7.05
v 4.6778 9.4657 7.05
v 4.5318 9.3682 7.05
v 4.4343 9.2222 7.05
v 4.4 9.05 7.05
v 4.4343 6.7778 8.95
v 4.4 6.95 8.95
v 4.5318 6.6318 8.95
v 4.6778 6.5343 8.95
v 4.85 6.5 8.95
v 5.95 6.5 8.95
v 6.1222 6.5343 8.95
v 6.2682 6.6318 8.95
v 6.3657 6.7778 8.95
v 6.4 6.95 8.95
v 6.4 9.05 8.95
v 6.3657 9.2222 8.95
v 6.2682 9.3682 8.95
v 6.1222 9.4657 8.95
v 5.95 9.5 8.95
v 4.85 9.5 8.95
v 4.6778 9.4657 8.95
v 4.5318 9.3682 8.95
v 4.4343 9.2222 8.95
v 4.4 9.05 8.95
v 4.4737 6.7941 9.1605
v 4.4419 6.9541 9.1605
v 4.562 6.662 9.1605
v 4.6941 6.5737 9.1605
v 4.8541 6.5419 9.1605
v 5.9459 6.5419 9.1605
v 6.1059 6.5737 9.1605
v 6.238 6.662 9.1605
v 6.3263 6.7941 9.1605
v 6.3581 6.9541 9.1605
v 6.3581 9.0459 9.1605
v 6.3263 9.2059 9.1605
v 6.238 9.338 9.1605
v 6.1059 9.4263 9.1605
v 5.9459 9.4581 9.1605
v 4.8541 9.4581 9.1605
v 4.6941 9.4263 9.1605
v 4.562 9.338 9.1605
v 4.4737 9.2059 9.1605
v 4.4419 9.0459 9.1605
v 4.586 6.8406 9.3389
v 4.5611 6.9659 9.3389
v 4.6479 6.7479 9.3389
v 4.7406 6.686 9.3389
v 4.8659 6.6611 9.3389
v 5.9341 6.6611 9.3389
v 6.0594 6.686 9.3389
v 6.1521 6.7479 9.3389
v 6.214 6.8406 9.3389
v 6.2389 6.9659 9.3389
v 6.2389 9.0341 9.3389
v 6.214 9.1594 9.3389
v 6.1521 9.2521 9.3389
v 6.0594 9.314 9.3389
v 5.9341 9.3389 9.3389
v 4.8659 9.3389 9.3389
v 4.7406 9.314 9.3389
v 4.6479 9.2521 9.3389
v 4.586 9.1594 9.3389
v 4.5611 9.0341 9.3389
v 4.7541 6.9103 9.4581
v 4.7395 6.9834 9.4581
v 4.7766 6.8766 9.4581
v 4.8103 6.8541 9.4581
v 4.8834 6.8395 9.4581
v 5.9166 6.8395 9.4581
v 5.9897 6.8541 9.4581
v 6.0234 6.8766 9.4581
v 6.0459 6.9103 9.4581
v 6.0605 6.9834 9.4581
v 6.0605 9.0166 9.4581
v 6.0459 9.0897 9.4581
v 6.0234 9.1234 9.4581
v 5.9897 9.1459 9.4581
v 5.9166 9.1605 9.4581
v 4.8834 9.1605 9.4581
v 4.8103 9.1459 9.4581
v 4.7766 9.1234 9.4581
v 4.7541 9.0897 9.4581
v 4.7395 9.0166 9.4581
v 4.9523 6.9924 9.5
v 4.95 7.0042 9.5
v 4.9283 7.0283 9.5
v 4.8924 7.0523 9.5
v 4.9042 7.05 9.5
v 5.8958 7.05 9.5
v 5.9076 7.0523 9.5
v 5.8717 7.0283 9.5
v 5.8477 6.9924 9.5
v 5.85 7.0042 9.5
v 5.85 8.9958 9.5
v 5.8477 9.0076 9.5
v 5.8717 8.9717 9.5
v 5.9076 8.9477 9.5
v 5.8958 8.95 9.5
v 4.9042 8.95 9.5
v 4.8924 8.9477 9.5
v 4.9283 8.9717 9.5
v 4.9523 9.0076 9.5
v 4.95 8.9958 9.5
v 5.4 8 6.5
v 5.4 8 9.5
v 10.15 7.0042 6.5
v 10.1523 6.9924 6.5
v 9.9541 6.9103 6.5419
v 9.9395 6.9834 6.5419
v 9.9766 6.8766 6.5419
v 10.1283 7.0283 6.5
v 10.0103 6.8541 6.5419
v 10.0924 7.0523 6.5
v 10.1042 7.05 6.5
v 10.0834 6.8395 6.5419
v 11.0958 7.05 6.5
v 11.1166 6.8395 6.5419
v 11.1076 7.0523 6.5
v 11.1897 6.8541 6.5419
v 11.2234 6.8766 6.5419
v 11.0717 7.0283 6.5
v 11.2459 6.9103 6.5419
v 11.0477 6.9924 6.5
v 11.05 7.0042 6.5
v 11.2605 6.9834 6.5419
v 11.05 8.9958 6.5
v 11.2605 9.0166 6.5419
v 11.0477 9.0076 6.5
v 11.2459 9.0897 6.5419
v 11.2234 9.1234 6.5419
v 11.0717 8.9717 6.5
v 11.1897 9.1459 6.5419
v 11.1076 8.9477 6.5
v 11.0958 8.95 6.5
v 11.1166 9.1605 6.5419
v 10.1042 8.95 6.5
v 10.0834 9.1605 6.5419
v 10.0924 8.9477 6.5
v 10.0103 9.1459 6.5419
v 9.9766 9.1234 6.5419
v 10.1283 8.9717 6.5
v 9.9541 9.0897 6.5419
v 10.1523 9.0076 6.5
v 10.15 8.9958 6.5
v 9.9395 9.0166 6.5419
v 9.786 6.8406 6.6611
v 9.7611 6.9659 6.6611
v 9.8479 6.7479 6.6611
v 9.9406 6.686 6.6611
v 10.0659 6.6611 6.6611
v 11.1341 6.6611 6.6611
v 11.2594 6.686 6.6611
v 11.3521 6.7479 6.6611
v 11.414 6.8406 6.6611
v 11.4389 6.9659 6.6611
v 11.4389 9.0341 6.6611
v 11.414 9.1594 6.6611
v 11.3521 9.2521 6.6611
v 11.2594 9.314 6.6611
v 11.1341 9.3389 6.6611
v 10.0659 9.3389 6.6611
v 9.9406 9.314 6.6611
v 9.8479 9.2521 6.6611
v 9.786 9.1594 6.6611
v 9.7611 9.0341 6.6611
v 9.6737 6.7941 6.8395
v 9.6419 6.9541 6.8395
v 9.762 6.662 6.8395
v 9.8941 6.5737 6.8395
v 10.0541 6.5419 6.8395
v 11.1459 6.5419 6.8395
v 11.3059 6.5737 6.8395
v 11.438 6.662 6.8395
v 11.5263 6.7941 6.8395
v 11.5581 6.9541 6.8395
v 11.5581 9.0459 6.8395
v 11.5263 9.2059 6.8395
v 11.438 9.338 6.8395
v 11.3059 9.4263 6.8395
v 11.1459 9.4581 6.8395
v 10.0541 9.4581 6.8395
v 9.8941 9.4263 6.8395
v 9.762 9.338 6.8395
v 9.6737 9.2059 6.8395
v 9.6419 9.0459 6.8395
v 9.6343 6.7778 7.05
v 9.6 6.95 7.05
v 9.7318 6.6318 7.05
v 9.8778 6.5343 7.05
v 10.05 6.5 7.05
v 11.15 6.5 7.05
v 11.3222 6.5343 7.05
v 11.4682 6.6318 7.05
v 11.5657 6.7778 7.05
v 11.6 6.95 7.05
v 11.6 9.05 7.05
v 11.5657 9.2222 7.05
v 11.4682 9.3682 7.05
v 11.3222 9.4657 7.05
v 11.15 9.5 7.05
v 10.05 9.5 7.05
v 9.8778 9.4657 7.05
v 9.7318 9.3682 7.05
v 9.6343 9.2222 7.05
v 9.6 9.05 7.05
v 9.6343 6.7778 8.95
v 9.6 6.95 8.95
v 9.7318 6.6318 8.95
v 9.8778 6.5343 8.95
v 10.05 6.5 8.95
v 11.15 6.5 8.95
v 11.3222 6.5343 8.95
v 11.4682 6.6318 8.95
v 11.5657 6.7778 8.95
v 11.6 6.95 8.95
v 11.6 9.05 8.95
v 11.5657 9.2222 8.95
v 11.4682 9.3682 8.95
v 11.3222 9.4657 8.95
v 11.15 9.5 8.95
v 10.05 9.5 8.95
v 9.8778 9.4657 8.95
v 9.7318 9.3682 8.95
v 9.6343 9.2222 8.95
v 9.6 9.05 8.95
v 9.6737 6.7941 9.1605
v 9.6419 6.9541 9.1605
v 9.762 6.662 9.1605
v 9.8941 6.5737 9.1605
v 10.0541 6.5419 9.1605
v 11.1459 6.5419 9.1605
v 11.3059 6.5737 9.1605
v 11.438 6.662 9.1605
v 11.5263 6.7941 9.1605
v 11.5581 6.9541 9.1605
v 11.5581 9.0459 9.1605
v 11.5263 9.2059 9.1605
v 11.438 9.338 9.1605
v 11.3059 9.4263 9.1605
v 11.1459 9.4581 9.1605
v 10.0541 9.4581 9.1605
v 9.8941 9.4263 9.1605
v 9.762 9.338 9.1605
v 9.6737 9.2059 9.1605
v 9.6419 9.0459 9.1605
v 9.786 6.8406 9.3389
v 9.7611 6.9659 9.3389
v 9.8479 6.7479 9.3389
v 9.9406 6.686 9.3389
v 10.0659 6.6611 9.3389
v 11.1341 6.6611 9.3389
v 11.2594 6.686 9.3389
v 11.3521 6.7479 9.3389
v 11.414 6.8406 9.3389
v 11.4389 6.9659 9.3389
v 11.4389 9.0341 9.3389
v 11.414 9.1594 9.3389
v 11.3521 9.2521 9.3389
v 11.2594 9.314 9.3389
v 11.1341 9.3389 9.3389
v 10.0659 9.3389 9.3389
v 9.9406 9.314 9.3389
v 9.8479 9.2521 9.3389
v 9.786 9.1594 9.3389
v 9.7611 9.0341 9.3389
v 9.9541 6.9103 9.4581
v 9.9395 6.9834 9.4581
v 9.9766 6.8766 9.4581
v 10.0103 6.8541 9.4581
v 10.0834 6.8395 9.4581
v 11.1166 6.8395 9.4581
v 11.1897 6.8541 9.4581
v 11.2234 6.8766 9.4581
v 11.2459 6.9103 9.4581
v 11.2605 6.9834 9.4581
v 11.2605 9.0166 9.4581
v 11.2459 9.0897 9.4581
v 11.2234 9.1234 9.4581
v 11.1897 9.1459 9.4581
v 11.1166 9.1605 9.4581
v 10.0834 9.1605 9.4581
v 10.0103 9.1459 9.4581
v 9.9766 9.1234 9.4581
v 9.9541 9.0897 9.4581
v 9.9395 9.0166 9.4581
v 10.1523 6.9924 9.5
v 10.15 7.0042 9.5
v 10.1283 7.0283 9.5
v 10.0924 7.0523 9.5
v 10.1042 7.05 9.5
v 11.0958 7.05 9.5
v 11.1076 7.0523 9.5
v 11.0717 7.0283 9.5
v 11.0477 6.9924 9.5
v 11.05 7.0042 9.5
v 11.05 8.9958 9.5
v 11.0477 9.0076 9.5
v 11.0717 8.9717 9.5
v 11.1076 8.9477 9.5
v 11.0958 8.95 9.5
v 10.1042 8.95 9.5
v 10.0924 8.9477 9.5
v 10.1283 8.9717 9.5
v 10.1523 9.0076 9.5
v 10.15 8.9958 9.5
v 10.6 8 6.5
v 10.6 8 9.5
v 6.3 8 8
v 6.3 7.48 8
v 6.3 7.4977 8.1346
v 6.3 7.5497 8.26
v 6.3 7.6323 8.3677
v 6.3 7.74 8.4503
v 6.3 7.8654 8.5023
v 6.3 8 8.52
v 6.3 8.1346 8.5023
v 6.3 8.26 8.4503
v 6.3 8.3677 8.3677
v 6.3 8.4503 8.26
v 6.3 8.5023 8.1346
v 6.3 8.52 8
v 6.3 8.5023 7.8654
v 6.3 8.4503 7.74
v 6.3 8.3677 7.6323
v 6.3 8.26 7.5497
v 6.3 8.1346 7.4977
v 6.3 8 7.48
v 6.3 7.8654 7.4977
v 6.3 7.74 7.5497
v 6.3 7.6323 7.6323
v 6.3 7.5497 7.74
v 6.3 7.4977 7.8654
v 7.2 7.4977 8.1346
v 7.2 7.48 8
v 7.2 7.5497 8.26
v 7.2 7.6323 8.3677
v 7.2 7.74 8.4503
v 7.2 7.8654 8.5023
v 7.2 8 8.52
v 7.2 8.1346 8.5023
v 7.2 8.26 8.4503
v 7.2 8.3677 8.3677
v 7.2 8.4503 8.26
v 7.2 8.5023 8.1346
v 7.2 8.52 8
v 7.2 8.5023 7.8654
v 7.2 8.4503 7.74
v 7.2 8.3677 7.6323
v 7.2 8.26 7.5497
v 7.2 8.1346 7.4977
v 7.2 8 7.48
v 7.2 7.8654 7.4977
v 7.2 7.74 7.5497
v 7.2 7.6323 7.6323
v 7.2 7.5497 7.74
v 7.2 7.4977 7.8654
v 7.2 8 8
v 8.8 8 8
v 8.8 7.48 8
v 8.8 7.4977 8.1346
v 8.8 7.5497 8.26
v 8.8 7.6323 8.3677
v 8.8 7.74 8.4503
v 8.8 7.8654 8.5023
v 8.8 8 8.52
v 8.8 8.1346 8.5023
v 8.8 8.26 8.4503
v 8.8 8.3677 8.3677
v 8.8 8.4503 8.26
v 8.8 8.5023 8.1346
v 8.8 8.52 8
v 8.8 8.5023 7.8654
v 8.8 8.4503 7.74
v 8.8 8.3677 7.6323
v 8.8 8.26 7.5497
v 8.8 8.1346 7.4977
v 8.8 8 7.48
v 8.8 7.8654 7.4977
v 8.8 7.74 7.5497
v 8.8 7.6323 7.6323
v 8.8 7.5497 7.74
v 8.8 7.4977 7.8654
v 9.7 7.4977 8.1346
v 9.7 7.48 8
v 9.7 7.5497 8.26
v 9.7 7.6323 8.3677
v 9.7 7.74 8.4503
v 9.7 7.8654 8.5023
v 9.7 8 8.52
v 9.7 8.1346 8.5023
v 9.7 8.26 8.4503
v 9.7 8.3677 8.3677
v 9.7 8.4503 8.26
v 9.7 8.5023 8.1346
v 9.7 8.52 8
v 9.7 8.5023 7.8654
v 9.7 8.4503 7.74
v 9.7 8.3677 7.6323
v 9.7 8.26 7.5497
v 9.7 8.1346 7.4977
v 9.7 8 7.48
v 9.7 7.8654 7.4977
v 9.7 7.74 7.5497
v 9.7 7.6323 7.6323
v 9.7 7.5497 7.74
v 9.7 7.4977 7.8654
v 9.7 8 8
v 7.2718 7.725 8
v 7.3447 7.6947 8.1176
v 7.3362 7.7319 8
v 7.2725 7.6868 8.1176
v 7.3669 7.5972 8.1902
v 7.274 7.5868 8.1902
v 7.3944 7.4767 8.1902
v 7.276 7.4632 8.1902
v 7.4167 7.3792 8.1176
v 7.2775 7.3632 8.1176
v 7.4252 7.3419 8
v 7.2782 7.325 8
v 7.4167 7.3792 7.8824
v 7.2775 7.3632 7.8824
v 7.3944 7.4767 7.8098
v 7.276 7.4632 7.8098
v 7.3669 7.5972 7.8098
v 7.274 7.5868 7.8098
v 7.3447 7.6947 7.8824
v 7.2725 7.6868 7.8824
v 7.4109 7.7178 8.1176
v 7.3943 7.7522 8
v 7.4543 7.6277 8.1902
v 7.5079 7.5164 8.1902
v 7.5513 7.4263 8.1176
v 7.5679 7.3918 8
v 7.5513 7.4263 7.8824
v 7.5079 7.5164 7.8098
v 7.4543 7.6277 7.8098
v 7.4109 7.7178 7.8824
v 7.4703 7.7551 8.1176
v 7.4465 7.785 8
v 7.5326 7.6769 8.1902
v 7.6097 7.5803 8.1902
v 7.672 7.5021 8.1176
v 7.6959 7.4723 8
v 7.672 7.5021 7.8824
v 7.6097 7.5803 7.8098
v 7.5326 7.6769 7.8098
v 7.4703 7.7551 7.8824
v 7.5199 7.8047 8.1176
v 7.49 7.8285 8
v 7.5981 7.7424 8.1902
v 7.6947 7.6653 8.1902
v 7.7729 7.603 8.1176
v 7.8027 7.5791 8
v 7.7729 7.603 7.8824
v 7.6947 7.6653 7.8098
v 7.5981 7.7424 7.8098
v 7.5199 7.8047 7.8824
v 7.5572 7.8641 8.1176
v 7.5228 7.8807 8
v 7.6473 7.8207 8.1902
v 7.7586 7.7671 8.1902
v 7.8487 7.7237 8.1176
v 7.8832 7.7071 8
v 7.8487 7.7237 7.8824
v 7.7586 7.7671 7.8098
v 7.6473 7.8207 7.8098
v 7.5572 7.8641 7.8824
v 7.5803 7.9303 8.1176
v 7.5431 7.9388 8
v 7.6778 7.9081 8.1902
v 7.7983 7.8806 8.1902
v 7.8958 7.8583 8.1176
v 7.9331 7.8498 8
v 7.8958 7.8583 7.8824
v 7.7983 7.8806 7.8098
v 7.6778 7.9081 7.8098
v 7.5803 7.9303 7.8824
v 7.5882 8 8.1176
v 7.55 8 8
v 7.6882 8 8.1902
v 7.8118 8 8.1902
v 7.9118 8 8.1176
v 7.95 8 8
v 7.9118 8 7.8824
v 7.8118 8 7.8098
v 7.6882 8 7.8098
v 7.5882 8 7.8824
v 7.5803 8.0697 8.1176
v 7.5431 8.0612 8
v 7.6778 8.0919 8.1902
v 7.7983 8.1194 8.1902
v 7.8958 8.1417 8.1176
v 7.9331 8.1502 8
v 7.8958 8.1417 7.8824
v 7.7983 8.1194 7.8098
v 7.6778 8.0919 7.8098
v 7.5803 8.0697 7.8824
v 7.5572 8.1359 8.1176
v 7.5228 8.1193 8
v 7.6473 8.1793 8.1902
v 7.7586 8.2329 8.1902
v 7.8487 8.2763 8.1176
v 7.8832 8.2929 8
v 7.8487 8.2763 7.8824
v 7.7586 8.2329 7.8098
v 7.6473 8.1793 7.8098
v 7.5572 8.1359 7.8824
v 7.5199 8.1953 8.1176
v 7.49 8.1715 8
v 7.5981 8.2576 8.1902
v 7.6947 8.3347 8.1902
v 7.7729 8.397 8.1176
v 7.8027 8.4209 8
v 7.7729 8.397 7.8824
v 7.6947 8.3347 7.8098
v 7.5981 8.2576 7.8098
v 7.5199 8.1953 7.8824
v 7.4703 8.2449 8.1176
v 7.4465 8.215 8
v 7.5326 8.3231 8.1902
v 7.6097 8.4197 8.1902
v 7.672 8.4979 8.1176
v 7.6959 8.5277 8
v 7.672 8.4979 7.8824
v 7.6097 8.4197 7.8098
v 7.5326 8.3231 7.8098
v 7.4703 8.2449 7.8824
v 7.4109 8.2822 8.1176
v 7.3943 8.2478 8
v 7.4543 8.3723 8.1902
v 7.5079 8.4836 8.1902
v 7.5513 8.5737 8.1176
v 7.5679 8.6082 8
v 7.5513 8.5737 7.8824
v 7.5079 8.4836 7.8098
v 7.4543 8.3723 7.8098
v 7.4109 8.2822 7.8824
v 7.3447 8.3053 8.1176
v 7.3362 8.2681 8
v 7.3669 8.4028 8.1902
v 7.3944 8.5233 8.1902
v 7.4167 8.6208 8.1176
v 7.4252 8.6581 8
v 7.4167 8.6208 7.8824
v 7.3944 8.5233 7.8098
v 7.3669 8.4028 7.8098
v 7.3447 8.3053 7.8824
v 7.2725 8.3132 8.1176
v 7.2718 8.275 8
v 7.274 8.4132 8.1902
v 7.276 8.5368 8.1902
v 7.2775 8.6368 8.1176
v 7.2782 8.675 8
v 7.2775 8.6368 7.8824
v 7.276 8.5368 7.8098
v 7.274 8.4132 7.8098
v 7.2725 8.3132 7.8824
v 6.6275 8.3132 8.1176
v 6.6282 8.275 8
v 6.626 8.4132 8.1902
v 6.624 8.5368 8.1902
v 6.6225 8.6368 8.1176
v 6.6218 8.675 8
v 6.6225 8.6368 7.8824
v 6.624 8.5368 7.8098
v 6.626 8.4132 7.8098
v 6.6275 8.3132 7.8824
v 6.5553 8.3053 8.1176
v 6.5638 8.2681 8
v 6.5331 8.4028 8.1902
v 6.5056 8.5233 8.1902
v 6.4833 8.6208 8.1176
v 6.4748 8.6581 8
v 6.4833 8.6208 7.8824
v 6.5056 8.5233 7.8098
v 6.5331 8.4028 7.8098
v 6.5553 8.3053 7.8824
v 6.4891 8.2822 8.1176
v 6.5057 8.2478 8
v 6.4457 8.3723 8.1902
v 6.3921 8.4836 8.1902
v 6.3487 8.5737 8.1176
v 6.3321 8.6082 8
v 6.3487 8.5737 7.8824
v 6.3921 8.4836 7.8098
v 6.4457 8.3723 7.8098
v 6.4891 8.2822 7.8824
v 6.4297 8.2449 8.1176
v 6.4535 8.215 8
v 6.3674 8.3231 8.1902
v 6.2903 8.4197 8.1902
v 6.228 8.4979 8.1176
v 6.2041 8.5277 8
v 6.228 8.4979 7.8824
v 6.2903 8.4197 7.8098
v 6.3674 8.3231 7.8098
v 6.4297 8.2449 7.8824
v 6.3801 8.1953 8.1176
v 6.41 8.1715 8
v 6.3019 8.2576 8.1902
v 6.2053 8.3347 8.1902
v 6.1271 8.397 8.1176
v 6.0973 8.4209 8
v 6.1271 8.397 7.8824
v 6.2053 8.3347 7.8098
v 6.3019 8.2576 7.8098
v 6.3801 8.1953 7.8824
v 6.3428 8.1359 8.1176
v 6.3772 8.1193 8
v 6.2527 8.1793 8.1902
v 6.1414 8.2329 8.1902
v 6.0513 8.2763 8.1176
v 6.0168 8.2929 8
v 6.0513 8.2763 7.8824
v 6.1414 8.2329 7.8098
v 6.2527 8.1793 7.8098
v 6.3428 8.1359 7.8824
v 6.3197 8.0697 8.1176
v 6.3569 8.0612 8
v 6.2222 8.0919 8.1902
v 6.1017 8.1194 8.1902
v 6.0042 8.1417 8.1176
v 5.9669 8.1502 8
v 6.0042 8.1417 7.8824
v 6.1017 8.1194 7.8098
v 6.2222 8.0919 7.8098
v 6.3197 8.0697 7.8824
v 6.3118 8 8.1176
v 6.35 8 8
v 6.2118 8 8.1902
v 6.0882 8 8.1902
v 5.9882 8 8.1176
v 5.95 8 8
v 5.9882 8 7.8824
v 6.0882 8 7.8098
v 6.2118 8 7.8098
v 6.3118 8 7.8824
v 6.3197 7.9303 8.1176
v 6.3569 7.9388 8
v 6.2222 7.9081 8.1902
v 6.1017 7.8806 8.1902
v 6.0042 7.8583 8.1176
v 5.9669 7.8498 8
v 6.0042 7.8583 7.8824
v 6.1017 7.8806 7.8098
v 6.2222 7.9081 7.8098
v 6.3197 7.9303 7.8824
v 6.3428 7.8641 8.1176
v 6.3772 7.8807 8
v 6.2527 7.8207 8.1902
v 6.1414 7.7671 8.1902
v 6.0513 7.7237 8.1176
v 6.0168 7.7071 8
v 6.0513 7.7237 7.8824
v 6.1414 7.7671 7.8098
v 6.2527 7.8207 7.8098
v 6.3428 7.8641 7.8824
v 6.3801 7.8047 8.1176
v 6.41 7.8285 8
v 6.3019 7.7424 8.1902
v 6.2053 7.6653 8.1902
v 6.1271 7.603 8.1176
v 6.0973 7.5791 8
v 6.1271 7.603 7.8824
v 6.2053 7.6653 7.8098
v 6.3019 7.7424 7.8098
v 6.3801 7.8047 7.8824
v 6.4297 7.7551 8.1176
v 6.4535 7.785 8
v 6.3674 7.6769 8.1902
v 6.2903 7.5803 8.1902
v 6.228 7.5021 8.1176
v 6.2041 7.4723 8
v 6.228 7.5021 7.8824
v 6.2903 7.5803 7.8098
v 6.3674 7.6769 7.8098
v 6.4297 7.7551 7.8824
v 6.4891 7.7178 8.1176
v 6.5057 7.7522 8
v 6.4457 7.6277 8.1902
v 6.3921 7.5164 8.1902
v 6.3487 7.4263 8.1176
v 6.3321 7.3918 8
v 6.3487 7.4263 7.8824
v 6.3921 7.5164 7.8098
v 6.4457 7.6277 7.8098
v 6.4891 7.7178 7.8824
v 6.5553 7.6947 8.1176
v 6.5638 7.7319 8
v 6.5331 7.5972 8.1902
v 6.5056 7.4767 8.1902
v 6.4833 7.3792 8.1176
v 6.4748 7.3419 8
v 6.4833 7.3792 7.8824
v 6.5056 7.4767 7.8098
v 6.5331 7.5972 7.8098
v 6.5553 7.6947 7.8824
v 6.6275 7.6868 8.1176
v 6.6282 7.725 8
v 6.626 7.5868 8.1902
v 6.624 7.4632 8.1902
v 6.6225 7.3632 8.1176
v 6.6218 7.325 8
v 6.6225 7.3632 7.8824
v 6.624 7.4632 7.8098
v 6.626 7.5868 7.8098
v 6.6275 7.6868 7.8824
v 8.2218 8 7.725
v 8.2947 7.8824 7.6947
v 8.2862 8 7.7319
v 8.2225 7.8824 7.6868
v 8.3169 7.8098 7.5972
v 8.224 7.8098 7.5868
v 8.3444 7.8098 7.4767
v 8.226 7.8098 7.4632
v 8.3667 7.8824 7.3792
v 8.2275 7.8824 7.3632
v 8.3752 8 7.3419
v 8.2282 8 7.325
v 8.3667 8.1176 7.3792
v 8.2275 8.1176 7.3632
v 8.3444 8.1902 7.4767
v 8.226 8.1902 7.4632
v 8.3169 8.1902 7.5972
v 8.224 8.1902 7.5868
v 8.2947 8.1176 7.6947
v 8.2225 8.1176 7.6868
v 8.3609 7.8824 7.7178
v 8.3443 8 7.7522
v 8.4043 7.8098 7.6277
v 8.4579 7.8098 7.5164
v 8.5013 7.8824 7.4263
v 8.5179 8 7.3918
v 8.5013 8.1176 7.4263
v 8.4579 8.1902 7.5164
v 8.4043 8.1902 7.6277
v 8.3609 8.1176 7.7178
v 8.4203 7.8824 7.7551
v 8.3965 8 7.785
v 8.4826 7.8098 7.6769
v 8.5597 7.8098 7.5803
v 8.622 7.8824 7.5021
v 8.6459 8 7.4723
v 8.622 8.1176 7.5021
v 8.5597 8.1902 7.5803
v 8.4826 8.1902 7.6769
v 8.4203 8.1176 7.7551
v 8.4699 7.8824 7.8047
v 8.44 8 7.8285
v 8.5481 7.8098 7.7424
v 8.6447 7.8098 7.6653
v 8.7229 7.8824 7.603
v 8.7527 8 7.5791
v 8.7229 8.1176 7.603
v 8.6447 8.1902 7.6653
v 8.5481 8.1902 7.7424
v 8.4699 8.1176 7.8047
v 8.5072 7.8824 7.8641
v 8.4728 8 7.8807
v 8.5973 7.8098 7.8207
v 8.7086 7.8098 7.7671
v 8.7987 7.8824 7.7237
v 8.8332 8 7.7071
v 8.7987 8.1176 7.7237
v 8.7086 8.1902 7.7671
v 8.5973 8.1902 7.8207
v 8.5072 8.1176 7.8641
v 8.5303 7.8824 7.9303
v 8.4931 8 7.9388
v 8.6278 7.8098 7.9081
v 8.7483 7.8098 7.8806
v 8.8458 7.8824 7.8583
v 8.8831 8 7.8498
v 8.8458 8.1176 7.8583
v 8.7483 8.1902 7.8806
v 8.6278 8.1902 7.9081
v 8.5303 8.1176 7.9303
v 8.5382 7.8824 8
v 8.5 8 8
v 8.6382 7.8098 8
v 8.7618 7.8098 8
v 8.8618 7.8824 8
v 8.9 8 8
v 8.8618 8.1176 8
v 8.7618 8.1902 8
v 8.6382 8.1902 8
v 8.5382 8.1176 8
v 8.5303 7.8824 8.0697
v 8.4931 8 8.0612
v 8.6278 7.8098 8.0919
v 8.7483 7.8098 8.1194
v 8.8458 7.8824 8.1417
v 8.8831 8 8.1502
v 8.8458 8.1176 8.1417
v 8.7483 8.1902 8.1194
v 8.6278 8.1902 8.0919
v 8.5303 8.1176 8.0697
v 8.5072 7.8824 8.1359
v 8.4728 8 8.1193
v 8.5973 7.8098 8.1793
v 8.7086 7.8098 8.2329
v 8.7987 7.8824 8.2763
v 8.8332 8 8.2929
v 8.7987 8.1176 8.2763
v 8.7086 8.1902 8.2329
v 8.5973 8.1902 8.1793
v 8.5072 8.1176 8.1359
v 8.4699 7.8824 8.1953
v 8.44 8 8.1715
v 8.5481 7.8098 8.2576
v 8.6447 7.8098 8.3347
v 8.7229 7.8824 8.397
v 8.7527 8 8.4209
v 8.7229 8.1176 8.397
v 8.6447 8.1902 8.3347
v 8.5481 8.1902 8.2576
v 8.4699 8.1176 8.1953
v 8.4203 7.8824 8.2449
v 8.3965 8 8.215
v 8.4826 7.8098 8.3231
v 8.5597 7.8098 8.4197
v 8.622 7.8824 8.4979
v 8.6459 8 8.5277
v 8.622 8.1176 8.4979
v 8.5597 8.1902 8.4197
v 8.4826 8.1902 8.3231
v 8.4203 8.1176 8.2449
v 8.3609 7.8824 8.2822
v 8.3443 8 8.2478
v 8.4043 7.8098 8.3723
v 8.4579 7.8098 8.4836
v 8.5013 7.8824 8.5737
v 8.5179 8 8.6082
v 8.5013 8.1176 8.5737
v 8.4579 8.1902 8.4836
v 8.4043 8.1902 8.3723
v 8.3609 8.1176 8.2822
v 8.2947 7.8824 8.3053
v 8.2862 8 8.2681
v 8.3169 7.8098 8.4028
v 8.3444 7.8098 8.5233
v 8.3667 7.8824 8.6208
v 8.3752 8 8.6581
v 8.3667 8.1176 8.6208
v 8.3444 8.1902 8.5233
v 8.3169 8.1902 8.4028
v 8.2947 8.1176 8.3053
v 8.2225 7.8824 8.3132
v 8.2218 8 8.275
v 8.224 7.8098 8.4132
v 8.226 7.8098 8.5368
v 8.2275 7.8824 8.6368
v 8.2282 8 8.675
v 8.2275 8.1176 8.6368
v 8.226 8.1902 8.5368
v 8.224 8.1902 8.4132
v 8.2225 8.1176 8.3132
v 7.5775 7.8824 8.3132
v 7.5782 8 8.275
v 7.576 7.8098 8.4132
v 7.574 7.8098 8.5368
v 7.5725 7.8824 8.6368
v 7.5718 8 8.675
v 7.5725 8.1176 8.6368
v 7.574 8.1902 8.5368
v 7.576 8.1902 8.4132
v 7.5775 8.1176 8.3132
v 7.5053 7.8824 8.3053
v 7.5138 8 8.2681
v 7.4831 7.8098 8.4028
v 7.4556 7.8098 8.5233
v 7.4333 7.8824 8.6208
v 7.4248 8 8.6581
v 7.4333 8.1176 8.6208
v 7.4556 8.1902 8.5233
v 7.4831 8.1902 8.4028
v 7.5053 8.1176 8.3053
v 7.4391 7.8824 8.2822
v 7.4557 8 8.2478
v 7.3957 7.8098 8.3723
v 7.3421 7.8098 8.4836
v 7.2987 7.8824 8.5737
v 7.2821 8 8.6082
v 7.2987 8.1176 8.5737
v 7.3421 8.1902 8.4836
v 7.3957 8.1902 8.3723
v 7.4391 8.1176 8.2822
v 7.3797 7.8824 8.2449
v 7.4035 8 8.215
v 7.3174 7.8098 8.3231
v 7.2403 7.8098 8.4197
v 7.178 7.8824 8.4979
v 7.1541 8 8.5277
v 7.178 8.1176 8.4979
v 7.2403 8.1902 8.4197
v 7.3174 8.1902 8.3231
v 7.3797 8.1176 8.2449
v 7.3301 7.8824 8.1953
v 7.36 8 8.1715
v 7.2519 7.8098 8.2576
v 7.1553 7.8098 8.3347
v 7.0771 7.8824 8.397
v 7.0473 8 8.4209
v 7.0771 8.1176 8.397
v 7.1553 8.1902 8.3347
v 7.2519 8.1902 8.2576
v 7.3301 8.1176 8.1953
v 7.2928 7.8824 8.1359
v 7.3272 8 8.1193
v 7.2027 7.8098 8.1793
v 7.0914 7.8098 8.2329
v 7.0013 7.8824 8.2763
v 6.9668 8 8.2929
v 7.0013 8.1176 8.2763
v 7.0914 8.1902 8.2329
v 7.2027 8.1902 8.1793
v 7.2928 8.1176 8.1359
v 7.2697 7.8824 8.0697
v 7.3069 8 8.0612
v 7.1722 7.8098 8.0919
v 7.0517 7.8098 8.1194
v 6.9542 7.8824 8.1417
v 6.9169 8 8.1502
v 6.9542 8.1176 8.1417
v 7.0517 8.1902 8.1194
v 7.1722 8.1902 8.0919
v 7.2697 8.1176 8.0697
v 7.2618 7.8824 8
v 7.3 8 8
v 7.1618 7.8098 8
v 7.0382 7.8098 8
v 6.9382 7.8824 8
v 6.9 8 8
v 6.9382 8.1176 8
v 7.0382 8.1902 8
v 7.1618 8.1902 8
v 7.2618 8.1176 8
v 7.2697 7.8824 7.9303
v 7.3069 8 7.9388
v 7.1722 7.8098 7.9081
v 7.0517 7.8098 7.8806
v 6.9542 7.8824 7.8583
v 6.9169 8 7.8498
v 6.9542 8.1176 7.8583
v 7.0517 8.1902 7.8806
v 7.1722 8.1902 7.9081
v 7.2697 8.1176 7.9303
v 7.2928 7.8824 7.8641
v 7.3272 8 7.8807
v 7.2027 7.8098 7.8207
v 7.0914 7.8098 7.7671
v 7.0013 7.8824 7.7237
v 6.9668 8 7.7071
v 7.0013 8.1176 7.7237
v 7.0914 8.1902 7.7671
v 7.2027 8.1902 7.8207
v 7.2928 8.1176 7.8641
v 7.3301 7.8824 7.8047
v 7.36 8 7.8285
v 7.2519 7.8098 7.7424
v 7.1553 7.8098 7.6653
v 7.0771 7.8824 7.603
v 7.0473 8 7.5791
v 7.0771 8.1176 7.603
v 7.1553 8.1902 7.6653
v 7.2519 8.1902 7.7424
v 7.3301 8.1176 7.8047
v 7.3797 7.8824 7.7551
v 7.4035 8 7.785
v 7.3174 7.8098 7.6769
v 7.2403 7.8098 7.5803
v 7.178 7.8824 7.5021
v 7.1541 8 7.4723
v 7.178 8.1176 7.5021
v 7.2403 8.1902 7.5803
v 7.3174 8.1902 7.6769
v 7.3797 8.1176 7.7551
v 7.4391 7.8824 7.7178
v 7.4557 8 7.7522
v 7.3957 7.8098 7.6277
v 7.3421 7.8098 7.5164
v 7.2987 7.8824 7.4263
v 7.2821 8 7.3918
v 7.2987 8.1176 7.4263
v 7.3421 8.1902 7.5164
v 7.3957 8.1902 7.6277
v 7.4391 8.1176 7.7178
v 7.5053 7.8824 7.6947
v 7.5138 8 7.7319
v 7.4831 7.8098 7.5972
v 7.4556 7.8098 7.4767
v 7.4333 7.8824 7.3792
v 7.4248 8 7.3419
v 7.4333 8.1176 7.3792
v 7.4556 8.1902 7.4767
v 7.4831 8.1902 7.5972
v 7.5053 8.1176 7.6947
v 7.5775 7.8824 7.6868
v 7.5782 8 7.725
v 7.576 7.8098 7.5868
v 7.574 7.8098 7.4632
v 7.5725 7.8824 7.3632
v 7.5718 8 7.325
v 7.5725 8.1176 7.3632
v 7.574 8.1902 7.4632
v 7.576 8.1902 7.5868
v 7.5775 8.1176 7.6868
v 9.1718 7.725 8
v 9.2447 7.6947 8.1176
v 9.2362 7.7319 8
v 9.1725 7.6868 8.1176
v 9.2669 7.5972 8.1902
v 9.174 7.5868 8.1902
v 9.2944 7.4767 8.1902
v 9.176 7.4632 8.1902
v 9.3167 7.3792 8.1176
v 9.1775 7.3632 8.1176
v 9.3252 7.3419 8
v 9.1782 7.325 8
v 9.3167 7.3792 7.8824
v 9.1775 7.3632 7.8824
v 9.2944 7.4767 7.8098
v 9.176 7.4632 7.8098
v 9.2669 7.5972 7.8098
v 9.174 7.5868 7.8098
v 9.2447 7.6947 7.8824
v 9.1725 7.6868 7.8824
v 9.3109 7.7178 8.1176
v 9.2943 7.7522 8
v 9.3543 7.6277 8.1902
v 9.4079 7.5164 8.1902
v 9.4513 7.4263 8.1176
v 9.4679 7.3918 8
v 9.4513 7.4263 7.8824
v 9.4079 7.5164 7.8098
v 9.3543 7.6277 7.8098
v 9.3109 7.7178 7.8824
v 9.3703 7.7551 8.1176
v 9.3465 7.785 8
v 9.4326 7.6769 8.1902
v 9.5097 7.5803 8.1902
v 9.572 7.5021 8.1176
v 9.5959 7.4723 8
v 9.572 7.5021 7.8824
v 9.5097 7.5803 7.8098
v 9.4326 7.6769 7.8098
v 9.3703 7.7551 7.8824
v 9.4199 7.8047 8.1176
v 9.39 7.8285 8
v 9.4981 7.7424 8.1902
v 9.5947 7.6653 8.1902
v 9.6729 7.603 8.1176
v 9.7027 7.5791 8
v 9.6729 7.603 7.8824
v 9.5947 7.6653 7.8098
v 9.4981 7.7424 7.8098
v 9.4199 7.8047 7.8824
v 9.4572 7.8641 8.1176
v 9.4228 7.8807 8
v 9.5473 7.8207 8.1902
v 9.6586 7.7671 8.1902
v 9.7487 7.7237 8.1176
v 9.7832 7.7071 8
v 9.7487 7.7237 7.8824
v 9.6586 7.7671 7.8098
v 9.5473 7.8207 7.8098
v 9.4572 7.8641 7.8824
v 9.4803 7.9303 8.1176
v 9.4431 7.9388 8
v 9.5778 7.9081 8.1902
v 9.6983 7.8806 8.1902
v 9.7958 7.8583 8.1176
v 9.8331 7.8498 8
v 9.7958 7.8583 7.8824
v 9.6983 7.8806 7.8098
v 9.5778 7.9081 7.8098
v 9.4803 7.9303 7.8824
v 9.4882 8 8.1176
v 9.45 8 8
v 9.5882 8 8.1902
v 9.7118 8 8.1902
v 9.8118 8 8.1176
v 9.85 8 8
v 9.8118 8 7.8824
v 9.7118 8 7.8098
v 9.5882 8 7.8098
v 9.4882 8 7.8824
v 9.4803 8.0697 8.1176
v 9.4431 8.0612 8
v 9.5778 8.0919 8.1902
v 9.6983 8.1194 8.1902
v 9.7958 8.1417 8.1176
v 9.8331 8.1502 8
v 9.7958 8.1417 7.8824
v 9.6983 8.1194 7.8098
v 9.5778 8.0919 7.8098
v 9.4803 8.0697 7.8824
v 9.4572 8.1359 8.1176
v 9.4228 8.1193 8
v 9.5473 8.1793 8.1902
v 9.6586 8.2329 8.1902
v 9.7487 8.2763 8.1176
v 9.7832 8.2929 8
v 9.7487 8.2763 7.8824
v 9.6586 8.2329 7.8098
v 9.5473 8.1793 7.8098
v 9.4572 8.1359 7.8824
v 9.4199 8.1953 8.1176
v 9.39 8.1715 8
v 9.4981 8.2576 8.1902
v 9.5947 8.3347 8.1902
v 9.6729 8.397 8.1176
v 9.7027 8.4209 8
v 9.6729 8.397 7.8824
v 9.5947 8.3347 7.8098
v 9.4981 8.2576 7.8098
v 9.4199 8.1953 7.8824
v 9.3703 8.2449 8.1176
v 9.3465 8.215 8
v 9.4326 8.3231 8.1902
v 9.5097 8.4197 8.1902
v 9.572 8.4979 8.1176
v 9.5959 8.5277 8
v 9.572 8.4979 7.8824
v 9.5097 8.4197 7.8098
v 9.4326 8.3231 7.8098
v 9.3703 8.2449 7.8824
v 9.3109 8.2822 8.1176
v 9.2943 8.2478 8
v 9.3543 8.3723 8.1902
v 9.4079 8.4836 8.1902
v 9.4513 8.5737 8.1176
v 9.4679 8.6082 8
v 9.4513 8.5737 7.8824
v 9.4079 8.4836 7.8098
v 9.3543 8.3723 7.8098
v 9.3109 8.2822 7.8824
v 9.2447 8.3053 8.1176
v 9.2362 8.2681 8
v 9.2669 8.4028 8.1902
v 9.2944 8.5233 8.1902
v 9.3167 8.6208 8.1176
v 9.3252 8.6581 8
v 9.3167 8.6208 7.8824
v 9.2944 8.5233 7.8098
v 9.2669 8.4028 7.8098
v 9.2447 8.3053 7.8824
v 9.1725 8.3132 8.1176
v 9.1718 8.275 8
v 9.174 8.4132 8.1902
v 9.176 8.5368 8.1902
v 9.1775 8.6368 8.1176
v 9.1782 8.675 8
v 9.1775 8.6368 7.8824
v 9.176 8.5368 7.8098
v 9.174 8.4132 7.8098
v 9.1725 8.3132 7.8824
v 8.5275 8.3132 8.1176
v 8.5282 8.275 8
v 8.526 8.4132 8.1902
v 8.524 8.5368 8.1902
v 8.5225 8.6368 8.1176
v 8.5218 8.675 8
v 8.5225 8.6368 7.8824
v 8.524 8.5368 7.8098
v 8.526 8.4132 7.8098
v 8.5275 8.3132 7.8824
v 8.4553 8.3053 8.1176
v 8.4638 8.2681 8
v 8.4331 8.4028 8.1902
v 8.4056 8.5233 8.1902
v 8.3833 8.6208 8.1176
v 8.3748 8.6581 8
v 8.3833 8.6208 7.8824
v 8.4056 8.5233 7.8098
v 8.4331 8.4028 7.8098
v 8.4553 8.3053 7.8824
v 8.3891 8.2822 8.1176
v 8.4057 8.2478 8
v 8.3457 8.3723 8.1902
v 8.2921 8.4836 8.1902
v 8.2487 8.5737 8.1176
v 8.2321 8.6082 8
v 8.2487 8.5737 7.8824
v 8.2921 8.4836 7.8098
v 8.3457 8.3723 7.8098
v 8.3891 8.2822 7.8824
v 8.3297 8.2449 8.1176
v 8.3535 8.215 8
v 8.2674 8.3231 8.1902
v 8.1903 8.4197 8.1902
v 8.128 8.4979 8.1176
v 8.1041 8.5277 8
v 8.128 8.4979 7.8824
v 8.1903 8.4197 7.8098
v 8.2674 8.3231 7.8098
v 8.3297 8.2449 7.8824
v 8.2801 8.1953 8.1176
v 8.31 8.1715 8
v 8.2019 8.2576 8.1902
v 8.1053 8.3347 8.1902
v 8.0271 8.397 8.1176
v 7.9973 8.4209 8
v 8.0271 8.397 7.8824
v 8.1053 8.3347 7.8098
v 8.2019 8.2576 7.8098
v 8.2801 8.1953 7.8824
v 8.2428 8.1359 8.1176
v 8.2772 8.1193 8
v 8.1527 8.1793 8.1902
v 8.0414 8.2329 8.1902
v 7.9513 8.2763 8.1176
v 7.9168 8.2929 8
v 7.9513 8.2763 7.8824
v 8.0414 8.2329 7.8098
v 8.1527 8.1793 7.8098
v 8.2428 8.1359 7.8824
v 8.2197 8.0697 8.1176
v 8.2569 8.0612 8
v 8.1222 8.0919 8.1902
v 8.0017 8.1194 8.1902
v 7.9042 8.1417 8.1176
v 7.8669 8.1502 8
v 7.9042 8.1417 7.8824
v 8.0017 8.1194 7.8098
v 8.1222 8.0919 7.8098
v 8.2197 8.0697 7.8824
v 8.2118 8 8.1176
v 8.25 8 8
v 8.1118 8 8.1902
v 7.9882 8 8.1902
v 7.8882 8 8.1176
v 7.85 8 8
v 7.8882 8 7.8824
v 7.9882 8 7.8098
v 8.1118 8 7.8098
v 8.2118 8 7.8824
v 8.2197 7.9303 8.1176
v 8.2569 7.9388 8
v 8.1222 7.9081 8.1902
v 8.0017 7.8806 8.1902
v 7.9042 7.8583 8.1176
v 7.8669 7.8498 8
v 7.9042 7.8583 7.8824
v 8.0017 7.8806 7.8098
v 8.1222 7.9081 7.8098
v 8.2197 7.9303 7.8824
v 8.2428 7.8641 8.1176
v 8.2772 7.8807 8
v 8.1527 7.8207 8.1902
v 8.0414 7.7671 8.1902
v 7.9513 7.7237 8.1176
v 7.9168 7.7071 8
v 7.9513 7.7237 7.8824
v 8.0414 7.7671 7.8098
v 8.1527 7.8207 7.8098
v 8.2428 7.8641 7.8824
v 8.2801 7.8047 8.1176
v 8.31 7.8285 8
v 8.2019 7.7424 8.1902
v 8.1053 7.6653 8.1902
v 8.0271 7.603 8.1176
v 7.9973 7.5791 8
v 8.0271 7.603 7.8824
v 8.1053 7.6653 7.8098
v 8.2019 7.7424 7.8098
v 8.2801 7.8047 7.8824
v 8.3297 7.7551 8.1176
v 8.3535 7.785 8
v 8.2674 7.6769 8.1902
v 8.1903 7.5803 8.1902
v 8.128 7.5021 8.1176
v 8.1041 7.4723 8
v 8.128 7.5021 7.8824
v 8.1903 7.5803 7.8098
v 8.2674 7.6769 7.8098
v 8.3297 7.7551 7.8824
v 8.3891 7.7178 8.1176
v 8.4057 7.7522 8
v 8.3457 7.6277 8.1902
v 8.2921 7.5164 8.1902
v 8.2487 7.4263 8.1176
v 8.2321 7.3918 8
v 8.2487 7.4263 7.8824
v 8.2921 7.5164 7.8098
v 8.3457 7.6277 7.8098
v 8.3891 7.7178 7.8824
v 8.4553 7.6947 8.1176
v 8.4638 7.7319 8
v 8.4331 7.5972 8.1902
v 8.4056 7.4767 8.1902
v 8.3833 7.3792 8.1176
v 8.3748 7.3419 8
v 8.3833 7.3792 7.8824
v 8.4056 7.4767 7.8098
v 8.4331 7.5972 7.8098
v 8.4553 7.6947 7.8824
v 8.5275 7.6868 8.1176
v 8.5282 7.725 8
v 8.526 7.5868 8.1902
v 8.524 7.4632 8.1902
v 8.5225 7.3632 8.1176
v 8.5218 7.325 8
v 8.5225 7.3632 7.8824
v 8.524 7.4632 7.8098
v 8.526 7.5868 7.8098
v 8.5275 7.6868 7.8824
vt 0 0.5
vt 0.00446 0.49442
vt 0.00446 0.5
vt 0 0.49442
vt 0.00446 0.48884
vt 0 0.48884
vt 0.00446 0.48326
vt 0 0.48326
vt 0.00446 0.47768
vt 0 0.47768
vt 0.00446 0.4721
vt 0 0.4721
vt 0.00446 0.46652
vt 0 0.46652
vt 0.00446 0.46094
vt 0 0.46094
vt 0.00446 0.45536
vt 0 0.45536
vt 0.00446 0.44978
vt 0 0.44978
vt 0.00446 0.4442
vt 0 0.4442
vt 0.00446 0.43862
vt 0 0.43862
vt 0.00446 0.43304
vt 0 0.43304
vt 0.00446 0.42746
vt 0 0.42746
vt 0.00446 0.42188
vt 0 0.42188
vt 0.00893 0.49442
vt 0.00893 0.5
vt 0.00893 0.48884
vt 0.00893 0.48326
vt 0.00893 0.47768
vt 0.00893 0.4721
vt 0.00893 0.46652
vt 0.00893 0.46094
vt 0.00893 0.45536
vt 0.00893 0.44978
vt 0.00893 0.4442
vt 0.00893 0.43862
vt 0.00893 0.43304
vt 0.00893 0.42746
vt 0.00893 0.42188
vt 0.01339 0.49442
vt 0.01339 0.5
vt 0.01339 0.48884
vt 0.01339 0.48326
vt 0.01339 0.47768
vt 0.01339 0.4721
vt 0.01339 0.46652
vt 0.01339 0.46094
vt 0.01339 0.45536
vt 0.01339 0.44978
vt 0.01339 0.4442
vt 0.01339 0.43862
vt 0.01339 0.43304
vt 0.01339 0.42746
vt 0.01339 0.42188
vt 0.01786 0.49442
vt 0.01786 0.5
vt 0.01786 0.48884
vt 0.01786 0.48326
vt 0.01786 0.47768
vt 0.01786 0.4721
vt 0.01786 0.46652
vt 0.01786 0.46094
vt 0.01786 0.45536
vt 0.01786 0.44978
vt 0.01786 0.4442
vt 0.01786 0.43862
vt 0.01786 0.43304
vt 0.01786 0.42746
vt 0.01786 0.42188
vt 0.02232 0.49442
vt 0.02232 0.5
vt 0.02232 0.48884
vt 0.02232 0.48326
vt 0.02232 0.47768
vt 0.02232 0.4721
vt 0.02232 0.46652
vt 0.02232 0.46094
vt 0.02232 0.45536
vt 0.02232 0.44978
vt 0.02232 0.4442
vt 0.02232 0.43862
vt 0.02232 0.43304
vt 0.02232 0.42746
vt 0.02232 0.42188
vt 0.02679 0.49442
vt 0.02679 0.5
vt 0.02679 0.48884
vt 0.02679 0.48326
vt 0.02679 0.47768
vt 0.02679 0.4721
vt 0.02679 0.46652
vt 0.02679 0.46094
vt 0.02679 0.45536
vt 0.02679 0.44978
vt 0.02679 0.4442
vt 0.02679 0.43862
vt 0.02679 0.43304
vt 0.02679 0.42746
vt 0.02679 0.42188
vt 0.03125 0.49442
vt 0.03125 0.5
vt 0.03125 0.48884
vt 0.03125 0.48326
vt 0.03125 0.47768
vt 0.03125 0.4721
vt 0.03125 0.46652
vt 0.03125 0.46094
vt 0.03125 0.45536
vt 0.03125 0.44978
vt 0.03125 0.4442
vt 0.03125 0.43862
vt 0.03125 0.43304
vt 0.03125 0.42746
vt 0.03125 0.42188
vt 0.03571 0.49442
vt 0.03571 0.5
vt 0.03571 0.48884
vt 0.03571 0.48326
vt 0.03571 0.47768
vt 0.03571 0.4721
vt 0.03571 0.46652
vt 0.03571 0.46094
vt 0.03571 0.45536
vt 0.03571 0.44978
vt 0.03571 0.4442
vt 0.03571 0.43862
vt 0.03571 0.43304
vt 0.03571 0.42746
vt 0.03571 0.42188
vt 0.04018 0.49442
vt 0.04018 0.5
vt 0.04018 0.48884
vt 0.04018 0.48326
vt 0.04018 0.47768
vt 0.04018 0.4721
vt 0.04018 0.46652
vt 0.04018 0.46094
vt 0.04018 0.45536
vt 0.04018 0.44978
vt 0.04018 0.4442
vt 0.04018 0.43862
vt 0.04018 0.43304
vt 0.04018 0.42746
vt 0.04018 0.42188
vt 0.04464 0.49442
vt 0.04464 0.5
vt 0.04464 0.48884
vt 0.04464 0.48326
vt 0.04464 0.47768
vt 0.04464 0.4721
vt 0.04464 0.46652
vt 0.04464 0.46094
vt 0.04464 0.45536
vt 0.04464 0.44978
vt 0.04464 0.4442
vt 0.04464 0.43862
vt 0.04464 0.43304
vt 0.04464 0.42746
vt 0.04464 0.42188
vt 0.04911 0.49442
vt 0.04911 0.5
vt 0.04911 0.48884
vt 0.04911 0.48326
vt 0.04911 0.47768
vt 0.04911 0.4721
vt 0.04911 0.46652
vt 0.04911 0.46094
vt 0.04911 0.45536
vt 0.04911 0.44978
vt 0.04911 0.4442
vt 0.04911 0.43862
vt 0.04911 0.43304
vt 0.04911 0.42746
vt 0.04911 0.42188
vt 0.05357 0.49442
vt 0.05357 0.5
vt 0.05357 0.48884
vt 0.05357 0.48326
vt 0.05357 0.47768
vt 0.05357 0.4721
vt 0.05357 0.46652
vt 0.05357 0.46094
vt 0.05357 0.45536
vt 0.05357 0.44978
vt 0.05357 0.4442
vt 0.05357 0.43862
vt 0.05357 0.43304
vt 0.05357 0.42746
vt 0.05357 0.42188
vt 0.05804 0.49442
vt 0.05804 0.5
vt 0.05804 0.48884
vt 0.05804 0.48326
vt 0.05804 0.47768
vt 0.05804 0.4721
vt 0.05804 0.46652
vt 0.05804 0.46094
vt 0.05804 0.45536
vt 0.05804 0.44978
vt 0.05804 0.4442
vt 0.05804 0.43862
vt 0.05804 0.43304
vt 0.05804 0.42746
vt 0.05804 0.42188
vt 0.0625 0.49442
vt 0.0625 0.5
vt 0.0625 0.48884
vt 0.0625 0.48326
vt 0.0625 0.47768
vt 0.0625 0.4721
vt 0.0625 0.46652
vt 0.0625 0.46094
vt 0.0625 0.45536
vt 0.0625 0.44978
vt 0.0625 0.4442
vt 0.0625 0.43862
vt 0.0625 0.43304
vt 0.0625 0.42746
vt 0.0625 0.42188
vt 0.06696 0.49442
vt 0.06696 0.5
vt 0.06696 0.48884
vt 0.06696 0.48326
vt 0.06696 0.47768
vt 0.06696 0.4721
vt 0.06696 0.46652
vt 0.06696 0.46094
vt 0.06696 0.45536
vt 0.06696 0.44978
vt 0.06696 0.4442
vt 0.06696 0.43862
vt 0.06696 0.43304
vt 0.06696 0.42746
vt 0.06696 0.42188
vt 0.07143 0.49442
vt 0.07143 0.5
vt 0.07143 0.48884
vt 0.07143 0.48326
vt 0.07143 0.47768
vt 0.07143 0.4721
vt 0.07143 0.46652
vt 0.07143 0.46094
vt 0.07143 0.45536
vt 0.07143 0.44978
vt 0.07143 0.4442
vt 0.07143 0.43862
vt 0.07143 0.43304
vt 0.07143 0.42746
vt 0.07143 0.42188
vt 0.07589 0.49442
vt 0.07589 0.5
vt 0.07589 0.48884
vt 0.07589 0.48326
vt 0.07589 0.47768
vt 0.07589 0.4721
vt 0.07589 0.46652
vt 0.07589 0.46094
vt 0.07589 0.45536
vt 0.07589 0.44978
vt 0.07589 0.4442
vt 0.07589 0.43862
vt 0.07589 0.43304
vt 0.07589 0.42746
vt 0.07589 0.42188
vt 0.08036 0.49442
vt 0.08036 0.5
vt 0.08036 0.48884
vt 0.08036 0.48326
vt 0.08036 0.47768
vt 0.08036 0.4721
vt 0.08036 0.46652
vt 0.08036 0.46094
vt 0.08036 0.45536
vt 0.08036 0.44978
vt 0.08036 0.4442
vt 0.08036 0.43862
vt 0.08036 0.43304
vt 0.08036 0.42746
vt 0.08036 0.42188
vt 0.08482 0.49442
vt 0.08482 0.5
vt 0.08482 0.48884
vt 0.08482 0.48326
vt 0.08482 0.47768
vt 0.08482 0.4721
vt 0.08482 0.46652
vt 0.08482 0.46094
vt 0.08482 0.45536
vt 0.08482 0.44978
vt 0.08482 0.4442
vt 0.08482 0.43862
vt 0.08482 0.43304
vt 0.08482 0.42746
vt 0.08482 0.42188
vt 0.08929 0.49442
vt 0.08929 0.5
vt 0.08929 0.48884
vt 0.08929 0.48326
vt 0.08929 0.47768
vt 0.08929 0.4721
vt 0.08929 0.46652
vt 0.08929 0.46094
vt 0.08929 0.45536
vt 0.08929 0.44978
vt 0.08929 0.4442
vt 0.08929 0.43862
vt 0.08929 0.43304
vt 0.08929 0.42746
vt 0.08929 0.42188
vt 0.09375 0.49442
vt 0.09375 0.5
vt 0.09375 0.48884
vt 0.09375 0.48326
vt 0.09375 0.47768
vt 0.09375 0.4721
vt 0.09375 0.46652
vt 0.09375 0.46094
vt 0.09375 0.45536
vt 0.09375 0.44978
vt 0.09375 0.4442
vt 0.09375 0.43862
vt 0.09375 0.43304
vt 0.09375 0.42746
vt 0.09375 0.42188
vt 0.09821 0.49442
vt 0.09821 0.5
vt 0.09821 0.48884
vt 0.09821 0.48326
vt 0.09821 0.47768
vt 0.09821 0.4721
vt 0.09821 0.46652
vt 0.09821 0.46094
vt 0.09821 0.45536
vt 0.09821 0.44978
vt 0.09821 0.4442
vt 0.09821 0.43862
vt 0.09821 0.43304
vt 0.09821 0.42746
vt 0.09821 0.42188
vt 0.10268 0.49442
vt 0.10268 0.5
vt 0.10268 0.48884
vt 0.10268 0.48326
vt 0.10268 0.47768
vt 0.10268 0.4721
vt 0.10268 0.46652
vt 0.10268 0.46094
vt 0.10268 0.45536
vt 0.10268 0.44978
vt 0.10268 0.4442
vt 0.10268 0.43862
vt 0.10268 0.43304
vt 0.10268 0.42746
vt 0.10268 0.42188
vt 0.10714 0.49442
vt 0.10714 0.5
vt 0.10714 0.48884
vt 0.10714 0.48326
vt 0.10714 0.47768
vt 0.10714 0.4721
vt 0.10714 0.46652
vt 0.10714 0.46094
vt 0.10714 0.45536
vt 0.10714 0.44978
vt 0.10714 0.4442
vt 0.10714 0.43862
vt 0.10714 0.43304
vt 0.10714 0.42746
vt 0.10714 0.42188
vt 0.11161 0.49442
vt 0.11161 0.5
vt 0.11161 0.48884
vt 0.11161 0.48326
vt 0.11161 0.47768
vt 0.11161 0.4721
vt 0.11161 0.46652
vt 0.11161 0.46094
vt 0.11161 0.45536
vt 0.11161 0.44978
vt 0.11161 0.4442
vt 0.11161 0.43862
vt 0.11161 0.43304
vt 0.11161 0.42746
vt 0.11161 0.42188
vt 0.11607 0.49442
vt 0.11607 0.5
vt 0.11607 0.48884
vt 0.11607 0.48326
vt 0.11607 0.47768
vt 0.11607 0.4721
vt 0.11607 0.46652
vt 0.11607 0.46094
vt 0.11607 0.45536
vt 0.11607 0.44978
vt 0.11607 0.4442
vt 0.11607 0.43862
vt 0.11607 0.43304
vt 0.11607 0.42746
vt 0.11607 0.42188
vt 0.12054 0.49442
vt 0.12054 0.5
vt 0.12054 0.48884
vt 0.12054 0.48326
vt 0.12054 0.47768
vt 0.12054 0.4721
vt 0.12054 0.46652
vt 0.12054 0.46094
vt 0.12054 0.45536
vt 0.12054 0.44978
vt 0.12054 0.4442
vt 0.12054 0.43862
vt 0.12054 0.43304
vt 0.12054 0.42746
vt 0.12054 0.42188
vt 0.125 0.49442
vt 0.125 0.5
vt 0.125 0.48884
vt 0.125 0.48326
vt 0.125 0.47768
vt 0.125 0.4721
vt 0.125 0.46652
vt 0.125 0.46094
vt 0.125 0.45536
vt 0.125 0.44978
vt 0.125 0.4442
vt 0.125 0.43862
vt 0.125 0.43304
vt 0.125 0.42746
vt 0.125 0.42188
vt 0.12946 0.49442
vt 0.12946 0.5
vt 0.12946 0.48884
vt 0.12946 0.48326
vt 0.12946 0.47768
vt 0.12946 0.4721
vt 0.12946 0.46652
vt 0.12946 0.46094
vt 0.12946 0.45536
vt 0.12946 0.44978
vt 0.12946 0.4442
vt 0.12946 0.43862
vt 0.12946 0.43304
vt 0.12946 0.42746
vt 0.12946 0.42188
vt 0.13393 0.49442
vt 0.13393 0.5
vt 0.13393 0.48884
vt 0.13393 0.48326
vt 0.13393 0.47768
vt 0.13393 0.4721
vt 0.13393 0.46652
vt 0.13393 0.46094
vt 0.13393 0.45536
vt 0.13393 0.44978
vt 0.13393 0.4442
vt 0.13393 0.43862
vt 0.13393 0.43304
vt 0.13393 0.42746
vt 0.13393 0.42188
vt 0.13839 0.49442
vt 0.13839 0.5
vt 0.13839 0.48884
vt 0.13839 0.48326
vt 0.13839 0.47768
vt 0.13839 0.4721
vt 0.13839 0.46652
vt 0.13839 0.46094
vt 0.13839 0.45536
vt 0.13839 0.44978
vt 0.13839 0.4442
vt 0.13839 0.43862
vt 0.13839 0.43304
vt 0.13839 0.42746
vt 0.13839 0.42188
vt 0.14286 0.49442
vt 0.14286 0.5
vt 0.14286 0.48884
vt 0.14286 0.48326
vt 0.14286 0.47768
vt 0.14286 0.4721
vt 0.14286 0.46652
vt 0.14286 0.46094
vt 0.14286 0.45536
vt 0.14286 0.44978
vt 0.14286 0.4442
vt 0.14286 0.43862
vt 0.14286 0.43304
vt 0.14286 0.42746
vt 0.14286 0.42188
vt 0.14732 0.49442
vt 0.14732 0.5
vt 0.14732 0.48884
vt 0.14732 0.48326
vt 0.14732 0.47768
vt 0.14732 0.4721
vt 0.14732 0.46652
vt 0.14732 0.46094
vt 0.14732 0.45536
vt 0.14732 0.44978
vt 0.14732 0.4442
vt 0.14732 0.43862
vt 0.14732 0.43304
vt 0.14732 0.42746
vt 0.14732 0.42188
vt 0.15179 0.49442
vt 0.15179 0.5
vt 0.15179 0.48884
vt 0.15179 0.48326
vt 0.15179 0.47768
vt 0.15179 0.4721
vt 0.15179 0.46652
vt 0.15179 0.46094
vt 0.15179 0.45536
vt 0.15179 0.44978
vt 0.15179 0.4442
vt 0.15179 0.43862
vt 0.15179 0.43304
vt 0.15179 0.42746
vt 0.15179 0.42188
vt 0.15625 0.49442
vt 0.15625 0.5
vt 0.15625 0.48884
vt 0.15625 0.48326
vt 0.15625 0.47768
vt 0.15625 0.4721
vt 0.15625 0.46652
vt 0.15625 0.46094
vt 0.15625 0.45536
vt 0.15625 0.44978
vt 0.15625 0.4442
vt 0.15625 0.43862
vt 0.15625 0.43304
vt 0.15625 0.42746
vt 0.15625 0.42188
vt 0.16071 0.49442
vt 0.16071 0.5
vt 0.16071 0.48884
vt 0.16071 0.48326
vt 0.16071 0.47768
vt 0.16071 0.4721
vt 0.16071 0.46652
vt 0.16071 0.46094
vt 0.16071 0.45536
vt 0.16071 0.44978
vt 0.16071 0.4442
vt 0.16071 0.43862
vt 0.16071 0.43304
vt 0.16071 0.42746
vt 0.16071 0.42188
vt 0.16518 0.49442
vt 0.16518 0.5
vt 0.16518 0.48884
vt 0.16518 0.48326
vt 0.16518 0.47768
vt 0.16518 0.4721
vt 0.16518 0.46652
vt 0.16518 0.46094
vt 0.16518 0.45536
vt 0.16518 0.44978
vt 0.16518 0.4442
vt 0.16518 0.43862
vt 0.16518 0.43304
vt 0.16518 0.42746
vt 0.16518 0.42188
vt 0.16964 0.49442
vt 0.16964 0.5
vt 0.16964 0.48884
vt 0.16964 0.48326
vt 0.16964 0.47768
vt 0.16964 0.4721
vt 0.16964 0.46652
vt 0.16964 0.46094
vt 0.16964 0.45536
vt 0.16964 0.44978
vt 0.16964 0.4442
vt 0.16964 0.43862
vt 0.16964 0.43304
vt 0.16964 0.42746
vt 0.16964 0.42188
vt 0.17411 0.49442
vt 0.17411 0.5
vt 0.17411 0.48884
vt 0.17411 0.48326
vt 0.17411 0.47768
vt 0.17411 0.4721
vt 0.17411 0.46652
vt 0.17411 0.46094
vt 0.17411 0.45536
vt 0.17411 0.44978
vt 0.17411 0.4442
vt 0.17411 0.43862
vt 0.17411 0.43304
vt 0.17411 0.42746
vt 0.17411 0.42188
vt 0.17857 0.49442
vt 0.17857 0.5
vt 0.17857 0.48884
vt 0.17857 0.48326
vt 0.17857 0.47768
vt 0.17857 0.4721
vt 0.17857 0.46652
vt 0.17857 0.46094
vt 0.17857 0.45536
vt 0.17857 0.44978
vt 0.17857 0.4442
vt 0.17857 0.43862
vt 0.17857 0.43304
vt 0.17857 0.42746
vt 0.17857 0.42188
vt 0.18304 0.49442
vt 0.18304 0.5
vt 0.18304 0.48884
vt 0.18304 0.48326
vt 0.18304 0.47768
vt 0.18304 0.4721
vt 0.18304 0.46652
vt 0.18304 0.46094
vt 0.18304 0.45536
vt 0.18304 0.44978
vt 0.18304 0.4442
vt 0.18304 0.43862
vt 0.18304 0.43304
vt 0.18304 0.42746
vt 0.18304 0.42188
vt 0.1875 0.49442
vt 0.1875 0.5
vt 0.1875 0.48884
vt 0.1875 0.48326
vt 0.1875 0.47768
vt 0.1875 0.4721
vt 0.1875 0.46652
vt 0.1875 0.46094
vt 0.1875 0.45536
vt 0.1875 0.44978
vt 0.1875 0.4442
vt 0.1875 0.43862
vt 0.1875 0.43304
vt 0.1875 0.42746
vt 0.1875 0.42188
vt 0.19196 0.49442
vt 0.19196 0.5
vt 0.19196 0.48884
vt 0.19196 0.48326
vt 0.19196 0.47768
vt 0.19196 0.4721
vt 0.19196 0.46652
vt 0.19196 0.46094
vt 0.19196 0.45536
vt 0.19196 0.44978
vt 0.19196 0.4442
vt 0.19196 0.43862
vt 0.19196 0.43304
vt 0.19196 0.42746
vt 0.19196 0.42188
vt 0.19643 0.49442
vt 0.19643 0.5
vt 0.19643 0.48884
vt 0.19643 0.48326
vt 0.19643 0.47768
vt 0.19643 0.4721
vt 0.19643 0.46652
vt 0.19643 0.46094
vt 0.19643 0.45536
vt 0.19643 0.44978
vt 0.19643 0.4442
vt 0.19643 0.43862
vt 0.19643 0.43304
vt 0.19643 0.42746
vt 0.19643 0.42188
vt 0.20089 0.49442
vt 0.20089 0.5
vt 0.20089 0.48884
vt 0.20089 0.48326
vt 0.20089 0.47768
vt 0.20089 0.4721
vt 0.20089 0.46652
vt 0.20089 0.46094
vt 0.20089 0.45536
vt 0.20089 0.44978
vt 0.20089 0.4442
vt 0.20089 0.43862
vt 0.20089 0.43304
vt 0.20089 0.42746
vt 0.20089 0.42188
vt 0.20536 0.49442
vt 0.20536 0.5
vt 0.20536 0.48884
vt 0.20536 0.48326
vt 0.20536 0.47768
vt 0.20536 0.4721
vt 0.20536 0.46652
vt 0.20536 0.46094
vt 0.20536 0.45536
vt 0.20536 0.44978
vt 0.20536 0.4442
vt 0.20536 0.43862
vt 0.20536 0.43304
vt 0.20536 0.42746
vt 0.20536 0.42188
vt 0.20982 0.49442
vt 0.20982 0.5
vt 0.20982 0.48884
vt 0.20982 0.48326
vt 0.20982 0.47768
vt 0.20982 0.4721
vt 0.20982 0.46652
vt 0.20982 0.46094
vt 0.20982 0.45536
vt 0.20982 0.44978
vt 0.20982 0.4442
vt 0.20982 0.43862
vt 0.20982 0.43304
vt 0.20982 0.42746
vt 0.20982 0.42188
vt 0.21429 0.49442
vt 0.21429 0.5
vt 0.21429 0.48884
vt 0.21429 0.48326
vt 0.21429 0.47768
vt 0.21429 0.4721
vt 0.21429 0.46652
vt 0.21429 0.46094
vt 0.21429 0.45536
vt 0.21429 0.44978
vt 0.21429 0.4442
vt 0.21429 0.43862
vt 0.21429 0.43304
vt 0.21429 0.42746
vt 0.21429 0.42188
vt 0.21875 0.49442
vt 0.21875 0.5
vt 0.21875 0.48884
vt 0.21875 0.48326
vt 0.21875 0.47768
vt 0.21875 0.4721
vt 0.21875 0.46652
vt 0.21875 0.46094
vt 0.21875 0.45536
vt 0.21875 0.44978
vt 0.21875 0.4442
vt 0.21875 0.43862
vt 0.21875 0.43304
vt 0.21875 0.42746
vt 0.21875 0.42188
vt 0.22321 0.49442
vt 0.22321 0.5
vt 0.22321 0.48884
vt 0.22321 0.48326
vt 0.22321 0.47768
vt 0.22321 0.4721
vt 0.22321 0.46652
vt 0.22321 0.46094
vt 0.22321 0.45536
vt 0.22321 0.44978
vt 0.22321 0.4442
vt 0.22321 0.43862
vt 0.22321 0.43304
vt 0.22321 0.42746
vt 0.22321 0.42188
vt 0.22768 0.49442
vt 0.22768 0.5
vt 0.22768 0.48884
vt 0.22768 0.48326
vt 0.22768 0.47768
vt 0.22768 0.4721
vt 0.22768 0.46652
vt 0.22768 0.46094
vt 0.22768 0.45536
vt 0.22768 0.44978
vt 0.22768 0.4442
vt 0.22768 0.43862
vt 0.22768 0.43304
vt 0.22768 0.42746
vt 0.22768 0.42188
vt 0.23214 0.49442
vt 0.23214 0.5
vt 0.23214 0.48884
vt 0.23214 0.48326
vt 0.23214 0.47768
vt 0.23214 0.4721
vt 0.23214 0.46652
vt 0.23214 0.46094
vt 0.23214 0.45536
vt 0.23214 0.44978
vt 0.23214 0.4442
vt 0.23214 0.43862
vt 0.23214 0.43304
vt 0.23214 0.42746
vt 0.23214 0.42188
vt 0.23661 0.49442
vt 0.23661 0.5
vt 0.23661 0.48884
vt 0.23661 0.48326
vt 0.23661 0.47768
vt 0.23661 0.4721
vt 0.23661 0.46652
vt 0.23661 0.46094
vt 0.23661 0.45536
vt 0.23661 0.44978
vt 0.23661 0.4442
vt 0.23661 0.43862
vt 0.23661 0.43304
vt 0.23661 0.42746
vt 0.23661 0.42188
vt 0.24107 0.49442
vt 0.24107 0.5
vt 0.24107 0.48884
vt 0.24107 0.48326
vt 0.24107 0.47768
vt 0.24107 0.4721
vt 0.24107 0.46652
vt 0.24107 0.46094
vt 0.24107 0.45536
vt 0.24107 0.44978
vt 0.24107 0.4442
vt 0.24107 0.43862
vt 0.24107 0.43304
vt 0.24107 0.42746
vt 0.24107 0.42188
vt 0.24554 0.49442
vt 0.24554 0.5
vt 0.24554 0.48884
vt 0.24554 0.48326
vt 0.24554 0.47768
vt 0.24554 0.4721
vt 0.24554 0.46652
vt 0.24554 0.46094
vt 0.24554 0.45536
vt 0.24554 0.44978
vt 0.24554 0.4442
vt 0.24554 0.43862
vt 0.24554 0.43304
vt 0.24554 0.42746
vt 0.24554 0.42188
vt 0.25 0.49442
vt 0.25 0.5
vt 0.25 0.48884
vt 0.25 0.48326
vt 0.25 0.47768
vt 0.25 0.4721
vt 0.25 0.46652
vt 0.25 0.46094
vt 0.25 0.45536
vt 0.25 0.44978
vt 0.25 0.4442
vt 0.25 0.43862
vt 0.25 0.43304
vt 0.25 0.42746
vt 0.25 0.42188
vt 0.00625 0.49219
vt 0.00625 0.5
vt 0 0.49219
vt 0.00625 0.48438
vt 0 0.48438
vt 0.00625 0.47656
vt 0 0.47656
vt 0.00625 0.46875
vt 0 0.46875
vt 0.00625 0.46094
vt 0.00625 0.45312
vt 0 0.45312
vt 0.00625 0.44531
vt 0 0.44531
vt 0.00625 0.4375
vt 0 0.4375
vt 0.00625 0.42969
vt 0 0.42969
vt 0.00625 0.42188
vt 0.0125 0.49219
vt 0.0125 0.5
vt 0.0125 0.48438
vt 0.0125 0.47656
vt 0.0125 0.46875
vt 0.0125 0.46094
vt 0.0125 0.45312
vt 0.0125 0.44531
vt 0.0125 0.4375
vt 0.0125 0.42969
vt 0.0125 0.42188
vt 0.01875 0.49219
vt 0.01875 0.5
vt 0.01875 0.48438
vt 0.01875 0.47656
vt 0.01875 0.46875
vt 0.01875 0.46094
vt 0.01875 0.45312
vt 0.01875 0.44531
vt 0.01875 0.4375
vt 0.01875 0.42969
vt 0.01875 0.42188
vt 0.025 0.49219
vt 0.025 0.5
vt 0.025 0.48438
vt 0.025 0.47656
vt 0.025 0.46875
vt 0.025 0.46094
vt 0.025 0.45312
vt 0.025 0.44531
vt 0.025 0.4375
vt 0.025 0.42969
vt 0.025 0.42188
vt 0.03125 0.49219
vt 0.03125 0.48438
vt 0.03125 0.47656
vt 0.03125 0.46875
vt 0.03125 0.45312
vt 0.03125 0.44531
vt 0.03125 0.4375
vt 0.03125 0.42969
vt 0.0375 0.49219
vt 0.0375 0.5
vt 0.0375 0.48438
vt 0.0375 0.47656
vt 0.0375 0.46875
vt 0.0375 0.46094
vt 0.0375 0.45312
vt 0.0375 0.44531
vt 0.0375 0.4375
vt 0.0375 0.42969
vt 0.0375 0.42188
vt 0.04375 0.49219
vt 0.04375 0.5
vt 0.04375 0.48438
vt 0.04375 0.47656
vt 0.04375 0.46875
vt 0.04375 0.46094
vt 0.04375 0.45312
vt 0.04375 0.44531
vt 0.04375 0.4375
vt 0.04375 0.42969
vt 0.04375 0.42188
vt 0.05 0.49219
vt 0.05 0.5
vt 0.05 0.48438
vt 0.05 0.47656
vt 0.05 0.46875
vt 0.05 0.46094
vt 0.05 0.45312
vt 0.05 0.44531
vt 0.05 0.4375
vt 0.05 0.42969
vt 0.05 0.42188
vt 0.05625 0.49219
vt 0.05625 0.5
vt 0.05625 0.48438
vt 0.05625 0.47656
vt 0.05625 0.46875
vt 0.05625 0.46094
vt 0.05625 0.45312
vt 0.05625 0.44531
vt 0.05625 0.4375
vt 0.05625 0.42969
vt 0.05625 0.42188
vt 0.0625 0.49219
vt 0.0625 0.48438
vt 0.0625 0.47656
vt 0.0625 0.46875
vt 0.0625 0.45312
vt 0.0625 0.44531
vt 0.0625 0.4375
vt 0.0625 0.42969
vt 0.06875 0.49219
vt 0.06875 0.5
vt 0.06875 0.48438
vt 0.06875 0.47656
vt 0.06875 0.46875
vt 0.06875 0.46094
vt 0.06875 0.45312
vt 0.06875 0.44531
vt 0.06875 0.4375
vt 0.06875 0.42969
vt 0.06875 0.42188
vt 0.075 0.49219
vt 0.075 0.5
vt 0.075 0.48438
vt 0.075 0.47656
vt 0.075 0.46875
vt 0.075 0.46094
vt 0.075 0.45312
vt 0.075 0.44531
vt 0.075 0.4375
vt 0.075 0.42969
vt 0.075 0.42188
vt 0.08125 0.49219
vt 0.08125 0.5
vt 0.08125 0.48438
vt 0.08125 0.47656
vt 0.08125 0.46875
vt 0.08125 0.46094
vt 0.08125 0.45312
vt 0.08125 0.44531
vt 0.08125 0.4375
vt 0.08125 0.42969
vt 0.08125 0.42188
vt 0.0875 0.49219
vt 0.0875 0.5
vt 0.0875 0.48438
vt 0.0875 0.47656
vt 0.0875 0.46875
vt 0.0875 0.46094
vt 0.0875 0.45312
vt 0.0875 0.44531
vt 0.0875 0.4375
vt 0.0875 0.42969
vt 0.0875 0.42188
vt 0.09375 0.49219
vt 0.09375 0.48438
vt 0.09375 0.47656
vt 0.09375 0.46875
vt 0.09375 0.45312
vt 0.09375 0.44531
vt 0.09375 0.4375
vt 0.09375 0.42969
vt 0.1 0.49219
vt 0.1 0.5
vt 0.1 0.48438
vt 0.1 0.47656
vt 0.1 0.46875
vt 0.1 0.46094
vt 0.1 0.45312
vt 0.1 0.44531
vt 0.1 0.4375
vt 0.1 0.42969
vt 0.1 0.42188
vt 0.10625 0.49219
vt 0.10625 0.5
vt 0.10625 0.48438
vt 0.10625 0.47656
vt 0.10625 0.46875
vt 0.10625 0.46094
vt 0.10625 0.45312
vt 0.10625 0.44531
vt 0.10625 0.4375
vt 0.10625 0.42969
vt 0.10625 0.42188
vt 0.1125 0.49219
vt 0.1125 0.5
vt 0.1125 0.48438
vt 0.1125 0.47656
vt 0.1125 0.46875
vt 0.1125 0.46094
vt 0.1125 0.45312
vt 0.1125 0.44531
vt 0.1125 0.4375
vt 0.1125 0.42969
vt 0.1125 0.42188
vt 0.11875 0.49219
vt 0.11875 0.5
vt 0.11875 0.48438
vt 0.11875 0.47656
vt 0.11875 0.46875
vt 0.11875 0.46094
vt 0.11875 0.45312
vt 0.11875 0.44531
vt 0.11875 0.4375
vt 0.11875 0.42969
vt 0.11875 0.42188
vt 0.125 0.49219
vt 0.125 0.48438
vt 0.125 0.47656
vt 0.125 0.46875
vt 0.125 0.45312
vt 0.125 0.44531
vt 0.125 0.4375
vt 0.125 0.42969
vt 0.13125 0.49219
vt 0.13125 0.5
vt 0.13125 0.48438
vt 0.13125 0.47656
vt 0.13125 0.46875
vt 0.13125 0.46094
vt 0.13125 0.45312
vt 0.13125 0.44531
vt 0.13125 0.4375
vt 0.13125 0.42969
vt 0.13125 0.42188
vt 0.1375 0.49219
vt 0.1375 0.5
vt 0.1375 0.48438
vt 0.1375 0.47656
vt 0.1375 0.46875
vt 0.1375 0.46094
vt 0.1375 0.45312
vt 0.1375 0.44531
vt 0.1375 0.4375
vt 0.1375 0.42969
vt 0.1375 0.42188
vt 0.14375 0.49219
vt 0.14375 0.5
vt 0.14375 0.48438
vt 0.14375 0.47656
vt 0.14375 0.46875
vt 0.14375 0.46094
vt 0.14375 0.45312
vt 0.14375 0.44531
vt 0.14375 0.4375
vt 0.14375 0.42969
vt 0.14375 0.42188
vt 0.15 0.49219
vt 0.15 0.5
vt 0.15 0.48438
vt 0.15 0.47656
vt 0.15 0.46875
vt 0.15 0.46094
vt 0.15 0.45312
vt 0.15 0.44531
vt 0.15 0.4375
vt 0.15 0.42969
vt 0.15 0.42188
vt 0.15625 0.49219
vt 0.15625 0.48438
vt 0.15625 0.47656
vt 0.15625 0.46875
vt 0.15625 0.45312
vt 0.15625 0.44531
vt 0.15625 0.4375
vt 0.15625 0.42969
vt 0.1625 0.49219
vt 0.1625 0.5
vt 0.1625 0.48438
vt 0.1625 0.47656
vt 0.1625 0.46875
vt 0.1625 0.46094
vt 0.1625 0.45312
vt 0.1625 0.44531
vt 0.1625 0.4375
vt 0.1625 0.42969
vt 0.1625 0.42188
vt 0.16875 0.49219
vt 0.16875 0.5
vt 0.16875 0.48438
vt 0.16875 0.47656
vt 0.16875 0.46875
vt 0.16875 0.46094
vt 0.16875 0.45312
vt 0.16875 0.44531
vt 0.16875 0.4375
vt 0.16875 0.42969
vt 0.16875 0.42188
vt 0.175 0.49219
vt 0.175 0.5
vt 0.175 0.48438
vt 0.175 0.47656
vt 0.175 0.46875
vt 0.175 0.46094
vt 0.175 0.45312
vt 0.175 0.44531
vt 0.175 0.4375
vt 0.175 0.42969
vt 0.175 0.42188
vt 0.18125 0.49219
vt 0.18125 0.5
vt 0.18125 0.48438
vt 0.18125 0.47656
vt 0.18125 0.46875
vt 0.18125 0.46094
vt 0.18125 0.45312
vt 0.18125 0.44531
vt 0.18125 0.4375
vt 0.18125 0.42969
vt 0.18125 0.42188
vt 0.1875 0.49219
vt 0.1875 0.48438
vt 0.1875 0.47656
vt 0.1875 0.46875
vt 0.1875 0.45312
vt 0.1875 0.44531
vt 0.1875 0.4375
vt 0.1875 0.42969
vt 0.19375 0.49219
vt 0.19375 0.5
vt 0.19375 0.48438
vt 0.19375 0.47656
vt 0.19375 0.46875
vt 0.19375 0.46094
vt 0.19375 0.45312
vt 0.19375 0.44531
vt 0.19375 0.4375
vt 0.19375 0.42969
vt 0.19375 0.42188
vt 0.2 0.49219
vt 0.2 0.5
vt 0.2 0.48438
vt 0.2 0.47656
vt 0.2 0.46875
vt 0.2 0.46094
vt 0.2 0.45312
vt 0.2 0.44531
vt 0.2 0.4375
vt 0.2 0.42969
vt 0.2 0.42188
vt 0.20625 0.49219
vt 0.20625 0.5
vt 0.20625 0.48438
vt 0.20625 0.47656
vt 0.20625 0.46875
vt 0.20625 0.46094
vt 0.20625 0.45312
vt 0.20625 0.44531
vt 0.20625 0.4375
vt 0.20625 0.42969
vt 0.20625 0.42188
vt 0.2125 0.49219
vt 0.2125 0.5
vt 0.2125 0.48438
vt 0.2125 0.47656
vt 0.2125 0.46875
vt 0.2125 0.46094
vt 0.2125 0.45312
vt 0.2125 0.44531
vt 0.2125 0.4375
vt 0.2125 0.42969
vt 0.2125 0.42188
vt 0.21875 0.49219
vt 0.21875 0.48438
vt 0.21875 0.47656
vt 0.21875 0.46875
vt 0.21875 0.45312
vt 0.21875 0.44531
vt 0.21875 0.4375
vt 0.21875 0.42969
vt 0.225 0.49219
vt 0.225 0.5
vt 0.225 0.48438
vt 0.225 0.47656
vt 0.225 0.46875
vt 0.225 0.46094
vt 0.225 0.45312
vt 0.225 0.44531
vt 0.225 0.4375
vt 0.225 0.42969
vt 0.225 0.42188
vt 0.23125 0.49219
vt 0.23125 0.5
vt 0.23125 0.48438
vt 0.23125 0.47656
vt 0.23125 0.46875
vt 0.23125 0.46094
vt 0.23125 0.45312
vt 0.23125 0.44531
vt 0.23125 0.4375
vt 0.23125 0.42969
vt 0.23125 0.42188
vt 0.2375 0.49219
vt 0.2375 0.5
vt 0.2375 0.48438
vt 0.2375 0.47656
vt 0.2375 0.46875
vt 0.2375 0.46094
vt 0.2375 0.45312
vt 0.2375 0.44531
vt 0.2375 0.4375
vt 0.2375 0.42969
vt 0.2375 0.42188
vt 0.24375 0.49219
vt 0.24375 0.5
vt 0.24375 0.48438
vt 0.24375 0.47656
vt 0.24375 0.46875
vt 0.24375 0.46094
vt 0.24375 0.45312
vt 0.24375 0.44531
vt 0.24375 0.4375
vt 0.24375 0.42969
vt 0.24375 0.42188
vt 0.25 0.49219
vt 0.25 0.48438
vt 0.25 0.47656
vt 0.25 0.46875
vt 0.25 0.45312
vt 0.25 0.44531
vt 0.25 0.4375
vt 0.25 0.42969
vt 0.80215 0.69945
vt 0.80208 0.6988
vt 0.80751 0.69431
vt 0.8079 0.69831
vt 0.80689 0.69247
vt 0.80274 0.70077
vt 0.80597 0.69124
vt 0.80372 0.70208
vt 0.8034 0.70195
vt 0.80397 0.69044
vt 0.77629 0.70195
vt 0.77572 0.69044
vt 0.77596 0.70208
vt 0.77372 0.69124
vt 0.7728 0.69247
vt 0.77695 0.70077
vt 0.77218 0.69431
vt 0.7776 0.6988
vt 0.77754 0.69945
vt 0.77178 0.69831
vt 0.77754 0.80837
vt 0.77178 0.8095
vt 0.7776 0.80901
vt 0.77218 0.8135
vt 0.7728 0.81534
vt 0.77695 0.80704
vt 0.77372 0.81657
vt 0.77596 0.80573
vt 0.77629 0.80586
vt 0.77572 0.81737
vt 0.8034 0.80586
vt 0.80397 0.81737
vt 0.80372 0.80573
vt 0.80597 0.81657
vt 0.80689 0.81534
vt 0.80274 0.80704
vt 0.80751 0.8135
vt 0.80208 0.80901
vt 0.80215 0.80837
vt 0.8079 0.8095
vt 0.8121 0.6905
vt 0.81278 0.69735
vt 0.81041 0.68543
vt 0.80787 0.68205
vt 0.80445 0.68068
vt 0.77524 0.68068
vt 0.77181 0.68205
vt 0.76928 0.68543
vt 0.76759 0.6905
vt 0.7669 0.69735
vt 0.7669 0.81046
vt 0.76759 0.81731
vt 0.76928 0.82238
vt 0.77181 0.82577
vt 0.77524 0.82713
vt 0.80445 0.82713
vt 0.80787 0.82577
vt 0.81041 0.82238
vt 0.8121 0.81731
vt 0.81278 0.81046
vt 0.81517 0.68796
vt 0.00391 0.02344
vt 0.81276 0.68073
vt 0.80914 0.6759
vt 0.80477 0.67416
vt 0.77492 0.67416
vt 0.77054 0.6759
vt 0.76693 0.68073
vt 0.76451 0.68796
vt 0.76364 0.69671
vt 0.76364 0.8111
vt 0.76451 0.81985
vt 0.76693 0.82708
vt 0.77054 0.83191
vt 0.77492 0.83365
vt 0.80477 0.83365
vt 0.80914 0.83191
vt 0.81276 0.82708
vt 0.81517 0.81985
vt 0.81604 0.8111
vt 0.81604 0.69671
vt 0.12146 0.69671
vt 0.1254 0.6905
vt 0.12472 0.69735
vt 0.12233 0.68796
vt 0.12709 0.68543
vt 0.12474 0.68073
vt 0.12963 0.68205
vt 0.12836 0.6759
vt 0.13305 0.68068
vt 0.13273 0.67416
vt 0.16226 0.68068
vt 0.16258 0.67416
vt 0.16569 0.68205
vt 0.16696 0.6759
vt 0.16822 0.68543
vt 0.17057 0.68073
vt 0.16991 0.6905
vt 0.17299 0.68796
vt 0.1706 0.69735
vt 0.17386 0.69671
vt 0.1706 0.81046
vt 0.17386 0.8111
vt 0.16991 0.81731
vt 0.17299 0.81985
vt 0.16822 0.82238
vt 0.17057 0.82708
vt 0.16569 0.82577
vt 0.16696 0.83191
vt 0.16226 0.82713
vt 0.16258 0.83365
vt 0.13305 0.82713
vt 0.13273 0.83365
vt 0.12963 0.82577
vt 0.12836 0.83191
vt 0.12709 0.82238
vt 0.12474 0.82708
vt 0.1254 0.81731
vt 0.12233 0.81985
vt 0.12472 0.81046
vt 0.12146 0.8111
vt 0.12999 0.69431
vt 0.1296 0.69831
vt 0.13061 0.69247
vt 0.13153 0.69124
vt 0.13353 0.69044
vt 0.16178 0.69044
vt 0.16378 0.69124
vt 0.1647 0.69247
vt 0.16532 0.69431
vt 0.16572 0.69831
vt 0.16572 0.8095
vt 0.16532 0.8135
vt 0.1647 0.81534
vt 0.16378 0.81657
vt 0.16178 0.81737
vt 0.13353 0.81737
vt 0.13153 0.81657
vt 0.13061 0.81534
vt 0.12999 0.8135
vt 0.1296 0.8095
vt 0.13542 0.6988
vt 0.13535 0.69945
vt 0.13476 0.70077
vt 0.13378 0.70208
vt 0.1341 0.70195
vt 0.16121 0.70195
vt 0.16154 0.70208
vt 0.16055 0.70077
vt 0.1599 0.6988
vt 0.15996 0.69945
vt 0.15996 0.80837
vt 0.1599 0.80901
vt 0.16055 0.80704
vt 0.16154 0.80573
vt 0.16121 0.80586
vt 0.1341 0.80586
vt 0.13378 0.80573
vt 0.13476 0.80704
vt 0.13542 0.80901
vt 0.13535 0.80837
vt 0.78984 0.75391
vt 0.14766 0.75391
vt 0.65996 0.69945
vt 0.6599 0.6988
vt 0.66532 0.69431
vt 0.66572 0.69831
vt 0.6647 0.69247
vt 0.66055 0.70077
vt 0.66378 0.69124
vt 0.66154 0.70208
vt 0.66121 0.70195
vt 0.66178 0.69044
vt 0.6341 0.70195
vt 0.63353 0.69044
vt 0.63378 0.70208
vt 0.63153 0.69124
vt 0.63061 0.69247
vt 0.63476 0.70077
vt 0.62999 0.69431
vt 0.63542 0.6988
vt 0.63535 0.69945
vt 0.6296 0.69831
vt 0.63535 0.80837
vt 0.6296 0.8095
vt 0.63542 0.80901
vt 0.62999 0.8135
vt 0.63061 0.81534
vt 0.63476 0.80704
vt 0.63153 0.81657
vt 0.63378 0.80573
vt 0.6341 0.80586
vt 0.63353 0.81737
vt 0.66121 0.80586
vt 0.66178 0.81737
vt 0.66154 0.80573
vt 0.66378 0.81657
vt 0.6647 0.81534
vt 0.66055 0.80704
vt 0.66532 0.8135
vt 0.6599 0.80901
vt 0.65996 0.80837
vt 0.66572 0.8095
vt 0.66991 0.6905
vt 0.6706 0.69735
vt 0.66822 0.68543
vt 0.66569 0.68205
vt 0.66226 0.68068
vt 0.63305 0.68068
vt 0.62963 0.68205
vt 0.62709 0.68543
vt 0.6254 0.6905
vt 0.62472 0.69735
vt 0.62472 0.81046
vt 0.6254 0.81731
vt 0.62709 0.82238
vt 0.62963 0.82577
vt 0.63305 0.82713
vt 0.66226 0.82713
vt 0.66569 0.82577
vt 0.66822 0.82238
vt 0.66991 0.81731
vt 0.6706 0.81046
vt 0.67299 0.68796
vt 0.67057 0.68073
vt 0.66696 0.6759
vt 0.66258 0.67416
vt 0.63273 0.67416
vt 0.62836 0.6759
vt 0.62474 0.68073
vt 0.62233 0.68796
vt 0.62146 0.69671
vt 0.62146 0.8111
vt 0.62233 0.81985
vt 0.62474 0.82708
vt 0.62836 0.83191
vt 0.63273 0.83365
vt 0.66258 0.83365
vt 0.66696 0.83191
vt 0.67057 0.82708
vt 0.67299 0.81985
vt 0.67386 0.8111
vt 0.67386 0.69671
vt 0.26364 0.69671
vt 0.26759 0.6905
vt 0.2669 0.69735
vt 0.26451 0.68796
vt 0.26928 0.68543
vt 0.26693 0.68073
vt 0.27181 0.68205
vt 0.27054 0.6759
vt 0.27524 0.68068
vt 0.27492 0.67416
vt 0.30445 0.68068
vt 0.30477 0.67416
vt 0.30787 0.68205
vt 0.30914 0.6759
vt 0.31041 0.68543
vt 0.31276 0.68073
vt 0.3121 0.6905
vt 0.31517 0.68796
vt 0.31278 0.69735
vt 0.31604 0.69671
vt 0.31278 0.81046
vt 0.31604 0.8111
vt 0.3121 0.81731
vt 0.31517 0.81985
vt 0.31041 0.82238
vt 0.31276 0.82708
vt 0.30787 0.82577
vt 0.30914 0.83191
vt 0.30445 0.82713
vt 0.30477 0.83365
vt 0.27524 0.82713
vt 0.27492 0.83365
vt 0.27181 0.82577
vt 0.27054 0.83191
vt 0.26928 0.82238
vt 0.26693 0.82708
vt 0.26759 0.81731
vt 0.26451 0.81985
vt 0.2669 0.81046
vt 0.26364 0.8111
vt 0.27218 0.69431
vt 0.27178 0.69831
vt 0.2728 0.69247
vt 0.27372 0.69124
vt 0.27572 0.69044
vt 0.30397 0.69044
vt 0.30597 0.69124
vt 0.30689 0.69247
vt 0.30751 0.69431
vt 0.3079 0.69831
vt 0.3079 0.8095
vt 0.30751 0.8135
vt 0.30689 0.81534
vt 0.30597 0.81657
vt 0.30397 0.81737
vt 0.27572 0.81737
vt 0.27372 0.81657
vt 0.2728 0.81534
vt 0.27218 0.8135
vt 0.27178 0.8095
vt 0.2776 0.6988
vt 0.27754 0.69945
vt 0.27695 0.70077
vt 0.27596 0.70208
vt 0.27629 0.70195
vt 0.3034 0.70195
vt 0.30372 0.70208
vt 0.30274 0.70077
vt 0.30208 0.6988
vt 0.30215 0.69945
vt 0.30215 0.80837
vt 0.30208 0.80901
vt 0.30274 0.80704
vt 0.30372 0.80573
vt 0.3034 0.80586
vt 0.27629 0.80586
vt 0.27596 0.80573
vt 0.27695 0.80704
vt 0.2776 0.80901
vt 0.27754 0.80837
vt 0.64766 0.75391
vt 0.28984 0.75391
vt 0 0.44336
vt 0.01042 0.44336
vt 0.02083 0.44336
vt 0.03125 0.44336
vt 0.04167 0.44336
vt 0.05208 0.44336
vt 0.0625 0.44336
vt 0.07292 0.44336
vt 0.08333 0.44336
vt 0.09375 0.44336
vt 0.10417 0.44336
vt 0.11458 0.44336
vt 0.125 0.44336
vt 0.13542 0.44336
vt 0.14583 0.44336
vt 0.15625 0.44336
vt 0.16667 0.44336
vt 0.17708 0.44336
vt 0.1875 0.44336
vt 0.19792 0.44336
vt 0.20833 0.44336
vt 0.21875 0.44336
vt 0.22917 0.44336
vt 0.23958 0.44336
vt 0.25 0.44336
vt 0.01042 0.47852
vt 0 0.47852
vt 0.02083 0.47852
vt 0.03125 0.47852
vt 0.04167 0.47852
vt 0.05208 0.47852
vt 0.0625 0.47852
vt 0.07292 0.47852
vt 0.08333 0.47852
vt 0.09375 0.47852
vt 0.10417 0.47852
vt 0.11458 0.47852
vt 0.125 0.47852
vt 0.13542 0.47852
vt 0.14583 0.47852
vt 0.15625 0.47852
vt 0.16667 0.47852
vt 0.17708 0.47852
vt 0.1875 0.47852
vt 0.19792 0.47852
vt 0.20833 0.47852
vt 0.21875 0.47852
vt 0.22917 0.47852
vt 0.23958 0.47852
vt 0.25 0.47852
vt 0.00622 0.49219
vt 0.00622 0.5
vt 0.00622 0.48438
vt 0.00622 0.47656
vt 0.00622 0.46875
vt 0.00622 0.46094
vt 0.00622 0.45312
vt 0.00622 0.44531
vt 0.00622 0.4375
vt 0.00622 0.42969
vt 0.00622 0.42188
vt 0.01243 0.49219
vt 0.01243 0.5
vt 0.01243 0.48438
vt 0.01243 0.47656
vt 0.01243 0.46875
vt 0.01243 0.46094
vt 0.01243 0.45312
vt 0.01243 0.44531
vt 0.01243 0.4375
vt 0.01243 0.42969
vt 0.01243 0.42188
vt 0.01865 0.49219
vt 0.01865 0.5
vt 0.01865 0.48438
vt 0.01865 0.47656
vt 0.01865 0.46875
vt 0.01865 0.46094
vt 0.01865 0.45312
vt 0.01865 0.44531
vt 0.01865 0.4375
vt 0.01865 0.42969
vt 0.01865 0.42188
vt 0.02486 0.49219
vt 0.02486 0.5
vt 0.02486 0.48438
vt 0.02486 0.47656
vt 0.02486 0.46875
vt 0.02486 0.46094
vt 0.02486 0.45312
vt 0.02486 0.44531
vt 0.02486 0.4375
vt 0.02486 0.42969
vt 0.02486 0.42188
vt 0.03108 0.49219
vt 0.03108 0.5
vt 0.03108 0.48438
vt 0.03108 0.47656
vt 0.03108 0.46875
vt 0.03108 0.46094
vt 0.03108 0.45312
vt 0.03108 0.44531
vt 0.03108 0.4375
vt 0.03108 0.42969
vt 0.03108 0.42188
vt 0.03729 0.49219
vt 0.03729 0.5
vt 0.03729 0.48438
vt 0.03729 0.47656
vt 0.03729 0.46875
vt 0.03729 0.46094
vt 0.03729 0.45312
vt 0.03729 0.44531
vt 0.03729 0.4375
vt 0.03729 0.42969
vt 0.03729 0.42188
vt 0.04351 0.49219
vt 0.04351 0.5
vt 0.04351 0.48438
vt 0.04351 0.47656
vt 0.04351 0.46875
vt 0.04351 0.46094
vt 0.04351 0.45312
vt 0.04351 0.44531
vt 0.04351 0.4375
vt 0.04351 0.42969
vt 0.04351 0.42188
vt 0.04972 0.49219
vt 0.04972 0.5
vt 0.04972 0.48438
vt 0.04972 0.47656
vt 0.04972 0.46875
vt 0.04972 0.46094
vt 0.04972 0.45312
vt 0.04972 0.44531
vt 0.04972 0.4375
vt 0.04972 0.42969
vt 0.04972 0.42188
vt 0.05594 0.49219
vt 0.05594 0.5
vt 0.05594 0.48438
vt 0.05594 0.47656
vt 0.05594 0.46875
vt 0.05594 0.46094
vt 0.05594 0.45312
vt 0.05594 0.44531
vt 0.05594 0.4375
vt 0.05594 0.42969
vt 0.05594 0.42188
vt 0.06216 0.49219
vt 0.06216 0.5
vt 0.06216 0.48438
vt 0.06216 0.47656
vt 0.06216 0.46875
vt 0.06216 0.46094
vt 0.06216 0.45312
vt 0.06216 0.44531
vt 0.06216 0.4375
vt 0.06216 0.42969
vt 0.06216 0.42188
vt 0.06837 0.49219
vt 0.06837 0.5
vt 0.06837 0.48438
vt 0.06837 0.47656
vt 0.06837 0.46875
vt 0.06837 0.46094
vt 0.06837 0.45312
vt 0.06837 0.44531
vt 0.06837 0.4375
vt 0.06837 0.42969
vt 0.06837 0.42188
vt 0.07459 0.49219
vt 0.07459 0.5
vt 0.07459 0.48438
vt 0.07459 0.47656
vt 0.07459 0.46875
vt 0.07459 0.46094
vt 0.07459 0.45312
vt 0.07459 0.44531
vt 0.07459 0.4375
vt 0.07459 0.42969
vt 0.07459 0.42188
vt 0.0808 0.49219
vt 0.0808 0.5
vt 0.0808 0.48438
vt 0.0808 0.47656
vt 0.0808 0.46875
vt 0.0808 0.46094
vt 0.0808 0.45312
vt 0.0808 0.44531
vt 0.0808 0.4375
vt 0.0808 0.42969
vt 0.0808 0.42188
vt 0.08702 0.49219
vt 0.08702 0.5
vt 0.08702 0.48438
vt 0.08702 0.47656
vt 0.08702 0.46875
vt 0.08702 0.46094
vt 0.08702 0.45312
vt 0.08702 0.44531
vt 0.08702 0.4375
vt 0.08702 0.42969
vt 0.08702 0.42188
vt 0.13122 0.49219
vt 0.13122 0.5
vt 0.13122 0.48438
vt 0.13122 0.47656
vt 0.13122 0.46875
vt 0.13122 0.46094
vt 0.13122 0.45312
vt 0.13122 0.44531
vt 0.13122 0.4375
vt 0.13122 0.42969
vt 0.13122 0.42188
vt 0.13743 0.49219
vt 0.13743 0.5
vt 0.13743 0.48438
vt 0.13743 0.47656
vt 0.13743 0.46875
vt 0.13743 0.46094
vt 0.13743 0.45312
vt 0.13743 0.44531
vt 0.13743 0.4375
vt 0.13743 0.42969
vt 0.13743 0.42188
vt 0.14365 0.49219
vt 0.14365 0.5
vt 0.14365 0.48438
vt 0.14365 0.47656
vt 0.14365 0.46875
vt 0.14365 0.46094
vt 0.14365 0.45312
vt 0.14365 0.44531
vt 0.14365 0.4375
vt 0.14365 0.42969
vt 0.14365 0.42188
vt 0.14986 0.49219
vt 0.14986 0.5
vt 0.14986 0.48438
vt 0.14986 0.47656
vt 0.14986 0.46875
vt 0.14986 0.46094
vt 0.14986 0.45312
vt 0.14986 0.44531
vt 0.14986 0.4375
vt 0.14986 0.42969
vt 0.14986 0.42188
vt 0.15608 0.49219
vt 0.15608 0.5
vt 0.15608 0.48438
vt 0.15608 0.47656
vt 0.15608 0.46875
vt 0.15608 0.46094
vt 0.15608 0.45312
vt 0.15608 0.44531
vt 0.15608 0.4375
vt 0.15608 0.42969
vt 0.15608 0.42188
vt 0.16229 0.49219
vt 0.16229 0.5
vt 0.16229 0.48438
vt 0.16229 0.47656
vt 0.16229 0.46875
vt 0.16229 0.46094
vt 0.16229 0.45312
vt 0.16229 0.44531
vt 0.16229 0.4375
vt 0.16229 0.42969
vt 0.16229 0.42188
vt 0.16851 0.49219
vt 0.16851 0.5
vt 0.16851 0.48438
vt 0.16851 0.47656
vt 0.16851 0.46875
vt 0.16851 0.46094
vt 0.16851 0.45312
vt 0.16851 0.44531
vt 0.16851 0.4375
vt 0.16851 0.42969
vt 0.16851 0.42188
vt 0.17472 0.49219
vt 0.17472 0.5
vt 0.17472 0.48438
vt 0.17472 0.47656
vt 0.17472 0.46875
vt 0.17472 0.46094
vt 0.17472 0.45312
vt 0.17472 0.44531
vt 0.17472 0.4375
vt 0.17472 0.42969
vt 0.17472 0.42188
vt 0.18094 0.49219
vt 0.18094 0.5
vt 0.18094 0.48438
vt 0.18094 0.47656
vt 0.18094 0.46875
vt 0.18094 0.46094
vt 0.18094 0.45312
vt 0.18094 0.44531
vt 0.18094 0.4375
vt 0.18094 0.42969
vt 0.18094 0.42188
vt 0.18716 0.49219
vt 0.18716 0.5
vt 0.18716 0.48438
vt 0.18716 0.47656
vt 0.18716 0.46875
vt 0.18716 0.46094
vt 0.18716 0.45312
vt 0.18716 0.44531
vt 0.18716 0.4375
vt 0.18716 0.42969
vt 0.18716 0.42188
vt 0.19337 0.49219
vt 0.19337 0.5
vt 0.19337 0.48438
vt 0.19337 0.47656
vt 0.19337 0.46875
vt 0.19337 0.46094
vt 0.19337 0.45312
vt 0.19337 0.44531
vt 0.19337 0.4375
vt 0.19337 0.42969
vt 0.19337 0.42188
vt 0.19959 0.49219
vt 0.19959 0.5
vt 0.19959 0.48438
vt 0.19959 0.47656
vt 0.19959 0.46875
vt 0.19959 0.46094
vt 0.19959 0.45312
vt 0.19959 0.44531
vt 0.19959 0.4375
vt 0.19959 0.42969
vt 0.19959 0.42188
vt 0.2058 0.49219
vt 0.2058 0.5
vt 0.2058 0.48438
vt 0.2058 0.47656
vt 0.2058 0.46875
vt 0.2058 0.46094
vt 0.2058 0.45312
vt 0.2058 0.44531
vt 0.2058 0.4375
vt 0.2058 0.42969
vt 0.2058 0.42188
vt 0.21202 0.49219
vt 0.21202 0.5
vt 0.21202 0.48438
vt 0.21202 0.47656
vt 0.21202 0.46875
vt 0.21202 0.46094
vt 0.21202 0.45312
vt 0.21202 0.44531
vt 0.21202 0.4375
vt 0.21202 0.42969
vt 0.21202 0.42188
vn -1 0 0
vn -0.974 -0.11 0.2
vn -0.994 -0.112 0
vn -0.98 0 0.2
vn -0.878 -0.099 0.469
vn -0.883 0 0.469
vn -0.471 -0.053 0.88
vn -0.474 0 0.88
vn 0.471 0.053 0.88
vn 0.474 0 0.88
vn 0.878 0.099 0.469
vn 0.883 0 0.469
vn 0.974 0.11 0.2
vn 0.98 0 0.2
vn 0.994 0.112 0
vn 1 0 0
vn 0.974 0.11 -0.2
vn 0.98 0 -0.2
vn 0.878 0.099 -0.469
vn 0.883 0 -0.469
vn 0.471 0.053 -0.88
vn 0.474 0 -0.88
vn -0.471 -0.053 -0.88
vn -0.474 0 -0.88
vn -0.878 -0.099 -0.469
vn -0.883 0 -0.469
vn -0.974 -0.11 -0.2
vn -0.98 0 -0.2
vn -0.955 -0.218 0.2
vn -0.975 -0.223 0
vn -0.861 -0.197 0.469
vn -0.463 -0.106 0.88
vn 0.463 0.106 0.88
vn 0.861 0.197 0.469
vn 0.955 0.218 0.2
vn 0.975 0.223 0
vn 0.955 0.218 -0.2
vn 0.861 0.197 -0.469
vn 0.463 0.106 -0.88
vn -0.463 -0.106 -0.88
vn -0.861 -0.197 -0.469
vn -0.955 -0.218 -0.2
vn -0.925 -0.324 0.2
vn -0.944 -0.33 0
vn -0.834 -0.292 0.469
vn -0.448 -0.157 0.88
vn 0.448 0.157 0.88
vn 0.834 0.292 0.469
vn 0.925 0.324 0.2
vn 0.944 0.33 0
vn 0.925 0.324 -0.2
vn 0.834 0.292 -0.469
vn 0.448 0.157 -0.88
vn -0.448 -0.157 -0.88
vn -0.834 -0.292 -0.469
vn -0.925 -0.324 -0.2
vn -0.883 -0.425 0.2
vn -0.901 -0.434 0
vn -0.796 -0.383 0.469
vn -0.427 -0.206 0.88
vn 0.427 0.206 0.88
vn 0.796 0.383 0.469
vn 0.883 0.425 0.2
vn 0.901 0.434 0
vn 0.883 0.425 -0.2
vn 0.796 0.383 -0.469
vn 0.427 0.206 -0.88
vn -0.427 -0.206 -0.88
vn -0.796 -0.383 -0.469
vn -0.883 -0.425 -0.2
vn -0.83 -0.521 0.2
vn -0.847 -0.532 0
vn -0.748 -0.47 0.469
vn -0.402 -0.252 0.88
vn 0.402 0.252 0.88
vn 0.748 0.47 0.469
vn 0.83 0.521 0.2
vn 0.847 0.532 0
vn 0.83 0.521 -0.2
vn 0.748 0.47 -0.469
vn 0.402 0.252 -0.88
vn -0.402 -0.252 -0.88
vn -0.748 -0.47 -0.469
vn -0.83 -0.521 -0.2
vn -0.766 -0.611 0.2
vn -0.782 -0.623 0
vn -0.69 -0.551 0.469
vn -0.371 -0.296 0.88
vn 0.371 0.296 0.88
vn 0.69 0.551 0.469
vn 0.766 0.611 0.2
vn 0.782 0.623 0
vn 0.766 0.611 -0.2
vn 0.69 0.551 -0.469
vn 0.371 0.296 -0.88
vn -0.371 -0.296 -0.88
vn -0.69 -0.551 -0.469
vn -0.766 -0.611 -0.2
vn -0.693 -0.693 0.2
vn -0.707 -0.707 0
vn -0.624 -0.624 0.469
vn -0.335 -0.335 0.88
vn 0.335 0.335 0.88
vn 0.624 0.624 0.469
vn 0.693 0.693 0.2
vn 0.707 0.707 0
vn 0.693 0.693 -0.2
vn 0.624 0.624 -0.469
vn 0.335 0.335 -0.88
vn -0.335 -0.335 -0.88
vn -0.624 -0.624 -0.469
vn -0.693 -0.693 -0.2
vn -0.611 -0.766 0.2
vn -0.623 -0.782 0
vn -0.551 -0.69 0.469
vn -0.296 -0.371 0.88
vn 0.296 0.371 0.88
vn 0.551 0.69 0.469
vn 0.611 0.766 0.2
vn 0.623 0.782 0
vn 0.611 0.766 -0.2
vn 0.551 0.69 -0.469
vn 0.296 0.371 -0.88
vn -0.296 -0.371 -0.88
vn -0.551 -0.69 -0.469
vn -0.611 -0.766 -0.2
vn -0.521 -0.83 0.2
vn -0.532 -0.847 0
vn -0.47 -0.748 0.469
vn -0.252 -0.402 0.88
vn 0.252 0.402 0.88
vn 0.47 0.748 0.469
vn 0.521 0.83 0.2
vn 0.532 0.847 0
vn 0.521 0.83 -0.2
vn 0.47 0.748 -0.469
vn 0.252 0.402 -0.88
vn -0.252 -0.402 -0.88
vn -0.47 -0.748 -0.469
vn -0.521 -0.83 -0.2
vn -0.425 -0.883 0.2
vn -0.434 -0.901 0
vn -0.383 -0.796 0.469
vn -0.206 -0.427 0.88
vn 0.206 0.427 0.88
vn 0.383 0.796 0.469
vn 0.425 0.883 0.2
vn 0.434 0.901 0
vn 0.425 0.883 -0.2
vn 0.383 0.796 -0.469
vn 0.206 0.427 -0.88
vn -0.206 -0.427 -0.88
vn -0.383 -0.796 -0.469
vn -0.425 -0.883 -0.2
vn -0.324 -0.925 0.2
vn -0.33 -0.944 0
vn -0.292 -0.834 0.469
vn -0.157 -0.448 0.88
vn 0.157 0.448 0.88
vn 0.292 0.834 0.469
vn 0.324 0.925 0.2
vn 0.33 0.944 0
vn 0.324 0.925 -0.2
vn 0.292 0.834 -0.469
vn 0.157 0.448 -0.88
vn -0.157 -0.448 -0.88
vn -0.292 -0.834 -0.469
vn -0.324 -0.925 -0.2
vn -0.218 -0.955 0.2
vn -0.223 -0.975 0
vn -0.197 -0.861 0.469
vn -0.106 -0.463 0.88
vn 0.106 0.463 0.88
vn 0.197 0.861 0.469
vn 0.218 0.955 0.2
vn 0.223 0.975 0
vn 0.218 0.955 -0.2
vn 0.197 0.861 -0.469
vn 0.106 0.463 -0.88
vn -0.106 -0.463 -0.88
vn -0.197 -0.861 -0.469
vn -0.218 -0.955 -0.2
vn -0.11 -0.974 0.2
vn -0.112 -0.994 0
vn -0.099 -0.878 0.469
vn -0.053 -0.471 0.88
vn 0.053 0.471 0.88
vn 0.099 0.878 0.469
vn 0.11 0.974 0.2
vn 0.112 0.994 0
vn 0.11 0.974 -0.2
vn 0.099 0.878 -0.469
vn 0.053 0.471 -0.88
vn -0.053 -0.471 -0.88
vn -0.099 -0.878 -0.469
vn -0.11 -0.974 -0.2
vn 0 -0.98 0.2
vn 0 -1 0
vn 0 -0.883 0.469
vn 0 -0.474 0.88
vn 0 0.474 0.88
vn 0 0.883 0.469
vn 0 0.98 0.2
vn 0 1 0
vn 0 0.98 -0.2
vn 0 0.883 -0.469
vn 0 0.474 -0.88
vn -0 -0.474 -0.88
vn -0 -0.883 -0.469
vn -0 -0.98 -0.2
vn 0.11 -0.974 0.2
vn 0.112 -0.994 0
vn 0.099 -0.878 0.469
vn 0.053 -0.471 0.88
vn -0.053 0.471 0.88
vn -0.099 0.878 0.469
vn -0.11 0.974 0.2
vn -0.112 0.994 0
vn -0.11 0.974 -0.2
vn -0.099 0.878 -0.469
vn -0.053 0.471 -0.88
vn 0.053 -0.471 -0.88
vn 0.099 -0.878 -0.469
vn 0.11 -0.974 -0.2
vn 0.218 -0.955 0.2
vn 0.223 -0.975 0
vn 0.197 -0.861 0.469
vn 0.106 -0.463 0.88
vn -0.106 0.463 0.88
vn -0.197 0.861 0.469
vn -0.218 0.955 0.2
vn -0.223 0.975 0
vn -0.218 0.955 -0.2
vn -0.197 0.861 -0.469
vn -0.106 0.463 -0.88
vn 0.106 -0.463 -0.88
vn 0.197 -0.861 -0.469
vn 0.218 -0.955 -0.2
vn 0.324 -0.925 0.2
vn 0.33 -0.944 0
vn 0.292 -0.834 0.469
vn 0.157 -0.448 0.88
vn -0.157 0.448 0.88
vn -0.292 0.834 0.469
vn -0.324 0.925 0.2
vn -0.33 0.944 0
vn -0.324 0.925 -0.2
vn -0.292 0.834 -0.469
vn -0.157 0.448 -0.88
vn 0.157 -0.448 -0.88
vn 0.292 -0.834 -0.469
vn 0.324 -0.925 -0.2
vn 0.425 -0.883 0.2
vn 0.434 -0.901 0
vn 0.383 -0.796 0.469
vn 0.206 -0.427 0.88
vn -0.206 0.427 0.88
vn -0.383 0.796 0.469
vn -0.425 0.883 0.2
vn -0.434 0.901 0
vn -0.425 0.883 -0.2
vn -0.383 0.796 -0.469
vn -0.206 0.427 -0.88
vn 0.206 -0.427 -0.88
vn 0.383 -0.796 -0.469
vn 0.425 -0.883 -0.2
vn 0.521 -0.83 0.2
vn 0.532 -0.847 0
vn 0.47 -0.748 0.469
vn 0.252 -0.402 0.88
vn -0.252 0.402 0.88
vn -0.47 0.748 0.469
vn -0.521 0.83 0.2
vn -0.532 0.847 0
vn -0.521 0.83 -0.2
vn -0.47 0.748 -0.469
vn -0.252 0.402 -0.88
vn 0.252 -0.402 -0.88
vn 0.47 -0.748 -0.469
vn 0.521 -0.83 -0.2
vn 0.611 -0.766 0.2
vn 0.623 -0.782 0
vn 0.551 -0.69 0.469
vn 0.296 -0.371 0.88
vn -0.296 0.371 0.88
vn -0.551 0.69 0.469
vn -0.611 0.766 0.2
vn -0.623 0.782 0
vn -0.611 0.766 -0.2
vn -0.551 0.69 -0.469
vn -0.296 0.371 -0.88
vn 0.296 -0.371 -0.88
vn 0.551 -0.69 -0.469
vn 0.611 -0.766 -0.2
vn 0.693 -0.693 0.2
vn 0.707 -0.707 0
vn 0.624 -0.624 0.469
vn 0.335 -0.335 0.88
vn -0.335 0.335 0.88
vn -0.624 0.624 0.469
vn -0.693 0.693 0.2
vn -0.707 0.707 0
vn -0.693 0.693 -0.2
vn -0.624 0.624 -0.469
vn -0.335 0.335 -0.88
vn 0.335 -0.335 -0.88
vn 0.624 -0.624 -0.469
vn 0.693 -0.693 -0.2
vn 0.766 -0.611 0.2
vn 0.782 -0.623 0
vn 0.69 -0.551 0.469
vn 0.371 -0.296 0.88
vn -0.371 0.296 0.88
vn -0.69 0.551 0.469
vn -0.766 0.611 0.2
vn -0.782 0.623 0
vn -0.766 0.611 -0.2
vn -0.69 0.551 -0.469
vn -0.371 0.296 -0.88
vn 0.371 -0.296 -0.88
vn 0.69 -0.551 -0.469
vn 0.766 -0.611 -0.2
vn 0.83 -0.521 0.2
vn 0.847 -0.532 0
vn 0.748 -0.47 0.469
vn 0.402 -0.252 0.88
vn -0.402 0.252 0.88
vn -0.748 0.47 0.469
vn -0.83 0.521 0.2
vn -0.847 0.532 0
vn -0.83 0.521 -0.2
vn -0.748 0.47 -0.469
vn -0.402 0.252 -0.88
vn 0.402 -0.252 -0.88
vn 0.748 -0.47 -0.469
vn 0.83 -0.521 -0.2
vn 0.883 -0.425 0.2
vn 0.901 -0.434 0
vn 0.796 -0.383 0.469
vn 0.427 -0.206 0.88
vn -0.427 0.206 0.88
vn -0.796 0.383 0.469
vn -0.883 0.425 0.2
vn -0.901 0.434 0
vn -0.883 0.425 -0.2
vn -0.796 0.383 -0.469
vn -0.427 0.206 -0.88
vn 0.427 -0.206 -0.88
vn 0.796 -0.383 -0.469
vn 0.883 -0.425 -0.2
vn 0.925 -0.324 0.2
vn 0.944 -0.33 0
vn 0.834 -0.292 0.469
vn 0.448 -0.157 0.88
vn -0.448 0.157 0.88
vn -0.834 0.292 0.469
vn -0.925 0.324 0.2
vn -0.944 0.33 0
vn -0.925 0.324 -0.2
vn -0.834 0.292 -0.469
vn -0.448 0.157 -0.88
vn 0.448 -0.157 -0.88
vn 0.834 -0.292 -0.469
vn 0.925 -0.324 -0.2
vn 0.955 -0.218 0.2
vn 0.975 -0.223 0
vn 0.861 -0.197 0.469
vn 0.463 -0.106 0.88
vn -0.463 0.106 0.88
vn -0.861 0.197 0.469
vn -0.955 0.218 0.2
vn -0.975 0.223 0
vn -0.955 0.218 -0.2
vn -0.861 0.197 -0.469
vn -0.463 0.106 -0.88
vn 0.463 -0.106 -0.88
vn 0.861 -0.197 -0.469
vn 0.955 -0.218 -0.2
vn 0.974 -0.11 0.2
vn 0.994 -0.112 0
vn 0.878 -0.099 0.469
vn 0.471 -0.053 0.88
vn -0.471 0.053 0.88
vn -0.878 0.099 0.469
vn -0.974 0.11 0.2
vn -0.994 0.112 0
vn -0.974 0.11 -0.2
vn -0.878 0.099 -0.469
vn -0.471 0.053 -0.88
vn 0.471 -0.053 -0.88
vn 0.878 -0.099 -0.469
vn 0.974 -0.11 -0.2
vn -0.401 0.916 0
vn -0.446 0.866 0.228
vn -0.458 0.889 0
vn -0.39 0.892 0.228
vn -0.325 0.631 0.705
vn -0.284 0.65 0.705
vn 0.325 -0.631 0.705
vn 0.284 -0.65 0.705
vn 0.446 -0.866 0.228
vn 0.39 -0.892 0.228
vn 0.458 -0.889 0
vn 0.401 -0.916 0
vn 0.446 -0.866 -0.228
vn 0.39 -0.892 -0.228
vn 0.325 -0.631 -0.705
vn 0.284 -0.65 -0.705
vn -0.325 0.631 -0.705
vn -0.284 0.65 -0.705
vn -0.446 0.866 -0.228
vn -0.39 0.892 -0.228
vn -0.551 0.802 0.228
vn -0.566 0.824 0
vn -0.402 0.585 0.705
vn 0.402 -0.585 0.705
vn 0.551 -0.802 0.228
vn 0.566 -0.824 0
vn 0.551 -0.802 -0.228
vn 0.402 -0.585 -0.705
vn -0.402 0.585 -0.705
vn -0.551 0.802 -0.228
vn -0.648 0.726 0.228
vn -0.666 0.746 0
vn -0.473 0.529 0.705
vn 0.473 -0.529 0.705
vn 0.648 -0.726 0.228
vn 0.666 -0.746 0
vn 0.648 -0.726 -0.228
vn 0.473 -0.529 -0.705
vn -0.473 0.529 -0.705
vn -0.648 0.726 -0.228
vn -0.735 0.639 0.228
vn -0.755 0.656 0
vn -0.536 0.466 0.705
vn 0.536 -0.466 0.705
vn 0.735 -0.639 0.228
vn 0.755 -0.656 0
vn 0.735 -0.639 -0.228
vn 0.536 -0.466 -0.705
vn -0.536 0.466 -0.705
vn -0.735 0.639 -0.228
vn -0.81 0.541 0.228
vn -0.831 0.556 0
vn -0.59 0.394 0.705
vn 0.59 -0.394 0.705
vn 0.81 -0.541 0.228
vn 0.831 -0.556 0
vn 0.81 -0.541 -0.228
vn 0.59 -0.394 -0.705
vn -0.59 0.394 -0.705
vn -0.81 0.541 -0.228
vn -0.871 0.434 0.228
vn -0.895 0.446 0
vn -0.635 0.317 0.705
vn 0.635 -0.317 0.705
vn 0.871 -0.434 0.228
vn 0.895 -0.446 0
vn 0.871 -0.434 -0.228
vn 0.635 -0.317 -0.705
vn -0.635 0.317 -0.705
vn -0.871 0.434 -0.228
vn -0.919 0.321 0.228
vn -0.67 0.234 0.705
vn 0.67 -0.234 0.705
vn 0.919 -0.321 0.228
vn 0.919 -0.321 -0.228
vn 0.67 -0.234 -0.705
vn -0.67 0.234 -0.705
vn -0.919 0.321 -0.228
vn -0.952 0.202 0.228
vn -0.978 0.208 0
vn -0.694 0.148 0.705
vn 0.694 -0.148 0.705
vn 0.952 -0.202 0.228
vn 0.978 -0.208 0
vn 0.952 -0.202 -0.228
vn 0.694 -0.148 -0.705
vn -0.694 0.148 -0.705
vn -0.952 0.202 -0.228
vn -0.97 0.081 0.228
vn -0.997 0.083 0
vn -0.707 0.059 0.705
vn 0.707 -0.059 0.705
vn 0.97 -0.081 0.228
vn 0.997 -0.083 0
vn 0.97 -0.081 -0.228
vn 0.707 -0.059 -0.705
vn -0.707 0.059 -0.705
vn -0.97 0.081 -0.228
vn -0.973 -0.042 0.228
vn -0.999 -0.044 0
vn -0.709 -0.031 0.705
vn 0.709 0.031 0.705
vn 0.973 0.042 0.228
vn 0.999 0.044 0
vn 0.973 0.042 -0.228
vn 0.709 0.031 -0.705
vn -0.709 -0.031 -0.705
vn -0.973 -0.042 -0.228
vn -0.96 -0.165 0.228
vn -0.986 -0.169 0
vn -0.699 -0.12 0.705
vn 0.699 0.12 0.705
vn 0.96 0.165 0.228
vn 0.986 0.169 0
vn 0.96 0.165 -0.228
vn 0.699 0.12 -0.705
vn -0.699 -0.12 -0.705
vn -0.96 -0.165 -0.228
vn -0.931 -0.285 0.228
vn -0.956 -0.292 0
vn -0.679 -0.207 0.705
vn 0.679 0.207 0.705
vn 0.931 0.285 0.228
vn 0.956 0.292 0
vn 0.931 0.285 -0.228
vn 0.679 0.207 -0.705
vn -0.679 -0.207 -0.705
vn -0.931 -0.285 -0.228
vn -0.888 -0.4 0.228
vn -0.912 -0.411 0
vn -0.647 -0.291 0.705
vn 0.647 0.291 0.705
vn 0.888 0.4 0.228
vn 0.912 0.411 0
vn 0.888 0.4 -0.228
vn 0.647 0.291 -0.705
vn -0.647 -0.291 -0.705
vn -0.888 -0.4 -0.228
vn -0.83 -0.509 0.228
vn -0.853 -0.522 0
vn -0.605 -0.371 0.705
vn 0.605 0.371 0.705
vn 0.83 0.509 0.228
vn 0.853 0.522 0
vn 0.83 0.509 -0.228
vn 0.605 0.371 -0.705
vn -0.605 -0.371 -0.705
vn -0.83 -0.509 -0.228
vn -0.759 -0.609 0.228
vn -0.78 -0.626 0
vn -0.553 -0.444 0.705
vn 0.553 0.444 0.705
vn 0.759 0.609 0.228
vn 0.78 0.626 0
vn 0.759 0.609 -0.228
vn 0.553 0.444 -0.705
vn -0.553 -0.444 -0.705
vn -0.759 -0.609 -0.228
vn -0.676 -0.7 0.228
vn -0.695 -0.719 0
vn -0.493 -0.51 0.705
vn 0.493 0.51 0.705
vn 0.676 0.7 0.228
vn 0.695 0.719 0
vn 0.676 0.7 -0.228
vn 0.493 0.51 -0.705
vn -0.493 -0.51 -0.705
vn -0.676 -0.7 -0.228
vn -0.583 -0.78 0.228
vn -0.598 -0.801 0
vn -0.425 -0.569 0.705
vn 0.425 0.569 0.705
vn 0.583 0.78 0.228
vn 0.598 0.801 0
vn 0.583 0.78 -0.228
vn 0.425 0.569 -0.705
vn -0.425 -0.569 -0.705
vn -0.583 -0.78 -0.228
vn -0.479 -0.847 0.228
vn -0.492 -0.87 0
vn -0.349 -0.618 0.705
vn 0.349 0.618 0.705
vn 0.479 0.847 0.228
vn 0.492 0.87 0
vn 0.479 0.847 -0.228
vn 0.349 0.618 -0.705
vn -0.349 -0.618 -0.705
vn -0.479 -0.847 -0.228
vn -0.369 -0.901 0.228
vn -0.379 -0.926 0
vn -0.269 -0.657 0.705
vn 0.269 0.657 0.705
vn 0.369 0.901 0.228
vn 0.379 0.926 0
vn 0.369 0.901 -0.228
vn 0.269 0.657 -0.705
vn -0.269 -0.657 -0.705
vn -0.369 -0.901 -0.228
vn -0.252 -0.94 0.228
vn -0.259 -0.966 0
vn -0.184 -0.685 0.705
vn 0.184 0.685 0.705
vn 0.252 0.94 0.228
vn 0.259 0.966 0
vn 0.252 0.94 -0.228
vn 0.184 0.685 -0.705
vn -0.184 -0.685 -0.705
vn -0.252 -0.94 -0.228
vn -0.131 -0.965 0.228
vn -0.135 -0.991 0
vn -0.096 -0.703 0.705
vn 0.096 0.703 0.705
vn 0.131 0.965 0.228
vn 0.135 0.991 0
vn 0.131 0.965 -0.228
vn 0.096 0.703 -0.705
vn -0.096 -0.703 -0.705
vn -0.131 -0.965 -0.228
vn -0.008 -0.974 0.228
vn -0.009 -1 0
vn -0.006 -0.71 0.705
vn 0.006 0.71 0.705
vn 0.008 0.974 0.228
vn 0.009 1 0
vn 0.008 0.974 -0.228
vn 0.006 0.71 -0.705
vn -0.006 -0.71 -0.705
vn -0.008 -0.974 -0.228
vn 0.114 -0.967 0.228
vn 0.118 -0.993 0
vn 0.083 -0.705 0.705
vn -0.083 0.705 0.705
vn -0.114 0.967 0.228
vn -0.118 0.993 0
vn -0.114 0.967 -0.228
vn -0.083 0.705 -0.705
vn 0.083 -0.705 -0.705
vn 0.114 -0.967 -0.228
vn 0.236 -0.945 0.228
vn 0.242 -0.97 0
vn 0.172 -0.689 0.705
vn -0.172 0.689 0.705
vn -0.236 0.945 0.228
vn -0.242 0.97 0
vn -0.236 0.945 -0.228
vn -0.172 0.689 -0.705
vn 0.172 -0.689 -0.705
vn 0.236 -0.945 -0.228
vn 0.353 -0.907 0.228
vn 0.362 -0.932 0
vn 0.257 -0.661 0.705
vn -0.257 0.661 0.705
vn -0.353 0.907 0.228
vn -0.362 0.932 0
vn -0.353 0.907 -0.228
vn -0.257 0.661 -0.705
vn 0.257 -0.661 -0.705
vn 0.353 -0.907 -0.228
vn 0.465 -0.856 0.228
vn 0.477 -0.879 0
vn 0.339 -0.624 0.705
vn -0.339 0.624 0.705
vn -0.465 0.856 0.228
vn -0.477 0.879 0
vn -0.465 0.856 -0.228
vn -0.339 0.624 -0.705
vn 0.339 -0.624 -0.705
vn 0.465 -0.856 -0.228
vn 0.569 -0.79 0.228
vn 0.584 -0.812 0
vn 0.415 -0.576 0.705
vn -0.415 0.576 0.705
vn -0.569 0.79 0.228
vn -0.584 0.812 0
vn -0.569 0.79 -0.228
vn -0.415 0.576 -0.705
vn 0.415 -0.576 -0.705
vn 0.569 -0.79 -0.228
vn 0.664 -0.712 0.228
vn 0.682 -0.731 0
vn 0.484 -0.519 0.705
vn -0.484 0.519 0.705
vn -0.664 0.712 0.228
vn -0.682 0.731 0
vn -0.664 0.712 -0.228
vn -0.484 0.519 -0.705
vn 0.484 -0.519 -0.705
vn 0.664 -0.712 -0.228
vn 0.749 -0.623 0.228
vn 0.769 -0.639 0
vn 0.546 -0.454 0.705
vn -0.546 0.454 0.705
vn -0.749 0.623 0.228
vn -0.769 0.639 0
vn -0.749 0.623 -0.228
vn -0.546 0.454 -0.705
vn 0.546 -0.454 -0.705
vn 0.749 -0.623 -0.228
vn 0.821 -0.523 0.228
vn 0.843 -0.537 0
vn 0.599 -0.381 0.705
vn -0.599 0.381 0.705
vn -0.821 0.523 0.228
vn -0.843 0.537 0
vn -0.821 0.523 -0.228
vn -0.599 0.381 -0.705
vn 0.599 -0.381 -0.705
vn 0.821 -0.523 -0.228
vn 0.881 -0.415 0.228
vn 0.904 -0.427 0
vn 0.642 -0.303 0.705
vn -0.642 0.303 0.705
vn -0.881 0.415 0.228
vn -0.904 0.427 0
vn -0.881 0.415 -0.228
vn -0.642 0.303 -0.705
vn 0.642 -0.303 -0.705
vn 0.881 -0.415 -0.228
vn 0.926 -0.301 0.228
vn 0.951 -0.309 0
vn 0.675 -0.219 0.705
vn -0.675 0.219 0.705
vn -0.926 0.301 0.228
vn -0.951 0.309 0
vn -0.926 0.301 -0.228
vn -0.675 0.219 -0.705
vn 0.675 -0.219 -0.705
vn 0.926 -0.301 -0.228
vn 0.957 -0.182 0.228
vn 0.982 -0.187 0
vn 0.697 -0.132 0.705
vn -0.697 0.132 0.705
vn -0.957 0.182 0.228
vn -0.982 0.187 0
vn -0.957 0.182 -0.228
vn -0.697 0.132 -0.705
vn 0.697 -0.132 -0.705
vn 0.957 -0.182 -0.228
vn 0.972 -0.059 0.228
vn 0.998 -0.061 0
vn 0.708 -0.043 0.705
vn -0.708 0.043 0.705
vn -0.972 0.059 0.228
vn -0.998 0.061 0
vn -0.972 0.059 -0.228
vn -0.708 0.043 -0.705
vn 0.708 -0.043 -0.705
vn 0.972 -0.059 -0.228
vn 0.972 0.064 0.228
vn 0.998 0.065 0
vn 0.708 0.046 0.705
vn -0.708 -0.046 0.705
vn -0.972 -0.064 0.228
vn -0.998 -0.065 0
vn -0.972 -0.064 -0.228
vn -0.708 -0.046 -0.705
vn 0.708 0.046 -0.705
vn 0.972 0.064 -0.228
vn 0.956 0.186 0.228
vn 0.982 0.191 0
vn 0.697 0.135 0.705
vn -0.697 -0.135 0.705
vn -0.956 -0.186 0.228
vn -0.982 -0.191 0
vn -0.956 -0.186 -0.228
vn -0.697 -0.135 -0.705
vn 0.697 0.135 -0.705
vn 0.956 0.186 -0.228
vn 0.925 0.305 0.228
vn 0.95 0.313 0
vn 0.674 0.222 0.705
vn -0.674 -0.222 0.705
vn -0.925 -0.305 0.228
vn -0.95 -0.313 0
vn -0.925 -0.305 -0.228
vn -0.674 -0.222 -0.705
vn 0.674 0.222 -0.705
vn 0.925 0.305 -0.228
vn 0.879 0.419 0.228
vn 0.903 0.431 0
vn 0.641 0.306 0.705
vn -0.641 -0.306 0.705
vn -0.879 -0.419 0.228
vn -0.903 -0.431 0
vn -0.879 -0.419 -0.228
vn -0.641 -0.306 -0.705
vn 0.641 0.306 -0.705
vn 0.879 0.419 -0.228
vn 0.819 0.527 0.228
vn 0.841 0.541 0
vn 0.597 0.384 0.705
vn -0.597 -0.384 0.705
vn -0.819 -0.527 0.228
vn -0.841 -0.541 0
vn -0.819 -0.527 -0.228
vn -0.597 -0.384 -0.705
vn 0.597 0.384 -0.705
vn 0.819 0.527 -0.228
vn 0.784 0.577 0.228
vn 0.805 0.593 0
vn 0.571 0.421 0.705
vn -0.571 -0.421 0.705
vn -0.784 -0.577 0.228
vn -0.805 -0.593 0
vn -0.784 -0.577 -0.228
vn -0.571 -0.421 -0.705
vn 0.571 0.421 -0.705
vn 0.784 0.577 -0.228
vn -0.805 0.593 0
vn -0.819 0.527 0.228
vn -0.841 0.541 0
vn -0.784 0.577 0.228
vn -0.597 0.384 0.705
vn -0.571 0.421 0.705
vn 0.597 -0.384 0.705
vn 0.571 -0.421 0.705
vn 0.819 -0.527 0.228
vn 0.784 -0.577 0.228
vn 0.841 -0.541 0
vn 0.805 -0.593 0
vn 0.819 -0.527 -0.228
vn 0.784 -0.577 -0.228
vn 0.597 -0.384 -0.705
vn 0.571 -0.421 -0.705
vn -0.597 0.384 -0.705
vn -0.571 0.421 -0.705
vn -0.819 0.527 -0.228
vn -0.784 0.577 -0.228
vn -0.879 0.419 0.228
vn -0.903 0.431 0
vn -0.641 0.306 0.705
vn 0.641 -0.306 0.705
vn 0.879 -0.419 0.228
vn 0.903 -0.431 0
vn 0.879 -0.419 -0.228
vn 0.641 -0.306 -0.705
vn -0.641 0.306 -0.705
vn -0.879 0.419 -0.228
vn -0.925 0.305 0.228
vn -0.95 0.313 0
vn -0.674 0.222 0.705
vn 0.674 -0.222 0.705
vn 0.925 -0.305 0.228
vn 0.95 -0.313 0
vn 0.925 -0.305 -0.228
vn 0.674 -0.222 -0.705
vn -0.674 0.222 -0.705
vn -0.925 0.305 -0.228
vn -0.956 0.186 0.228
vn -0.982 0.191 0
vn -0.697 0.135 0.705
vn 0.697 -0.135 0.705
vn 0.956 -0.186 0.228
vn 0.982 -0.191 0
vn 0.956 -0.186 -0.228
vn 0.697 -0.135 -0.705
vn -0.697 0.135 -0.705
vn -0.956 0.186 -0.228
vn -0.972 0.064 0.228
vn -0.998 0.065 0
vn -0.708 0.046 0.705
vn 0.708 -0.046 0.705
vn 0.972 -0.064 0.228
vn 0.998 -0.065 0
vn 0.972 -0.064 -0.228
vn 0.708 -0.046 -0.705
vn -0.708 0.046 -0.705
vn -0.972 0.064 -0.228
vn -0.972 -0.059 0.228
vn -0.998 -0.061 0
vn -0.708 -0.043 0.705
vn 0.708 0.043 0.705
vn 0.972 0.059 0.228
vn 0.998 0.061 0
vn 0.972 0.059 -0.228
vn 0.708 0.043 -0.705
vn -0.708 -0.043 -0.705
vn -0.972 -0.059 -0.228
vn -0.957 -0.182 0.228
vn -0.982 -0.187 0
vn -0.697 -0.132 0.705
vn 0.697 0.132 0.705
vn 0.957 0.182 0.228
vn 0.982 0.187 0
vn 0.957 0.182 -0.228
vn 0.697 0.132 -0.705
vn -0.697 -0.132 -0.705
vn -0.957 -0.182 -0.228
vn -0.926 -0.301 0.228
vn -0.951 -0.309 0
vn -0.675 -0.219 0.705
vn 0.675 0.219 0.705
vn 0.926 0.301 0.228
vn 0.951 0.309 0
vn 0.926 0.301 -0.228
vn 0.675 0.219 -0.705
vn -0.675 -0.219 -0.705
vn -0.926 -0.301 -0.228
vn -0.881 -0.415 0.228
vn -0.904 -0.427 0
vn -0.642 -0.303 0.705
vn 0.642 0.303 0.705
vn 0.881 0.415 0.228
vn 0.904 0.427 0
vn 0.881 0.415 -0.228
vn 0.642 0.303 -0.705
vn -0.642 -0.303 -0.705
vn -0.881 -0.415 -0.228
vn -0.821 -0.523 0.228
vn -0.843 -0.537 0
vn -0.599 -0.381 0.705
vn 0.599 0.381 0.705
vn 0.821 0.523 0.228
vn 0.843 0.537 0
vn 0.821 0.523 -0.228
vn 0.599 0.381 -0.705
vn -0.599 -0.381 -0.705
vn -0.821 -0.523 -0.228
vn -0.749 -0.623 0.228
vn -0.769 -0.639 0
vn -0.546 -0.454 0.705
vn 0.546 0.454 0.705
vn 0.749 0.623 0.228
vn 0.769 0.639 0
vn 0.749 0.623 -0.228
vn 0.546 0.454 -0.705
vn -0.546 -0.454 -0.705
vn -0.749 -0.623 -0.228
vn -0.664 -0.712 0.228
vn -0.682 -0.731 0
vn -0.484 -0.519 0.705
vn 0.484 0.519 0.705
vn 0.664 0.712 0.228
vn 0.682 0.731 0
vn 0.664 0.712 -0.228
vn 0.484 0.519 -0.705
vn -0.484 -0.519 -0.705
vn -0.664 -0.712 -0.228
vn -0.569 -0.79 0.228
vn -0.584 -0.812 0
vn -0.415 -0.576 0.705
vn 0.415 0.576 0.705
vn 0.569 0.79 0.228
vn 0.584 0.812 0
vn 0.569 0.79 -0.228
vn 0.415 0.576 -0.705
vn -0.415 -0.576 -0.705
vn -0.569 -0.79 -0.228
vn -0.465 -0.856 0.228
vn -0.477 -0.879 0
vn -0.339 -0.624 0.705
vn 0.339 0.624 0.705
vn 0.465 0.856 0.228
vn 0.477 0.879 0
vn 0.465 0.856 -0.228
vn 0.339 0.624 -0.705
vn -0.339 -0.624 -0.705
vn -0.465 -0.856 -0.228
vn -0.353 -0.907 0.228
vn -0.362 -0.932 0
vn -0.257 -0.661 0.705
vn 0.257 0.661 0.705
vn 0.353 0.907 0.228
vn 0.362 0.932 0
vn 0.353 0.907 -0.228
vn 0.257 0.661 -0.705
vn -0.257 -0.661 -0.705
vn -0.353 -0.907 -0.228
vn -0.236 -0.945 0.228
vn -0.242 -0.97 0
vn -0.172 -0.689 0.705
vn 0.172 0.689 0.705
vn 0.236 0.945 0.228
vn 0.242 0.97 0
vn 0.236 0.945 -0.228
vn 0.172 0.689 -0.705
vn -0.172 -0.689 -0.705
vn -0.236 -0.945 -0.228
vn -0.114 -0.967 0.228
vn -0.118 -0.993 0
vn -0.083 -0.705 0.705
vn 0.083 0.705 0.705
vn 0.114 0.967 0.228
vn 0.118 0.993 0
vn 0.114 0.967 -0.228
vn 0.083 0.705 -0.705
vn -0.083 -0.705 -0.705
vn -0.114 -0.967 -0.228
vn 0.008 -0.974 0.228
vn 0.009 -1 0
vn 0.006 -0.71 0.705
vn -0.006 0.71 0.705
vn -0.008 0.974 0.228
vn -0.009 1 0
vn -0.008 0.974 -0.228
vn -0.006 0.71 -0.705
vn 0.006 -0.71 -0.705
vn 0.008 -0.974 -0.228
vn 0.131 -0.965 0.228
vn 0.135 -0.991 0
vn 0.096 -0.703 0.705
vn -0.096 0.703 0.705
vn -0.131 0.965 0.228
vn -0.135 0.991 0
vn -0.131 0.965 -0.228
vn -0.096 0.703 -0.705
vn 0.096 -0.703 -0.705
vn 0.131 -0.965 -0.228
vn 0.252 -0.94 0.228
vn 0.259 -0.966 0
vn 0.184 -0.685 0.705
vn -0.184 0.685 0.705
vn -0.252 0.94 0.228
vn -0.259 0.966 0
vn -0.252 0.94 -0.228
vn -0.184 0.685 -0.705
vn 0.184 -0.685 -0.705
vn 0.252 -0.94 -0.228
vn 0.369 -0.901 0.228
vn 0.379 -0.926 0
vn 0.269 -0.657 0.705
vn -0.269 0.657 0.705
vn -0.369 0.901 0.228
vn -0.379 0.926 0
vn -0.369 0.901 -0.228
vn -0.269 0.657 -0.705
vn 0.269 -0.657 -0.705
vn 0.369 -0.901 -0.228
vn 0.479 -0.847 0.228
vn 0.492 -0.87 0
vn 0.349 -0.618 0.705
vn -0.349 0.618 0.705
vn -0.479 0.847 0.228
vn -0.492 0.87 0
vn -0.479 0.847 -0.228
vn -0.349 0.618 -0.705
vn 0.349 -0.618 -0.705
vn 0.479 -0.847 -0.228
vn 0.583 -0.78 0.228
vn 0.598 -0.801 0
vn 0.425 -0.569 0.705
vn -0.425 0.569 0.705
vn -0.583 0.78 0.228
vn -0.598 0.801 0
vn -0.583 0.78 -0.228
vn -0.425 0.569 -0.705
vn 0.425 -0.569 -0.705
vn 0.583 -0.78 -0.228
vn 0.676 -0.7 0.228
vn 0.695 -0.719 0
vn 0.493 -0.51 0.705
vn -0.493 0.51 0.705
vn -0.676 0.7 0.228
vn -0.695 0.719 0
vn -0.676 0.7 -0.228
vn -0.493 0.51 -0.705
vn 0.493 -0.51 -0.705
vn 0.676 -0.7 -0.228
vn 0.759 -0.609 0.228
vn 0.78 -0.626 0
vn 0.553 -0.444 0.705
vn -0.553 0.444 0.705
vn -0.759 0.609 0.228
vn -0.78 0.626 0
vn -0.759 0.609 -0.228
vn -0.553 0.444 -0.705
vn 0.553 -0.444 -0.705
vn 0.759 -0.609 -0.228
vn 0.83 -0.509 0.228
vn 0.853 -0.522 0
vn 0.605 -0.371 0.705
vn -0.605 0.371 0.705
vn -0.83 0.509 0.228
vn -0.853 0.522 0
vn -0.83 0.509 -0.228
vn -0.605 0.371 -0.705
vn 0.605 -0.371 -0.705
vn 0.83 -0.509 -0.228
vn 0.888 -0.4 0.228
vn 0.912 -0.411 0
vn 0.647 -0.291 0.705
vn -0.647 0.291 0.705
vn -0.888 0.4 0.228
vn -0.912 0.411 0
vn -0.888 0.4 -0.228
vn -0.647 0.291 -0.705
vn 0.647 -0.291 -0.705
vn 0.888 -0.4 -0.228
vn 0.931 -0.285 0.228
vn 0.956 -0.292 0
vn 0.679 -0.207 0.705
vn -0.679 0.207 0.705
vn -0.931 0.285 0.228
vn -0.956 0.292 0
vn -0.931 0.285 -0.228
vn -0.679 0.207 -0.705
vn 0.679 -0.207 -0.705
vn 0.931 -0.285 -0.228
vn 0.96 -0.165 0.228
vn 0.986 -0.169 0
vn 0.699 -0.12 0.705
vn -0.699 0.12 0.705
vn -0.96 0.165 0.228
vn -0.986 0.169 0
vn -0.96 0.165 -0.228
vn -0.699 0.12 -0.705
vn 0.699 -0.12 -0.705
vn 0.96 -0.165 -0.228
vn 0.973 -0.042 0.228
vn 0.999 -0.044 0
vn 0.709 -0.031 0.705
vn -0.709 0.031 0.705
vn -0.973 0.042 0.228
vn -0.999 0.044 0
vn -0.973 0.042 -0.228
vn -0.709 0.031 -0.705
vn 0.709 -0.031 -0.705
vn 0.973 -0.042 -0.228
vn 0.97 0.081 0.228
vn 0.997 0.083 0
vn 0.707 0.059 0.705
vn -0.707 -0.059 0.705
vn -0.97 -0.081 0.228
vn -0.997 -0.083 0
vn -0.97 -0.081 -0.228
vn -0.707 -0.059 -0.705
vn 0.707 0.059 -0.705
vn 0.97 0.081 -0.228
vn 0.952 0.202 0.228
vn 0.978 0.208 0
vn 0.694 0.148 0.705
vn -0.694 -0.148 0.705
vn -0.952 -0.202 0.228
vn -0.978 -0.208 0
vn -0.952 -0.202 -0.228
vn -0.694 -0.148 -0.705
vn 0.694 0.148 -0.705
vn 0.952 0.202 -0.228
vn 0.919 0.321 0.228
vn 0.67 0.234 0.705
vn -0.67 -0.234 0.705
vn -0.919 -0.321 0.228
vn -0.919 -0.321 -0.228
vn -0.67 -0.234 -0.705
vn 0.67 0.234 -0.705
vn 0.919 0.321 -0.228
vn 0.871 0.434 0.228
vn 0.895 0.446 0
vn 0.635 0.317 0.705
vn -0.635 -0.317 0.705
vn -0.871 -0.434 0.228
vn -0.895 -0.446 0
vn -0.871 -0.434 -0.228
vn -0.635 -0.317 -0.705
vn 0.635 0.317 -0.705
vn 0.871 0.434 -0.228
vn 0.81 0.541 0.228
vn 0.831 0.556 0
vn 0.59 0.394 0.705
vn -0.59 -0.394 0.705
vn -0.81 -0.541 0.228
vn -0.831 -0.556 0
vn -0.81 -0.541 -0.228
vn -0.59 -0.394 -0.705
vn 0.59 0.394 -0.705
vn 0.81 0.541 -0.228
vn 0.735 0.639 0.228
vn 0.755 0.656 0
vn 0.536 0.466 0.705
vn -0.536 -0.466 0.705
vn -0.735 -0.639 0.228
vn -0.755 -0.656 0
vn -0.735 -0.639 -0.228
vn -0.536 -0.466 -0.705
vn 0.536 0.466 -0.705
vn 0.735 0.639 -0.228
vn 0.648 0.726 0.228
vn 0.666 0.746 0
vn 0.473 0.529 0.705
vn -0.473 -0.529 0.705
vn -0.648 -0.726 0.228
vn -0.666 -0.746 0
vn -0.648 -0.726 -0.228
vn -0.473 -0.529 -0.705
vn 0.473 0.529 -0.705
vn 0.648 0.726 -0.228
vn 0.551 0.802 0.228
vn 0.566 0.824 0
vn 0.402 0.585 0.705
vn -0.402 -0.585 0.705
vn -0.551 -0.802 0.228
vn -0.566 -0.824 0
vn -0.551 -0.802 -0.228
vn -0.402 -0.585 -0.705
vn 0.402 0.585 -0.705
vn 0.551 0.802 -0.228
vn 0.446 0.866 0.228
vn 0.458 0.889 0
vn 0.325 0.631 0.705
vn -0.325 -0.631 0.705
vn -0.446 -0.866 0.228
vn -0.458 -0.889 0
vn -0.446 -0.866 -0.228
vn -0.325 -0.631 -0.705
vn 0.325 0.631 -0.705
vn 0.446 0.866 -0.228
vn 0.39 0.892 0.228
vn 0.401 0.916 0
vn 0.284 0.65 0.705
vn -0.284 -0.65 0.705
vn -0.39 -0.892 0.228
vn -0.401 -0.916 0
vn -0.39 -0.892 -0.228
vn -0.284 -0.65 -0.705
vn 0.284 0.65 -0.705
vn 0.39 0.892 -0.228
vn -0 -0 -1
vn -0.354 -0.146 -0.924
vn -0.381 -0.038 -0.924
vn -0.271 -0.271 -0.924
vn -0.146 -0.354 -0.924
vn -0.038 -0.381 -0.924
vn 0.038 -0.381 -0.924
vn 0.146 -0.354 -0.924
vn 0.271 -0.271 -0.924
vn 0.354 -0.146 -0.924
vn 0.381 -0.038 -0.924
vn 0.381 0.038 -0.924
vn 0.354 0.146 -0.924
vn 0.271 0.271 -0.924
vn 0.146 0.354 -0.924
vn 0.038 0.381 -0.924
vn -0.038 0.381 -0.924
vn -0.146 0.354 -0.924
vn -0.271 0.271 -0.924
vn -0.354 0.146 -0.924
vn -0.381 0.038 -0.924
vn -0.653 -0.271 -0.707
vn -0.704 -0.069 -0.707
vn -0.5 -0.5 -0.707
vn -0.271 -0.653 -0.707
vn -0.069 -0.704 -0.707
vn 0.069 -0.704 -0.707
vn 0.271 -0.653 -0.707
vn 0.5 -0.5 -0.707
vn 0.653 -0.271 -0.707
vn 0.704 -0.069 -0.707
vn 0.704 0.069 -0.707
vn 0.653 0.271 -0.707
vn 0.5 0.5 -0.707
vn 0.271 0.653 -0.707
vn 0.069 0.704 -0.707
vn -0.069 0.704 -0.707
vn -0.271 0.653 -0.707
vn -0.5 0.5 -0.707
vn -0.653 0.271 -0.707
vn -0.704 0.069 -0.707
vn -0.854 -0.354 -0.383
vn -0.919 -0.091 -0.383
vn -0.653 -0.653 -0.383
vn -0.354 -0.854 -0.383
vn -0.091 -0.919 -0.383
vn 0.091 -0.919 -0.383
vn 0.354 -0.854 -0.383
vn 0.653 -0.653 -0.383
vn 0.854 -0.354 -0.383
vn 0.919 -0.091 -0.383
vn 0.919 0.091 -0.383
vn 0.854 0.354 -0.383
vn 0.653 0.653 -0.383
vn 0.354 0.854 -0.383
vn 0.091 0.919 -0.383
vn -0.091 0.919 -0.383
vn -0.354 0.854 -0.383
vn -0.653 0.653 -0.383
vn -0.854 0.354 -0.383
vn -0.919 0.091 -0.383
vn -0.924 -0.383 -0
vn -0.995 -0.098 -0
vn -0.383 -0.924 -0
vn -0.098 -0.995 -0
vn 0.098 -0.995 -0
vn 0.383 -0.924 -0
vn 0.924 -0.383 -0
vn 0.995 -0.098 -0
vn 0.995 0.098 -0
vn 0.924 0.383 -0
vn 0.383 0.924 -0
vn 0.098 0.995 -0
vn -0.098 0.995 -0
vn -0.383 0.924 -0
vn -0.924 0.383 -0
vn -0.995 0.098 -0
vn -0.854 -0.354 0.383
vn -0.919 -0.091 0.383
vn -0.653 -0.653 0.383
vn -0.354 -0.854 0.383
vn -0.091 -0.919 0.383
vn 0.091 -0.919 0.383
vn 0.354 -0.854 0.383
vn 0.653 -0.653 0.383
vn 0.854 -0.354 0.383
vn 0.919 -0.091 0.383
vn 0.919 0.091 0.383
vn 0.854 0.354 0.383
vn 0.653 0.653 0.383
vn 0.354 0.854 0.383
vn 0.091 0.919 0.383
vn -0.091 0.919 0.383
vn -0.354 0.854 0.383
vn -0.653 0.653 0.383
vn -0.854 0.354 0.383
vn -0.919 0.091 0.383
vn -0.653 -0.271 0.707
vn -0.704 -0.069 0.707
vn -0.5 -0.5 0.707
vn -0.271 -0.653 0.707
vn -0.069 -0.704 0.707
vn 0.069 -0.704 0.707
vn 0.271 -0.653 0.707
vn 0.5 -0.5 0.707
vn 0.653 -0.271 0.707
vn 0.704 -0.069 0.707
vn 0.704 0.069 0.707
vn 0.653 0.271 0.707
vn 0.5 0.5 0.707
vn 0.271 0.653 0.707
vn 0.069 0.704 0.707
vn -0.069 0.704 0.707
vn -0.271 0.653 0.707
vn -0.5 0.5 0.707
vn -0.653 0.271 0.707
vn -0.704 0.069 0.707
vn -0.354 -0.146 0.924
vn -0.381 -0.038 0.924
vn -0.271 -0.271 0.924
vn -0.146 -0.354 0.924
vn -0.038 -0.381 0.924
vn 0.038 -0.381 0.924
vn 0.146 -0.354 0.924
vn 0.271 -0.271 0.924
vn 0.354 -0.146 0.924
vn 0.381 -0.038 0.924
vn 0.381 0.038 0.924
vn 0.354 0.146 0.924
vn 0.271 0.271 0.924
vn 0.146 0.354 0.924
vn 0.038 0.381 0.924
vn -0.038 0.381 0.924
vn -0.146 0.354 0.924
vn -0.271 0.271 0.924
vn -0.354 0.146 0.924
vn -0.381 0.038 0.924
vn -0 -0 1
vn 0 -0.966 0.259
vn 0 -0.866 0.5
vn 0 -0.707 0.707
vn 0 -0.5 0.866
vn 0 -0.259 0.966
vn -0 0.259 0.966
vn -0 0.5 0.866
vn -0 0.707 0.707
vn -0 0.866 0.5
vn -0 0.966 0.259
vn -0 0.966 -0.259
vn -0 0.866 -0.5
vn -0 0.707 -0.707
vn -0 0.5 -0.866
vn -0 0.259 -0.966
vn 0 -0.259 -0.966
vn 0 -0.5 -0.866
vn 0 -0.707 -0.707
vn 0 -0.866 -0.5
vn 0 -0.966 -0.259
vn -0.016 1 0
vn -0.18 0.789 0.588
vn -0.013 0.809 0.588
vn -0.069 0.301 0.951
vn -0.005 0.309 0.951
vn 0.069 -0.301 0.951
vn 0.005 -0.309 0.951
vn 0.18 -0.789 0.588
vn 0.013 -0.809 0.588
vn 0.016 -1 0
vn 0.18 -0.789 -0.588
vn 0.013 -0.809 -0.588
vn 0.069 -0.301 -0.951
vn 0.005 -0.309 -0.951
vn -0.069 0.301 -0.951
vn -0.005 0.309 -0.951
vn -0.18 0.789 -0.588
vn -0.013 0.809 -0.588
vn -0.351 0.729 0.588
vn -0.134 0.278 0.951
vn 0.134 -0.278 0.951
vn 0.351 -0.729 0.588
vn 0.351 -0.729 -0.588
vn 0.134 -0.278 -0.951
vn -0.134 0.278 -0.951
vn -0.351 0.729 -0.588
vn -0.504 0.633 0.588
vn -0.193 0.242 0.951
vn 0.193 -0.242 0.951
vn 0.504 -0.633 0.588
vn 0.504 -0.633 -0.588
vn 0.193 -0.242 -0.951
vn -0.193 0.242 -0.951
vn -0.504 0.633 -0.588
vn -0.633 0.504 0.588
vn -0.242 0.193 0.951
vn 0.242 -0.193 0.951
vn 0.633 -0.504 0.588
vn 0.633 -0.504 -0.588
vn 0.242 -0.193 -0.951
vn -0.242 0.193 -0.951
vn -0.633 0.504 -0.588
vn -0.729 0.351 0.588
vn -0.278 0.134 0.951
vn 0.278 -0.134 0.951
vn 0.729 -0.351 0.588
vn 0.729 -0.351 -0.588
vn 0.278 -0.134 -0.951
vn -0.278 0.134 -0.951
vn -0.729 0.351 -0.588
vn -0.789 0.18 0.588
vn -0.301 0.069 0.951
vn 0.301 -0.069 0.951
vn 0.789 -0.18 0.588
vn 0.789 -0.18 -0.588
vn 0.301 -0.069 -0.951
vn -0.301 0.069 -0.951
vn -0.789 0.18 -0.588
vn -0.809 0 0.588
vn -0.309 0 0.951
vn 0.309 0 0.951
vn 0.809 0 0.588
vn 0.809 0 -0.588
vn 0.309 0 -0.951
vn -0.309 0 -0.951
vn -0.809 0 -0.588
vn -0.789 -0.18 0.588
vn -0.301 -0.069 0.951
vn 0.301 0.069 0.951
vn 0.789 0.18 0.588
vn 0.789 0.18 -0.588
vn 0.301 0.069 -0.951
vn -0.301 -0.069 -0.951
vn -0.789 -0.18 -0.588
vn -0.729 -0.351 0.588
vn -0.278 -0.134 0.951
vn 0.278 0.134 0.951
vn 0.729 0.351 0.588
vn 0.729 0.351 -0.588
vn 0.278 0.134 -0.951
vn -0.278 -0.134 -0.951
vn -0.729 -0.351 -0.588
vn -0.633 -0.504 0.588
vn -0.242 -0.193 0.951
vn 0.242 0.193 0.951
vn 0.633 0.504 0.588
vn 0.633 0.504 -0.588
vn 0.242 0.193 -0.951
vn -0.242 -0.193 -0.951
vn -0.633 -0.504 -0.588
vn -0.504 -0.633 0.588
vn -0.193 -0.242 0.951
vn 0.193 0.242 0.951
vn 0.504 0.633 0.588
vn 0.504 0.633 -0.588
vn 0.193 0.242 -0.951
vn -0.193 -0.242 -0.951
vn -0.504 -0.633 -0.588
vn -0.351 -0.729 0.588
vn -0.134 -0.278 0.951
vn 0.134 0.278 0.951
vn 0.351 0.729 0.588
vn 0.351 0.729 -0.588
vn 0.134 0.278 -0.951
vn -0.134 -0.278 -0.951
vn -0.351 -0.729 -0.588
vn -0.18 -0.789 0.588
vn -0.069 -0.301 0.951
vn 0.069 0.301 0.951
vn 0.18 0.789 0.588
vn 0.18 0.789 -0.588
vn 0.069 0.301 -0.951
vn -0.069 -0.301 -0.951
vn -0.18 -0.789 -0.588
vn -0.013 -0.809 0.588
vn -0.016 -1 0
vn -0.005 -0.309 0.951
vn 0.005 0.309 0.951
vn 0.013 0.809 0.588
vn 0.016 1 0
vn 0.013 0.809 -0.588
vn 0.005 0.309 -0.951
vn -0.005 -0.309 -0.951
vn -0.013 -0.809 -0.588
vn -0.016 0 1
vn -0.18 -0.588 0.789
vn -0.223 0 0.975
vn -0.013 -0.588 0.809
vn -0.069 -0.951 0.301
vn -0.005 -0.951 0.309
vn 0.069 -0.951 -0.301
vn 0.005 -0.951 -0.309
vn 0.18 -0.588 -0.789
vn 0.013 -0.588 -0.809
vn 0.223 -0 -0.975
vn 0.016 -0 -1
vn 0.18 0.588 -0.789
vn 0.013 0.588 -0.809
vn 0.069 0.951 -0.301
vn 0.005 0.951 -0.309
vn -0.069 0.951 0.301
vn -0.005 0.951 0.309
vn -0.18 0.588 0.789
vn -0.013 0.588 0.809
vn -0.351 -0.588 0.729
vn -0.434 0 0.901
vn -0.134 -0.951 0.278
vn 0.134 -0.951 -0.278
vn 0.351 -0.588 -0.729
vn 0.434 -0 -0.901
vn 0.351 0.588 -0.729
vn 0.134 0.951 -0.278
vn -0.134 0.951 0.278
vn -0.351 0.588 0.729
vn -0.504 -0.588 0.633
vn -0.623 0 0.782
vn -0.193 -0.951 0.242
vn 0.193 -0.951 -0.242
vn 0.504 -0.588 -0.633
vn 0.623 -0 -0.782
vn 0.504 0.588 -0.633
vn 0.193 0.951 -0.242
vn -0.193 0.951 0.242
vn -0.504 0.588 0.633
vn -0.633 -0.588 0.504
vn -0.782 0 0.623
vn -0.242 -0.951 0.193
vn 0.242 -0.951 -0.193
vn 0.633 -0.588 -0.504
vn 0.782 -0 -0.623
vn 0.633 0.588 -0.504
vn 0.242 0.951 -0.193
vn -0.242 0.951 0.193
vn -0.633 0.588 0.504
vn -0.729 -0.588 0.351
vn -0.901 0 0.434
vn -0.278 -0.951 0.134
vn 0.278 -0.951 -0.134
vn 0.729 -0.588 -0.351
vn 0.901 -0 -0.434
vn 0.729 0.588 -0.351
vn 0.278 0.951 -0.134
vn -0.278 0.951 0.134
vn -0.729 0.588 0.351
vn -0.789 -0.588 0.18
vn -0.975 0 0.223
vn -0.301 -0.951 0.069
vn 0.301 -0.951 -0.069
vn 0.789 -0.588 -0.18
vn 0.975 -0 -0.223
vn 0.789 0.588 -0.18
vn 0.301 0.951 -0.069
vn -0.301 0.951 0.069
vn -0.789 0.588 0.18
vn -0.809 -0.588 0
vn -0.309 -0.951 0
vn 0.309 -0.951 0
vn 0.809 -0.588 0
vn 0.809 0.588 -0
vn 0.309 0.951 -0
vn -0.309 0.951 -0
vn -0.809 0.588 -0
vn -0.789 -0.588 -0.18
vn -0.975 -0 -0.223
vn -0.301 -0.951 -0.069
vn 0.301 -0.951 0.069
vn 0.789 -0.588 0.18
vn 0.975 -0 0.223
vn 0.789 0.588 0.18
vn 0.301 0.951 0.069
vn -0.301 0.951 -0.069
vn -0.789 0.588 -0.18
vn -0.729 -0.588 -0.351
vn -0.901 -0 -0.434
vn -0.278 -0.951 -0.134
vn 0.278 -0.951 0.134
vn 0.729 -0.588 0.351
vn 0.901 -0 0.434
vn 0.729 0.588 0.351
vn 0.278 0.951 0.134
vn -0.278 0.951 -0.134
vn -0.729 0.588 -0.351
vn -0.633 -0.588 -0.504
vn -0.782 -0 -0.623
vn -0.242 -0.951 -0.193
vn 0.242 -0.951 0.193
vn 0.633 -0.588 0.504
vn 0.782 -0 0.623
vn 0.633 0.588 0.504
vn 0.242 0.951 0.193
vn -0.242 0.951 -0.193
vn -0.633 0.588 -0.504
vn -0.504 -0.588 -0.633
vn -0.623 -0 -0.782
vn -0.193 -0.951 -0.242
vn 0.193 -0.951 0.242
vn 0.504 -0.588 0.633
vn 0.623 -0 0.782
vn 0.504 0.588 0.633
vn 0.193 0.951 0.242
vn -0.193 0.951 -0.242
vn -0.504 0.588 -0.633
vn -0.351 -0.588 -0.729
vn -0.434 -0 -0.901
vn -0.134 -0.951 -0.278
vn 0.134 -0.951 0.278
vn 0.351 -0.588 0.729
vn 0.434 -0 0.901
vn 0.351 0.588 0.729
vn 0.134 0.951 0.278
vn -0.134 0.951 -0.278
vn -0.351 0.588 -0.729
vn -0.18 -0.588 -0.789
vn -0.223 -0 -0.975
vn -0.069 -0.951 -0.301
vn 0.069 -0.951 0.301
vn 0.18 -0.588 0.789
vn 0.223 -0 0.975
vn 0.18 0.588 0.789
vn 0.069 0.951 0.301
vn -0.069 0.951 -0.301
vn -0.18 0.588 -0.789
vn -0.013 -0.588 -0.809
vn -0.016 -0 -1
vn -0.005 -0.951 -0.309
vn 0.005 -0.951 0.309
vn 0.013 -0.588 0.809
vn 0.016 -0 1
vn 0.013 0.588 0.809
vn 0.005 0.951 0.309
vn -0.005 0.951 -0.309
vn -0.013 0.588 -0.809
f 1/1/1 2/2/2 3/3/3
f 1/1/1 4/4/4 2/2/2
f 4/4/4 5/5/5 2/2/2
f 4/4/4 6/6/6 5/5/5
f 6/6/6 7/7/7 5/5/5
f 6/6/6 8/8/8 7/7/7
f 8/8/8 9/9/9 7/7/7
f 8/8/8 10/10/10 9/9/9
f 10/10/10 11/11/11 9/9/9
f 10/10/10 12/12/12 11/11/11
f 12/12/12 13/13/13 11/11/11
f 12/12/12 14/14/14 13/13/13
f 14/14/14 15/15/15 13/13/13
f 14/14/14 16/16/16 15/15/15
f 16/16/16 17/17/17 15/15/15
f 16/16/16 18/18/18 17/17/17
f 18/18/18 19/19/19 17/17/17
f 18/18/18 20/20/20 19/19/19
f 20/20/20 21/21/21 19/19/19
f 20/20/20 22/22/22 21/21/21
f 22/22/22 23/23/23 21/21/21
f 22/22/22 24/24/24 23/23/23
f 24/24/24 25/25/25 23/23/23
f 24/24/24 26/26/26 25/25/25
f 26/26/26 27/27/27 25/25/25
f 26/26/26 28/28/28 27/27/27
f 28/28/28 3/29/3 27/27/27
f 28/28/28 1/30/1 3/29/3
f 3/3/3 29/31/29 30/32/30
f 3/3/3 2/2/2 29/31/29
f 2/2/2 31/33/31 29/31/29
f 2/2/2 5/5/5 31/33/31
f 5/5/5 32/34/32 31/33/31
f 5/5/5 7/7/7 32/34/32
f 7/7/7 33/35/33 32/34/32
f 7/7/7 9/9/9 33/35/33
f 9/9/9 34/36/34 33/35/33
f 9/9/9 11/11/11 34/36/34
f 11/11/11 35/37/35 34/36/34
f 11/11/11 13/13/13 35/37/35
f 13/13/13 36/38/36 35/37/35
f 13/13/13 15/15/15 36/38/36
f 15/15/15 37/39/37 36/38/36
f 15/15/15 17/17/17 37/39/37
f 17/17/17 38/40/38 37/39/37
f 17/17/17 19/19/19 38/40/38
f 19/19/19 39/41/39 38/40/38
f 19/19/19 21/21/21 39/41/39
f 21/21/21 40/42/40 39/41/39
f 21/21/21 23/23/23 40/42/40
f 23/23/23 41/43/41 40/42/40
f 23/23/23 25/25/25 41/43/41
f 25/25/25 42/44/42 41/43/41
f 25/25/25 27/27/27 42/44/42
f 27/27/27 30/45/30 42/44/42
f 27/27/27 3/29/3 30/45/30
f 30/32/30 43/46/43 44/47/44
f 30/32/30 29/31/29 43/46/43
f 29/31/29 45/48/45 43/46/43
f 29/31/29 31/33/31 45/48/45
f 31/33/31 46/49/46 45/48/45
f 31/33/31 32/34/32 46/49/46
f 32/34/32 47/50/47 46/49/46
f 32/34/32 33/35/33 47/50/47
f 33/35/33 48/51/48 47/50/47
f 33/35/33 34/36/34 48/51/48
f 34/36/34 49/52/49 48/51/48
f 34/36/34 35/37/35 49/52/49
f 35/37/35 50/53/50 49/52/49
f 35/37/35 36/38/36 50/53/50
f 36/38/36 51/54/51 50/53/50
f 36/38/36 37/39/37 51/54/51
f 37/39/37 52/55/52 51/54/51
f 37/39/37 38/40/38 52/55/52
f 38/40/38 53/56/53 52/55/52
f 38/40/38 39/41/39 53/56/53
f 39/41/39 54/57/54 53/56/53
f 39/41/39 40/42/40 54/57/54
f 40/42/40 55/58/55 54/57/54
f 40/42/40 41/43/41 55/58/55
f 41/43/41 56/59/56 55/58/55
f 41/43/41 42/44/42 56/59/56
f 42/44/42 44/60/44 56/59/56
f 42/44/42 30/45/30 44/60/44
f 44/47/44 57/61/57 58/62/58
f 44/47/44 43/46/43 57/61/57
f 43/46/43 59/63/59 57/61/57
f 43/46/43 45/48/45 59/63/59
f 45/48/45 60/64/60 59/63/59
f 45/48/45 46/49/46 60/64/60
f 46/49/46 61/65/61 60/64/60
f 46/49/46 47/50/47 61/65/61
f 47/50/47 62/66/62 61/65/61
f 47/50/47 48/51/48 62/66/62
f 48/51/48 63/67/63 62/66/62
f 48/51/48 49/52/49 63/67/63
f 49/52/49 64/68/64 63/67/63
f 49/52/49 50/53/50 64/68/64
f 50/53/50 65/69/65 64/68/64
f 50/53/50 51/54/51 65/69/65
f 51/54/51 66/70/66 65/69/65
f 51/54/51 52/55/52 66/70/66
f 52/55/52 67/71/67 66/70/66
f 52/55/52 53/56/53 67/71/67
f 53/56/53 68/72/68 67/71/67
f 53/56/53 54/57/54 68/72/68
f 54/57/54 69/73/69 68/72/68
f 54/57/54 55/58/55 69/73/69
f 55/58/55 70/74/70 69/73/69
f 55/58/55 56/59/56 70/74/70
f 56/59/56 58/75/58 70/74/70
f 56/59/56 44/60/44 58/75/58
f 58/62/58 71/76/71 72/77/72
f 58/62/58 57/61/57 71/76/71
f 57/61/57 73/78/73 71/76/71
f 57/61/57 59/63/59 73/78/73
f 59/63/59 74/79/74 73/78/73
f 59/63/59 60/64/60 74/79/74
f 60/64/60 75/80/75 74/79/74
f 60/64/60 61/65/61 75/80/75
f 61/65/61 76/81/76 75/80/75
f 61/65/61 62/66/62 76/81/76
f 62/66/62 77/82/77 76/81/76
f 62/66/62 63/67/63 77/82/77
f 63/67/63 78/83/78 77/82/77
f 63/67/63 64/68/64 78/83/78
f 64/68/64 79/84/79 78/83/78
f 64/68/64 65/69/65 79/84/79
f 65/69/65 80/85/80 79/84/79
f 65/69/65 66/70/66 80/85/80
f 66/70/66 81/86/81 80/85/80
f 66/70/66 67/71/67 81/86/81
f 67/71/67 82/87/82 81/86/81
f 67/71/67 68/72/68 82/87/82
f 68/72/68 83/88/83 82/87/82
f 68/72/68 69/73/69 83/88/83
f 69/73/69 84/89/84 83/88/83
f 69/73/69 70/74/70 84/89/84
f 70/74/70 72/90/72 84/89/84
f 70/74/70 58/75/58 72/90/72
f 72/77/72 85/91/85 86/92/86
f 72/77/72 71/76/71 85/91/85
f 71/76/71 87/93/87 85/91/85
f 71/76/71 73/78/73 87/93/87
f 73/78/73 88/94/88 87/93/87
f 73/78/73 74/79/74 88/94/88
f 74/79/74 89/95/89 88/94/88
f 74/79/74 75/80/75 89/95/89
f 75/80/75 90/96/90 89/95/89
f 75/80/75 76/81/76 90/96/90
f 76/81/76 91/97/91 90/96/90
f 76/81/76 77/82/77 91/97/91
f 77/82/77 92/98/92 91/97/91
f 77/82/77 78/83/78 92/98/92
f 78/83/78 93/99/93 92/98/92
f 78/83/78 79/84/79 93/99/93
f 79/84/79 94/100/94 93/99/93
f 79/84/79 80/85/80 94/100/94
f 80/85/80 95/101/95 94/100/94
f 80/85/80 81/86/81 95/101/95
f 81/86/81 96/102/96 95/101/95
f 81/86/81 82/87/82 96/102/96
f 82/87/82 97/103/97 96/102/96
f 82/87/82 83/88/83 97/103/97
f 83/88/83 98/104/98 97/103/97
f 83/88/83 84/89/84 98/104/98
f 84/89/84 86/105/86 98/104/98
f 84/89/84 72/90/72 86/105/86
f 86/92/86 99/106/99 100/107/100
f 86/92/86 85/91/85 99/106/99
f 85/91/85 101/108/101 99/106/99
f 85/91/85 87/93/87 101/108/101
f 87/93/87 102/109/102 101/108/101
f 87/93/87 88/94/88 102/109/102
f 88/94/88 103/110/103 102/109/102
f 88/94/88 89/95/89 103/110/103
f 89/95/89 104/111/104 103/110/103
f 89/95/89 90/96/90 104/111/104
f 90/96/90 105/112/105 104/111/104
f 90/96/90 91/97/91 105/112/105
f 91/97/91 106/113/106 105/112/105
f 91/97/91 92/98/92 106/113/106
f 92/98/92 107/114/107 106/113/106
f 92/98/92 93/99/93 107/114/107
f 93/99/93 108/115/108 107/114/107
f 93/99/93 94/100/94 108/115/108
f 94/100/94 109/116/109 108/115/108
f 94/100/94 95/101/95 109/116/109
f 95/101/95 110/117/110 109/116/109
f 95/101/95 96/102/96 110/117/110
f 96/102/96 111/118/111 110/117/110
f 96/102/96 97/103/97 111/118/111
f 97/103/97 112/119/112 111/118/111
f 97/103/97 98/104/98 112/119/112
f 98/104/98 100/120/100 112/119/112
f 98/104/98 86/105/86 100/120/100
f 100/107/100 113/121/113 114/122/114
f 100/107/100 99/106/99 113/121/113
f 99/106/99 115/123/115 113/121/113
f 99/106/99 101/108/101 115/123/115
f 101/108/101 116/124/116 115/123/115
f 101/108/101 102/109/102 116/124/116
f 102/109/102 117/125/117 116/124/116
f 102/109/102 103/110/103 117/125/117
f 103/110/103 118/126/118 117/125/117
f 103/110/103 104/111/104 118/126/118
f 104/111/104 119/127/119 118/126/118
f 104/111/104 105/112/105 119/127/119
f 105/112/105 120/128/120 119/127/119
f 105/112/105 106/113/106 120/128/120
f 106/113/106 121/129/121 120/128/120
f 106/113/106 107/114/107 121/129/121
f 107/114/107 122/130/122 121/129/121
f 107/114/107 108/115/108 122/130/122
f 108/115/108 123/131/123 122/130/122
f 108/115/108 109/116/109 123/131/123
f 109/116/109 124/132/124 123/131/123
f 109/116/109 110/117/110 124/132/124
f 110/117/110 125/133/125 124/132/124
f 110/117/110 111/118/111 125/133/125
f 111/118/111 126/134/126 125/133/125
f 111/118/111 112/119/112 126/134/126
f 112/119/112 114/135/114 126/134/126
f 112/119/112 100/120/100 114/135/114
f 114/122/114 127/136/127 128/137/128
f 114/122/114 113/121/113 127/136/127
f 113/121/113 129/138/129 127/136/127
f 113/121/113 115/123/115 129/138/129
f 115/123/115 130/139/130 129/138/129
f 115/123/115 116/124/116 130/139/130
f 116/124/116 131/140/131 130/139/130
f 116/124/116 117/125/117 131/140/131
f 117/125/117 132/141/132 131/140/131
f 117/125/117 118/126/118 132/141/132
f 118/126/118 133/142/133 132/141/132
f 118/126/118 119/127/119 133/142/133
f 119/127/119 134/143/134 133/142/133
f 119/127/119 120/128/120 134/143/134
f 120/128/120 135/144/135 134/143/134
f 120/128/120 121/129/121 135/144/135
f 121/129/121 136/145/136 135/144/135
f 121/129/121 122/130/122 136/145/136
f 122/130/122 137/146/137 136/145/136
f 122/130/122 123/131/123 137/146/137
f 123/131/123 138/147/138 137/146/137
f 123/131/123 124/132/124 138/147/138
f 124/132/124 139/148/139 138/147/138
f 124/132/124 125/133/125 139/148/139
f 125/133/125 140/149/140 139/148/139
f 125/133/125 126/134/126 140/149/140
f 126/134/126 128/150/128 140/149/140
f 126/134/126 114/135/114 128/150/128
f 128/137/128 141/151/141 142/152/142
f 128/137/128 127/136/127 141/151/141
f 127/136/127 143/153/143 141/151/141
f 127/136/127 129/138/129 143/153/143
f 129/138/129 144/154/144 143/153/143
f 129/138/129 130/139/130 144/154/144
f 130/139/130 145/155/145 144/154/144
f 130/139/130 131/140/131 145/155/145
f 131/140/131 146/156/146 145/155/145
f 131/140/131 132/141/132 146/156/146
f 132/141/132 147/157/147 146/156/146
f 132/141/132 133/142/133 147/157/147
f 133/142/133 148/158/148 147/157/147
f 133/142/133 134/143/134 148/158/148
f 134/143/134 149/159/149 148/158/148
f 134/143/134 135/144/135 149/159/149
f 135/144/135 150/160/150 149/159/149
f 135/144/135 136/145/136 150/160/150
f 136/145/136 151/161/151 150/160/150
f 136/145/136 137/146/137 151/161/151
f 137/146/137 152/162/152 151/161/151
f 137/146/137 138/147/138 152/162/152
f 138/147/138 153/163/153 152/162/152
f 138/147/138 139/148/139 153/163/153
f 139/148/139 154/164/154 153/163/153
f 139/148/139 140/149/140 154/164/154
f 140/149/140 142/165/142 154/164/154
f 140/149/140 128/150/128 142/165/142
f 142/152/142 155/166/155 156/167/156
f 142/152/142 141/151/141 155/166/155
f 141/151/141 157/168/157 155/166/155
f 141/151/141 143/153/143 157/168/157
f 143/153/143 158/169/158 157/168/157
f 143/153/143 144/154/144 158/169/158
f 144/154/144 159/170/159 158/169/158
f 144/154/144 145/155/145 159/170/159
f 145/155/145 160/171/160 159/170/159
f 145/155/145 146/156/146 160/171/160
f 146/156/146 161/172/161 160/171/160
f 146/156/146 147/157/147 161/172/161
f 147/157/147 162/173/162 161/172/161
f 147/157/147 148/158/148 162/173/162
f 148/158/148 163/174/163 162/173/162
f 148/158/148 149/159/149 163/174/163
f 149/159/149 164/175/164 163/174/163
f 149/159/149 150/160/150 164/175/164
f 150/160/150 165/176/165 164/175/164
f 150/160/150 151/161/151 165/176/165
f 151/161/151 166/177/166 165/176/165
f 151/161/151 152/162/152 166/177/166
f 152/162/152 167/178/167 166/177/166
f 152/162/152 153/163/153 167/178/167
f 153/163/153 168/179/168 167/178/167
f 153/163/153 154/164/154 168/179/168
f 154/164/154 156/180/156 168/179/168
f 154/164/154 142/165/142 156/180/156
f 156/167/156 169/181/169 170/182/170
f 156/167/156 155/166/155 169/181/169
f 155/166/155 171/183/171 169/181/169
f 155/166/155 157/168/157 171/183/171
f 157/168/157 172/184/172 171/183/171
f 157/168/157 158/169/158 172/184/172
f 158/169/158 173/185/173 172/184/172
f 158/169/158 159/170/159 173/185/173
f 159/170/159 174/186/174 173/185/173
f 159/170/159 160/171/160 174/186/174
f 160/171/160 175/187/175 174/186/174
f 160/171/160 161/172/161 175/187/175
f 161/172/161 176/188/176 175/187/175
f 161/172/161 162/173/162 176/188/176
f 162/173/162 177/189/177 176/188/176
f 162/173/162 163/174/163 177/189/177
f 163/174/163 178/190/178 177/189/177
f 163/174/163 164/175/164 178/190/178
f 164/175/164 179/191/179 178/190/178
f 164/175/164 165/176/165 179/191/179
f 165/176/165 180/192/180 179/191/179
f 165/176/165 166/177/166 180/192/180
f 166/177/166 181/193/181 180/192/180
f 166/177/166 167/178/167 181/193/181
f 167/178/167 182/194/182 181/193/181
f 167/178/167 168/179/168 182/194/182
f 168/179/168 170/195/170 182/194/182
f 168/179/168 156/180/156 170/195/170
f 170/182/170 183/196/183 184/197/184
f 170/182/170 169/181/169 183/196/183
f 169/181/169 185/198/185 183/196/183
f 169/181/169 171/183/171 185/198/185
f 171/183/171 186/199/186 185/198/185
f 171/183/171 172/184/172 186/199/186
f 172/184/172 187/200/187 186/199/186
f 172/184/172 173/185/173 187/200/187
f 173/185/173 188/201/188 187/200/187
f 173/185/173 174/186/174 188/201/188
f 174/186/174 189/202/189 188/201/188
f 174/186/174 175/187/175 189/202/189
f 175/187/175 190/203/190 189/202/189
f 175/187/175 176/188/176 190/203/190
f 176/188/176 191/204/191 190/203/190
f 176/188/176 177/189/177 191/204/191
f 177/189/177 192/205/192 191/204/191
f 177/189/177 178/190/178 192/205/192
f 178/190/178 193/206/193 192/205/192
f 178/190/178 179/191/179 193/206/193
f 179/191/179 194/207/194 193/206/193
f 179/191/179 180/192/180 194/207/194
f 180/192/180 195/208/195 194/207/194
f 180/192/180 181/193/181 195/208/195
f 181/193/181 196/209/196 195/208/195
f 181/193/181 182/194/182 196/209/196
f 182/194/182 184/210/184 196/209/196
f 182/194/182 170/195/170 184/210/184
f 184/197/184 197/211/197 198/212/198
f 184/197/184 183/196/183 197/211/197
f 183/196/183 199/213/199 197/211/197
f 183/196/183 185/198/185 199/213/199
f 185/198/185 200/214/200 199/213/199
f 185/198/185 186/199/186 200/214/200
f 186/199/186 201/215/201 200/214/200
f 186/199/186 187/200/187 201/215/201
f 187/200/187 202/216/202 201/215/201
f 187/200/187 188/201/188 202/216/202
f 188/201/188 203/217/203 202/216/202
f 188/201/188 189/202/189 203/217/203
f 189/202/189 204/218/204 203/217/203
f 189/202/189 190/203/190 204/218/204
f 190/203/190 205/219/205 204/218/204
f 190/203/190 191/204/191 205/219/205
f 191/204/191 206/220/206 205/219/205
f 191/204/191 192/205/192 206/220/206
f 192/205/192 207/221/207 206/220/206
f 192/205/192 193/206/193 207/221/207
f 193/206/193 208/222/208 207/221/207
f 193/206/193 194/207/194 208/222/208
f 194/207/194 209/223/209 208/222/208
f 194/207/194 195/208/195 209/223/209
f 195/208/195 210/224/210 209/223/209
f 195/208/195 196/209/196 210/224/210
f 196/209/196 198/225/198 210/224/210
f 196/209/196 184/210/184 198/225/198
f 198/212/198 211/226/211 212/227/212
f 198/212/198 197/211/197 211/226/211
f 197/211/197 213/228/213 211/226/211
f 197/211/197 199/213/199 213/228/213
f 199/213/199 214/229/214 213/228/213
f 199/213/199 200/214/200 214/229/214
f 200/214/200 215/230/215 214/229/214
f 200/214/200 201/215/201 215/230/215
f 201/215/201 216/231/216 215/230/215
f 201/215/201 202/216/202 216/231/216
f 202/216/202 217/232/217 216/231/216
f 202/216/202 203/217/203 217/232/217
f 203/217/203 218/233/218 217/232/217
f 203/217/203 204/218/204 218/233/218
f 204/218/204 219/234/219 218/233/218
f 204/218/204 205/219/205 219/234/219
f 205/219/205 220/235/220 219/234/219
f 205/219/205 206/220/206 220/235/220
f 206/220/206 221/236/221 220/235/220
f 206/220/206 207/221/207 221/236/221
f 207/221/207 222/237/222 221/236/221
f 207/221/207 208/222/208 222/237/222
f 208/222/208 223/238/223 222/237/222
f 208/222/208 209/223/209 223/238/223
f 209/223/209 224/239/224 223/238/223
f 209/223/209 210/224/210 224/239/224
f 210/224/210 212/240/212 224/239/224
f 210/224/210 198/225/198 212/240/212
f 212/227/212 225/241/225 226/242/226
f 212/227/212 211/226/211 225/241/225
f 211/226/211 227/243/227 225/241/225
f 211/226/211 213/228/213 227/243/227
f 213/228/213 228/244/228 227/243/227
f 213/228/213 214/229/214 228/244/228
f 214/229/214 229/245/229 228/244/228
f 214/229/214 215/230/215 229/245/229
f 215/230/215 230/246/230 229/245/229
f 215/230/215 216/231/216 230/246/230
f 216/231/216 231/247/231 230/246/230
f 216/231/216 217/232/217 231/247/231
f 217/232/217 232/248/232 231/247/231
f 217/232/217 218/233/218 232/248/232
f 218/233/218 233/249/233 232/248/232
f 218/233/218 219/234/219 233/249/233
f 219/234/219 234/250/234 233/249/233
f 219/234/219 220/235/220 234/250/234
f 220/235/220 235/251/235 234/250/234
f 220/235/220 221/236/221 235/251/235
f 221/236/221 236/252/236 235/251/235
f 221/236/221 222/237/222 236/252/236
f 222/237/222 237/253/237 236/252/236
f 222/237/222 223/238/223 237/253/237
f 223/238/223 238/254/238 237/253/237
f 223/238/223 224/239/224 238/254/238
f 224/239/224 226/255/226 238/254/238
f 224/239/224 212/240/212 226/255/226
f 226/242/226 239/256/239 240/257/240
f 226/242/226 225/241/225 239/256/239
f 225/241/225 241/258/241 239/256/239
f 225/241/225 227/243/227 241/258/241
f 227/243/227 242/259/242 241/258/241
f 227/243/227 228/244/228 242/259/242
f 228/244/228 243/260/243 242/259/242
f 228/244/228 229/245/229 243/260/243
f 229/245/229 244/261/244 243/260/243
f 229/245/229 230/246/230 244/261/244
f 230/246/230 245/262/245 244/261/244
f 230/246/230 231/247/231 245/262/245
f 231/247/231 246/263/246 245/262/245
f 231/247/231 232/248/232 246/263/246
f 232/248/232 247/264/247 246/263/246
f 232/248/232 233/249/233 247/264/247
f 233/249/233 248/265/248 247/264/247
f 233/249/233 234/250/234 248/265/248
f 234/250/234 249/266/249 248/265/248
f 234/250/234 235/251/235 249/266/249
f 235/251/235 250/267/250 249/266/249
f 235/251/235 236/252/236 250/267/250
f 236/252/236 251/268/251 250/267/250
f 236/252/236 237/253/237 251/268/251
f 237/253/237 252/269/252 251/268/251
f 237/253/237 238/254/238 252/269/252
f 238/254/238 240/270/240 252/269/252
f 238/254/238 226/255/226 240/270/240
f 240/257/240 253/271/253 254/272/254
f 240/257/240 239/256/239 253/271/253
f 239/256/239 255/273/255 253/271/253
f 239/256/239 241/258/241 255/273/255
f 241/258/241 256/274/256 255/273/255
f 241/258/241 242/259/242 256/274/256
f 242/259/242 257/275/257 256/274/256
f 242/259/242 243/260/243 257/275/257
f 243/260/243 258/276/258 257/275/257
f 243/260/243 244/261/244 258/276/258
f 244/261/244 259/277/259 258/276/258
f 244/261/244 245/262/245 259/277/259
f 245/262/245 260/278/260 259/277/259
f 245/262/245 246/263/246 260/278/260
f 246/263/246 261/279/261 260/278/260
f 246/263/246 247/264/247 261/279/261
f 247/264/247 262/280/262 261/279/261
f 247/264/247 248/265/248 262/280/262
f 248/265/248 263/281/263 262/280/262
f 248/265/248 249/266/249 263/281/263
f 249/266/249 264/282/264 263/281/263
f 249/266/249 250/267/250 264/282/264
f 250/267/250 265/283/265 264/282/264
f 250/267/250 251/268/251 265/283/265
f 251/268/251 266/284/266 265/283/265
f 251/268/251 252/269/252 266/284/266
f 252/269/252 254/285/254 266/284/266
f 252/269/252 240/270/240 254/285/254
f 254/272/254 267/286/267 268/287/268
f 254/272/254 253/271/253 267/286/267
f 253/271/253 269/288/269 267/286/267
f 253/271/253 255/273/255 269/288/269
f 255/273/255 270/289/270 269/288/269
f 255/273/255 256/274/256 270/289/270
f 256/274/256 271/290/271 270/289/270
f 256/274/256 257/275/257 271/290/271
f 257/275/257 272/291/272 271/290/271
f 257/275/257 258/276/258 272/291/272
f 258/276/258 273/292/273 272/291/272
f 258/276/258 259/277/259 273/292/273
f 259/277/259 274/293/274 273/292/273
f 259/277/259 260/278/260 274/293/274
f 260/278/260 275/294/275 274/293/274
f 260/278/260 261/279/261 275/294/275
f 261/279/261 276/295/276 275/294/275
f 261/279/261 262/280/262 276/295/276
f 262/280/262 277/296/277 276/295/276
f 262/280/262 263/281/263 277/296/277
f 263/281/263 278/297/278 277/296/277
f 263/281/263 264/282/264 278/297/278
f 264/282/264 279/298/279 278/297/278
f 264/282/264 265/283/265 279/298/279
f 265/283/265 280/299/280 279/298/279
f 265/283/265 266/284/266 280/299/280
f 266/284/266 268/300/268 280/299/280
f 266/284/266 254/285/254 268/300/268
f 268/287/268 281/301/281 282/302/282
f 268/287/268 267/286/267 281/301/281
f 267/286/267 283/303/283 281/301/281
f 267/286/267 269/288/269 283/303/283
f 269/288/269 284/304/284 283/303/283
f 269/288/269 270/289/270 284/304/284
f 270/289/270 285/305/285 284/304/284
f 270/289/270 271/290/271 285/305/285
f 271/290/271 286/306/286 285/305/285
f 271/290/271 272/291/272 286/306/286
f 272/291/272 287/307/287 286/306/286
f 272/291/272 273/292/273 287/307/287
f 273/292/273 288/308/288 287/307/287
f 273/292/273 274/293/274 288/308/288
f 274/293/274 289/309/289 288/308/288
f 274/293/274 275/294/275 289/309/289
f 275/294/275 290/310/290 289/309/289
f 275/294/275 276/295/276 290/310/290
f 276/295/276 291/311/291 290/310/290
f 276/295/276 277/296/277 291/311/291
f 277/296/277 292/312/292 291/311/291
f 277/296/277 278/297/278 292/312/292
f 278/297/278 293/313/293 292/312/292
f 278/297/278 279/298/279 293/313/293
f 279/298/279 294/314/294 293/313/293
f 279/298/279 280/299/280 294/314/294
f 280/299/280 282/315/282 294/314/294
f 280/299/280 268/300/268 282/315/282
f 282/302/282 295/316/295 296/317/296
f 282/302/282 281/301/281 295/316/295
f 281/301/281 297/318/297 295/316/295
f 281/301/281 283/303/283 297/318/297
f 283/303/283 298/319/298 297/318/297
f 283/303/283 284/304/284 298/319/298
f 284/304/284 299/320/299 298/319/298
f 284/304/284 285/305/285 299/320/299
f 285/305/285 300/321/300 299/320/299
f 285/305/285 286/306/286 300/321/300
f 286/306/286 301/322/301 300/321/300
f 286/306/286 287/307/287 301/322/301
f 287/307/287 302/323/302 301/322/301
f 287/307/287 288/308/288 302/323/302
f 288/308/288 303/324/303 302/323/302
f 288/308/288 289/309/289 303/324/303
f 289/309/289 304/325/304 303/324/303
f 289/309/289 290/310/290 304/325/304
f 290/310/290 305/326/305 304/325/304
f 290/310/290 291/311/291 305/326/305
f 291/311/291 306/327/306 305/326/305
f 291/311/291 292/312/292 306/327/306
f 292/312/292 307/328/307 306/327/306
f 292/312/292 293/313/293 307/328/307
f 293/313/293 308/329/308 307/328/307
f 293/313/293 294/314/294 308/329/308
f 294/314/294 296/330/296 308/329/308
f 294/314/294 282/315/282 296/330/296
f 296/317/296 309/331/309 310/332/310
f 296/317/296 295/316/295 309/331/309
f 295/316/295 311/333/311 309/331/309
f 295/316/295 297/318/297 311/333/311
f 297/318/297 312/334/312 311/333/311
f 297/318/297 298/319/298 312/334/312
f 298/319/298 313/335/313 312/334/312
f 298/319/298 299/320/299 313/335/313
f 299/320/299 314/336/314 313/335/313
f 299/320/299 300/321/300 314/336/314
f 300/321/300 315/337/315 314/336/314
f 300/321/300 301/322/301 315/337/315
f 301/322/301 316/338/316 315/337/315
f 301/322/301 302/323/302 316/338/316
f 302/323/302 317/339/317 316/338/316
f 302/323/302 303/324/303 317/339/317
f 303/324/303 318/340/318 317/339/317
f 303/324/303 304/325/304 318/340/318
f 304/325/304 319/341/319 318/340/318
f 304/325/304 305/326/305 319/341/319
f 305/326/305 320/342/320 319/341/319
f 305/326/305 306/327/306 320/342/320
f 306/327/306 321/343/321 320/342/320
f 306/327/306 307/328/307 321/343/321
f 307/328/307 322/344/322 321/343/321
f 307/328/307 308/329/308 322/344/322
f 308/329/308 310/345/310 322/344/322
f 308/329/308 296/330/296 310/345/310
f 310/332/310 323/346/323 324/347/324
f 310/332/310 309/331/309 323/346/323
f 309/331/309 325/348/325 323/346/323
f 309/331/309 311/333/311 325/348/325
f 311/333/311 326/349/326 325/348/325
f 311/333/311 312/334/312 326/349/326
f 312/334/312 327/350/327 326/349/326
f 312/334/312 313/335/313 327/350/327
f 313/335/313 328/351/328 327/350/327
f 313/335/313 314/336/314 328/351/328
f 314/336/314 329/352/329 328/351/328
f 314/336/314 315/337/315 329/352/329
f 315/337/315 330/353/330 329/352/329
f 315/337/315 316/338/316 330/353/330
f 316/338/316 331/354/331 330/353/330
f 316/338/316 317/339/317 331/354/331
f 317/339/317 332/355/332 331/354/331
f 317/339/317 318/340/318 332/355/332
f 318/340/318 333/356/333 332/355/332
f 318/340/318 319/341/319 333/356/333
f 319/341/319 334/357/334 333/356/333
f 319/341/319 320/342/320 334/357/334
f 320/342/320 335/358/335 334/357/334
f 320/342/320 321/343/321 335/358/335
f 321/343/321 336/359/336 335/358/335
f 321/343/321 322/344/322 336/359/336
f 322/344/322 324/360/324 336/359/336
f 322/344/322 310/345/310 324/360/324
f 324/347/324 337/361/337 338/362/338
f 324/347/324 323/346/323 337/361/337
f 323/346/323 339/363/339 337/361/337
f 323/346/323 325/348/325 339/363/339
f 325/348/325 340/364/340 339/363/339
f 325/348/325 326/349/326 340/364/340
f 326/349/326 341/365/341 340/364/340
f 326/349/326 327/350/327 341/365/341
f 327/350/327 342/366/342 341/365/341
f 327/350/327 328/351/328 342/366/342
f 328/351/328 343/367/343 342/366/342
f 328/351/328 329/352/329 343/367/343
f 329/352/329 344/368/344 343/367/343
f 329/352/329 330/353/330 344/368/344
f 330/353/330 345/369/345 344/368/344
f 330/353/330 331/354/331 345/369/345
f 331/354/331 346/370/346 345/369/345
f 331/354/331 332/355/332 346/370/346
f 332/355/332 347/371/347 346/370/346
f 332/355/332 333/356/333 347/371/347
f 333/356/333 348/372/348 347/371/347
f 333/356/333 334/357/334 348/372/348
f 334/357/334 349/373/349 348/372/348
f 334/357/334 335/358/335 349/373/349
f 335/358/335 350/374/350 349/373/349
f 335/358/335 336/359/336 350/374/350
f 336/359/336 338/375/338 350/374/350
f 336/359/336 324/360/324 338/375/338
f 338/362/338 351/376/351 352/377/352
f 338/362/338 337/361/337 351/376/351
f 337/361/337 353/378/353 351/376/351
f 337/361/337 339/363/339 353/378/353
f 339/363/339 354/379/354 353/378/353
f 339/363/339 340/364/340 354/379/354
f 340/364/340 355/380/355 354/379/354
f 340/364/340 341/365/341 355/380/355
f 341/365/341 356/381/356 355/380/355
f 341/365/341 342/366/342 356/381/356
f 342/366/342 357/382/357 356/381/356
f 342/366/342 343/367/343 357/382/357
f 343/367/343 358/383/358 357/382/357
f 343/367/343 344/368/344 358/383/358
f 344/368/344 359/384/359 358/383/358
f 344/368/344 345/369/345 359/384/359
f 345/369/345 360/385/360 359/384/359
f 345/369/345 346/370/346 360/385/360
f 346/370/346 361/386/361 360/385/360
f 346/370/346 347/371/347 361/386/361
f 347/371/347 362/387/362 361/386/361
f 347/371/347 348/372/348 362/387/362
f 348/372/348 363/388/363 362/387/362
f 348/372/348 349/373/349 363/388/363
f 349/373/349 364/389/364 363/388/363
f 349/373/349 350/374/350 364/389/364
f 350/374/350 352/390/352 364/389/364
f 350/374/350 338/375/338 352/390/352
f 352/377/352 365/391/365 366/392/366
f 352/377/352 351/376/351 365/391/365
f 351/376/351 367/393/367 365/391/365
f 351/376/351 353/378/353 367/393/367
f 353/378/353 368/394/368 367/393/367
f 353/378/353 354/379/354 368/394/368
f 354/379/354 369/395/369 368/394/368
f 354/379/354 355/380/355 369/395/369
f 355/380/355 370/396/370 369/395/369
f 355/380/355 356/381/356 370/396/370
f 356/381/356 371/397/371 370/396/370
f 356/381/356 357/382/357 371/397/371
f 357/382/357 372/398/372 371/397/371
f 357/382/357 358/383/358 372/398/372
f 358/383/358 373/399/373 372/398/372
f 358/383/358 359/384/359 373/399/373
f 359/384/359 374/400/374 373/399/373
f 359/384/359 360/385/360 374/400/374
f 360/385/360 375/401/375 374/400/374
f 360/385/360 361/386/361 375/401/375
f 361/386/361 376/402/376 375/401/375
f 361/386/361 362/387/362 376/402/376
f 362/387/362 377/403/377 376/402/376
f 362/387/362 363/388/363 377/403/377
f 363/388/363 378/404/378 377/403/377
f 363/388/363 364/389/364 378/404/378
f 364/389/364 366/405/366 378/404/378
f 364/389/364 352/390/352 366/405/366
f 366/392/366 379/406/379 380/407/380
f 366/392/366 365/391/365 379/406/379
f 365/391/365 381/408/381 379/406/379
f 365/391/365 367/393/367 381/408/381
f 367/393/367 382/409/382 381/408/381
f 367/393/367 368/394/368 382/409/382
f 368/394/368 383/410/383 382/409/382
f 368/394/368 369/395/369 383/410/383
f 369/395/369 384/411/384 383/410/383
f 369/395/369 370/396/370 384/411/384
f 370/396/370 385/412/385 384/411/384
f 370/396/370 371/397/371 385/412/385
f 371/397/371 386/413/386 385/412/385
f 371/397/371 372/398/372 386/413/386
f 372/398/372 387/414/387 386/413/386
f 372/398/372 373/399/373 387/414/387
f 373/399/373 388/415/388 387/414/387
f 373/399/373 374/400/374 388/415/388
f 374/400/374 389/416/389 388/415/388
f 374/400/374 375/401/375 389/416/389
f 375/401/375 390/417/390 389/416/389
f 375/401/375 376/402/376 390/417/390
f 376/402/376 391/418/391 390/417/390
f 376/402/376 377/403/377 391/418/391
f 377/403/377 392/419/392 391/418/391
f 377/403/377 378/404/378 392/419/392
f 378/404/378 380/420/380 392/419/392
f 378/404/378 366/405/366 380/420/380
f 380/407/380 393/421/14 394/422/16
f 380/407/380 379/406/379 393/421/14
f 379/406/379 395/423/12 393/421/14
f 379/406/379 381/408/381 395/423/12
f 381/408/381 396/424/10 395/423/12
f 381/408/381 382/409/382 396/424/10
f 382/409/382 397/425/8 396/424/10
f 382/409/382 383/410/383 397/425/8
f 383/410/383 398/426/6 397/425/8
f 383/410/383 384/411/384 398/426/6
f 384/411/384 399/427/4 398/426/6
f 384/411/384 385/412/385 399/427/4
f 385/412/385 400/428/1 399/427/4
f 385/412/385 386/413/386 400/428/1
f 386/413/386 401/429/28 400/428/1
f 386/413/386 387/414/387 401/429/28
f 387/414/387 402/430/26 401/429/28
f 387/414/387 388/415/388 402/430/26
f 388/415/388 403/431/24 402/430/26
f 388/415/388 389/416/389 403/431/24
f 389/416/389 404/432/22 403/431/24
f 389/416/389 390/417/390 404/432/22
f 390/417/390 405/433/20 404/432/22
f 390/417/390 391/418/391 405/433/20
f 391/418/391 406/434/18 405/433/20
f 391/418/391 392/419/392 406/434/18
f 392/419/392 394/435/16 406/434/18
f 392/419/392 380/420/380 394/435/16
f 394/422/16 407/436/13 408/437/15
f 394/422/16 393/421/14 407/436/13
f 393/421/14 409/438/11 407/436/13
f 393/421/14 395/423/12 409/438/11
f 395/423/12 410/439/9 409/438/11
f 395/423/12 396/424/10 410/439/9
f 396/424/10 411/440/7 410/439/9
f 396/424/10 397/425/8 411/440/7
f 397/425/8 412/441/5 411/440/7
f 397/425/8 398/426/6 412/441/5
f 398/426/6 413/442/2 412/441/5
f 398/426/6 399/427/4 413/442/2
f 399/427/4 414/443/3 413/442/2
f 399/427/4 400/428/1 414/443/3
f 400/428/1 415/444/27 414/443/3
f 400/428/1 401/429/28 415/444/27
f 401/429/28 416/445/25 415/444/27
f 401/429/28 402/430/26 416/445/25
f 402/430/26 417/446/23 416/445/25
f 402/430/26 403/431/24 417/446/23
f 403/431/24 418/447/21 417/446/23
f 403/431/24 404/432/22 418/447/21
f 404/432/22 419/448/19 418/447/21
f 404/432/22 405/433/20 419/448/19
f 405/433/20 420/449/17 419/448/19
f 405/433/20 406/434/18 420/449/17
f 406/434/18 408/450/15 420/449/17
f 406/434/18 394/435/16 408/450/15
f 408/437/15 421/451/35 422/452/36
f 408/437/15 407/436/13 421/451/35
f 407/436/13 423/453/34 421/451/35
f 407/436/13 409/438/11 423/453/34
f 409/438/11 424/454/33 423/453/34
f 409/438/11 410/439/9 424/454/33
f 410/439/9 425/455/32 424/454/33
f 410/439/9 411/440/7 425/455/32
f 411/440/7 426/456/31 425/455/32
f 411/440/7 412/441/5 426/456/31
f 412/441/5 427/457/29 426/456/31
f 412/441/5 413/442/2 427/457/29
f 413/442/2 428/458/30 427/457/29
f 413/442/2 414/443/3 428/458/30
f 414/443/3 429/459/42 428/458/30
f 414/443/3 415/444/27 429/459/42
f 415/444/27 430/460/41 429/459/42
f 415/444/27 416/445/25 430/460/41
f 416/445/25 431/461/40 430/460/41
f 416/445/25 417/446/23 431/461/40
f 417/446/23 432/462/39 431/461/40
f 417/446/23 418/447/21 432/462/39
f 418/447/21 433/463/38 432/462/39
f 418/447/21 419/448/19 433/463/38
f 419/448/19 434/464/37 433/463/38
f 419/448/19 420/449/17 434/464/37
f 420/449/17 422/465/36 434/464/37
f 420/449/17 408/450/15 422/465/36
f 422/452/36 435/466/49 436/467/50
f 422/452/36 421/451/35 435/466/49
f 421/451/35 437/468/48 435/466/49
f 421/451/35 423/453/34 437/468/48
f 423/453/34 438/469/47 437/468/48
f 423/453/34 424/454/33 438/469/47
f 424/454/33 439/470/46 438/469/47
f 424/454/33 425/455/32 439/470/46
f 425/455/32 440/471/45 439/470/46
f 425/455/32 426/456/31 440/471/45
f 426/456/31 441/472/43 440/471/45
f 426/456/31 427/457/29 441/472/43
f 427/457/29 442/473/44 441/472/43
f 427/457/29 428/458/30 442/473/44
f 428/458/30 443/474/56 442/473/44
f 428/458/30 429/459/42 443/474/56
f 429/459/42 444/475/55 443/474/56
f 429/459/42 430/460/41 444/475/55
f 430/460/41 445/476/54 444/475/55
f 430/460/41 431/461/40 445/476/54
f 431/461/40 446/477/53 445/476/54
f 431/461/40 432/462/39 446/477/53
f 432/462/39 447/478/52 446/477/53
f 432/462/39 433/463/38 447/478/52
f 433/463/38 448/479/51 447/478/52
f 433/463/38 434/464/37 448/479/51
f 434/464/37 436/480/50 448/479/51
f 434/464/37 422/465/36 436/480/50
f 436/467/50 449/481/63 450/482/64
f 436/467/50 435/466/49 449/481/63
f 435/466/49 451/483/62 449/481/63
f 435/466/49 437/468/48 451/483/62
f 437/468/48 452/484/61 451/483/62
f 437/468/48 438/469/47 452/484/61
f 438/469/47 453/485/60 452/484/61
f 438/469/47 439/470/46 453/485/60
f 439/470/46 454/486/59 453/485/60
f 439/470/46 440/471/45 454/486/59
f 440/471/45 455/487/57 454/486/59
f 440/471/45 441/472/43 455/487/57
f 441/472/43 456/488/58 455/487/57
f 441/472/43 442/473/44 456/488/58
f 442/473/44 457/489/70 456/488/58
f 442/473/44 443/474/56 457/489/70
f 443/474/56 458/490/69 457/489/70
f 443/474/56 444/475/55 458/490/69
f 444/475/55 459/491/68 458/490/69
f 444/475/55 445/476/54 459/491/68
f 445/476/54 460/492/67 459/491/68
f 445/476/54 446/477/53 460/492/67
f 446/477/53 461/493/66 460/492/67
f 446/477/53 447/478/52 461/493/66
f 447/478/52 462/494/65 461/493/66
f 447/478/52 448/479/51 462/494/65
f 448/479/51 450/495/64 462/494/65
f 448/479/51 436/480/50 450/495/64
f 450/482/64 463/496/77 464/497/78
f 450/482/64 449/481/63 463/496/77
f 449/481/63 465/498/76 463/496/77
f 449/481/63 451/483/62 465/498/76
f 451/483/62 466/499/75 465/498/76
f 451/483/62 452/484/61 466/499/75
f 452/484/61 467/500/74 466/499/75
f 452/484/61 453/485/60 467/500/74
f 453/485/60 468/501/73 467/500/74
f 453/485/60 454/486/59 468/501/73
f 454/486/59 469/502/71 468/501/73
f 454/486/59 455/487/57 469/502/71
f 455/487/57 470/503/72 469/502/71
f 455/487/57 456/488/58 470/503/72
f 456/488/58 471/504/84 470/503/72
f 456/488/58 457/489/70 471/504/84
f 457/489/70 472/505/83 471/504/84
f 457/489/70 458/490/69 472/505/83
f 458/490/69 473/506/82 472/505/83
f 458/490/69 459/491/68 473/506/82
f 459/491/68 474/507/81 473/506/82
f 459/491/68 460/492/67 474/507/81
f 460/492/67 475/508/80 474/507/81
f 460/492/67 461/493/66 475/508/80
f 461/493/66 476/509/79 475/508/80
f 461/493/66 462/494/65 476/509/79
f 462/494/65 464/510/78 476/509/79
f 462/494/65 450/495/64 464/510/78
f 464/497/78 477/511/91 478/512/92
f 464/497/78 463/496/77 477/511/91
f 463/496/77 479/513/90 477/511/91
f 463/496/77 465/498/76 479/513/90
f 465/498/76 480/514/89 479/513/90
f 465/498/76 466/499/75 480/514/89
f 466/499/75 481/515/88 480/514/89
f 466/499/75 467/500/74 481/515/88
f 467/500/74 482/516/87 481/515/88
f 467/500/74 468/501/73 482/516/87
f 468/501/73 483/517/85 482/516/87
f 468/501/73 469/502/71 483/517/85
f 469/502/71 484/518/86 483/517/85
f 469/502/71 470/503/72 484/518/86
f 470/503/72 485/519/98 484/518/86
f 470/503/72 471/504/84 485/519/98
f 471/504/84 486/520/97 485/519/98
f 471/504/84 472/505/83 486/520/97
f 472/505/83 487/521/96 486/520/97
f 472/505/83 473/506/82 487/521/96
f 473/506/82 488/522/95 487/521/96
f 473/506/82 474/507/81 488/522/95
f 474/507/81 489/523/94 488/522/95
f 474/507/81 475/508/80 489/523/94
f 475/508/80 490/524/93 489/523/94
f 475/508/80 476/509/79 490/524/93
f 476/509/79 478/525/92 490/524/93
f 476/509/79 464/510/78 478/525/92
f 478/512/92 491/526/105 492/527/106
f 478/512/92 477/511/91 491/526/105
f 477/511/91 493/528/104 491/526/105
f 477/511/91 479/513/90 493/528/104
f 479/513/90 494/529/103 493/528/104
f 479/513/90 480/514/89 494/529/103
f 480/514/89 495/530/102 494/529/103
f 480/514/89 481/515/88 495/530/102
f 481/515/88 496/531/101 495/530/102
f 481/515/88 482/516/87 496/531/101
f 482/516/87 497/532/99 496/531/101
f 482/516/87 483/517/85 497/532/99
f 483/517/85 498/533/100 497/532/99
f 483/517/85 484/518/86 498/533/100
f 484/518/86 499/534/112 498/533/100
f 484/518/86 485/519/98 499/534/112
f 485/519/98 500/535/111 499/534/112
f 485/519/98 486/520/97 500/535/111
f 486/520/97 501/536/110 500/535/111
f 486/520/97 487/521/96 501/536/110
f 487/521/96 502/537/109 501/536/110
f 487/521/96 488/522/95 502/537/109
f 488/522/95 503/538/108 502/537/109
f 488/522/95 489/523/94 503/538/108
f 489/523/94 504/539/107 503/538/108
f 489/523/94 490/524/93 504/539/107
f 490/524/93 492/540/106 504/539/107
f 490/524/93 478/525/92 492/540/106
f 492/527/106 505/541/119 506/542/120
f 492/527/106 491/526/105 505/541/119
f 491/526/105 507/543/118 505/541/119
f 491/526/105 493/528/104 507/543/118
f 493/528/104 508/544/117 507/543/118
f 493/528/104 494/529/103 508/544/117
f 494/529/103 509/545/116 508/544/117
f 494/529/103 495/530/102 509/545/116
f 495/530/102 510/546/115 509/545/116
f 495/530/102 496/531/101 510/546/115
f 496/531/101 511/547/113 510/546/115
f 496/531/101 497/532/99 511/547/113
f 497/532/99 512/548/114 511/547/113
f 497/532/99 498/533/100 512/548/114
f 498/533/100 513/549/126 512/548/114
f 498/533/100 499/534/112 513/549/126
f 499/534/112 514/550/125 513/549/126
f 499/534/112 500/535/111 514/550/125
f 500/535/111 515/551/124 514/550/125
f 500/535/111 501/536/110 515/551/124
f 501/536/110 516/552/123 515/551/124
f 501/536/110 502/537/109 516/552/123
f 502/537/109 517/553/122 516/552/123
f 502/537/109 503/538/108 517/553/122
f 503/538/108 518/554/121 517/553/122
f 503/538/108 504/539/107 518/554/121
f 504/539/107 506/555/120 518/554/121
f 504/539/107 492/540/106 506/555/120
f 506/542/120 519/556/133 520/557/134
f 506/542/120 505/541/119 519/556/133
f 505/541/119 521/558/132 519/556/133
f 505/541/119 507/543/118 521/558/132
f 507/543/118 522/559/131 521/558/132
f 507/543/118 508/544/117 522/559/131
f 508/544/117 523/560/130 522/559/131
f 508/544/117 509/545/116 523/560/130
f 509/545/116 524/561/129 523/560/130
f 509/545/116 510/546/115 524/561/129
f 510/546/115 525/562/127 524/561/129
f 510/546/115 511/547/113 525/562/127
f 511/547/113 526/563/128 525/562/127
f 511/547/113 512/548/114 526/563/128
f 512/548/114 527/564/140 526/563/128
f 512/548/114 513/549/126 527/564/140
f 513/549/126 528/565/139 527/564/140
f 513/549/126 514/550/125 528/565/139
f 514/550/125 529/566/138 528/565/139
f 514/550/125 515/551/124 529/566/138
f 515/551/124 530/567/137 529/566/138
f 515/551/124 516/552/123 530/567/137
f 516/552/123 531/568/136 530/567/137
f 516/552/123 517/553/122 531/568/136
f 517/553/122 532/569/135 531/568/136
f 517/553/122 518/554/121 532/569/135
f 518/554/121 520/570/134 532/569/135
f 518/554/121 506/555/120 520/570/134
f 520/557/134 533/571/147 534/572/148
f 520/557/134 519/556/133 533/571/147
f 519/556/133 535/573/146 533/571/147
f 519/556/133 521/558/132 535/573/146
f 521/558/132 536/574/145 535/573/146
f 521/558/132 522/559/131 536/574/145
f 522/559/131 537/575/144 536/574/145
f 522/559/131 523/560/130 537/575/144
f 523/560/130 538/576/143 537/575/144
f 523/560/130 524/561/129 538/576/143
f 524/561/129 539/577/141 538/576/143
f 524/561/129 525/562/127 539/577/141
f 525/562/127 540/578/142 539/577/141
f 525/562/127 526/563/128 540/578/142
f 526/563/128 541/579/154 540/578/142
f 526/563/128 527/564/140 541/579/154
f 527/564/140 542/580/153 541/579/154
f 527/564/140 528/565/139 542/580/153
f 528/565/139 543/581/152 542/580/153
f 528/565/139 529/566/138 543/581/152
f 529/566/138 544/582/151 543/581/152
f 529/566/138 530/567/137 544/582/151
f 530/567/137 545/583/150 544/582/151
f 530/567/137 531/568/136 545/583/150
f 531/568/136 546/584/149 545/583/150
f 531/568/136 532/569/135 546/584/149
f 532/569/135 534/585/148 546/584/149
f 532/569/135 520/570/134 534/585/148
f 534/572/148 547/586/161 548/587/162
f 534/572/148 533/571/147 547/586/161
f 533/571/147 549/588/160 547/586/161
f 533/571/147 535/573/146 549/588/160
f 535/573/146 550/589/159 549/588/160
f 535/573/146 536/574/145 550/589/159
f 536/574/145 551/590/158 550/589/159
f 536/574/145 537/575/144 551/590/158
f 537/575/144 552/591/157 551/590/158
f 537/575/144 538/576/143 552/591/157
f 538/576/143 553/592/155 552/591/157
f 538/576/143 539/577/141 553/592/155
f 539/577/141 554/593/156 553/592/155
f 539/577/141 540/578/142 554/593/156
f 540/578/142 555/594/168 554/593/156
f 540/578/142 541/579/154 555/594/168
f 541/579/154 556/595/167 555/594/168
f 541/579/154 542/580/153 556/595/167
f 542/580/153 557/596/166 556/595/167
f 542/580/153 543/581/152 557/596/166
f 543/581/152 558/597/165 557/596/166
f 543/581/152 544/582/151 558/597/165
f 544/582/151 559/598/164 558/597/165
f 544/582/151 545/583/150 559/598/164
f 545/583/150 560/599/163 559/598/164
f 545/583/150 546/584/149 560/599/163
f 546/584/149 548/600/162 560/599/163
f 546/584/149 534/585/148 548/600/162
f 548/587/162 561/601/175 562/602/176
f 548/587/162 547/586/161 561/601/175
f 547/586/161 563/603/174 561/601/175
f 547/586/161 549/588/160 563/603/174
f 549/588/160 564/604/173 563/603/174
f 549/588/160 550/589/159 564/604/173
f 550/589/159 565/605/172 564/604/173
f 550/589/159 551/590/158 565/605/172
f 551/590/158 566/606/171 565/605/172
f 551/590/158 552/591/157 566/606/171
f 552/591/157 567/607/169 566/606/171
f 552/591/157 553/592/155 567/607/169
f 553/592/155 568/608/170 567/607/169
f 553/592/155 554/593/156 568/608/170
f 554/593/156 569/609/182 568/608/170
f 554/593/156 555/594/168 569/609/182
f 555/594/168 570/610/181 569/609/182
f 555/594/168 556/595/167 570/610/181
f 556/595/167 571/611/180 570/610/181
f 556/595/167 557/596/166 571/611/180
f 557/596/166 572/612/179 571/611/180
f 557/596/166 558/597/165 572/612/179
f 558/597/165 573/613/178 572/612/179
f 558/597/165 559/598/164 573/613/178
f 559/598/164 574/614/177 573/613/178
f 559/598/164 560/599/163 574/614/177
f 560/599/163 562/615/176 574/614/177
f 560/599/163 548/600/162 562/615/176
f 562/602/176 575/616/189 576/617/190
f 562/602/176 561/601/175 575/616/189
f 561/601/175 577/618/188 575/616/189
f 561/601/175 563/603/174 577/618/188
f 563/603/174 578/619/187 577/618/188
f 563/603/174 564/604/173 578/619/187
f 564/604/173 579/620/186 578/619/187
f 564/604/173 565/605/172 579/620/186
f 565/605/172 580/621/185 579/620/186
f 565/605/172 566/606/171 580/621/185
f 566/606/171 581/622/183 580/621/185
f 566/606/171 567/607/169 581/622/183
f 567/607/169 582/623/184 581/622/183
f 567/607/169 568/608/170 582/623/184
f 568/608/170 583/624/196 582/623/184
f 568/608/170 569/609/182 583/624/196
f 569/609/182 584/625/195 583/624/196
f 569/609/182 570/610/181 584/625/195
f 570/610/181 585/626/194 584/625/195
f 570/610/181 571/611/180 585/626/194
f 571/611/180 586/627/193 585/626/194
f 571/611/180 572/612/179 586/627/193
f 572/612/179 587/628/192 586/627/193
f 572/612/179 573/613/178 587/628/192
f 573/613/178 588/629/191 587/628/192
f 573/613/178 574/614/177 588/629/191
f 574/614/177 576/630/190 588/629/191
f 574/614/177 562/615/176 576/630/190
f 576/617/190 589/631/203 590/632/204
f 576/617/190 575/616/189 589/631/203
f 575/616/189 591/633/202 589/631/203
f 575/616/189 577/618/188 591/633/202
f 577/618/188 592/634/201 591/633/202
f 577/618/188 578/619/187 592/634/201
f 578/619/187 593/635/200 592/634/201
f 578/619/187 579/620/186 593/635/200
f 579/620/186 594/636/199 593/635/200
f 579/620/186 580/621/185 594/636/199
f 580/621/185 595/637/197 594/636/199
f 580/621/185 581/622/183 595/637/197
f 581/622/183 596/638/198 595/637/197
f 581/622/183 582/623/184 596/638/198
f 582/623/184 597/639/210 596/638/198
f 582/623/184 583/624/196 597/639/210
f 583/624/196 598/640/209 597/639/210
f 583/624/196 584/625/195 598/640/209
f 584/625/195 599/641/208 598/640/209
f 584/625/195 585/626/194 599/641/208
f 585/626/194 600/642/207 599/641/208
f 585/626/194 586/627/193 600/642/207
f 586/627/193 601/643/206 600/642/207
f 586/627/193 587/628/192 601/643/206
f 587/628/192 602/644/205 601/643/206
f 587/628/192 588/629/191 602/644/205
f 588/629/191 590/645/204 602/644/205
f 588/629/191 576/630/190 590/645/204
f 590/632/204 603/646/217 604/647/218
f 590/632/204 589/631/203 603/646/217
f 589/631/203 605/648/216 603/646/217
f 589/631/203 591/633/202 605/648/216
f 591/633/202 606/649/215 605/648/216
f 591/633/202 592/634/201 606/649/215
f 592/634/201 607/650/214 606/649/215
f 592/634/201 593/635/200 607/650/214
f 593/635/200 608/651/213 607/650/214
f 593/635/200 594/636/199 608/651/213
f 594/636/199 609/652/211 608/651/213
f 594/636/199 595/637/197 609/652/211
f 595/637/197 610/653/212 609/652/211
f 595/637/197 596/638/198 610/653/212
f 596/638/198 611/654/224 610/653/212
f 596/638/198 597/639/210 611/654/224
f 597/639/210 612/655/223 611/654/224
f 597/639/210 598/640/209 612/655/223
f 598/640/209 613/656/222 612/655/223
f 598/640/209 599/641/208 613/656/222
f 599/641/208 614/657/221 613/656/222
f 599/641/208 600/642/207 614/657/221
f 600/642/207 615/658/220 614/657/221
f 600/642/207 601/643/206 615/658/220
f 601/643/206 616/659/219 615/658/220
f 601/643/206 602/644/205 616/659/219
f 602/644/205 604/660/218 616/659/219
f 602/644/205 590/645/204 604/660/218
f 604/647/218 617/661/231 618/662/232
f 604/647/218 603/646/217 617/661/231
f 603/646/217 619/663/230 617/661/231
f 603/646/217 605/648/216 619/663/230
f 605/648/216 620/664/229 619/663/230
f 605/648/216 606/649/215 620/664/229
f 606/649/215 621/665/228 620/664/229
f 606/649/215 607/650/214 621/665/228
f 607/650/214 622/666/227 621/665/228
f 607/650/214 608/651/213 622/666/227
f 608/651/213 623/667/225 622/666/227
f 608/651/213 609/652/211 623/667/225
f 609/652/211 624/668/226 623/667/225
f 609/652/211 610/653/212 624/668/226
f 610/653/212 625/669/238 624/668/226
f 610/653/212 611/654/224 625/669/238
f 611/654/224 626/670/237 625/669/238
f 611/654/224 612/655/223 626/670/237
f 612/655/223 627/671/236 626/670/237
f 612/655/223 613/656/222 627/671/236
f 613/656/222 628/672/235 627/671/236
f 613/656/222 614/657/221 628/672/235
f 614/657/221 629/673/234 628/672/235
f 614/657/221 615/658/220 629/673/234
f 615/658/220 630/674/233 629/673/234
f 615/658/220 616/659/219 630/674/233
f 616/659/219 618/675/232 630/674/233
f 616/659/219 604/660/218 618/675/232
f 618/662/232 631/676/245 632/677/246
f 618/662/232 617/661/231 631/676/245
f 617/661/231 633/678/244 631/676/245
f 617/661/231 619/663/230 633/678/244
f 619/663/230 634/679/243 633/678/244
f 619/663/230 620/664/229 634/679/243
f 620/664/229 635/680/242 634/679/243
f 620/664/229 621/665/228 635/680/242
f 621/665/228 636/681/241 635/680/242
f 621/665/228 622/666/227 636/681/241
f 622/666/227 637/682/239 636/681/241
f 622/666/227 623/667/225 637/682/239
f 623/667/225 638/683/240 637/682/239
f 623/667/225 624/668/226 638/683/240
f 624/668/226 639/684/252 638/683/240
f 624/668/226 625/669/238 639/684/252
f 625/669/238 640/685/251 639/684/252
f 625/669/238 626/670/237 640/685/251
f 626/670/237 641/686/250 640/685/251
f 626/670/237 627/671/236 641/686/250
f 627/671/236 642/687/249 641/686/250
f 627/671/236 628/672/235 642/687/249
f 628/672/235 643/688/248 642/687/249
f 628/672/235 629/673/234 643/688/248
f 629/673/234 644/689/247 643/688/248
f 629/673/234 630/674/233 644/689/247
f 630/674/233 632/690/246 644/689/247
f 630/674/233 618/675/232 632/690/246
f 632/677/246 645/691/259 646/692/260
f 632/677/246 631/676/245 645/691/259
f 631/676/245 647/693/258 645/691/259
f 631/676/245 633/678/244 647/693/258
f 633/678/244 648/694/257 647/693/258
f 633/678/244 634/679/243 648/694/257
f 634/679/243 649/695/256 648/694/257
f 634/679/243 635/680/242 649/695/256
f 635/680/242 650/696/255 649/695/256
f 635/680/242 636/681/241 650/696/255
f 636/681/241 651/697/253 650/696/255
f 636/681/241 637/682/239 651/697/253
f 637/682/239 652/698/254 651/697/253
f 637/682/239 638/683/240 652/698/254
f 638/683/240 653/699/266 652/698/254
f 638/683/240 639/684/252 653/699/266
f 639/684/252 654/700/265 653/699/266
f 639/684/252 640/685/251 654/700/265
f 640/685/251 655/701/264 654/700/265
f 640/685/251 641/686/250 655/701/264
f 641/686/250 656/702/263 655/701/264
f 641/686/250 642/687/249 656/702/263
f 642/687/249 657/703/262 656/702/263
f 642/687/249 643/688/248 657/703/262
f 643/688/248 658/704/261 657/703/262
f 643/688/248 644/689/247 658/704/261
f 644/689/247 646/705/260 658/704/261
f 644/689/247 632/690/246 646/705/260
f 646/692/260 659/706/273 660/707/274
f 646/692/260 645/691/259 659/706/273
f 645/691/259 661/708/272 659/706/273
f 645/691/259 647/693/258 661/708/272
f 647/693/258 662/709/271 661/708/272
f 647/693/258 648/694/257 662/709/271
f 648/694/257 663/710/270 662/709/271
f 648/694/257 649/695/256 663/710/270
f 649/695/256 664/711/269 663/710/270
f 649/695/256 650/696/255 664/711/269
f 650/696/255 665/712/267 664/711/269
f 650/696/255 651/697/253 665/712/267
f 651/697/253 666/713/268 665/712/267
f 651/697/253 652/698/254 666/713/268
f 652/698/254 667/714/280 666/713/268
f 652/698/254 653/699/266 667/714/280
f 653/699/266 668/715/279 667/714/280
f 653/699/266 654/700/265 668/715/279
f 654/700/265 669/716/278 668/715/279
f 654/700/265 655/701/264 669/716/278
f 655/701/264 670/717/277 669/716/278
f 655/701/264 656/702/263 670/717/277
f 656/702/263 671/718/276 670/717/277
f 656/702/263 657/703/262 671/718/276
f 657/703/262 672/719/275 671/718/276
f 657/703/262 658/704/261 672/719/275
f 658/704/261 660/720/274 672/719/275
f 658/704/261 646/705/260 660/720/274
f 660/707/274 673/721/287 674/722/288
f 660/707/274 659/706/273 673/721/287
f 659/706/273 675/723/286 673/721/287
f 659/706/273 661/708/272 675/723/286
f 661/708/272 676/724/285 675/723/286
f 661/708/272 662/709/271 676/724/285
f 662/709/271 677/725/284 676/724/285
f 662/709/271 663/710/270 677/725/284
f 663/710/270 678/726/283 677/725/284
f 663/710/270 664/711/269 678/726/283
f 664/711/269 679/727/281 678/726/283
f 664/711/269 665/712/267 679/727/281
f 665/712/267 680/728/282 679/727/281
f 665/712/267 666/713/268 680/728/282
f 666/713/268 681/729/294 680/728/282
f 666/713/268 667/714/280 681/729/294
f 667/714/280 682/730/293 681/729/294
f 667/714/280 668/715/279 682/730/293
f 668/715/279 683/731/292 682/730/293
f 668/715/279 669/716/278 683/731/292
f 669/716/278 684/732/291 683/731/292
f 669/716/278 670/717/277 684/732/291
f 670/717/277 685/733/290 684/732/291
f 670/717/277 671/718/276 685/733/290
f 671/718/276 686/734/289 685/733/290
f 671/718/276 672/719/275 686/734/289
f 672/719/275 674/735/288 686/734/289
f 672/719/275 660/720/274 674/735/288
f 674/722/288 687/736/301 688/737/302
f 674/722/288 673/721/287 687/736/301
f 673/721/287 689/738/300 687/736/301
f 673/721/287 675/723/286 689/738/300
f 675/723/286 690/739/299 689/738/300
f 675/723/286 676/724/285 690/739/299
f 676/724/285 691/740/298 690/739/299
f 676/724/285 677/725/284 691/740/298
f 677/725/284 692/741/297 691/740/298
f 677/725/284 678/726/283 692/741/297
f 678/726/283 693/742/295 692/741/297
f 678/726/283 679/727/281 693/742/295
f 679/727/281 694/743/296 693/742/295
f 679/727/281 680/728/282 694/743/296
f 680/728/282 695/744/308 694/743/296
f 680/728/282 681/729/294 695/744/308
f 681/729/294 696/745/307 695/744/308
f 681/729/294 682/730/293 696/745/307
f 682/730/293 697/746/306 696/745/307
f 682/730/293 683/731/292 697/746/306
f 683/731/292 698/747/305 697/746/306
f 683/731/292 684/732/291 698/747/305
f 684/732/291 699/748/304 698/747/305
f 684/732/291 685/733/290 699/748/304
f 685/733/290 700/749/303 699/748/304
f 685/733/290 686/734/289 700/749/303
f 686/734/289 688/750/302 700/749/303
f 686/734/289 674/735/288 688/750/302
f 688/737/302 701/751/315 702/752/316
f 688/737/302 687/736/301 701/751/315
f 687/736/301 703/753/314 701/751/315
f 687/736/301 689/738/300 703/753/314
f 689/738/300 704/754/313 703/753/314
f 689/738/300 690/739/299 704/754/313
f 690/739/299 705/755/312 704/754/313
f 690/739/299 691/740/298 705/755/312
f 691/740/298 706/756/311 705/755/312
f 691/740/298 692/741/297 706/756/311
f 692/741/297 707/757/309 706/756/311
f 692/741/297 693/742/295 707/757/309
f 693/742/295 708/758/310 707/757/309
f 693/742/295 694/743/296 708/758/310
f 694/743/296 709/759/322 708/758/310
f 694/743/296 695/744/308 709/759/322
f 695/744/308 710/760/321 709/759/322
f 695/744/308 696/745/307 710/760/321
f 696/745/307 711/761/320 710/760/321
f 696/745/307 697/746/306 711/761/320
f 697/746/306 712/762/319 711/761/320
f 697/746/306 698/747/305 712/762/319
f 698/747/305 713/763/318 712/762/319
f 698/747/305 699/748/304 713/763/318
f 699/748/304 714/764/317 713/763/318
f 699/748/304 700/749/303 714/764/317
f 700/749/303 702/765/316 714/764/317
f 700/749/303 688/750/302 702/765/316
f 702/752/316 715/766/329 716/767/330
f 702/752/316 701/751/315 715/766/329
f 701/751/315 717/768/328 715/766/329
f 701/751/315 703/753/314 717/768/328
f 703/753/314 718/769/327 717/768/328
f 703/753/314 704/754/313 718/769/327
f 704/754/313 719/770/326 718/769/327
f 704/754/313 705/755/312 719/770/326
f 705/755/312 720/771/325 719/770/326
f 705/755/312 706/756/311 720/771/325
f 706/756/311 721/772/323 720/771/325
f 706/756/311 707/757/309 721/772/323
f 707/757/309 722/773/324 721/772/323
f 707/757/309 708/758/310 722/773/324
f 708/758/310 723/774/336 722/773/324
f 708/758/310 709/759/322 723/774/336
f 709/759/322 724/775/335 723/774/336
f 709/759/322 710/760/321 724/775/335
f 710/760/321 725/776/334 724/775/335
f 710/760/321 711/761/320 725/776/334
f 711/761/320 726/777/333 725/776/334
f 711/761/320 712/762/319 726/777/333
f 712/762/319 727/778/332 726/777/333
f 712/762/319 713/763/318 727/778/332
f 713/763/318 728/779/331 727/778/332
f 713/763/318 714/764/317 728/779/331
f 714/764/317 716/780/330 728/779/331
f 714/764/317 702/765/316 716/780/330
f 716/767/330 729/781/343 730/782/344
f 716/767/330 715/766/329 729/781/343
f 715/766/329 731/783/342 729/781/343
f 715/766/329 717/768/328 731/783/342
f 717/768/328 732/784/341 731/783/342
f 717/768/328 718/769/327 732/784/341
f 718/769/327 733/785/340 732/784/341
f 718/769/327 719/770/326 733/785/340
f 719/770/326 734/786/339 733/785/340
f 719/770/326 720/771/325 734/786/339
f 720/771/325 735/787/337 734/786/339
f 720/771/325 721/772/323 735/787/337
f 721/772/323 736/788/338 735/787/337
f 721/772/323 722/773/324 736/788/338
f 722/773/324 737/789/350 736/788/338
f 722/773/324 723/774/336 737/789/350
f 723/774/336 738/790/349 737/789/350
f 723/774/336 724/775/335 738/790/349
f 724/775/335 739/791/348 738/790/349
f 724/775/335 725/776/334 739/791/348
f 725/776/334 740/792/347 739/791/348
f 725/776/334 726/777/333 740/792/347
f 726/777/333 741/793/346 740/792/347
f 726/777/333 727/778/332 741/793/346
f 727/778/332 742/794/345 741/793/346
f 727/778/332 728/779/331 742/794/345
f 728/779/331 730/795/344 742/794/345
f 728/779/331 716/780/330 730/795/344
f 730/782/344 743/796/357 744/797/358
f 730/782/344 729/781/343 743/796/357
f 729/781/343 745/798/356 743/796/357
f 729/781/343 731/783/342 745/798/356
f 731/783/342 746/799/355 745/798/356
f 731/783/342 732/784/341 746/799/355
f 732/784/341 747/800/354 746/799/355
f 732/784/341 733/785/340 747/800/354
f 733/785/340 748/801/353 747/800/354
f 733/785/340 734/786/339 748/801/353
f 734/786/339 749/802/351 748/801/353
f 734/786/339 735/787/337 749/802/351
f 735/787/337 750/803/352 749/802/351
f 735/787/337 736/788/338 750/803/352
f 736/788/338 751/804/364 750/803/352
f 736/788/338 737/789/350 751/804/364
f 737/789/350 752/805/363 751/804/364
f 737/789/350 738/790/349 752/805/363
f 738/790/349 753/806/362 752/805/363
f 738/790/349 739/791/348 753/806/362
f 739/791/348 754/807/361 753/806/362
f 739/791/348 740/792/347 754/807/361
f 740/792/347 755/808/360 754/807/361
f 740/792/347 741/793/346 755/808/360
f 741/793/346 756/809/359 755/808/360
f 741/793/346 742/794/345 756/809/359
f 742/794/345 744/810/358 756/809/359
f 742/794/345 730/795/344 744/810/358
f 744/797/358 757/811/371 758/812/372
f 744/797/358 743/796/357 757/811/371
f 743/796/357 759/813/370 757/811/371
f 743/796/357 745/798/356 759/813/370
f 745/798/356 760/814/369 759/813/370
f 745/798/356 746/799/355 760/814/369
f 746/799/355 761/815/368 760/814/369
f 746/799/355 747/800/354 761/815/368
f 747/800/354 762/816/367 761/815/368
f 747/800/354 748/801/353 762/816/367
f 748/801/353 763/817/365 762/816/367
f 748/801/353 749/802/351 763/817/365
f 749/802/351 764/818/366 763/817/365
f 749/802/351 750/803/352 764/818/366
f 750/803/352 765/819/378 764/818/366
f 750/803/352 751/804/364 765/819/378
f 751/804/364 766/820/377 765/819/378
f 751/804/364 752/805/363 766/820/377
f 752/805/363 767/821/376 766/820/377
f 752/805/363 753/806/362 767/821/376
f 753/806/362 768/822/375 767/821/376
f 753/806/362 754/807/361 768/822/375
f 754/807/361 769/823/374 768/822/375
f 754/807/361 755/808/360 769/823/374
f 755/808/360 770/824/373 769/823/374
f 755/808/360 756/809/359 770/824/373
f 756/809/359 758/825/372 770/824/373
f 756/809/359 744/810/358 758/825/372
f 758/812/372 771/826/385 772/827/386
f 758/812/372 757/811/371 771/826/385
f 757/811/371 773/828/384 771/826/385
f 757/811/371 759/813/370 773/828/384
f 759/813/370 774/829/383 773/828/384
f 759/813/370 760/814/369 774/829/383
f 760/814/369 775/830/382 774/829/383
f 760/814/369 761/815/368 775/830/382
f 761/815/368 776/831/381 775/830/382
f 761/815/368 762/816/367 776/831/381
f 762/816/367 777/832/379 776/831/381
f 762/816/367 763/817/365 777/832/379
f 763/817/365 778/833/380 777/832/379
f 763/817/365 764/818/366 778/833/380
f 764/818/366 779/834/392 778/833/380
f 764/818/366 765/819/378 779/834/392
f 765/819/378 780/835/391 779/834/392
f 765/819/378 766/820/377 780/835/391
f 766/820/377 781/836/390 780/835/391
f 766/820/377 767/821/376 781/836/390
f 767/821/376 782/837/389 781/836/390
f 767/821/376 768/822/375 782/837/389
f 768/822/375 783/838/388 782/837/389
f 768/822/375 769/823/374 783/838/388
f 769/823/374 784/839/387 783/838/388
f 769/823/374 770/824/373 784/839/387
f 770/824/373 772/840/386 784/839/387
f 770/824/373 758/825/372 772/840/386
f 772/827/386 4/841/4 1/842/1
f 772/827/386 771/826/385 4/841/4
f 771/826/385 6/843/6 4/841/4
f 771/826/385 773/828/384 6/843/6
f 773/828/384 8/844/8 6/843/6
f 773/828/384 774/829/383 8/844/8
f 774/829/383 10/845/10 8/844/8
f 774/829/383 775/830/382 10/845/10
f 775/830/382 12/846/12 10/845/10
f 775/830/382 776/831/381 12/846/12
f 776/831/381 14/847/14 12/846/12
f 776/831/381 777/832/379 14/847/14
f 777/832/379 16/848/16 14/847/14
f 777/832/379 778/833/380 16/848/16
f 778/833/380 18/849/18 16/848/16
f 778/833/380 779/834/392 18/849/18
f 779/834/392 20/850/20 18/849/18
f 779/834/392 780/835/391 20/850/20
f 780/835/391 22/851/22 20/850/20
f 780/835/391 781/836/390 22/851/22
f 781/836/390 24/852/24 22/851/22
f 781/836/390 782/837/389 24/852/24
f 782/837/389 26/853/26 24/852/24
f 782/837/389 783/838/388 26/853/26
f 783/838/388 28/854/28 26/853/26
f 783/838/388 784/839/387 28/854/28
f 784/839/387 1/855/1 28/854/28
f 784/839/387 772/840/386 1/855/1
f 785/1/393 786/856/394 787/857/395
f 785/1/393 788/858/396 786/856/394
f 788/858/396 789/859/397 786/856/394
f 788/858/396 790/860/398 789/859/397
f 790/860/398 791/861/399 789/859/397
f 790/860/398 792/862/400 791/861/399
f 792/862/400 793/863/401 791/861/399
f 792/862/400 794/864/402 793/863/401
f 794/864/402 795/865/403 793/863/401
f 794/864/402 796/16/404 795/865/403
f 796/16/404 797/866/405 795/865/403
f 796/16/404 798/867/406 797/866/405
f 798/867/406 799/868/407 797/866/405
f 798/867/406 800/869/408 799/868/407
f 800/869/408 801/870/409 799/868/407
f 800/869/408 802/871/410 801/870/409
f 802/871/410 803/872/411 801/870/409
f 802/871/410 804/873/412 803/872/411
f 804/873/412 787/874/395 803/872/411
f 804/873/412 785/30/393 787/874/395
f 787/857/395 805/875/413 806/876/414
f 787/857/395 786/856/394 805/875/413
f 786/856/394 807/877/415 805/875/413
f 786/856/394 789/859/397 807/877/415
f 789/859/397 808/878/416 807/877/415
f 789/859/397 791/861/399 808/878/416
f 791/861/399 809/879/417 808/878/416
f 791/861/399 793/863/401 809/879/417
f 793/863/401 810/880/418 809/879/417
f 793/863/401 795/865/403 810/880/418
f 795/865/403 811/881/419 810/880/418
f 795/865/403 797/866/405 811/881/419
f 797/866/405 812/882/420 811/881/419
f 797/866/405 799/868/407 812/882/420
f 799/868/407 813/883/421 812/882/420
f 799/868/407 801/870/409 813/883/421
f 801/870/409 814/884/422 813/883/421
f 801/870/409 803/872/411 814/884/422
f 803/872/411 806/885/414 814/884/422
f 803/872/411 787/874/395 806/885/414
f 806/876/414 815/886/423 816/887/424
f 806/876/414 805/875/413 815/886/423
f 805/875/413 817/888/425 815/886/423
f 805/875/413 807/877/415 817/888/425
f 807/877/415 818/889/426 817/888/425
f 807/877/415 808/878/416 818/889/426
f 808/878/416 819/890/427 818/889/426
f 808/878/416 809/879/417 819/890/427
f 809/879/417 820/891/428 819/890/427
f 809/879/417 810/880/418 820/891/428
f 810/880/418 821/892/429 820/891/428
f 810/880/418 811/881/419 821/892/429
f 811/881/419 822/893/430 821/892/429
f 811/881/419 812/882/420 822/893/430
f 812/882/420 823/894/431 822/893/430
f 812/882/420 813/883/421 823/894/431
f 813/883/421 824/895/432 823/894/431
f 813/883/421 814/884/422 824/895/432
f 814/884/422 816/896/424 824/895/432
f 814/884/422 806/885/414 816/896/424
f 816/887/424 825/897/433 826/898/434
f 816/887/424 815/886/423 825/897/433
f 815/886/423 827/899/435 825/897/433
f 815/886/423 817/888/425 827/899/435
f 817/888/425 828/900/436 827/899/435
f 817/888/425 818/889/426 828/900/436
f 818/889/426 829/901/437 828/900/436
f 818/889/426 819/890/427 829/901/437
f 819/890/427 830/902/438 829/901/437
f 819/890/427 820/891/428 830/902/438
f 820/891/428 831/903/439 830/902/438
f 820/891/428 821/892/429 831/903/439
f 821/892/429 832/904/440 831/903/439
f 821/892/429 822/893/430 832/904/440
f 822/893/430 833/905/441 832/904/440
f 822/893/430 823/894/431 833/905/441
f 823/894/431 834/906/442 833/905/441
f 823/894/431 824/895/432 834/906/442
f 824/895/432 826/907/434 834/906/442
f 824/895/432 816/896/424 826/907/434
f 826/898/434 835/908/443 836/107/444
f 826/898/434 825/897/433 835/908/443
f 825/897/433 837/909/445 835/908/443
f 825/897/433 827/899/435 837/909/445
f 827/899/435 838/910/446 837/909/445
f 827/899/435 828/900/436 838/910/446
f 828/900/436 839/911/447 838/910/446
f 828/900/436 829/901/437 839/911/447
f 829/901/437 840/113/448 839/911/447
f 829/901/437 830/902/438 840/113/448
f 830/902/438 841/912/449 840/113/448
f 830/902/438 831/903/439 841/912/449
f 831/903/439 842/913/450 841/912/449
f 831/903/439 832/904/440 842/913/450
f 832/904/440 843/914/451 842/913/450
f 832/904/440 833/905/441 843/914/451
f 833/905/441 844/915/452 843/914/451
f 833/905/441 834/906/442 844/915/452
f 834/906/442 836/120/444 844/915/452
f 834/906/442 826/907/434 836/120/444
f 836/107/444 845/916/453 846/917/454
f 836/107/444 835/908/443 845/916/453
f 835/908/443 847/918/455 845/916/453
f 835/908/443 837/909/445 847/918/455
f 837/909/445 848/919/456 847/918/455
f 837/909/445 838/910/446 848/919/456
f 838/910/446 849/920/457 848/919/456
f 838/910/446 839/911/447 849/920/457
f 839/911/447 850/921/458 849/920/457
f 839/911/447 840/113/448 850/921/458
f 840/113/448 851/922/459 850/921/458
f 840/113/448 841/912/449 851/922/459
f 841/912/449 852/923/460 851/922/459
f 841/912/449 842/913/450 852/923/460
f 842/913/450 853/924/461 852/923/460
f 842/913/450 843/914/451 853/924/461
f 843/914/451 854/925/462 853/924/461
f 843/914/451 844/915/452 854/925/462
f 844/915/452 846/926/454 854/925/462
f 844/915/452 836/120/444 846/926/454
f 846/917/454 855/927/463 856/928/358
f 846/917/454 845/916/453 855/927/463
f 845/916/453 857/929/464 855/927/463
f 845/916/453 847/918/455 857/929/464
f 847/918/455 858/930/465 857/929/464
f 847/918/455 848/919/456 858/930/465
f 848/919/456 859/931/466 858/930/465
f 848/919/456 849/920/457 859/931/466
f 849/920/457 860/932/352 859/931/466
f 849/920/457 850/921/458 860/932/352
f 850/921/458 861/933/467 860/932/352
f 850/921/458 851/922/459 861/933/467
f 851/922/459 862/934/468 861/933/467
f 851/922/459 852/923/460 862/934/468
f 852/923/460 863/935/469 862/934/468
f 852/923/460 853/924/461 863/935/469
f 853/924/461 864/936/470 863/935/469
f 853/924/461 854/925/462 864/936/470
f 854/925/462 856/937/358 864/936/470
f 854/925/462 846/926/454 856/937/358
f 856/928/358 865/938/471 866/939/472
f 856/928/358 855/927/463 865/938/471
f 855/927/463 867/940/473 865/938/471
f 855/927/463 857/929/464 867/940/473
f 857/929/464 868/941/474 867/940/473
f 857/929/464 858/930/465 868/941/474
f 858/930/465 869/942/475 868/941/474
f 858/930/465 859/931/466 869/942/475
f 859/931/466 870/943/476 869/942/475
f 859/931/466 860/932/352 870/943/476
f 860/932/352 871/944/477 870/943/476
f 860/932/352 861/933/467 871/944/477
f 861/933/467 872/945/478 871/944/477
f 861/933/467 862/934/468 872/945/478
f 862/934/468 873/946/479 872/945/478
f 862/934/468 863/935/469 873/946/479
f 863/935/469 874/947/480 873/946/479
f 863/935/469 864/936/470 874/947/480
f 864/936/470 866/948/472 874/947/480
f 864/936/470 856/937/358 866/948/472
f 866/939/472 875/949/481 876/950/482
f 866/939/472 865/938/471 875/949/481
f 865/938/471 877/951/483 875/949/481
f 865/938/471 867/940/473 877/951/483
f 867/940/473 878/952/484 877/951/483
f 867/940/473 868/941/474 878/952/484
f 868/941/474 879/953/485 878/952/484
f 868/941/474 869/942/475 879/953/485
f 869/942/475 880/954/486 879/953/485
f 869/942/475 870/943/476 880/954/486
f 870/943/476 881/955/487 880/954/486
f 870/943/476 871/944/477 881/955/487
f 871/944/477 882/956/488 881/955/487
f 871/944/477 872/945/478 882/956/488
f 872/945/478 883/957/489 882/956/488
f 872/945/478 873/946/479 883/957/489
f 873/946/479 884/958/490 883/957/489
f 873/946/479 874/947/480 884/958/490
f 874/947/480 876/959/482 884/958/490
f 874/947/480 866/948/472 876/959/482
f 876/950/482 885/960/491 886/212/492
f 876/950/482 875/949/481 885/960/491
f 875/949/481 887/961/493 885/960/491
f 875/949/481 877/951/483 887/961/493
f 877/951/483 888/962/494 887/961/493
f 877/951/483 878/952/484 888/962/494
f 878/952/484 889/963/495 888/962/494
f 878/952/484 879/953/485 889/963/495
f 879/953/485 890/218/496 889/963/495
f 879/953/485 880/954/486 890/218/496
f 880/954/486 891/964/497 890/218/496
f 880/954/486 881/955/487 891/964/497
f 881/955/487 892/965/498 891/964/497
f 881/955/487 882/956/488 892/965/498
f 882/956/488 893/966/499 892/965/498
f 882/956/488 883/957/489 893/966/499
f 883/957/489 894/967/500 893/966/499
f 883/957/489 884/958/490 894/967/500
f 884/958/490 886/225/492 894/967/500
f 884/958/490 876/959/482 886/225/492
f 886/212/492 895/968/501 896/969/502
f 886/212/492 885/960/491 895/968/501
f 885/960/491 897/970/503 895/968/501
f 885/960/491 887/961/493 897/970/503
f 887/961/493 898/971/504 897/970/503
f 887/961/493 888/962/494 898/971/504
f 888/962/494 899/972/505 898/971/504
f 888/962/494 889/963/495 899/972/505
f 889/963/495 900/973/506 899/972/505
f 889/963/495 890/218/496 900/973/506
f 890/218/496 901/974/507 900/973/506
f 890/218/496 891/964/497 901/974/507
f 891/964/497 902/975/508 901/974/507
f 891/964/497 892/965/498 902/975/508
f 892/965/498 903/976/509 902/975/508
f 892/965/498 893/966/499 903/976/509
f 893/966/499 904/977/510 903/976/509
f 893/966/499 894/967/500 904/977/510
f 894/967/500 896/978/502 904/977/510
f 894/967/500 886/225/492 896/978/502
f 896/969/502 905/979/511 906/980/512
f 896/969/502 895/968/501 905/979/511
f 895/968/501 907/981/513 905/979/511
f 895/968/501 897/970/503 907/981/513
f 897/970/503 908/982/514 907/981/513
f 897/970/503 898/971/504 908/982/514
f 898/971/504 909/983/515 908/982/514
f 898/971/504 899/972/505 909/983/515
f 899/972/505 910/984/516 909/983/515
f 899/972/505 900/973/506 910/984/516
f 900/973/506 911/985/517 910/984/516
f 900/973/506 901/974/507 911/985/517
f 901/974/507 912/986/518 911/985/517
f 901/974/507 902/975/508 912/986/518
f 902/975/508 913/987/519 912/986/518
f 902/975/508 903/976/509 913/987/519
f 903/976/509 914/988/520 913/987/519
f 903/976/509 904/977/510 914/988/520
f 904/977/510 906/989/512 914/988/520
f 904/977/510 896/978/502 906/989/512
f 906/980/512 915/990/521 916/991/522
f 906/980/512 905/979/511 915/990/521
f 905/979/511 917/992/523 915/990/521
f 905/979/511 907/981/513 917/992/523
f 907/981/513 918/993/524 917/992/523
f 907/981/513 908/982/514 918/993/524
f 908/982/514 919/994/525 918/993/524
f 908/982/514 909/983/515 919/994/525
f 909/983/515 920/995/526 919/994/525
f 909/983/515 910/984/516 920/995/526
f 910/984/516 921/996/527 920/995/526
f 910/984/516 911/985/517 921/996/527
f 911/985/517 922/997/528 921/996/527
f 911/985/517 912/986/518 922/997/528
f 912/986/518 923/998/529 922/997/528
f 912/986/518 913/987/519 923/998/529
f 913/987/519 924/999/530 923/998/529
f 913/987/519 914/988/520 924/999/530
f 914/988/520 916/1000/522 924/999/530
f 914/988/520 906/989/512 916/1000/522
f 916/991/522 925/1001/531 926/1002/532
f 916/991/522 915/990/521 925/1001/531
f 915/990/521 927/1003/533 925/1001/531
f 915/990/521 917/992/523 927/1003/533
f 917/992/523 928/1004/534 927/1003/533
f 917/992/523 918/993/524 928/1004/534
f 918/993/524 929/1005/535 928/1004/534
f 918/993/524 919/994/525 929/1005/535
f 919/994/525 930/1006/536 929/1005/535
f 919/994/525 920/995/526 930/1006/536
f 920/995/526 931/1007/537 930/1006/536
f 920/995/526 921/996/527 931/1007/537
f 921/996/527 932/1008/538 931/1007/537
f 921/996/527 922/997/528 932/1008/538
f 922/997/528 933/1009/539 932/1008/538
f 922/997/528 923/998/529 933/1009/539
f 923/998/529 934/1010/540 933/1009/539
f 923/998/529 924/999/530 934/1010/540
f 924/999/530 926/1011/532 934/1010/540
f 924/999/530 916/1000/522 926/1011/532
f 926/1002/532 935/1012/541 936/317/542
f 926/1002/532 925/1001/531 935/1012/541
f 925/1001/531 937/1013/543 935/1012/541
f 925/1001/531 927/1003/533 937/1013/543
f 927/1003/533 938/1014/544 937/1013/543
f 927/1003/533 928/1004/534 938/1014/544
f 928/1004/534 939/1015/545 938/1014/544
f 928/1004/534 929/1005/535 939/1015/545
f 929/1005/535 940/323/546 939/1015/545
f 929/1005/535 930/1006/536 940/323/546
f 930/1006/536 941/1016/547 940/323/546
f 930/1006/536 931/1007/537 941/1016/547
f 931/1007/537 942/1017/548 941/1016/547
f 931/1007/537 932/1008/538 942/1017/548
f 932/1008/538 943/1018/549 942/1017/548
f 932/1008/538 933/1009/539 943/1018/549
f 933/1009/539 944/1019/550 943/1018/549
f 933/1009/539 934/1010/540 944/1019/550
f 934/1010/540 936/330/542 944/1019/550
f 934/1010/540 926/1011/532 936/330/542
f 936/317/542 945/1020/551 946/1021/552
f 936/317/542 935/1012/541 945/1020/551
f 935/1012/541 947/1022/553 945/1020/551
f 935/1012/541 937/1013/543 947/1022/553
f 937/1013/543 948/1023/554 947/1022/553
f 937/1013/543 938/1014/544 948/1023/554
f 938/1014/544 949/1024/555 948/1023/554
f 938/1014/544 939/1015/545 949/1024/555
f 939/1015/545 950/1025/556 949/1024/555
f 939/1015/545 940/323/546 950/1025/556
f 940/323/546 951/1026/557 950/1025/556
f 940/323/546 941/1016/547 951/1026/557
f 941/1016/547 952/1027/558 951/1026/557
f 941/1016/547 942/1017/548 952/1027/558
f 942/1017/548 953/1028/559 952/1027/558
f 942/1017/548 943/1018/549 953/1028/559
f 943/1018/549 954/1029/560 953/1028/559
f 943/1018/549 944/1019/550 954/1029/560
f 944/1019/550 946/1030/552 954/1029/560
f 944/1019/550 936/330/542 946/1030/552
f 946/1021/552 955/1031/561 956/1032/562
f 946/1021/552 945/1020/551 955/1031/561
f 945/1020/551 957/1033/563 955/1031/561
f 945/1020/551 947/1022/553 957/1033/563
f 947/1022/553 958/1034/564 957/1033/563
f 947/1022/553 948/1023/554 958/1034/564
f 948/1023/554 959/1035/565 958/1034/564
f 948/1023/554 949/1024/555 959/1035/565
f 949/1024/555 960/1036/566 959/1035/565
f 949/1024/555 950/1025/556 960/1036/566
f 950/1025/556 961/1037/567 960/1036/566
f 950/1025/556 951/1026/557 961/1037/567
f 951/1026/557 962/1038/568 961/1037/567
f 951/1026/557 952/1027/558 962/1038/568
f 952/1027/558 963/1039/569 962/1038/568
f 952/1027/558 953/1028/559 963/1039/569
f 953/1028/559 964/1040/570 963/1039/569
f 953/1028/559 954/1029/560 964/1040/570
f 954/1029/560 956/1041/562 964/1040/570
f 954/1029/560 946/1030/552 956/1041/562
f 956/1032/562 965/1042/571 966/1043/572
f 956/1032/562 955/1031/561 965/1042/571
f 955/1031/561 967/1044/573 965/1042/571
f 955/1031/561 957/1033/563 967/1044/573
f 957/1033/563 968/1045/574 967/1044/573
f 957/1033/563 958/1034/564 968/1045/574
f 958/1034/564 969/1046/575 968/1045/574
f 958/1034/564 959/1035/565 969/1046/575
f 959/1035/565 970/1047/576 969/1046/575
f 959/1035/565 960/1036/566 970/1047/576
f 960/1036/566 971/1048/577 970/1047/576
f 960/1036/566 961/1037/567 971/1048/577
f 961/1037/567 972/1049/578 971/1048/577
f 961/1037/567 962/1038/568 972/1049/578
f 962/1038/568 973/1050/579 972/1049/578
f 962/1038/568 963/1039/569 973/1050/579
f 963/1039/569 974/1051/580 973/1050/579
f 963/1039/569 964/1040/570 974/1051/580
f 964/1040/570 966/1052/572 974/1051/580
f 964/1040/570 956/1041/562 966/1052/572
f 966/1043/572 975/1053/581 976/1054/582
f 966/1043/572 965/1042/571 975/1053/581
f 965/1042/571 977/1055/583 975/1053/581
f 965/1042/571 967/1044/573 977/1055/583
f 967/1044/573 978/1056/584 977/1055/583
f 967/1044/573 968/1045/574 978/1056/584
f 968/1045/574 979/1057/585 978/1056/584
f 968/1045/574 969/1046/575 979/1057/585
f 969/1046/575 980/1058/586 979/1057/585
f 969/1046/575 970/1047/576 980/1058/586
f 970/1047/576 981/1059/587 980/1058/586
f 970/1047/576 971/1048/577 981/1059/587
f 971/1048/577 982/1060/588 981/1059/587
f 971/1048/577 972/1049/578 982/1060/588
f 972/1049/578 983/1061/589 982/1060/588
f 972/1049/578 973/1050/579 983/1061/589
f 973/1050/579 984/1062/590 983/1061/589
f 973/1050/579 974/1051/580 984/1062/590
f 974/1051/580 976/1063/582 984/1062/590
f 974/1051/580 966/1052/572 976/1063/582
f 976/1054/582 985/1064/591 986/422/592
f 976/1054/582 975/1053/581 985/1064/591
f 975/1053/581 987/1065/593 985/1064/591
f 975/1053/581 977/1055/583 987/1065/593
f 977/1055/583 988/1066/594 987/1065/593
f 977/1055/583 978/1056/584 988/1066/594
f 978/1056/584 989/1067/595 988/1066/594
f 978/1056/584 979/1057/585 989/1067/595
f 979/1057/585 990/428/596 989/1067/595
f 979/1057/585 980/1058/586 990/428/596
f 980/1058/586 991/1068/597 990/428/596
f 980/1058/586 981/1059/587 991/1068/597
f 981/1059/587 992/1069/598 991/1068/597
f 981/1059/587 982/1060/588 992/1069/598
f 982/1060/588 993/1070/599 992/1069/598
f 982/1060/588 983/1061/589 993/1070/599
f 983/1061/589 994/1071/600 993/1070/599
f 983/1061/589 984/1062/590 994/1071/600
f 984/1062/590 986/435/592 994/1071/600
f 984/1062/590 976/1063/582 986/435/592
f 986/422/592 995/1072/601 996/1073/602
f 986/422/592 985/1064/591 995/1072/601
f 985/1064/591 997/1074/603 995/1072/601
f 985/1064/591 987/1065/593 997/1074/603
f 987/1065/593 998/1075/604 997/1074/603
f 987/1065/593 988/1066/594 998/1075/604
f 988/1066/594 999/1076/605 998/1075/604
f 988/1066/594 989/1067/595 999/1076/605
f 989/1067/595 1000/1077/606 999/1076/605
f 989/1067/595 990/428/596 1000/1077/606
f 990/428/596 1001/1078/607 1000/1077/606
f 990/428/596 991/1068/597 1001/1078/607
f 991/1068/597 1002/1079/608 1001/1078/607
f 991/1068/597 992/1069/598 1002/1079/608
f 992/1069/598 1003/1080/609 1002/1079/608
f 992/1069/598 993/1070/599 1003/1080/609
f 993/1070/599 1004/1081/610 1003/1080/609
f 993/1070/599 994/1071/600 1004/1081/610
f 994/1071/600 996/1082/602 1004/1081/610
f 994/1071/600 986/435/592 996/1082/602
f 996/1073/602 1005/1083/611 1006/1084/612
f 996/1073/602 995/1072/601 1005/1083/611
f 995/1072/601 1007/1085/613 1005/1083/611
f 995/1072/601 997/1074/603 1007/1085/613
f 997/1074/603 1008/1086/614 1007/1085/613
f 997/1074/603 998/1075/604 1008/1086/614
f 998/1075/604 1009/1087/615 1008/1086/614
f 998/1075/604 999/1076/605 1009/1087/615
f 999/1076/605 1010/1088/616 1009/1087/615
f 999/1076/605 1000/1077/606 1010/1088/616
f 1000/1077/606 1011/1089/617 1010/1088/616
f 1000/1077/606 1001/1078/607 1011/1089/617
f 1001/1078/607 1012/1090/618 1011/1089/617
f 1001/1078/607 1002/1079/608 1012/1090/618
f 1002/1079/608 1013/1091/619 1012/1090/618
f 1002/1079/608 1003/1080/609 1013/1091/619
f 1003/1080/609 1014/1092/620 1013/1091/619
f 1003/1080/609 1004/1081/610 1014/1092/620
f 1004/1081/610 1006/1093/612 1014/1092/620
f 1004/1081/610 996/1082/602 1006/1093/612
f 1006/1084/612 1015/1094/621 1016/1095/622
f 1006/1084/612 1005/1083/611 1015/1094/621
f 1005/1083/611 1017/1096/623 1015/1094/621
f 1005/1083/611 1007/1085/613 1017/1096/623
f 1007/1085/613 1018/1097/624 1017/1096/623
f 1007/1085/613 1008/1086/614 1018/1097/624
f 1008/1086/614 1019/1098/625 1018/1097/624
f 1008/1086/614 1009/1087/615 1019/1098/625
f 1009/1087/615 1020/1099/626 1019/1098/625
f 1009/1087/615 1010/1088/616 1020/1099/626
f 1010/1088/616 1021/1100/627 1020/1099/626
f 1010/1088/616 1011/1089/617 1021/1100/627
f 1011/1089/617 1022/1101/628 1021/1100/627
f 1011/1089/617 1012/1090/618 1022/1101/628
f 1012/1090/618 1023/1102/629 1022/1101/628
f 1012/1090/618 1013/1091/619 1023/1102/629
f 1013/1091/619 1024/1103/630 1023/1102/629
f 1013/1091/619 1014/1092/620 1024/1103/630
f 1014/1092/620 1016/1104/622 1024/1103/630
f 1014/1092/620 1006/1093/612 1016/1104/622
f 1016/1095/622 1025/1105/631 1026/1106/632
f 1016/1095/622 1015/1094/621 1025/1105/631
f 1015/1094/621 1027/1107/633 1025/1105/631
f 1015/1094/621 1017/1096/623 1027/1107/633
f 1017/1096/623 1028/1108/634 1027/1107/633
f 1017/1096/623 1018/1097/624 1028/1108/634
f 1018/1097/624 1029/1109/635 1028/1108/634
f 1018/1097/624 1019/1098/625 1029/1109/635
f 1019/1098/625 1030/1110/636 1029/1109/635
f 1019/1098/625 1020/1099/626 1030/1110/636
f 1020/1099/626 1031/1111/637 1030/1110/636
f 1020/1099/626 1021/1100/627 1031/1111/637
f 1021/1100/627 1032/1112/638 1031/1111/637
f 1021/1100/627 1022/1101/628 1032/1112/638
f 1022/1101/628 1033/1113/639 1032/1112/638
f 1022/1101/628 1023/1102/629 1033/1113/639
f 1023/1102/629 1034/1114/640 1033/1113/639
f 1023/1102/629 1024/1103/630 1034/1114/640
f 1024/1103/630 1026/1115/632 1034/1114/640
f 1024/1103/630 1016/1104/622 1026/1115/632
f 1026/1106/632 1035/1116/641 1036/527/642
f 1026/1106/632 1025/1105/631 1035/1116/641
f 1025/1105/631 1037/1117/643 1035/1116/641
f 1025/1105/631 1027/1107/633 1037/1117/643
f 1027/1107/633 1038/1118/644 1037/1117/643
f 1027/1107/633 1028/1108/634 1038/1118/644
f 1028/1108/634 1039/1119/645 1038/1118/644
f 1028/1108/634 1029/1109/635 1039/1119/645
f 1029/1109/635 1040/533/646 1039/1119/645
f 1029/1109/635 1030/1110/636 1040/533/646
f 1030/1110/636 1041/1120/647 1040/533/646
f 1030/1110/636 1031/1111/637 1041/1120/647
f 1031/1111/637 1042/1121/648 1041/1120/647
f 1031/1111/637 1032/1112/638 1042/1121/648
f 1032/1112/638 1043/1122/649 1042/1121/648
f 1032/1112/638 1033/1113/639 1043/1122/649
f 1033/1113/639 1044/1123/650 1043/1122/649
f 1033/1113/639 1034/1114/640 1044/1123/650
f 1034/1114/640 1036/540/642 1044/1123/650
f 1034/1114/640 1026/1115/632 1036/540/642
f 1036/527/642 1045/1124/651 1046/1125/652
f 1036/527/642 1035/1116/641 1045/1124/651
f 1035/1116/641 1047/1126/653 1045/1124/651
f 1035/1116/641 1037/1117/643 1047/1126/653
f 1037/1117/643 1048/1127/654 1047/1126/653
f 1037/1117/643 1038/1118/644 1048/1127/654
f 1038/1118/644 1049/1128/655 1048/1127/654
f 1038/1118/644 1039/1119/645 1049/1128/655
f 1039/1119/645 1050/1129/656 1049/1128/655
f 1039/1119/645 1040/533/646 1050/1129/656
f 1040/533/646 1051/1130/657 1050/1129/656
f 1040/533/646 1041/1120/647 1051/1130/657
f 1041/1120/647 1052/1131/658 1051/1130/657
f 1041/1120/647 1042/1121/648 1052/1131/658
f 1042/1121/648 1053/1132/659 1052/1131/658
f 1042/1121/648 1043/1122/649 1053/1132/659
f 1043/1122/649 1054/1133/660 1053/1132/659
f 1043/1122/649 1044/1123/650 1054/1133/660
f 1044/1123/650 1046/1134/652 1054/1133/660
f 1044/1123/650 1036/540/642 1046/1134/652
f 1046/1125/652 1055/1135/661 1056/1136/662
f 1046/1125/652 1045/1124/651 1055/1135/661
f 1045/1124/651 1057/1137/663 1055/1135/661
f 1045/1124/651 1047/1126/653 1057/1137/663
f 1047/1126/653 1058/1138/664 1057/1137/663
f 1047/1126/653 1048/1127/654 1058/1138/664
f 1048/1127/654 1059/1139/665 1058/1138/664
f 1048/1127/654 1049/1128/655 1059/1139/665
f 1049/1128/655 1060/1140/666 1059/1139/665
f 1049/1128/655 1050/1129/656 1060/1140/666
f 1050/1129/656 1061/1141/667 1060/1140/666
f 1050/1129/656 1051/1130/657 1061/1141/667
f 1051/1130/657 1062/1142/668 1061/1141/667
f 1051/1130/657 1052/1131/658 1062/1142/668
f 1052/1131/658 1063/1143/669 1062/1142/668
f 1052/1131/658 1053/1132/659 1063/1143/669
f 1053/1132/659 1064/1144/670 1063/1143/669
f 1053/1132/659 1054/1133/660 1064/1144/670
f 1054/1133/660 1056/1145/662 1064/1144/670
f 1054/1133/660 1046/1134/652 1056/1145/662
f 1056/1136/662 1065/1146/671 1066/1147/672
f 1056/1136/662 1055/1135/661 1065/1146/671
f 1055/1135/661 1067/1148/673 1065/1146/671
f 1055/1135/661 1057/1137/663 1067/1148/673
f 1057/1137/663 1068/1149/674 1067/1148/673
f 1057/1137/663 1058/1138/664 1068/1149/674
f 1058/1138/664 1069/1150/675 1068/1149/674
f 1058/1138/664 1059/1139/665 1069/1150/675
f 1059/1139/665 1070/1151/676 1069/1150/675
f 1059/1139/665 1060/1140/666 1070/1151/676
f 1060/1140/666 1071/1152/677 1070/1151/676
f 1060/1140/666 1061/1141/667 1071/1152/677
f 1061/1141/667 1072/1153/678 1071/1152/677
f 1061/1141/667 1062/1142/668 1072/1153/678
f 1062/1142/668 1073/1154/679 1072/1153/678
f 1062/1142/668 1063/1143/669 1073/1154/679
f 1063/1143/669 1074/1155/680 1073/1154/679
f 1063/1143/669 1064/1144/670 1074/1155/680
f 1064/1144/670 1066/1156/672 1074/1155/680
f 1064/1144/670 1056/1145/662 1066/1156/672
f 1066/1147/672 1075/1157/681 1076/1158/682
f 1066/1147/672 1065/1146/671 1075/1157/681
f 1065/1146/671 1077/1159/683 1075/1157/681
f 1065/1146/671 1067/1148/673 1077/1159/683
f 1067/1148/673 1078/1160/684 1077/1159/683
f 1067/1148/673 1068/1149/674 1078/1160/684
f 1068/1149/674 1079/1161/685 1078/1160/684
f 1068/1149/674 1069/1150/675 1079/1161/685
f 1069/1150/675 1080/1162/686 1079/1161/685
f 1069/1150/675 1070/1151/676 1080/1162/686
f 1070/1151/676 1081/1163/687 1080/1162/686
f 1070/1151/676 1071/1152/677 1081/1163/687
f 1071/1152/677 1082/1164/688 1081/1163/687
f 1071/1152/677 1072/1153/678 1082/1164/688
f 1072/1153/678 1083/1165/689 1082/1164/688
f 1072/1153/678 1073/1154/679 1083/1165/689
f 1073/1154/679 1084/1166/690 1083/1165/689
f 1073/1154/679 1074/1155/680 1084/1166/690
f 1074/1155/680 1076/1167/682 1084/1166/690
f 1074/1155/680 1066/1156/672 1076/1167/682
f 1076/1158/682 1085/1168/691 1086/632/692
f 1076/1158/682 1075/1157/681 1085/1168/691
f 1075/1157/681 1087/1169/693 1085/1168/691
f 1075/1157/681 1077/1159/683 1087/1169/693
f 1077/1159/683 1088/1170/694 1087/1169/693
f 1077/1159/683 1078/1160/684 1088/1170/694
f 1078/1160/684 1089/1171/695 1088/1170/694
f 1078/1160/684 1079/1161/685 1089/1171/695
f 1079/1161/685 1090/638/696 1089/1171/695
f 1079/1161/685 1080/1162/686 1090/638/696
f 1080/1162/686 1091/1172/697 1090/638/696
f 1080/1162/686 1081/1163/687 1091/1172/697
f 1081/1163/687 1092/1173/698 1091/1172/697
f 1081/1163/687 1082/1164/688 1092/1173/698
f 1082/1164/688 1093/1174/699 1092/1173/698
f 1082/1164/688 1083/1165/689 1093/1174/699
f 1083/1165/689 1094/1175/700 1093/1174/699
f 1083/1165/689 1084/1166/690 1094/1175/700
f 1084/1166/690 1086/645/692 1094/1175/700
f 1084/1166/690 1076/1167/682 1086/645/692
f 1086/632/692 1095/1176/701 1096/1177/702
f 1086/632/692 1085/1168/691 1095/1176/701
f 1085/1168/691 1097/1178/703 1095/1176/701
f 1085/1168/691 1087/1169/693 1097/1178/703
f 1087/1169/693 1098/1179/704 1097/1178/703
f 1087/1169/693 1088/1170/694 1098/1179/704
f 1088/1170/694 1099/1180/705 1098/1179/704
f 1088/1170/694 1089/1171/695 1099/1180/705
f 1089/1171/695 1100/1181/706 1099/1180/705
f 1089/1171/695 1090/638/696 1100/1181/706
f 1090/638/696 1101/1182/707 1100/1181/706
f 1090/638/696 1091/1172/697 1101/1182/707
f 1091/1172/697 1102/1183/708 1101/1182/707
f 1091/1172/697 1092/1173/698 1102/1183/708
f 1092/1173/698 1103/1184/709 1102/1183/708
f 1092/1173/698 1093/1174/699 1103/1184/709
f 1093/1174/699 1104/1185/710 1103/1184/709
f 1093/1174/699 1094/1175/700 1104/1185/710
f 1094/1175/700 1096/1186/702 1104/1185/710
f 1094/1175/700 1086/645/692 1096/1186/702
f 1096/1177/702 1105/1187/711 1106/1188/712
f 1096/1177/702 1095/1176/701 1105/1187/711
f 1095/1176/701 1107/1189/713 1105/1187/711
f 1095/1176/701 1097/1178/703 1107/1189/713
f 1097/1178/703 1108/1190/714 1107/1189/713
f 1097/1178/703 1098/1179/704 1108/1190/714
f 1098/1179/704 1109/1191/715 1108/1190/714
f 1098/1179/704 1099/1180/705 1109/1191/715
f 1099/1180/705 1110/1192/716 1109/1191/715
f 1099/1180/705 1100/1181/706 1110/1192/716
f 1100/1181/706 1111/1193/717 1110/1192/716
f 1100/1181/706 1101/1182/707 1111/1193/717
f 1101/1182/707 1112/1194/718 1111/1193/717
f 1101/1182/707 1102/1183/708 1112/1194/718
f 1102/1183/708 1113/1195/719 1112/1194/718
f 1102/1183/708 1103/1184/709 1113/1195/719
f 1103/1184/709 1114/1196/720 1113/1195/719
f 1103/1184/709 1104/1185/710 1114/1196/720
f 1104/1185/710 1106/1197/712 1114/1196/720
f 1104/1185/710 1096/1186/702 1106/1197/712
f 1106/1188/712 1115/1198/721 1116/1199/722
f 1106/1188/712 1105/1187/711 1115/1198/721
f 1105/1187/711 1117/1200/723 1115/1198/721
f 1105/1187/711 1107/1189/713 1117/1200/723
f 1107/1189/713 1118/1201/724 1117/1200/723
f 1107/1189/713 1108/1190/714 1118/1201/724
f 1108/1190/714 1119/1202/725 1118/1201/724
f 1108/1190/714 1109/1191/715 1119/1202/725
f 1109/1191/715 1120/1203/726 1119/1202/725
f 1109/1191/715 1110/1192/716 1120/1203/726
f 1110/1192/716 1121/1204/727 1120/1203/726
f 1110/1192/716 1111/1193/717 1121/1204/727
f 1111/1193/717 1122/1205/728 1121/1204/727
f 1111/1193/717 1112/1194/718 1122/1205/728
f 1112/1194/718 1123/1206/729 1122/1205/728
f 1112/1194/718 1113/1195/719 1123/1206/729
f 1113/1195/719 1124/1207/730 1123/1206/729
f 1113/1195/719 1114/1196/720 1124/1207/730
f 1114/1196/720 1116/1208/722 1124/1207/730
f 1114/1196/720 1106/1197/712 1116/1208/722
f 1116/1199/722 1125/1209/731 1126/1210/732
f 1116/1199/722 1115/1198/721 1125/1209/731
f 1115/1198/721 1127/1211/733 1125/1209/731
f 1115/1198/721 1117/1200/723 1127/1211/733
f 1117/1200/723 1128/1212/734 1127/1211/733
f 1117/1200/723 1118/1201/724 1128/1212/734
f 1118/1201/724 1129/1213/735 1128/1212/734
f 1118/1201/724 1119/1202/725 1129/1213/735
f 1119/1202/725 1130/1214/736 1129/1213/735
f 1119/1202/725 1120/1203/726 1130/1214/736
f 1120/1203/726 1131/1215/737 1130/1214/736
f 1120/1203/726 1121/1204/727 1131/1215/737
f 1121/1204/727 1132/1216/738 1131/1215/737
f 1121/1204/727 1122/1205/728 1132/1216/738
f 1122/1205/728 1133/1217/739 1132/1216/738
f 1122/1205/728 1123/1206/729 1133/1217/739
f 1123/1206/729 1134/1218/740 1133/1217/739
f 1123/1206/729 1124/1207/730 1134/1218/740
f 1124/1207/730 1126/1219/732 1134/1218/740
f 1124/1207/730 1116/1208/722 1126/1219/732
f 1126/1210/732 1135/1220/741 1136/737/742
f 1126/1210/732 1125/1209/731 1135/1220/741
f 1125/1209/731 1137/1221/743 1135/1220/741
f 1125/1209/731 1127/1211/733 1137/1221/743
f 1127/1211/733 1138/1222/744 1137/1221/743
f 1127/1211/733 1128/1212/734 1138/1222/744
f 1128/1212/734 1139/1223/745 1138/1222/744
f 1128/1212/734 1129/1213/735 1139/1223/745
f 1129/1213/735 1140/743/746 1139/1223/745
f 1129/1213/735 1130/1214/736 1140/743/746
f 1130/1214/736 1141/1224/747 1140/743/746
f 1130/1214/736 1131/1215/737 1141/1224/747
f 1131/1215/737 1142/1225/748 1141/1224/747
f 1131/1215/737 1132/1216/738 1142/1225/748
f 1132/1216/738 1143/1226/749 1142/1225/748
f 1132/1216/738 1133/1217/739 1143/1226/749
f 1133/1217/739 1144/1227/750 1143/1226/749
f 1133/1217/739 1134/1218/740 1144/1227/750
f 1134/1218/740 1136/750/742 1144/1227/750
f 1134/1218/740 1126/1219/732 1136/750/742
f 1136/737/742 1145/1228/751 1146/1229/752
f 1136/737/742 1135/1220/741 1145/1228/751
f 1135/1220/741 1147/1230/753 1145/1228/751
f 1135/1220/741 1137/1221/743 1147/1230/753
f 1137/1221/743 1148/1231/754 1147/1230/753
f 1137/1221/743 1138/1222/744 1148/1231/754
f 1138/1222/744 1149/1232/755 1148/1231/754
f 1138/1222/744 1139/1223/745 1149/1232/755
f 1139/1223/745 1150/1233/756 1149/1232/755
f 1139/1223/745 1140/743/746 1150/1233/756
f 1140/743/746 1151/1234/757 1150/1233/756
f 1140/743/746 1141/1224/747 1151/1234/757
f 1141/1224/747 1152/1235/758 1151/1234/757
f 1141/1224/747 1142/1225/748 1152/1235/758
f 1142/1225/748 1153/1236/759 1152/1235/758
f 1142/1225/748 1143/1226/749 1153/1236/759
f 1143/1226/749 1154/1237/760 1153/1236/759
f 1143/1226/749 1144/1227/750 1154/1237/760
f 1144/1227/750 1146/1238/752 1154/1237/760
f 1144/1227/750 1136/750/742 1146/1238/752
f 1146/1229/752 1155/1239/761 1156/1240/762
f 1146/1229/752 1145/1228/751 1155/1239/761
f 1145/1228/751 1157/1241/763 1155/1239/761
f 1145/1228/751 1147/1230/753 1157/1241/763
f 1147/1230/753 1158/1242/764 1157/1241/763
f 1147/1230/753 1148/1231/754 1158/1242/764
f 1148/1231/754 1159/1243/765 1158/1242/764
f 1148/1231/754 1149/1232/755 1159/1243/765
f 1149/1232/755 1160/1244/766 1159/1243/765
f 1149/1232/755 1150/1233/756 1160/1244/766
f 1150/1233/756 1161/1245/767 1160/1244/766
f 1150/1233/756 1151/1234/757 1161/1245/767
f 1151/1234/757 1162/1246/768 1161/1245/767
f 1151/1234/757 1152/1235/758 1162/1246/768
f 1152/1235/758 1163/1247/769 1162/1246/768
f 1152/1235/758 1153/1236/759 1163/1247/769
f 1153/1236/759 1164/1248/770 1163/1247/769
f 1153/1236/759 1154/1237/760 1164/1248/770
f 1154/1237/760 1156/1249/762 1164/1248/770
f 1154/1237/760 1146/1238/752 1156/1249/762
f 1156/1240/762 1165/1250/771 1166/1251/772
f 1156/1240/762 1155/1239/761 1165/1250/771
f 1155/1239/761 1167/1252/773 1165/1250/771
f 1155/1239/761 1157/1241/763 1167/1252/773
f 1157/1241/763 1168/1253/774 1167/1252/773
f 1157/1241/763 1158/1242/764 1168/1253/774
f 1158/1242/764 1169/1254/775 1168/1253/774
f 1158/1242/764 1159/1243/765 1169/1254/775
f 1159/1243/765 1170/1255/776 1169/1254/775
f 1159/1243/765 1160/1244/766 1170/1255/776
f 1160/1244/766 1171/1256/777 1170/1255/776
f 1160/1244/766 1161/1245/767 1171/1256/777
f 1161/1245/767 1172/1257/778 1171/1256/777
f 1161/1245/767 1162/1246/768 1172/1257/778
f 1162/1246/768 1173/1258/779 1172/1257/778
f 1162/1246/768 1163/1247/769 1173/1258/779
f 1163/1247/769 1174/1259/780 1173/1258/779
f 1163/1247/769 1164/1248/770 1174/1259/780
f 1164/1248/770 1166/1260/772 1174/1259/780
f 1164/1248/770 1156/1249/762 1166/1260/772
f 1166/1251/772 1175/1261/781 1176/1262/782
f 1166/1251/772 1165/1250/771 1175/1261/781
f 1165/1250/771 1177/1263/783 1175/1261/781
f 1165/1250/771 1167/1252/773 1177/1263/783
f 1167/1252/773 1178/1264/784 1177/1263/783
f 1167/1252/773 1168/1253/774 1178/1264/784
f 1168/1253/774 1179/1265/785 1178/1264/784
f 1168/1253/774 1169/1254/775 1179/1265/785
f 1169/1254/775 1180/1266/786 1179/1265/785
f 1169/1254/775 1170/1255/776 1180/1266/786
f 1170/1255/776 1181/1267/787 1180/1266/786
f 1170/1255/776 1171/1256/777 1181/1267/787
f 1171/1256/777 1182/1268/788 1181/1267/787
f 1171/1256/777 1172/1257/778 1182/1268/788
f 1172/1257/778 1183/1269/789 1182/1268/788
f 1172/1257/778 1173/1258/779 1183/1269/789
f 1173/1258/779 1184/1270/790 1183/1269/789
f 1173/1258/779 1174/1259/780 1184/1270/790
f 1174/1259/780 1176/1271/782 1184/1270/790
f 1174/1259/780 1166/1260/772 1176/1271/782
f 1176/1262/782 1185/1272/791 1186/842/792
f 1176/1262/782 1175/1261/781 1185/1272/791
f 1175/1261/781 1187/1273/793 1185/1272/791
f 1175/1261/781 1177/1263/783 1187/1273/793
f 1177/1263/783 1188/1274/794 1187/1273/793
f 1177/1263/783 1178/1264/784 1188/1274/794
f 1178/1264/784 1189/1275/795 1188/1274/794
f 1178/1264/784 1179/1265/785 1189/1275/795
f 1179/1265/785 1190/848/796 1189/1275/795
f 1179/1265/785 1180/1266/786 1190/848/796
f 1180/1266/786 1191/1276/797 1190/848/796
f 1180/1266/786 1181/1267/787 1191/1276/797
f 1181/1267/787 1192/1277/798 1191/1276/797
f 1181/1267/787 1182/1268/788 1192/1277/798
f 1182/1268/788 1193/1278/799 1192/1277/798
f 1182/1268/788 1183/1269/789 1193/1278/799
f 1183/1269/789 1194/1279/800 1193/1278/799
f 1183/1269/789 1184/1270/790 1194/1279/800
f 1184/1270/790 1186/855/792 1194/1279/800
f 1184/1270/790 1176/1271/782 1186/855/792
f 1195/1/1 1196/2/2 1197/3/3
f 1195/1/1 1198/4/4 1196/2/2
f 1198/4/4 1199/5/5 1196/2/2
f 1198/4/4 1200/6/6 1199/5/5
f 1200/6/6 1201/7/7 1199/5/5
f 1200/6/6 1202/8/8 1201/7/7
f 1202/8/8 1203/9/9 1201/7/7
f 1202/8/8 1204/10/10 1203/9/9
f 1204/10/10 1205/11/11 1203/9/9
f 1204/10/10 1206/12/12 1205/11/11
f 1206/12/12 1207/13/13 1205/11/11
f 1206/12/12 1208/14/14 1207/13/13
f 1208/14/14 1209/15/15 1207/13/13
f 1208/14/14 1210/16/16 1209/15/15
f 1210/16/16 1211/17/17 1209/15/15
f 1210/16/16 1212/18/18 1211/17/17
f 1212/18/18 1213/19/19 1211/17/17
f 1212/18/18 1214/20/20 1213/19/19
f 1214/20/20 1215/21/21 1213/19/19
f 1214/20/20 1216/22/22 1215/21/21
f 1216/22/22 1217/23/23 1215/21/21
f 1216/22/22 1218/24/24 1217/23/23
f 1218/24/24 1219/25/25 1217/23/23
f 1218/24/24 1220/26/26 1219/25/25
f 1220/26/26 1221/27/27 1219/25/25
f 1220/26/26 1222/28/28 1221/27/27
f 1222/28/28 1197/29/3 1221/27/27
f 1222/28/28 1195/30/1 1197/29/3
f 1197/3/3 1223/31/29 1224/32/30
f 1197/3/3 1196/2/2 1223/31/29
f 1196/2/2 1225/33/31 1223/31/29
f 1196/2/2 1199/5/5 1225/33/31
f 1199/5/5 1226/34/32 1225/33/31
f 1199/5/5 1201/7/7 1226/34/32
f 1201/7/7 1227/35/33 1226/34/32
f 1201/7/7 1203/9/9 1227/35/33
f 1203/9/9 1228/36/34 1227/35/33
f 1203/9/9 1205/11/11 1228/36/34
f 1205/11/11 1229/37/35 1228/36/34
f 1205/11/11 1207/13/13 1229/37/35
f 1207/13/13 1230/38/36 1229/37/35
f 1207/13/13 1209/15/15 1230/38/36
f 1209/15/15 1231/39/37 1230/38/36
f 1209/15/15 1211/17/17 1231/39/37
f 1211/17/17 1232/40/38 1231/39/37
f 1211/17/17 1213/19/19 1232/40/38
f 1213/19/19 1233/41/39 1232/40/38
f 1213/19/19 1215/21/21 1233/41/39
f 1215/21/21 1234/42/40 1233/41/39
f 1215/21/21 1217/23/23 1234/42/40
f 1217/23/23 1235/43/41 1234/42/40
f 1217/23/23 1219/25/25 1235/43/41
f 1219/25/25 1236/44/42 1235/43/41
f 1219/25/25 1221/27/27 1236/44/42
f 1221/27/27 1224/45/30 1236/44/42
f 1221/27/27 1197/29/3 1224/45/30
f 1224/32/30 1237/46/43 1238/47/44
f 1224/32/30 1223/31/29 1237/46/43
f 1223/31/29 1239/48/45 1237/46/43
f 1223/31/29 1225/33/31 1239/48/45
f 1225/33/31 1240/49/46 1239/48/45
f 1225/33/31 1226/34/32 1240/49/46
f 1226/34/32 1241/50/47 1240/49/46
f 1226/34/32 1227/35/33 1241/50/47
f 1227/35/33 1242/51/48 1241/50/47
f 1227/35/33 1228/36/34 1242/51/48
f 1228/36/34 1243/52/49 1242/51/48
f 1228/36/34 1229/37/35 1243/52/49
f 1229/37/35 1244/53/50 1243/52/49
f 1229/37/35 1230/38/36 1244/53/50
f 1230/38/36 1245/54/51 1244/53/50
f 1230/38/36 1231/39/37 1245/54/51
f 1231/39/37 1246/55/52 1245/54/51
f 1231/39/37 1232/40/38 1246/55/52
f 1232/40/38 1247/56/53 1246/55/52
f 1232/40/38 1233/41/39 1247/56/53
f 1233/41/39 1248/57/54 1247/56/53
f 1233/41/39 1234/42/40 1248/57/54
f 1234/42/40 1249/58/55 1248/57/54
f 1234/42/40 1235/43/41 1249/58/55
f 1235/43/41 1250/59/56 1249/58/55
f 1235/43/41 1236/44/42 1250/59/56
f 1236/44/42 1238/60/44 1250/59/56
f 1236/44/42 1224/45/30 1238/60/44
f 1238/47/44 1251/61/57 1252/62/58
f 1238/47/44 1237/46/43 1251/61/57
f 1237/46/43 1253/63/59 1251/61/57
f 1237/46/43 1239/48/45 1253/63/59
f 1239/48/45 1254/64/60 1253/63/59
f 1239/48/45 1240/49/46 1254/64/60
f 1240/49/46 1255/65/61 1254/64/60
f 1240/49/46 1241/50/47 1255/65/61
f 1241/50/47 1256/66/62 1255/65/61
f 1241/50/47 1242/51/48 1256/66/62
f 1242/51/48 1257/67/63 1256/66/62
f 1242/51/48 1243/52/49 1257/67/63
f 1243/52/49 1258/68/64 1257/67/63
f 1243/52/49 1244/53/50 1258/68/64
f 1244/53/50 1259/69/65 1258/68/64
f 1244/53/50 1245/54/51 1259/69/65
f 1245/54/51 1260/70/66 1259/69/65
f 1245/54/51 1246/55/52 1260/70/66
f 1246/55/52 1261/71/67 1260/70/66
f 1246/55/52 1247/56/53 1261/71/67
f 1247/56/53 1262/72/68 1261/71/67
f 1247/56/53 1248/57/54 1262/72/68
f 1248/57/54 1263/73/69 1262/72/68
f 1248/57/54 1249/58/55 1263/73/69
f 1249/58/55 1264/74/70 1263/73/69
f 1249/58/55 1250/59/56 1264/74/70
f 1250/59/56 1252/75/58 1264/74/70
f 1250/59/56 1238/60/44 1252/75/58
f 1252/62/58 1265/76/71 1266/77/72
f 1252/62/58 1251/61/57 1265/76/71
f 1251/61/57 1267/78/73 1265/76/71
f 1251/61/57 1253/63/59 1267/78/73
f 1253/63/59 1268/79/74 1267/78/73
f 1253/63/59 1254/64/60 1268/79/74
f 1254/64/60 1269/80/75 1268/79/74
f 1254/64/60 1255/65/61 1269/80/75
f 1255/65/61 1270/81/76 1269/80/75
f 1255/65/61 1256/66/62 1270/81/76
f 1256/66/62 1271/82/77 1270/81/76
f 1256/66/62 1257/67/63 1271/82/77
f 1257/67/63 1272/83/78 1271/82/77
f 1257/67/63 1258/68/64 1272/83/78
f 1258/68/64 1273/84/79 1272/83/78
f 1258/68/64 1259/69/65 1273/84/79
f 1259/69/65 1274/85/80 1273/84/79
f 1259/69/65 1260/70/66 1274/85/80
f 1260/70/66 1275/86/81 1274/85/80
f 1260/70/66 1261/71/67 1275/86/81
f 1261/71/67 1276/87/82 1275/86/81
f 1261/71/67 1262/72/68 1276/87/82
f 1262/72/68 1277/88/83 1276/87/82
f 1262/72/68 1263/73/69 1277/88/83
f 1263/73/69 1278/89/84 1277/88/83
f 1263/73/69 1264/74/70 1278/89/84
f 1264/74/70 1266/90/72 1278/89/84
f 1264/74/70 1252/75/58 1266/90/72
f 1266/77/72 1279/91/85 1280/92/86
f 1266/77/72 1265/76/71 1279/91/85
f 1265/76/71 1281/93/87 1279/91/85
f 1265/76/71 1267/78/73 1281/93/87
f 1267/78/73 1282/94/88 1281/93/87
f 1267/78/73 1268/79/74 1282/94/88
f 1268/79/74 1283/95/89 1282/94/88
f 1268/79/74 1269/80/75 1283/95/89
f 1269/80/75 1284/96/90 1283/95/89
f 1269/80/75 1270/81/76 1284/96/90
f 1270/81/76 1285/97/91 1284/96/90
f 1270/81/76 1271/82/77 1285/97/91
f 1271/82/77 1286/98/92 1285/97/91
f 1271/82/77 1272/83/78 1286/98/92
f 1272/83/78 1287/99/93 1286/98/92
f 1272/83/78 1273/84/79 1287/99/93
f 1273/84/79 1288/100/94 1287/99/93
f 1273/84/79 1274/85/80 1288/100/94
f 1274/85/80 1289/101/95 1288/100/94
f 1274/85/80 1275/86/81 1289/101/95
f 1275/86/81 1290/102/96 1289/101/95
f 1275/86/81 1276/87/82 1290/102/96
f 1276/87/82 1291/103/97 1290/102/96
f 1276/87/82 1277/88/83 1291/103/97
f 1277/88/83 1292/104/98 1291/103/97
f 1277/88/83 1278/89/84 1292/104/98
f 1278/89/84 1280/105/86 1292/104/98
f 1278/89/84 1266/90/72 1280/105/86
f 1280/92/86 1293/106/99 1294/107/100
f 1280/92/86 1279/91/85 1293/106/99
f 1279/91/85 1295/108/101 1293/106/99
f 1279/91/85 1281/93/87 1295/108/101
f 1281/93/87 1296/109/102 1295/108/101
f 1281/93/87 1282/94/88 1296/109/102
f 1282/94/88 1297/110/103 1296/109/102
f 1282/94/88 1283/95/89 1297/110/103
f 1283/95/89 1298/111/104 1297/110/103
f 1283/95/89 1284/96/90 1298/111/104
f 1284/96/90 1299/112/105 1298/111/104
f 1284/96/90 1285/97/91 1299/112/105
f 1285/97/91 1300/113/106 1299/112/105
f 1285/97/91 1286/98/92 1300/113/106
f 1286/98/92 1301/114/107 1300/113/106
f 1286/98/92 1287/99/93 1301/114/107
f 1287/99/93 1302/115/108 1301/114/107
f 1287/99/93 1288/100/94 1302/115/108
f 1288/100/94 1303/116/109 1302/115/108
f 1288/100/94 1289/101/95 1303/116/109
f 1289/101/95 1304/117/110 1303/116/109
f 1289/101/95 1290/102/96 1304/117/110
f 1290/102/96 1305/118/111 1304/117/110
f 1290/102/96 1291/103/97 1305/118/111
f 1291/103/97 1306/119/112 1305/118/111
f 1291/103/97 1292/104/98 1306/119/112
f 1292/104/98 1294/120/100 1306/119/112
f 1292/104/98 1280/105/86 1294/120/100
f 1294/107/100 1307/121/113 1308/122/114
f 1294/107/100 1293/106/99 1307/121/113
f 1293/106/99 1309/123/115 1307/121/113
f 1293/106/99 1295/108/101 1309/123/115
f 1295/108/101 1310/124/116 1309/123/115
f 1295/108/101 1296/109/102 1310/124/116
f 1296/109/102 1311/125/117 1310/124/116
f 1296/109/102 1297/110/103 1311/125/117
f 1297/110/103 1312/126/118 1311/125/117
f 1297/110/103 1298/111/104 1312/126/118
f 1298/111/104 1313/127/119 1312/126/118
f 1298/111/104 1299/112/105 1313/127/119
f 1299/112/105 1314/128/120 1313/127/119
f 1299/112/105 1300/113/106 1314/128/120
f 1300/113/106 1315/129/121 1314/128/120
f 1300/113/106 1301/114/107 1315/129/121
f 1301/114/107 1316/130/122 1315/129/121
f 1301/114/107 1302/115/108 1316/130/122
f 1302/115/108 1317/131/123 1316/130/122
f 1302/115/108 1303/116/109 1317/131/123
f 1303/116/109 1318/132/124 1317/131/123
f 1303/116/109 1304/117/110 1318/132/124
f 1304/117/110 1319/133/125 1318/132/124
f 1304/117/110 1305/118/111 1319/133/125
f 1305/118/111 1320/134/126 1319/133/125
f 1305/118/111 1306/119/112 1320/134/126
f 1306/119/112 1308/135/114 1320/134/126
f 1306/119/112 1294/120/100 1308/135/114
f 1308/122/114 1321/136/127 1322/137/128
f 1308/122/114 1307/121/113 1321/136/127
f 1307/121/113 1323/138/129 1321/136/127
f 1307/121/113 1309/123/115 1323/138/129
f 1309/123/115 1324/139/130 1323/138/129
f 1309/123/115 1310/124/116 1324/139/130
f 1310/124/116 1325/140/131 1324/139/130
f 1310/124/116 1311/125/117 1325/140/131
f 1311/125/117 1326/141/132 1325/140/131
f 1311/125/117 1312/126/118 1326/141/132
f 1312/126/118 1327/142/133 1326/141/132
f 1312/126/118 1313/127/119 1327/142/133
f 1313/127/119 1328/143/134 1327/142/133
f 1313/127/119 1314/128/120 1328/143/134
f 1314/128/120 1329/144/135 1328/143/134
f 1314/128/120 1315/129/121 1329/144/135
f 1315/129/121 1330/145/136 1329/144/135
f 1315/129/121 1316/130/122 1330/145/136
f 1316/130/122 1331/146/137 1330/145/136
f 1316/130/122 1317/131/123 1331/146/137
f 1317/131/123 1332/147/138 1331/146/137
f 1317/131/123 1318/132/124 1332/147/138
f 1318/132/124 1333/148/139 1332/147/138
f 1318/132/124 1319/133/125 1333/148/139
f 1319/133/125 1334/149/140 1333/148/139
f 1319/133/125 1320/134/126 1334/149/140
f 1320/134/126 1322/150/128 1334/149/140
f 1320/134/126 1308/135/114 1322/150/128
f 1322/137/128 1335/151/141 1336/152/142
f 1322/137/128 1321/136/127 1335/151/141
f 1321/136/127 1337/153/143 1335/151/141
f 1321/136/127 1323/138/129 1337/153/143
f 1323/138/129 1338/154/144 1337/153/143
f 1323/138/129 1324/139/130 1338/154/144
f 1324/139/130 1339/155/145 1338/154/144
f 1324/139/130 1325/140/131 1339/155/145
f 1325/140/131 1340/156/146 1339/155/145
f 1325/140/131 1326/141/132 1340/156/146
f 1326/141/132 1341/157/147 1340/156/146
f 1326/141/132 1327/142/133 1341/157/147
f 1327/142/133 1342/158/148 1341/157/147
f 1327/142/133 1328/143/134 1342/158/148
f 1328/143/134 1343/159/149 1342/158/148
f 1328/143/134 1329/144/135 1343/159/149
f 1329/144/135 1344/160/150 1343/159/149
f 1329/144/135 1330/145/136 1344/160/150
f 1330/145/136 1345/161/151 1344/160/150
f 1330/145/136 1331/146/137 1345/161/151
f 1331/146/137 1346/162/152 1345/161/151
f 1331/146/137 1332/147/138 1346/162/152
f 1332/147/138 1347/163/153 1346/162/152
f 1332/147/138 1333/148/139 1347/163/153
f 1333/148/139 1348/164/154 1347/163/153
f 1333/148/139 1334/149/140 1348/164/154
f 1334/149/140 1336/165/142 1348/164/154
f 1334/149/140 1322/150/128 1336/165/142
f 1336/152/142 1349/166/155 1350/167/156
f 1336/152/142 1335/151/141 1349/166/155
f 1335/151/141 1351/168/157 1349/166/155
f 1335/151/141 1337/153/143 1351/168/157
f 1337/153/143 1352/169/158 1351/168/157
f 1337/153/143 1338/154/144 1352/169/158
f 1338/154/144 1353/170/159 1352/169/158
f 1338/154/144 1339/155/145 1353/170/159
f 1339/155/145 1354/171/160 1353/170/159
f 1339/155/145 1340/156/146 1354/171/160
f 1340/156/146 1355/172/161 1354/171/160
f 1340/156/146 1341/157/147 1355/172/161
f 1341/157/147 1356/173/162 1355/172/161
f 1341/157/147 1342/158/148 1356/173/162
f 1342/158/148 1357/174/163 1356/173/162
f 1342/158/148 1343/159/149 1357/174/163
f 1343/159/149 1358/175/164 1357/174/163
f 1343/159/149 1344/160/150 1358/175/164
f 1344/160/150 1359/176/165 1358/175/164
f 1344/160/150 1345/161/151 1359/176/165
f 1345/161/151 1360/177/166 1359/176/165
f 1345/161/151 1346/162/152 1360/177/166
f 1346/162/152 1361/178/167 1360/177/166
f 1346/162/152 1347/163/153 1361/178/167
f 1347/163/153 1362/179/168 1361/178/167
f 1347/163/153 1348/164/154 1362/179/168
f 1348/164/154 1350/180/156 1362/179/168
f 1348/164/154 1336/165/142 1350/180/156
f 1350/167/156 1363/181/169 1364/182/170
f 1350/167/156 1349/166/155 1363/181/169
f 1349/166/155 1365/183/171 1363/181/169
f 1349/166/155 1351/168/157 1365/183/171
f 1351/168/157 1366/184/172 1365/183/171
f 1351/168/157 1352/169/158 1366/184/172
f 1352/169/158 1367/185/173 1366/184/172
f 1352/169/158 1353/170/159 1367/185/173
f 1353/170/159 1368/186/174 1367/185/173
f 1353/170/159 1354/171/160 1368/186/174
f 1354/171/160 1369/187/175 1368/186/174
f 1354/171/160 1355/172/161 1369/187/175
f 1355/172/161 1370/188/176 1369/187/175
f 1355/172/161 1356/173/162 1370/188/176
f 1356/173/162 1371/189/177 1370/188/176
f 1356/173/162 1357/174/163 1371/189/177
f 1357/174/163 1372/190/178 1371/189/177
f 1357/174/163 1358/175/164 1372/190/178
f 1358/175/164 1373/191/179 1372/190/178
f 1358/175/164 1359/176/165 1373/191/179
f 1359/176/165 1374/192/180 1373/191/179
f 1359/176/165 1360/177/166 1374/192/180
f 1360/177/166 1375/193/181 1374/192/180
f 1360/177/166 1361/178/167 1375/193/181
f 1361/178/167 1376/194/182 1375/193/181
f 1361/178/167 1362/179/168 1376/194/182
f 1362/179/168 1364/195/170 1376/194/182
f 1362/179/168 1350/180/156 1364/195/170
f 1364/182/170 1377/196/183 1378/197/184
f 1364/182/170 1363/181/169 1377/196/183
f 1363/181/169 1379/198/185 1377/196/183
f 1363/181/169 1365/183/171 1379/198/185
f 1365/183/171 1380/199/186 1379/198/185
f 1365/183/171 1366/184/172 1380/199/186
f 1366/184/172 1381/200/187 1380/199/186
f 1366/184/172 1367/185/173 1381/200/187
f 1367/185/173 1382/201/188 1381/200/187
f 1367/185/173 1368/186/174 1382/201/188
f 1368/186/174 1383/202/189 1382/201/188
f 1368/186/174 1369/187/175 1383/202/189
f 1369/187/175 1384/203/190 1383/202/189
f 1369/187/175 1370/188/176 1384/203/190
f 1370/188/176 1385/204/191 1384/203/190
f 1370/188/176 1371/189/177 1385/204/191
f 1371/189/177 1386/205/192 1385/204/191
f 1371/189/177 1372/190/178 1386/205/192
f 1372/190/178 1387/206/193 1386/205/192
f 1372/190/178 1373/191/179 1387/206/193
f 1373/191/179 1388/207/194 1387/206/193
f 1373/191/179 1374/192/180 1388/207/194
f 1374/192/180 1389/208/195 1388/207/194
f 1374/192/180 1375/193/181 1389/208/195
f 1375/193/181 1390/209/196 1389/208/195
f 1375/193/181 1376/194/182 1390/209/196
f 1376/194/182 1378/210/184 1390/209/196
f 1376/194/182 1364/195/170 1378/210/184
f 1378/197/184 1391/211/197 1392/212/198
f 1378/197/184 1377/196/183 1391/211/197
f 1377/196/183 1393/213/199 1391/211/197
f 1377/196/183 1379/198/185 1393/213/199
f 1379/198/185 1394/214/200 1393/213/199
f 1379/198/185 1380/199/186 1394/214/200
f 1380/199/186 1395/215/201 1394/214/200
f 1380/199/186 1381/200/187 1395/215/201
f 1381/200/187 1396/216/202 1395/215/201
f 1381/200/187 1382/201/188 1396/216/202
f 1382/201/188 1397/217/203 1396/216/202
f 1382/201/188 1383/202/189 1397/217/203
f 1383/202/189 1398/218/204 1397/217/203
f 1383/202/189 1384/203/190 1398/218/204
f 1384/203/190 1399/219/205 1398/218/204
f 1384/203/190 1385/204/191 1399/219/205
f 1385/204/191 1400/220/206 1399/219/205
f 1385/204/191 1386/205/192 1400/220/206
f 1386/205/192 1401/221/207 1400/220/206
f 1386/205/192 1387/206/193 1401/221/207
f 1387/206/193 1402/222/208 1401/221/207
f 1387/206/193 1388/207/194 1402/222/208
f 1388/207/194 1403/223/209 1402/222/208
f 1388/207/194 1389/208/195 1403/223/209
f 1389/208/195 1404/224/210 1403/223/209
f 1389/208/195 1390/209/196 1404/224/210
f 1390/209/196 1392/225/198 1404/224/210
f 1390/209/196 1378/210/184 1392/225/198
f 1392/212/198 1405/226/211 1406/227/212
f 1392/212/198 1391/211/197 1405/226/211
f 1391/211/197 1407/228/213 1405/226/211
f 1391/211/197 1393/213/199 1407/228/213
f 1393/213/199 1408/229/214 1407/228/213
f 1393/213/199 1394/214/200 1408/229/214
f 1394/214/200 1409/230/215 1408/229/214
f 1394/214/200 1395/215/201 1409/230/215
f 1395/215/201 1410/231/216 1409/230/215
f 1395/215/201 1396/216/202 1410/231/216
f 1396/216/202 1411/232/217 1410/231/216
f 1396/216/202 1397/217/203 1411/232/217
f 1397/217/203 1412/233/218 1411/232/217
f 1397/217/203 1398/218/204 1412/233/218
f 1398/218/204 1413/234/219 1412/233/218
f 1398/218/204 1399/219/205 1413/234/219
f 1399/219/205 1414/235/220 1413/234/219
f 1399/219/205 1400/220/206 1414/235/220
f 1400/220/206 1415/236/221 1414/235/220
f 1400/220/206 1401/221/207 1415/236/221
f 1401/221/207 1416/237/222 1415/236/221
f 1401/221/207 1402/222/208 1416/237/222
f 1402/222/208 1417/238/223 1416/237/222
f 1402/222/208 1403/223/209 1417/238/223
f 1403/223/209 1418/239/224 1417/238/223
f 1403/223/209 1404/224/210 1418/239/224
f 1404/224/210 1406/240/212 1418/239/224
f 1404/224/210 1392/225/198 1406/240/212
f 1406/227/212 1419/241/225 1420/242/226
f 1406/227/212 1405/226/211 1419/241/225
f 1405/226/211 1421/243/227 1419/241/225
f 1405/226/211 1407/228/213 1421/243/227
f 1407/228/213 1422/244/228 1421/243/227
f 1407/228/213 1408/229/214 1422/244/228
f 1408/229/214 1423/245/229 1422/244/228
f 1408/229/214 1409/230/215 1423/245/229
f 1409/230/215 1424/246/230 1423/245/229
f 1409/230/215 1410/231/216 1424/246/230
f 1410/231/216 1425/247/231 1424/246/230
f 1410/231/216 1411/232/217 1425/247/231
f 1411/232/217 1426/248/232 1425/247/231
f 1411/232/217 1412/233/218 1426/248/232
f 1412/233/218 1427/249/233 1426/248/232
f 1412/233/218 1413/234/219 1427/249/233
f 1413/234/219 1428/250/234 1427/249/233
f 1413/234/219 1414/235/220 1428/250/234
f 1414/235/220 1429/251/235 1428/250/234
f 1414/235/220 1415/236/221 1429/251/235
f 1415/236/221 1430/252/236 1429/251/235
f 1415/236/221 1416/237/222 1430/252/236
f 1416/237/222 1431/253/237 1430/252/236
f 1416/237/222 1417/238/223 1431/253/237
f 1417/238/223 1432/254/238 1431/253/237
f 1417/238/223 1418/239/224 1432/254/238
f 1418/239/224 1420/255/226 1432/254/238
f 1418/239/224 1406/240/212 1420/255/226
f 1420/242/226 1433/256/239 1434/257/240
f 1420/242/226 1419/241/225 1433/256/239
f 1419/241/225 1435/258/241 1433/256/239
f 1419/241/225 1421/243/227 1435/258/241
f 1421/243/227 1436/259/242 1435/258/241
f 1421/243/227 1422/244/228 1436/259/242
f 1422/244/228 1437/260/243 1436/259/242
f 1422/244/228 1423/245/229 1437/260/243
f 1423/245/229 1438/261/244 1437/260/243
f 1423/245/229 1424/246/230 1438/261/244
f 1424/246/230 1439/262/245 1438/261/244
f 1424/246/230 1425/247/231 1439/262/245
f 1425/247/231 1440/263/246 1439/262/245
f 1425/247/231 1426/248/232 1440/263/246
f 1426/248/232 1441/264/247 1440/263/246
f 1426/248/232 1427/249/233 1441/264/247
f 1427/249/233 1442/265/248 1441/264/247
f 1427/249/233 1428/250/234 1442/265/248
f 1428/250/234 1443/266/249 1442/265/248
f 1428/250/234 1429/251/235 1443/266/249
f 1429/251/235 1444/267/250 1443/266/249
f 1429/251/235 1430/252/236 1444/267/250
f 1430/252/236 1445/268/251 1444/267/250
f 1430/252/236 1431/253/237 1445/268/251
f 1431/253/237 1446/269/252 1445/268/251
f 1431/253/237 1432/254/238 1446/269/252
f 1432/254/238 1434/270/240 1446/269/252
f 1432/254/238 1420/255/226 1434/270/240
f 1434/257/240 1447/271/253 1448/272/254
f 1434/257/240 1433/256/239 1447/271/253
f 1433/256/239 1449/273/255 1447/271/253
f 1433/256/239 1435/258/241 1449/273/255
f 1435/258/241 1450/274/256 1449/273/255
f 1435/258/241 1436/259/242 1450/274/256
f 1436/259/242 1451/275/257 1450/274/256
f 1436/259/242 1437/260/243 1451/275/257
f 1437/260/243 1452/276/258 1451/275/257
f 1437/260/243 1438/261/244 1452/276/258
f 1438/261/244 1453/277/259 1452/276/258
f 1438/261/244 1439/262/245 1453/277/259
f 1439/262/245 1454/278/260 1453/277/259
f 1439/262/245 1440/263/246 1454/278/260
f 1440/263/246 1455/279/261 1454/278/260
f 1440/263/246 1441/264/247 1455/279/261
f 1441/264/247 1456/280/262 1455/279/261
f 1441/264/247 1442/265/248 1456/280/262
f 1442/265/248 1457/281/263 1456/280/262
f 1442/265/248 1443/266/249 1457/281/263
f 1443/266/249 1458/282/264 1457/281/263
f 1443/266/249 1444/267/250 1458/282/264
f 1444/267/250 1459/283/265 1458/282/264
f 1444/267/250 1445/268/251 1459/283/265
f 1445/268/251 1460/284/266 1459/283/265
f 1445/268/251 1446/269/252 1460/284/266
f 1446/269/252 1448/285/254 1460/284/266
f 1446/269/252 1434/270/240 1448/285/254
f 1448/272/254 1461/286/267 1462/287/268
f 1448/272/254 1447/271/253 1461/286/267
f 1447/271/253 1463/288/269 1461/286/267
f 1447/271/253 1449/273/255 1463/288/269
f 1449/273/255 1464/289/270 1463/288/269
f 1449/273/255 1450/274/256 1464/289/270
f 1450/274/256 1465/290/271 1464/289/270
f 1450/274/256 1451/275/257 1465/290/271
f 1451/275/257 1466/291/272 1465/290/271
f 1451/275/257 1452/276/258 1466/291/272
f 1452/276/258 1467/292/273 1466/291/272
f 1452/276/258 1453/277/259 1467/292/273
f 1453/277/259 1468/293/274 1467/292/273
f 1453/277/259 1454/278/260 1468/293/274
f 1454/278/260 1469/294/275 1468/293/274
f 1454/278/260 1455/279/261 1469/294/275
f 1455/279/261 1470/295/276 1469/294/275
f 1455/279/261 1456/280/262 1470/295/276
f 1456/280/262 1471/296/277 1470/295/276
f 1456/280/262 1457/281/263 1471/296/277
f 1457/281/263 1472/297/278 1471/296/277
f 1457/281/263 1458/282/264 1472/297/278
f 1458/282/264 1473/298/279 1472/297/278
f 1458/282/264 1459/283/265 1473/298/279
f 1459/283/265 1474/299/280 1473/298/279
f 1459/283/265 1460/284/266 1474/299/280
f 1460/284/266 1462/300/268 1474/299/280
f 1460/284/266 1448/285/254 1462/300/268
f 1462/287/268 1475/301/281 1476/302/282
f 1462/287/268 1461/286/267 1475/301/281
f 1461/286/267 1477/303/283 1475/301/281
f 1461/286/267 1463/288/269 1477/303/283
f 1463/288/269 1478/304/284 1477/303/283
f 1463/288/269 1464/289/270 1478/304/284
f 1464/289/270 1479/305/285 1478/304/284
f 1464/289/270 1465/290/271 1479/305/285
f 1465/290/271 1480/306/286 1479/305/285
f 1465/290/271 1466/291/272 1480/306/286
f 1466/291/272 1481/307/287 1480/306/286
f 1466/291/272 1467/292/273 1481/307/287
f 1467/292/273 1482/308/288 1481/307/287
f 1467/292/273 1468/293/274 1482/308/288
f 1468/293/274 1483/309/289 1482/308/288
f 1468/293/274 1469/294/275 1483/309/289
f 1469/294/275 1484/310/290 1483/309/289
f 1469/294/275 1470/295/276 1484/310/290
f 1470/295/276 1485/311/291 1484/310/290
f 1470/295/276 1471/296/277 1485/311/291
f 1471/296/277 1486/312/292 1485/311/291
f 1471/296/277 1472/297/278 1486/312/292
f 1472/297/278 1487/313/293 1486/312/292
f 1472/297/278 1473/298/279 1487/313/293
f 1473/298/279 1488/314/294 1487/313/293
f 1473/298/279 1474/299/280 1488/314/294
f 1474/299/280 1476/315/282 1488/314/294
f 1474/299/280 1462/300/268 1476/315/282
f 1476/302/282 1489/316/295 1490/317/296
f 1476/302/282 1475/301/281 1489/316/295
f 1475/301/281 1491/318/297 1489/316/295
f 1475/301/281 1477/303/283 1491/318/297
f 1477/303/283 1492/319/298 1491/318/297
f 1477/303/283 1478/304/284 1492/319/298
f 1478/304/284 1493/320/299 1492/319/298
f 1478/304/284 1479/305/285 1493/320/299
f 1479/305/285 1494/321/300 1493/320/299
f 1479/305/285 1480/306/286 1494/321/300
f 1480/306/286 1495/322/301 1494/321/300
f 1480/306/286 1481/307/287 1495/322/301
f 1481/307/287 1496/323/302 1495/322/301
f 1481/307/287 1482/308/288 1496/323/302
f 1482/308/288 1497/324/303 1496/323/302
f 1482/308/288 1483/309/289 1497/324/303
f 1483/309/289 1498/325/304 1497/324/303
f 1483/309/289 1484/310/290 1498/325/304
f 1484/310/290 1499/326/305 1498/325/304
f 1484/310/290 1485/311/291 1499/326/305
f 1485/311/291 1500/327/306 1499/326/305
f 1485/311/291 1486/312/292 1500/327/306
f 1486/312/292 1501/328/307 1500/327/306
f 1486/312/292 1487/313/293 1501/328/307
f 1487/313/293 1502/329/308 1501/328/307
f 1487/313/293 1488/314/294 1502/329/308
f 1488/314/294 1490/330/296 1502/329/308
f 1488/314/294 1476/315/282 1490/330/296
f 1490/317/296 1503/331/309 1504/332/310
f 1490/317/296 1489/316/295 1503/331/309
f 1489/316/295 1505/333/311 1503/331/309
f 1489/316/295 1491/318/297 1505/333/311
f 1491/318/297 1506/334/312 1505/333/311
f 1491/318/297 1492/319/298 1506/334/312
f 1492/319/298 1507/335/313 1506/334/312
f 1492/319/298 1493/320/299 1507/335/313
f 1493/320/299 1508/336/314 1507/335/313
f 1493/320/299 1494/321/300 1508/336/314
f 1494/321/300 1509/337/315 1508/336/314
f 1494/321/300 1495/322/301 1509/337/315
f 1495/322/301 1510/338/316 1509/337/315
f 1495/322/301 1496/323/302 1510/338/316
f 1496/323/302 1511/339/317 1510/338/316
f 1496/323/302 1497/324/303 1511/339/317
f 1497/324/303 1512/340/318 1511/339/317
f 1497/324/303 1498/325/304 1512/340/318
f 1498/325/304 1513/341/319 1512/340/318
f 1498/325/304 1499/326/305 1513/341/319
f 1499/326/305 1514/342/320 1513/341/319
f 1499/326/305 1500/327/306 1514/342/320
f 1500/327/306 1515/343/321 1514/342/320
f 1500/327/306 1501/328/307 1515/343/321
f 1501/328/307 1516/344/322 1515/343/321
f 1501/328/307 1502/329/308 1516/344/322
f 1502/329/308 1504/345/310 1516/344/322
f 1502/329/308 1490/330/296 1504/345/310
f 1504/332/310 1517/346/323 1518/347/324
f 1504/332/310 1503/331/309 1517/346/323
f 1503/331/309 1519/348/325 1517/346/323
f 1503/331/309 1505/333/311 1519/348/325
f 1505/333/311 1520/349/326 1519/348/325
f 1505/333/311 1506/334/312 1520/349/326
f 1506/334/312 1521/350/327 1520/349/326
f 1506/334/312 1507/335/313 1521/350/327
f 1507/335/313 1522/351/328 1521/350/327
f 1507/335/313 1508/336/314 1522/351/328
f 1508/336/314 1523/352/329 1522/351/328
f 1508/336/314 1509/337/315 1523/352/329
f 1509/337/315 1524/353/330 1523/352/329
f 1509/337/315 1510/338/316 1524/353/330
f 1510/338/316 1525/354/331 1524/353/330
f 1510/338/316 1511/339/317 1525/354/331
f 1511/339/317 1526/355/332 1525/354/331
f 1511/339/317 1512/340/318 1526/355/332
f 1512/340/318 1527/356/333 1526/355/332
f 1512/340/318 1513/341/319 1527/356/333
f 1513/341/319 1528/357/334 1527/356/333
f 1513/341/319 1514/342/320 1528/357/334
f 1514/342/320 1529/358/335 1528/357/334
f 1514/342/320 1515/343/321 1529/358/335
f 1515/343/321 1530/359/336 1529/358/335
f 1515/343/321 1516/344/322 1530/359/336
f 1516/344/322 1518/360/324 1530/359/336
f 1516/344/322 1504/345/310 1518/360/324
f 1518/347/324 1531/361/337 1532/362/338
f 1518/347/324 1517/346/323 1531/361/337
f 1517/346/323 1533/363/339 1531/361/337
f 1517/346/323 1519/348/325 1533/363/339
f 1519/348/325 1534/364/340 1533/363/339
f 1519/348/325 1520/349/326 1534/364/340
f 1520/349/326 1535/365/341 1534/364/340
f 1520/349/326 1521/350/327 1535/365/341
f 1521/350/327 1536/366/342 1535/365/341
f 1521/350/327 1522/351/328 1536/366/342
f 1522/351/328 1537/367/343 1536/366/342
f 1522/351/328 1523/352/329 1537/367/343
f 1523/352/329 1538/368/344 1537/367/343
f 1523/352/329 1524/353/330 1538/368/344
f 1524/353/330 1539/369/345 1538/368/344
f 1524/353/330 1525/354/331 1539/369/345
f 1525/354/331 1540/370/346 1539/369/345
f 1525/354/331 1526/355/332 1540/370/346
f 1526/355/332 1541/371/347 1540/370/346
f 1526/355/332 1527/356/333 1541/371/347
f 1527/356/333 1542/372/348 1541/371/347
f 1527/356/333 1528/357/334 1542/372/348
f 1528/357/334 1543/373/349 1542/372/348
f 1528/357/334 1529/358/335 1543/373/349
f 1529/358/335 1544/374/350 1543/373/349
f 1529/358/335 1530/359/336 1544/374/350
f 1530/359/336 1532/375/338 1544/374/350
f 1530/359/336 1518/360/324 1532/375/338
f 1532/362/338 1545/376/351 1546/377/352
f 1532/362/338 1531/361/337 1545/376/351
f 1531/361/337 1547/378/353 1545/376/351
f 1531/361/337 1533/363/339 1547/378/353
f 1533/363/339 1548/379/354 1547/378/353
f 1533/363/339 1534/364/340 1548/379/354
f 1534/364/340 1549/380/355 1548/379/354
f 1534/364/340 1535/365/341 1549/380/355
f 1535/365/341 1550/381/356 1549/380/355
f 1535/365/341 1536/366/342 1550/381/356
f 1536/366/342 1551/382/357 1550/381/356
f 1536/366/342 1537/367/343 1551/382/357
f 1537/367/343 1552/383/358 1551/382/357
f 1537/367/343 1538/368/344 1552/383/358
f 1538/368/344 1553/384/359 1552/383/358
f 1538/368/344 1539/369/345 1553/384/359
f 1539/369/345 1554/385/360 1553/384/359
f 1539/369/345 1540/370/346 1554/385/360
f 1540/370/346 1555/386/361 1554/385/360
f 1540/370/346 1541/371/347 1555/386/361
f 1541/371/347 1556/387/362 1555/386/361
f 1541/371/347 1542/372/348 1556/387/362
f 1542/372/348 1557/388/363 1556/387/362
f 1542/372/348 1543/373/349 1557/388/363
f 1543/373/349 1558/389/364 1557/388/363
f 1543/373/349 1544/374/350 1558/389/364
f 1544/374/350 1546/390/352 1558/389/364
f 1544/374/350 1532/375/338 1546/390/352
f 1546/377/352 1559/391/365 1560/392/366
f 1546/377/352 1545/376/351 1559/391/365
f 1545/376/351 1561/393/367 1559/391/365
f 1545/376/351 1547/378/353 1561/393/367
f 1547/378/353 1562/394/368 1561/393/367
f 1547/378/353 1548/379/354 1562/394/368
f 1548/379/354 1563/395/369 1562/394/368
f 1548/379/354 1549/380/355 1563/395/369
f 1549/380/355 1564/396/370 1563/395/369
f 1549/380/355 1550/381/356 1564/396/370
f 1550/381/356 1565/397/371 1564/396/370
f 1550/381/356 1551/382/357 1565/397/371
f 1551/382/357 1566/398/372 1565/397/371
f 1551/382/357 1552/383/358 1566/398/372
f 1552/383/358 1567/399/373 1566/398/372
f 1552/383/358 1553/384/359 1567/399/373
f 1553/384/359 1568/400/374 1567/399/373
f 1553/384/359 1554/385/360 1568/400/374
f 1554/385/360 1569/401/375 1568/400/374
f 1554/385/360 1555/386/361 1569/401/375
f 1555/386/361 1570/402/376 1569/401/375
f 1555/386/361 1556/387/362 1570/402/376
f 1556/387/362 1571/403/377 1570/402/376
f 1556/387/362 1557/388/363 1571/403/377
f 1557/388/363 1572/404/378 1571/403/377
f 1557/388/363 1558/389/364 1572/404/378
f 1558/389/364 1560/405/366 1572/404/378
f 1558/389/364 1546/390/352 1560/405/366
f 1560/392/366 1573/406/379 1574/407/380
f 1560/392/366 1559/391/365 1573/406/379
f 1559/391/365 1575/408/381 1573/406/379
f 1559/391/365 1561/393/367 1575/408/381
f 1561/393/367 1576/409/382 1575/408/381
f 1561/393/367 1562/394/368 1576/409/382
f 1562/394/368 1577/410/383 1576/409/382
f 1562/394/368 1563/395/369 1577/410/383
f 1563/395/369 1578/411/384 1577/410/383
f 1563/395/369 1564/396/370 1578/411/384
f 1564/396/370 1579/412/385 1578/411/384
f 1564/396/370 1565/397/371 1579/412/385
f 1565/397/371 1580/413/386 1579/412/385
f 1565/397/371 1566/398/372 1580/413/386
f 1566/398/372 1581/414/387 1580/413/386
f 1566/398/372 1567/399/373 1581/414/387
f 1567/399/373 1582/415/388 1581/414/387
f 1567/399/373 1568/400/374 1582/415/388
f 1568/400/374 1583/416/389 1582/415/388
f 1568/400/374 1569/401/375 1583/416/389
f 1569/401/375 1584/417/390 1583/416/389
f 1569/401/375 1570/402/376 1584/417/390
f 1570/402/376 1585/418/391 1584/417/390
f 1570/402/376 1571/403/377 1585/418/391
f 1571/403/377 1586/419/392 1585/418/391
f 1571/403/377 1572/404/378 1586/419/392
f 1572/404/378 1574/420/380 1586/419/392
f 1572/404/378 1560/405/366 1574/420/380
f 1574/407/380 1587/421/14 1588/422/16
f 1574/407/380 1573/406/379 1587/421/14
f 1573/406/379 1589/423/12 1587/421/14
f 1573/406/379 1575/408/381 1589/423/12
f 1575/408/381 1590/424/10 1589/423/12
f 1575/408/381 1576/409/382 1590/424/10
f 1576/409/382 1591/425/8 1590/424/10
f 1576/409/382 1577/410/383 1591/425/8
f 1577/410/383 1592/426/6 1591/425/8
f 1577/410/383 1578/411/384 1592/426/6
f 1578/411/384 1593/427/4 1592/426/6
f 1578/411/384 1579/412/385 1593/427/4
f 1579/412/385 1594/428/1 1593/427/4
f 1579/412/385 1580/413/386 1594/428/1
f 1580/413/386 1595/429/28 1594/428/1
f 1580/413/386 1581/414/387 1595/429/28
f 1581/414/387 1596/430/26 1595/429/28
f 1581/414/387 1582/415/388 1596/430/26
f 1582/415/388 1597/431/24 1596/430/26
f 1582/415/388 1583/416/389 1597/431/24
f 1583/416/389 1598/432/22 1597/431/24
f 1583/416/389 1584/417/390 1598/432/22
f 1584/417/390 1599/433/20 1598/432/22
f 1584/417/390 1585/418/391 1599/433/20
f 1585/418/391 1600/434/18 1599/433/20
f 1585/418/391 1586/419/392 1600/434/18
f 1586/419/392 1588/435/16 1600/434/18
f 1586/419/392 1574/420/380 1588/435/16
f 1588/422/16 1601/436/13 1602/437/15
f 1588/422/16 1587/421/14 1601/436/13
f 1587/421/14 1603/438/11 1601/436/13
f 1587/421/14 1589/423/12 1603/438/11
f 1589/423/12 1604/439/9 1603/438/11
f 1589/423/12 1590/424/10 1604/439/9
f 1590/424/10 1605/440/7 1604/439/9
f 1590/424/10 1591/425/8 1605/440/7
f 1591/425/8 1606/441/5 1605/440/7
f 1591/425/8 1592/426/6 1606/441/5
f 1592/426/6 1607/442/2 1606/441/5
f 1592/426/6 1593/427/4 1607/442/2
f 1593/427/4 1608/443/3 1607/442/2
f 1593/427/4 1594/428/1 1608/443/3
f 1594/428/1 1609/444/27 1608/443/3
f 1594/428/1 1595/429/28 1609/444/27
f 1595/429/28 1610/445/25 1609/444/27
f 1595/429/28 1596/430/26 1610/445/25
f 1596/430/26 1611/446/23 1610/445/25
f 1596/430/26 1597/431/24 1611/446/23
f 1597/431/24 1612/447/21 1611/446/23
f 1597/431/24 1598/432/22 1612/447/21
f 1598/432/22 1613/448/19 1612/447/21
f 1598/432/22 1599/433/20 1613/448/19
f 1599/433/20 1614/449/17 1613/448/19
f 1599/433/20 1600/434/18 1614/449/17
f 1600/434/18 1602/450/15 1614/449/17
f 1600/434/18 1588/435/16 1602/450/15
f 1602/437/15 1615/451/35 1616/452/36
f 1602/437/15 1601/436/13 1615/451/35
f 1601/436/13 1617/453/34 1615/451/35
f 1601/436/13 1603/438/11 1617/453/34
f 1603/438/11 1618/454/33 1617/453/34
f 1603/438/11 1604/439/9 1618/454/33
f 1604/439/9 1619/455/32 1618/454/33
f 1604/439/9 1605/440/7 1619/455/32
f 1605/440/7 1620/456/31 1619/455/32
f 1605/440/7 1606/441/5 1620/456/31
f 1606/441/5 1621/457/29 1620/456/31
f 1606/441/5 1607/442/2 1621/457/29
f 1607/442/2 1622/458/30 1621/457/29
f 1607/442/2 1608/443/3 1622/458/30
f 1608/443/3 1623/459/42 1622/458/30
f 1608/443/3 1609/444/27 1623/459/42
f 1609/444/27 1624/460/41 1623/459/42
f 1609/444/27 1610/445/25 1624/460/41
f 1610/445/25 1625/461/40 1624/460/41
f 1610/445/25 1611/446/23 1625/461/40
f 1611/446/23 1626/462/39 1625/461/40
f 1611/446/23 1612/447/21 1626/462/39
f 1612/447/21 1627/463/38 1626/462/39
f 1612/447/21 1613/448/19 1627/463/38
f 1613/448/19 1628/464/37 1627/463/38
f 1613/448/19 1614/449/17 1628/464/37
f 1614/449/17 1616/465/36 1628/464/37
f 1614/449/17 1602/450/15 1616/465/36
f 1616/452/36 1629/466/49 1630/467/50
f 1616/452/36 1615/451/35 1629/466/49
f 1615/451/35 1631/468/48 1629/466/49
f 1615/451/35 1617/453/34 1631/468/48
f 1617/453/34 1632/469/47 1631/468/48
f 1617/453/34 1618/454/33 1632/469/47
f 1618/454/33 1633/470/46 1632/469/47
f 1618/454/33 1619/455/32 1633/470/46
f 1619/455/32 1634/471/45 1633/470/46
f 1619/455/32 1620/456/31 1634/471/45
f 1620/456/31 1635/472/43 1634/471/45
f 1620/456/31 1621/457/29 1635/472/43
f 1621/457/29 1636/473/44 1635/472/43
f 1621/457/29 1622/458/30 1636/473/44
f 1622/458/30 1637/474/56 1636/473/44
f 1622/458/30 1623/459/42 1637/474/56
f 1623/459/42 1638/475/55 1637/474/56
f 1623/459/42 1624/460/41 1638/475/55
f 1624/460/41 1639/476/54 1638/475/55
f 1624/460/41 1625/461/40 1639/476/54
f 1625/461/40 1640/477/53 1639/476/54
f 1625/461/40 1626/462/39 1640/477/53
f 1626/462/39 1641/478/52 1640/477/53
f 1626/462/39 1627/463/38 1641/478/52
f 1627/463/38 1642/479/51 1641/478/52
f 1627/463/38 1628/464/37 1642/479/51
f 1628/464/37 1630/480/50 1642/479/51
f 1628/464/37 1616/465/36 1630/480/50
f 1630/467/50 1643/481/63 1644/482/64
f 1630/467/50 1629/466/49 1643/481/63
f 1629/466/49 1645/483/62 1643/481/63
f 1629/466/49 1631/468/48 1645/483/62
f 1631/468/48 1646/484/61 1645/483/62
f 1631/468/48 1632/469/47 1646/484/61
f 1632/469/47 1647/485/60 1646/484/61
f 1632/469/47 1633/470/46 1647/485/60
f 1633/470/46 1648/486/59 1647/485/60
f 1633/470/46 1634/471/45 1648/486/59
f 1634/471/45 1649/487/57 1648/486/59
f 1634/471/45 1635/472/43 1649/487/57
f 1635/472/43 1650/488/58 1649/487/57
f 1635/472/43 1636/473/44 1650/488/58
f 1636/473/44 1651/489/70 1650/488/58
f 1636/473/44 1637/474/56 1651/489/70
f 1637/474/56 1652/490/69 1651/489/70
f 1637/474/56 1638/475/55 1652/490/69
f 1638/475/55 1653/491/68 1652/490/69
f 1638/475/55 1639/476/54 1653/491/68
f 1639/476/54 1654/492/67 1653/491/68
f 1639/476/54 1640/477/53 1654/492/67
f 1640/477/53 1655/493/66 1654/492/67
f 1640/477/53 1641/478/52 1655/493/66
f 1641/478/52 1656/494/65 1655/493/66
f 1641/478/52 1642/479/51 1656/494/65
f 1642/479/51 1644/495/64 1656/494/65
f 1642/479/51 1630/480/50 1644/495/64
f 1644/482/64 1657/496/77 1658/497/78
f 1644/482/64 1643/481/63 1657/496/77
f 1643/481/63 1659/498/76 1657/496/77
f 1643/481/63 1645/483/62 1659/498/76
f 1645/483/62 1660/499/75 1659/498/76
f 1645/483/62 1646/484/61 1660/499/75
f 1646/484/61 1661/500/74 1660/499/75
f 1646/484/61 1647/485/60 1661/500/74
f 1647/485/60 1662/501/73 1661/500/74
f 1647/485/60 1648/486/59 1662/501/73
f 1648/486/59 1663/502/71 1662/501/73
f 1648/486/59 1649/487/57 1663/502/71
f 1649/487/57 1664/503/72 1663/502/71
f 1649/487/57 1650/488/58 1664/503/72
f 1650/488/58 1665/504/84 1664/503/72
f 1650/488/58 1651/489/70 1665/504/84
f 1651/489/70 1666/505/83 1665/504/84
f 1651/489/70 1652/490/69 1666/505/83
f 1652/490/69 1667/506/82 1666/505/83
f 1652/490/69 1653/491/68 1667/506/82
f 1653/491/68 1668/507/81 1667/506/82
f 1653/491/68 1654/492/67 1668/507/81
f 1654/492/67 1669/508/80 1668/507/81
f 1654/492/67 1655/493/66 1669/508/80
f 1655/493/66 1670/509/79 1669/508/80
f 1655/493/66 1656/494/65 1670/509/79
f 1656/494/65 1658/510/78 1670/509/79
f 1656/494/65 1644/495/64 1658/510/78
f 1658/497/78 1671/511/91 1672/512/92
f 1658/497/78 1657/496/77 1671/511/91
f 1657/496/77 1673/513/90 1671/511/91
f 1657/496/77 1659/498/76 1673/513/90
f 1659/498/76 1674/514/89 1673/513/90
f 1659/498/76 1660/499/75 1674/514/89
f 1660/499/75 1675/515/88 1674/514/89
f 1660/499/75 1661/500/74 1675/515/88
f 1661/500/74 1676/516/87 1675/515/88
f 1661/500/74 1662/501/73 1676/516/87
f 1662/501/73 1677/517/85 1676/516/87
f 1662/501/73 1663/502/71 1677/517/85
f 1663/502/71 1678/518/86 1677/517/85
f 1663/502/71 1664/503/72 1678/518/86
f 1664/503/72 1679/519/98 1678/518/86
f 1664/503/72 1665/504/84 1679/519/98
f 1665/504/84 1680/520/97 1679/519/98
f 1665/504/84 1666/505/83 1680/520/97
f 1666/505/83 1681/521/96 1680/520/97
f 1666/505/83 1667/506/82 1681/521/96
f 1667/506/82 1682/522/95 1681/521/96
f 1667/506/82 1668/507/81 1682/522/95
f 1668/507/81 1683/523/94 1682/522/95
f 1668/507/81 1669/508/80 1683/523/94
f 1669/508/80 1684/524/93 1683/523/94
f 1669/508/80 1670/509/79 1684/524/93
f 1670/509/79 1672/525/92 1684/524/93
f 1670/509/79 1658/510/78 1672/525/92
f 1672/512/92 1685/526/105 1686/527/106
f 1672/512/92 1671/511/91 1685/526/105
f 1671/511/91 1687/528/104 1685/526/105
f 1671/511/91 1673/513/90 1687/528/104
f 1673/513/90 1688/529/103 1687/528/104
f 1673/513/90 1674/514/89 1688/529/103
f 1674/514/89 1689/530/102 1688/529/103
f 1674/514/89 1675/515/88 1689/530/102
f 1675/515/88 1690/531/101 1689/530/102
f 1675/515/88 1676/516/87 1690/531/101
f 1676/516/87 1691/532/99 1690/531/101
f 1676/516/87 1677/517/85 1691/532/99
f 1677/517/85 1692/533/100 1691/532/99
f 1677/517/85 1678/518/86 1692/533/100
f 1678/518/86 1693/534/112 1692/533/100
f 1678/518/86 1679/519/98 1693/534/112
f 1679/519/98 1694/535/111 1693/534/112
f 1679/519/98 1680/520/97 1694/535/111
f 1680/520/97 1695/536/110 1694/535/111
f 1680/520/97 1681/521/96 1695/536/110
f 1681/521/96 1696/537/109 1695/536/110
f 1681/521/96 1682/522/95 1696/537/109
f 1682/522/95 1697/538/108 1696/537/109
f 1682/522/95 1683/523/94 1697/538/108
f 1683/523/94 1698/539/107 1697/538/108
f 1683/523/94 1684/524/93 1698/539/107
f 1684/524/93 1686/540/106 1698/539/107
f 1684/524/93 1672/525/92 1686/540/106
f 1686/527/106 1699/541/119 1700/542/120
f 1686/527/106 1685/526/105 1699/541/119
f 1685/526/105 1701/543/118 1699/541/119
f 1685/526/105 1687/528/104 1701/543/118
f 1687/528/104 1702/544/117 1701/543/118
f 1687/528/104 1688/529/103 1702/544/117
f 1688/529/103 1703/545/116 1702/544/117
f 1688/529/103 1689/530/102 1703/545/116
f 1689/530/102 1704/546/115 1703/545/116
f 1689/530/102 1690/531/101 1704/546/115
f 1690/531/101 1705/547/113 1704/546/115
f 1690/531/101 1691/532/99 1705/547/113
f 1691/532/99 1706/548/114 1705/547/113
f 1691/532/99 1692/533/100 1706/548/114
f 1692/533/100 1707/549/126 1706/548/114
f 1692/533/100 1693/534/112 1707/549/126
f 1693/534/112 1708/550/125 1707/549/126
f 1693/534/112 1694/535/111 1708/550/125
f 1694/535/111 1709/551/124 1708/550/125
f 1694/535/111 1695/536/110 1709/551/124
f 1695/536/110 1710/552/123 1709/551/124
f 1695/536/110 1696/537/109 1710/552/123
f 1696/537/109 1711/553/122 1710/552/123
f 1696/537/109 1697/538/108 1711/553/122
f 1697/538/108 1712/554/121 1711/553/122
f 1697/538/108 1698/539/107 1712/554/121
f 1698/539/107 1700/555/120 1712/554/121
f 1698/539/107 1686/540/106 1700/555/120
f 1700/542/120 1713/556/133 1714/557/134
f 1700/542/120 1699/541/119 1713/556/133
f 1699/541/119 1715/558/132 1713/556/133
f 1699/541/119 1701/543/118 1715/558/132
f 1701/543/118 1716/559/131 1715/558/132
f 1701/543/118 1702/544/117 1716/559/131
f 1702/544/117 1717/560/130 1716/559/131
f 1702/544/117 1703/545/116 1717/560/130
f 1703/545/116 1718/561/129 1717/560/130
f 1703/545/116 1704/546/115 1718/561/129
f 1704/546/115 1719/562/127 1718/561/129
f 1704/546/115 1705/547/113 1719/562/127
f 1705/547/113 1720/563/128 1719/562/127
f 1705/547/113 1706/548/114 1720/563/128
f 1706/548/114 1721/564/140 1720/563/128
f 1706/548/114 1707/549/126 1721/564/140
f 1707/549/126 1722/565/139 1721/564/140
f 1707/549/126 1708/550/125 1722/565/139
f 1708/550/125 1723/566/138 1722/565/139
f 1708/550/125 1709/551/124 1723/566/138
f 1709/551/124 1724/567/137 1723/566/138
f 1709/551/124 1710/552/123 1724/567/137
f 1710/552/123 1725/568/136 1724/567/137
f 1710/552/123 1711/553/122 1725/568/136
f 1711/553/122 1726/569/135 1725/568/136
f 1711/553/122 1712/554/121 1726/569/135
f 1712/554/121 1714/570/134 1726/569/135
f 1712/554/121 1700/555/120 1714/570/134
f 1714/557/134 1727/571/147 1728/572/148
f 1714/557/134 1713/556/133 1727/571/147
f 1713/556/133 1729/573/146 1727/571/147
f 1713/556/133 1715/558/132 1729/573/146
f 1715/558/132 1730/574/145 1729/573/146
f 1715/558/132 1716/559/131 1730/574/145
f 1716/559/131 1731/575/144 1730/574/145
f 1716/559/131 1717/560/130 1731/575/144
f 1717/560/130 1732/576/143 1731/575/144
f 1717/560/130 1718/561/129 1732/576/143
f 1718/561/129 1733/577/141 1732/576/143
f 1718/561/129 1719/562/127 1733/577/141
f 1719/562/127 1734/578/142 1733/577/141
f 1719/562/127 1720/563/128 1734/578/142
f 1720/563/128 1735/579/154 1734/578/142
f 1720/563/128 1721/564/140 1735/579/154
f 1721/564/140 1736/580/153 1735/579/154
f 1721/564/140 1722/565/139 1736/580/153
f 1722/565/139 1737/581/152 1736/580/153
f 1722/565/139 1723/566/138 1737/581/152
f 1723/566/138 1738/582/151 1737/581/152
f 1723/566/138 1724/567/137 1738/582/151
f 1724/567/137 1739/583/150 1738/582/151
f 1724/567/137 1725/568/136 1739/583/150
f 1725/568/136 1740/584/149 1739/583/150
f 1725/568/136 1726/569/135 1740/584/149
f 1726/569/135 1728/585/148 1740/584/149
f 1726/569/135 1714/570/134 1728/585/148
f 1728/572/148 1741/586/161 1742/587/162
f 1728/572/148 1727/571/147 1741/586/161
f 1727/571/147 1743/588/160 1741/586/161
f 1727/571/147 1729/573/146 1743/588/160
f 1729/573/146 1744/589/159 1743/588/160
f 1729/573/146 1730/574/145 1744/589/159
f 1730/574/145 1745/590/158 1744/589/159
f 1730/574/145 1731/575/144 1745/590/158
f 1731/575/144 1746/591/157 1745/590/158
f 1731/575/144 1732/576/143 1746/591/157
f 1732/576/143 1747/592/155 1746/591/157
f 1732/576/143 1733/577/141 1747/592/155
f 1733/577/141 1748/593/156 1747/592/155
f 1733/577/141 1734/578/142 1748/593/156
f 1734/578/142 1749/594/168 1748/593/156
f 1734/578/142 1735/579/154 1749/594/168
f 1735/579/154 1750/595/167 1749/594/168
f 1735/579/154 1736/580/153 1750/595/167
f 1736/580/153 1751/596/166 1750/595/167
f 1736/580/153 1737/581/152 1751/596/166
f 1737/581/152 1752/597/165 1751/596/166
f 1737/581/152 1738/582/151 1752/597/165
f 1738/582/151 1753/598/164 1752/597/165
f 1738/582/151 1739/583/150 1753/598/164
f 1739/583/150 1754/599/163 1753/598/164
f 1739/583/150 1740/584/149 1754/599/163
f 1740/584/149 1742/600/162 1754/599/163
f 1740/584/149 1728/585/148 1742/600/162
f 1742/587/162 1755/601/175 1756/602/176
f 1742/587/162 1741/586/161 1755/601/175
f 1741/586/161 1757/603/174 1755/601/175
f 1741/586/161 1743/588/160 1757/603/174
f 1743/588/160 1758/604/173 1757/603/174
f 1743/588/160 1744/589/159 1758/604/173
f 1744/589/159 1759/605/172 1758/604/173
f 1744/589/159 1745/590/158 1759/605/172
f 1745/590/158 1760/606/171 1759/605/172
f 1745/590/158 1746/591/157 1760/606/171
f 1746/591/157 1761/607/169 1760/606/171
f 1746/591/157 1747/592/155 1761/607/169
f 1747/592/155 1762/608/170 1761/607/169
f 1747/592/155 1748/593/156 1762/608/170
f 1748/593/156 1763/609/182 1762/608/170
f 1748/593/156 1749/594/168 1763/609/182
f 1749/594/168 1764/610/181 1763/609/182
f 1749/594/168 1750/595/167 1764/610/181
f 1750/595/167 1765/611/180 1764/610/181
f 1750/595/167 1751/596/166 1765/611/180
f 1751/596/166 1766/612/179 1765/611/180
f 1751/596/166 1752/597/165 1766/612/179
f 1752/597/165 1767/613/178 1766/612/179
f 1752/597/165 1753/598/164 1767/613/178
f 1753/598/164 1768/614/177 1767/613/178
f 1753/598/164 1754/599/163 1768/614/177
f 1754/599/163 1756/615/176 1768/614/177
f 1754/599/163 1742/600/162 1756/615/176
f 1756/602/176 1769/616/189 1770/617/190
f 1756/602/176 1755/601/175 1769/616/189
f 1755/601/175 1771/618/188 1769/616/189
f 1755/601/175 1757/603/174 1771/618/188
f 1757/603/174 1772/619/187 1771/618/188
f 1757/603/174 1758/604/173 1772/619/187
f 1758/604/173 1773/620/186 1772/619/187
f 1758/604/173 1759/605/172 1773/620/186
f 1759/605/172 1774/621/185 1773/620/186
f 1759/605/172 1760/606/171 1774/621/185
f 1760/606/171 1775/622/183 1774/621/185
f 1760/606/171 1761/607/169 1775/622/183
f 1761/607/169 1776/623/184 1775/622/183
f 1761/607/169 1762/608/170 1776/623/184
f 1762/608/170 1777/624/196 1776/623/184
f 1762/608/170 1763/609/182 1777/624/196
f 1763/609/182 1778/625/195 1777/624/196
f 1763/609/182 1764/610/181 1778/625/195
f 1764/610/181 1779/626/194 1778/625/195
f 1764/610/181 1765/611/180 1779/626/194
f 1765/611/180 1780/627/193 1779/626/194
f 1765/611/180 1766/612/179 1780/627/193
f 1766/612/179 1781/628/192 1780/627/193
f 1766/612/179 1767/613/178 1781/628/192
f 1767/613/178 1782/629/191 1781/628/192
f 1767/613/178 1768/614/177 1782/629/191
f 1768/614/177 1770/630/190 1782/629/191
f 1768/614/177 1756/615/176 1770/630/190
f 1770/617/190 1783/631/203 1784/632/204
f 1770/617/190 1769/616/189 1783/631/203
f 1769/616/189 1785/633/202 1783/631/203
f 1769/616/189 1771/618/188 1785/633/202
f 1771/618/188 1786/634/201 1785/633/202
f 1771/618/188 1772/619/187 1786/634/201
f 1772/619/187 1787/635/200 1786/634/201
f 1772/619/187 1773/620/186 1787/635/200
f 1773/620/186 1788/636/199 1787/635/200
f 1773/620/186 1774/621/185 1788/636/199
f 1774/621/185 1789/637/197 1788/636/199
f 1774/621/185 1775/622/183 1789/637/197
f 1775/622/183 1790/638/198 1789/637/197
f 1775/622/183 1776/623/184 1790/638/198
f 1776/623/184 1791/639/210 1790/638/198
f 1776/623/184 1777/624/196 1791/639/210
f 1777/624/196 1792/640/209 1791/639/210
f 1777/624/196 1778/625/195 1792/640/209
f 1778/625/195 1793/641/208 1792/640/209
f 1778/625/195 1779/626/194 1793/641/208
f 1779/626/194 1794/642/207 1793/641/208
f 1779/626/194 1780/627/193 1794/642/207
f 1780/627/193 1795/643/206 1794/642/207
f 1780/627/193 1781/628/192 1795/643/206
f 1781/628/192 1796/644/205 1795/643/206
f 1781/628/192 1782/629/191 1796/644/205
f 1782/629/191 1784/645/204 1796/644/205
f 1782/629/191 1770/630/190 1784/645/204
f 1784/632/204 1797/646/217 1798/647/218
f 1784/632/204 1783/631/203 1797/646/217
f 1783/631/203 1799/648/216 1797/646/217
f 1783/631/203 1785/633/202 1799/648/216
f 1785/633/202 1800/649/215 1799/648/216
f 1785/633/202 1786/634/201 1800/649/215
f 1786/634/201 1801/650/214 1800/649/215
f 1786/634/201 1787/635/200 1801/650/214
f 1787/635/200 1802/651/213 1801/650/214
f 1787/635/200 1788/636/199 1802/651/213
f 1788/636/199 1803/652/211 1802/651/213
f 1788/636/199 1789/637/197 1803/652/211
f 1789/637/197 1804/653/212 1803/652/211
f 1789/637/197 1790/638/198 1804/653/212
f 1790/638/198 1805/654/224 1804/653/212
f 1790/638/198 1791/639/210 1805/654/224
f 1791/639/210 1806/655/223 1805/654/224
f 1791/639/210 1792/640/209 1806/655/223
f 1792/640/209 1807/656/222 1806/655/223
f 1792/640/209 1793/641/208 1807/656/222
f 1793/641/208 1808/657/221 1807/656/222
f 1793/641/208 1794/642/207 1808/657/221
f 1794/642/207 1809/658/220 1808/657/221
f 1794/642/207 1795/643/206 1809/658/220
f 1795/643/206 1810/659/219 1809/658/220
f 1795/643/206 1796/644/205 1810/659/219
f 1796/644/205 1798/660/218 1810/659/219
f 1796/644/205 1784/645/204 1798/660/218
f 1798/647/218 1811/661/231 1812/662/232
f 1798/647/218 1797/646/217 1811/661/231
f 1797/646/217 1813/663/230 1811/661/231
f 1797/646/217 1799/648/216 1813/663/230
f 1799/648/216 1814/664/229 1813/663/230
f 1799/648/216 1800/649/215 1814/664/229
f 1800/649/215 1815/665/228 1814/664/229
f 1800/649/215 1801/650/214 1815/665/228
f 1801/650/214 1816/666/227 1815/665/228
f 1801/650/214 1802/651/213 1816/666/227
f 1802/651/213 1817/667/225 1816/666/227
f 1802/651/213 1803/652/211 1817/667/225
f 1803/652/211 1818/668/226 1817/667/225
f 1803/652/211 1804/653/212 1818/668/226
f 1804/653/212 1819/669/238 1818/668/226
f 1804/653/212 1805/654/224 1819/669/238
f 1805/654/224 1820/670/237 1819/669/238
f 1805/654/224 1806/655/223 1820/670/237
f 1806/655/223 1821/671/236 1820/670/237
f 1806/655/223 1807/656/222 1821/671/236
f 1807/656/222 1822/672/235 1821/671/236
f 1807/656/222 1808/657/221 1822/672/235
f 1808/657/221 1823/673/234 1822/672/235
f 1808/657/221 1809/658/220 1823/673/234
f 1809/658/220 1824/674/233 1823/673/234
f 1809/658/220 1810/659/219 1824/674/233
f 1810/659/219 1812/675/232 1824/674/233
f 1810/659/219 1798/660/218 1812/675/232
f 1812/662/232 1825/676/245 1826/677/246
f 1812/662/232 1811/661/231 1825/676/245
f 1811/661/231 1827/678/244 1825/676/245
f 1811/661/231 1813/663/230 1827/678/244
f 1813/663/230 1828/679/243 1827/678/244
f 1813/663/230 1814/664/229 1828/679/243
f 1814/664/229 1829/680/242 1828/679/243
f 1814/664/229 1815/665/228 1829/680/242
f 1815/665/228 1830/681/241 1829/680/242
f 1815/665/228 1816/666/227 1830/681/241
f 1816/666/227 1831/682/239 1830/681/241
f 1816/666/227 1817/667/225 1831/682/239
f 1817/667/225 1832/683/240 1831/682/239
f 1817/667/225 1818/668/226 1832/683/240
f 1818/668/226 1833/684/252 1832/683/240
f 1818/668/226 1819/669/238 1833/684/252
f 1819/669/238 1834/685/251 1833/684/252
f 1819/669/238 1820/670/237 1834/685/251
f 1820/670/237 1835/686/250 1834/685/251
f 1820/670/237 1821/671/236 1835/686/250
f 1821/671/236 1836/687/249 1835/686/250
f 1821/671/236 1822/672/235 1836/687/249
f 1822/672/235 1837/688/248 1836/687/249
f 1822/672/235 1823/673/234 1837/688/248
f 1823/673/234 1838/689/247 1837/688/248
f 1823/673/234 1824/674/233 1838/689/247
f 1824/674/233 1826/690/246 1838/689/247
f 1824/674/233 1812/675/232 1826/690/246
f 1826/677/246 1839/691/259 1840/692/260
f 1826/677/246 1825/676/245 1839/691/259
f 1825/676/245 1841/693/258 1839/691/259
f 1825/676/245 1827/678/244 1841/693/258
f 1827/678/244 1842/694/257 1841/693/258
f 1827/678/244 1828/679/243 1842/694/257
f 1828/679/243 1843/695/256 1842/694/257
f 1828/679/243 1829/680/242 1843/695/256
f 1829/680/242 1844/696/255 1843/695/256
f 1829/680/242 1830/681/241 1844/696/255
f 1830/681/241 1845/697/253 1844/696/255
f 1830/681/241 1831/682/239 1845/697/253
f 1831/682/239 1846/698/254 1845/697/253
f 1831/682/239 1832/683/240 1846/698/254
f 1832/683/240 1847/699/266 1846/698/254
f 1832/683/240 1833/684/252 1847/699/266
f 1833/684/252 1848/700/265 1847/699/266
f 1833/684/252 1834/685/251 1848/700/265
f 1834/685/251 1849/701/264 1848/700/265
f 1834/685/251 1835/686/250 1849/701/264
f 1835/686/250 1850/702/263 1849/701/264
f 1835/686/250 1836/687/249 1850/702/263
f 1836/687/249 1851/703/262 1850/702/263
f 1836/687/249 1837/688/248 1851/703/262
f 1837/688/248 1852/704/261 1851/703/262
f 1837/688/248 1838/689/247 1852/704/261
f 1838/689/247 1840/705/260 1852/704/261
f 1838/689/247 1826/690/246 1840/705/260
f 1840/692/260 1853/706/273 1854/707/274
f 1840/692/260 1839/691/259 1853/706/273
f 1839/691/259 1855/708/272 1853/706/273
f 1839/691/259 1841/693/258 1855/708/272
f 1841/693/258 1856/709/271 1855/708/272
f 1841/693/258 1842/694/257 1856/709/271
f 1842/694/257 1857/710/270 1856/709/271
f 1842/694/257 1843/695/256 1857/710/270
f 1843/695/256 1858/711/269 1857/710/270
f 1843/695/256 1844/696/255 1858/711/269
f 1844/696/255 1859/712/267 1858/711/269
f 1844/696/255 1845/697/253 1859/712/267
f 1845/697/253 1860/713/268 1859/712/267
f 1845/697/253 1846/698/254 1860/713/268
f 1846/698/254 1861/714/280 1860/713/268
f 1846/698/254 1847/699/266 1861/714/280
f 1847/699/266 1862/715/279 1861/714/280
f 1847/699/266 1848/700/265 1862/715/279
f 1848/700/265 1863/716/278 1862/715/279
f 1848/700/265 1849/701/264 1863/716/278
f 1849/701/264 1864/717/277 1863/716/278
f 1849/701/264 1850/702/263 1864/717/277
f 1850/702/263 1865/718/276 1864/717/277
f 1850/702/263 1851/703/262 1865/718/276
f 1851/703/262 1866/719/275 1865/718/276
f 1851/703/262 1852/704/261 1866/719/275
f 1852/704/261 1854/720/274 1866/719/275
f 1852/704/261 1840/705/260 1854/720/274
f 1854/707/274 1867/721/287 1868/722/288
f 1854/707/274 1853/706/273 1867/721/287
f 1853/706/273 1869/723/286 1867/721/287
f 1853/706/273 1855/708/272 1869/723/286
f 1855/708/272 1870/724/285 1869/723/286
f 1855/708/272 1856/709/271 1870/724/285
f 1856/709/271 1871/725/284 1870/724/285
f 1856/709/271 1857/710/270 1871/725/284
f 1857/710/270 1872/726/283 1871/725/284
f 1857/710/270 1858/711/269 1872/726/283
f 1858/711/269 1873/727/281 1872/726/283
f 1858/711/269 1859/712/267 1873/727/281
f 1859/712/267 1874/728/282 1873/727/281
f 1859/712/267 1860/713/268 1874/728/282
f 1860/713/268 1875/729/294 1874/728/282
f 1860/713/268 1861/714/280 1875/729/294
f 1861/714/280 1876/730/293 1875/729/294
f 1861/714/280 1862/715/279 1876/730/293
f 1862/715/279 1877/731/292 1876/730/293
f 1862/715/279 1863/716/278 1877/731/292
f 1863/716/278 1878/732/291 1877/731/292
f 1863/716/278 1864/717/277 1878/732/291
f 1864/717/277 1879/733/290 1878/732/291
f 1864/717/277 1865/718/276 1879/733/290
f 1865/718/276 1880/734/289 1879/733/290
f 1865/718/276 1866/719/275 1880/734/289
f 1866/719/275 1868/735/288 1880/734/289
f 1866/719/275 1854/720/274 1868/735/288
f 1868/722/288 1881/736/301 1882/737/302
f 1868/722/288 1867/721/287 1881/736/301
f 1867/721/287 1883/738/300 1881/736/301
f 1867/721/287 1869/723/286 1883/738/300
f 1869/723/286 1884/739/299 1883/738/300
f 1869/723/286 1870/724/285 1884/739/299
f 1870/724/285 1885/740/298 1884/739/299
f 1870/724/285 1871/725/284 1885/740/298
f 1871/725/284 1886/741/297 1885/740/298
f 1871/725/284 1872/726/283 1886/741/297
f 1872/726/283 1887/742/295 1886/741/297
f 1872/726/283 1873/727/281 1887/742/295
f 1873/727/281 1888/743/296 1887/742/295
f 1873/727/281 1874/728/282 1888/743/296
f 1874/728/282 1889/744/308 1888/743/296
f 1874/728/282 1875/729/294 1889/744/308
f 1875/729/294 1890/745/307 1889/744/308
f 1875/729/294 1876/730/293 1890/745/307
f 1876/730/293 1891/746/306 1890/745/307
f 1876/730/293 1877/731/292 1891/746/306
f 1877/731/292 1892/747/305 1891/746/306
f 1877/731/292 1878/732/291 1892/747/305
f 1878/732/291 1893/748/304 1892/747/305
f 1878/732/291 1879/733/290 1893/748/304
f 1879/733/290 1894/749/303 1893/748/304
f 1879/733/290 1880/734/289 1894/749/303
f 1880/734/289 1882/750/302 1894/749/303
f 1880/734/289 1868/735/288 1882/750/302
f 1882/737/302 1895/751/315 1896/752/316
f 1882/737/302 1881/736/301 1895/751/315
f 1881/736/301 1897/753/314 1895/751/315
f 1881/736/301 1883/738/300 1897/753/314
f 1883/738/300 1898/754/313 1897/753/314
f 1883/738/300 1884/739/299 1898/754/313
f 1884/739/299 1899/755/312 1898/754/313
f 1884/739/299 1885/740/298 1899/755/312
f 1885/740/298 1900/756/311 1899/755/312
f 1885/740/298 1886/741/297 1900/756/311
f 1886/741/297 1901/757/309 1900/756/311
f 1886/741/297 1887/742/295 1901/757/309
f 1887/742/295 1902/758/310 1901/757/309
f 1887/742/295 1888/743/296 1902/758/310
f 1888/743/296 1903/759/322 1902/758/310
f 1888/743/296 1889/744/308 1903/759/322
f 1889/744/308 1904/760/321 1903/759/322
f 1889/744/308 1890/745/307 1904/760/321
f 1890/745/307 1905/761/320 1904/760/321
f 1890/745/307 1891/746/306 1905/761/320
f 1891/746/306 1906/762/319 1905/761/320
f 1891/746/306 1892/747/305 1906/762/319
f 1892/747/305 1907/763/318 1906/762/319
f 1892/747/305 1893/748/304 1907/763/318
f 1893/748/304 1908/764/317 1907/763/318
f 1893/748/304 1894/749/303 1908/764/317
f 1894/749/303 1896/765/316 1908/764/317
f 1894/749/303 1882/750/302 1896/765/316
f 1896/752/316 1909/766/329 1910/767/330
f 1896/752/316 1895/751/315 1909/766/329
f 1895/751/315 1911/768/328 1909/766/329
f 1895/751/315 1897/753/314 1911/768/328
f 1897/753/314 1912/769/327 1911/768/328
f 1897/753/314 1898/754/313 1912/769/327
f 1898/754/313 1913/770/326 1912/769/327
f 1898/754/313 1899/755/312 1913/770/326
f 1899/755/312 1914/771/325 1913/770/326
f 1899/755/312 1900/756/311 1914/771/325
f 1900/756/311 1915/772/323 1914/771/325
f 1900/756/311 1901/757/309 1915/772/323
f 1901/757/309 1916/773/324 1915/772/323
f 1901/757/309 1902/758/310 1916/773/324
f 1902/758/310 1917/774/336 1916/773/324
f 1902/758/310 1903/759/322 1917/774/336
f 1903/759/322 1918/775/335 1917/774/336
f 1903/759/322 1904/760/321 1918/775/335
f 1904/760/321 1919/776/334 1918/775/335
f 1904/760/321 1905/761/320 1919/776/334
f 1905/761/320 1920/777/333 1919/776/334
f 1905/761/320 1906/762/319 1920/777/333
f 1906/762/319 1921/778/332 1920/777/333
f 1906/762/319 1907/763/318 1921/778/332
f 1907/763/318 1922/779/331 1921/778/332
f 1907/763/318 1908/764/317 1922/779/331
f 1908/764/317 1910/780/330 1922/779/331
f 1908/764/317 1896/765/316 1910/780/330
f 1910/767/330 1923/781/343 1924/782/344
f 1910/767/330 1909/766/329 1923/781/343
f 1909/766/329 1925/783/342 1923/781/343
f 1909/766/329 1911/768/328 1925/783/342
f 1911/768/328 1926/784/341 1925/783/342
f 1911/768/328 1912/769/327 1926/784/341
f 1912/769/327 1927/785/340 1926/784/341
f 1912/769/327 1913/770/326 1927/785/340
f 1913/770/326 1928/786/339 1927/785/340
f 1913/770/326 1914/771/325 1928/786/339
f 1914/771/325 1929/787/337 1928/786/339
f 1914/771/325 1915/772/323 1929/787/337
f 1915/772/323 1930/788/338 1929/787/337
f 1915/772/323 1916/773/324 1930/788/338
f 1916/773/324 1931/789/350 1930/788/338
f 1916/773/324 1917/774/336 1931/789/350
f 1917/774/336 1932/790/349 1931/789/350
f 1917/774/336 1918/775/335 1932/790/349
f 1918/775/335 1933/791/348 1932/790/349
f 1918/775/335 1919/776/334 1933/791/348
f 1919/776/334 1934/792/347 1933/791/348
f 1919/776/334 1920/777/333 1934/792/347
f 1920/777/333 1935/793/346 1934/792/347
f 1920/777/333 1921/778/332 1935/793/346
f 1921/778/332 1936/794/345 1935/793/346
f 1921/778/332 1922/779/331 1936/794/345
f 1922/779/331 1924/795/344 1936/794/345
f 1922/779/331 1910/780/330 1924/795/344
f 1924/782/344 1937/796/357 1938/797/358
f 1924/782/344 1923/781/343 1937/796/357
f 1923/781/343 1939/798/356 1937/796/357
f 1923/781/343 1925/783/342 1939/798/356
f 1925/783/342 1940/799/355 1939/798/356
f 1925/783/342 1926/784/341 1940/799/355
f 1926/784/341 1941/800/354 1940/799/355
f 1926/784/341 1927/785/340 1941/800/354
f 1927/785/340 1942/801/353 1941/800/354
f 1927/785/340 1928/786/339 1942/801/353
f 1928/786/339 1943/802/351 1942/801/353
f 1928/786/339 1929/787/337 1943/802/351
f 1929/787/337 1944/803/352 1943/802/351
f 1929/787/337 1930/788/338 1944/803/352
f 1930/788/338 1945/804/364 1944/803/352
f 1930/788/338 1931/789/350 1945/804/364
f 1931/789/350 1946/805/363 1945/804/364
f 1931/789/350 1932/790/349 1946/805/363
f 1932/790/349 1947/806/362 1946/805/363
f 1932/790/349 1933/791/348 1947/806/362
f 1933/791/348 1948/807/361 1947/806/362
f 1933/791/348 1934/792/347 1948/807/361
f 1934/792/347 1949/808/360 1948/807/361
f 1934/792/347 1935/793/346 1949/808/360
f 1935/793/346 1950/809/359 1949/808/360
f 1935/793/346 1936/794/345 1950/809/359
f 1936/794/345 1938/810/358 1950/809/359
f 1936/794/345 1924/795/344 1938/810/358
f 1938/797/358 1951/811/371 1952/812/372
f 1938/797/358 1937/796/357 1951/811/371
f 1937/796/357 1953/813/370 1951/811/371
f 1937/796/357 1939/798/356 1953/813/370
f 1939/798/356 1954/814/369 1953/813/370
f 1939/798/356 1940/799/355 1954/814/369
f 1940/799/355 1955/815/368 1954/814/369
f 1940/799/355 1941/800/354 1955/815/368
f 1941/800/354 1956/816/367 1955/815/368
f 1941/800/354 1942/801/353 1956/816/367
f 1942/801/353 1957/817/365 1956/816/367
f 1942/801/353 1943/802/351 1957/817/365
f 1943/802/351 1958/818/366 1957/817/365
f 1943/802/351 1944/803/352 1958/818/366
f 1944/803/352 1959/819/378 1958/818/366
f 1944/803/352 1945/804/364 1959/819/378
f 1945/804/364 1960/820/377 1959/819/378
f 1945/804/364 1946/805/363 1960/820/377
f 1946/805/363 1961/821/376 1960/820/377
f 1946/805/363 1947/806/362 1961/821/376
f 1947/806/362 1962/822/375 1961/821/376
f 1947/806/362 1948/807/361 1962/822/375
f 1948/807/361 1963/823/374 1962/822/375
f 1948/807/361 1949/808/360 1963/823/374
f 1949/808/360 1964/824/373 1963/823/374
f 1949/808/360 1950/809/359 1964/824/373
f 1950/809/359 1952/825/372 1964/824/373
f 1950/809/359 1938/810/358 1952/825/372
f 1952/812/372 1965/826/385 1966/827/386
f 1952/812/372 1951/811/371 1965/826/385
f 1951/811/371 1967/828/384 1965/826/385
f 1951/811/371 1953/813/370 1967/828/384
f 1953/813/370 1968/829/383 1967/828/384
f 1953/813/370 1954/814/369 1968/829/383
f 1954/814/369 1969/830/382 1968/829/383
f 1954/814/369 1955/815/368 1969/830/382
f 1955/815/368 1970/831/381 1969/830/382
f 1955/815/368 1956/816/367 1970/831/381
f 1956/816/367 1971/832/379 1970/831/381
f 1956/816/367 1957/817/365 1971/832/379
f 1957/817/365 1972/833/380 1971/832/379
f 1957/817/365 1958/818/366 1972/833/380
f 1958/818/366 1973/834/392 1972/833/380
f 1958/818/366 1959/819/378 1973/834/392
f 1959/819/378 1974/835/391 1973/834/392
f 1959/819/378 1960/820/377 1974/835/391
f 1960/820/377 1975/836/390 1974/835/391
f 1960/820/377 1961/821/376 1975/836/390
f 1961/821/376 1976/837/389 1975/836/390
f 1961/821/376 1962/822/375 1976/837/389
f 1962/822/375 1977/838/388 1976/837/389
f 1962/822/375 1963/823/374 1977/838/388
f 1963/823/374 1978/839/387 1977/838/388
f 1963/823/374 1964/824/373 1978/839/387
f 1964/824/373 1966/840/386 1978/839/387
f 1964/824/373 1952/825/372 1966/840/386
f 1966/827/386 1198/841/4 1195/842/1
f 1966/827/386 1965/826/385 1198/841/4
f 1965/826/385 1200/843/6 1198/841/4
f 1965/826/385 1967/828/384 1200/843/6
f 1967/828/384 1202/844/8 1200/843/6
f 1967/828/384 1968/829/383 1202/844/8
f 1968/829/383 1204/845/10 1202/844/8
f 1968/829/383 1969/830/382 1204/845/10
f 1969/830/382 1206/846/12 1204/845/10
f 1969/830/382 1970/831/381 1206/846/12
f 1970/831/381 1208/847/14 1206/846/12
f 1970/831/381 1971/832/379 1208/847/14
f 1971/832/379 1210/848/16 1208/847/14
f 1971/832/379 1972/833/380 1210/848/16
f 1972/833/380 1212/849/18 1210/848/16
f 1972/833/380 1973/834/392 1212/849/18
f 1973/834/392 1214/850/20 1212/849/18
f 1973/834/392 1974/835/391 1214/850/20
f 1974/835/391 1216/851/22 1214/850/20
f 1974/835/391 1975/836/390 1216/851/22
f 1975/836/390 1218/852/24 1216/851/22
f 1975/836/390 1976/837/389 1218/852/24
f 1976/837/389 1220/853/26 1218/852/24
f 1976/837/389 1977/838/388 1220/853/26
f 1977/838/388 1222/854/28 1220/853/26
f 1977/838/388 1978/839/387 1222/854/28
f 1978/839/387 1195/855/1 1222/854/28
f 1978/839/387 1966/840/386 1195/855/1
f 1979/1/801 1980/856/802 1981/857/803
f 1979/1/801 1982/858/804 1980/856/802
f 1982/858/804 1983/859/805 1980/856/802
f 1982/858/804 1984/860/806 1983/859/805
f 1984/860/806 1985/861/807 1983/859/805
f 1984/860/806 1986/862/808 1985/861/807
f 1986/862/808 1987/863/809 1985/861/807
f 1986/862/808 1988/864/810 1987/863/809
f 1988/864/810 1989/865/811 1987/863/809
f 1988/864/810 1990/16/812 1989/865/811
f 1990/16/812 1991/866/813 1989/865/811
f 1990/16/812 1992/867/814 1991/866/813
f 1992/867/814 1993/868/815 1991/866/813
f 1992/867/814 1994/869/816 1993/868/815
f 1994/869/816 1995/870/817 1993/868/815
f 1994/869/816 1996/871/818 1995/870/817
f 1996/871/818 1997/872/819 1995/870/817
f 1996/871/818 1998/873/820 1997/872/819
f 1998/873/820 1981/874/803 1997/872/819
f 1998/873/820 1979/30/801 1981/874/803
f 1981/857/803 1999/875/821 2000/876/822
f 1981/857/803 1980/856/802 1999/875/821
f 1980/856/802 2001/877/823 1999/875/821
f 1980/856/802 1983/859/805 2001/877/823
f 1983/859/805 2002/878/824 2001/877/823
f 1983/859/805 1985/861/807 2002/878/824
f 1985/861/807 2003/879/825 2002/878/824
f 1985/861/807 1987/863/809 2003/879/825
f 1987/863/809 2004/880/826 2003/879/825
f 1987/863/809 1989/865/811 2004/880/826
f 1989/865/811 2005/881/827 2004/880/826
f 1989/865/811 1991/866/813 2005/881/827
f 1991/866/813 2006/882/828 2005/881/827
f 1991/866/813 1993/868/815 2006/882/828
f 1993/868/815 2007/883/829 2006/882/828
f 1993/868/815 1995/870/817 2007/883/829
f 1995/870/817 2008/884/830 2007/883/829
f 1995/870/817 1997/872/819 2008/884/830
f 1997/872/819 2000/885/822 2008/884/830
f 1997/872/819 1981/874/803 2000/885/822
f 2000/876/822 2009/886/831 2010/887/832
f 2000/876/822 1999/875/821 2009/886/831
f 1999/875/821 2011/888/833 2009/886/831
f 1999/875/821 2001/877/823 2011/888/833
f 2001/877/823 2012/889/834 2011/888/833
f 2001/877/823 2002/878/824 2012/889/834
f 2002/878/824 2013/890/835 2012/889/834
f 2002/878/824 2003/879/825 2013/890/835
f 2003/879/825 2014/891/836 2013/890/835
f 2003/879/825 2004/880/826 2014/891/836
f 2004/880/826 2015/892/837 2014/891/836
f 2004/880/826 2005/881/827 2015/892/837
f 2005/881/827 2016/893/838 2015/892/837
f 2005/881/827 2006/882/828 2016/893/838
f 2006/882/828 2017/894/839 2016/893/838
f 2006/882/828 2007/883/829 2017/894/839
f 2007/883/829 2018/895/840 2017/894/839
f 2007/883/829 2008/884/830 2018/895/840
f 2008/884/830 2010/896/832 2018/895/840
f 2008/884/830 2000/885/822 2010/896/832
f 2010/887/832 2019/897/841 2020/898/842
f 2010/887/832 2009/886/831 2019/897/841
f 2009/886/831 2021/899/843 2019/897/841
f 2009/886/831 2011/888/833 2021/899/843
f 2011/888/833 2022/900/844 2021/899/843
f 2011/888/833 2012/889/834 2022/900/844
f 2012/889/834 2023/901/845 2022/900/844
f 2012/889/834 2013/890/835 2023/901/845
f 2013/890/835 2024/902/846 2023/901/845
f 2013/890/835 2014/891/836 2024/902/846
f 2014/891/836 2025/903/847 2024/902/846
f 2014/891/836 2015/892/837 2025/903/847
f 2015/892/837 2026/904/848 2025/903/847
f 2015/892/837 2016/893/838 2026/904/848
f 2016/893/838 2027/905/849 2026/904/848
f 2016/893/838 2017/894/839 2027/905/849
f 2017/894/839 2028/906/850 2027/905/849
f 2017/894/839 2018/895/840 2028/906/850
f 2018/895/840 2020/907/842 2028/906/850
f 2018/895/840 2010/896/832 2020/907/842
f 2020/898/842 2029/908/851 2030/107/852
f 2020/898/842 2019/897/841 2029/908/851
f 2019/897/841 2031/909/853 2029/908/851
f 2019/897/841 2021/899/843 2031/909/853
f 2021/899/843 2032/910/854 2031/909/853
f 2021/899/843 2022/900/844 2032/910/854
f 2022/900/844 2033/911/855 2032/910/854
f 2022/900/844 2023/901/845 2033/911/855
f 2023/901/845 2034/113/856 2033/911/855
f 2023/901/845 2024/902/846 2034/113/856
f 2024/902/846 2035/912/857 2034/113/856
f 2024/902/846 2025/903/847 2035/912/857
f 2025/903/847 2036/913/858 2035/912/857
f 2025/903/847 2026/904/848 2036/913/858
f 2026/904/848 2037/914/859 2036/913/858
f 2026/904/848 2027/905/849 2037/914/859
f 2027/905/849 2038/915/860 2037/914/859
f 2027/905/849 2028/906/850 2038/915/860
f 2028/906/850 2030/120/852 2038/915/860
f 2028/906/850 2020/907/842 2030/120/852
f 2030/107/852 2039/916/861 2040/917/862
f 2030/107/852 2029/908/851 2039/916/861
f 2029/908/851 2041/918/863 2039/916/861
f 2029/908/851 2031/909/853 2041/918/863
f 2031/909/853 2042/919/864 2041/918/863
f 2031/909/853 2032/910/854 2042/919/864
f 2032/910/854 2043/920/865 2042/919/864
f 2032/910/854 2033/911/855 2043/920/865
f 2033/911/855 2044/921/866 2043/920/865
f 2033/911/855 2034/113/856 2044/921/866
f 2034/113/856 2045/922/867 2044/921/866
f 2034/113/856 2035/912/857 2045/922/867
f 2035/912/857 2046/923/868 2045/922/867
f 2035/912/857 2036/913/858 2046/923/868
f 2036/913/858 2047/924/869 2046/923/868
f 2036/913/858 2037/914/859 2047/924/869
f 2037/914/859 2048/925/870 2047/924/869
f 2037/914/859 2038/915/860 2048/925/870
f 2038/915/860 2040/926/862 2048/925/870
f 2038/915/860 2030/120/852 2040/926/862
f 2040/917/862 2049/927/871 2050/928/872
f 2040/917/862 2039/916/861 2049/927/871
f 2039/916/861 2051/929/873 2049/927/871
f 2039/916/861 2041/918/863 2051/929/873
f 2041/918/863 2052/930/874 2051/929/873
f 2041/918/863 2042/919/864 2052/930/874
f 2042/919/864 2053/931/875 2052/930/874
f 2042/919/864 2043/920/865 2053/931/875
f 2043/920/865 2054/932/876 2053/931/875
f 2043/920/865 2044/921/866 2054/932/876
f 2044/921/866 2055/933/877 2054/932/876
f 2044/921/866 2045/922/867 2055/933/877
f 2045/922/867 2056/934/878 2055/933/877
f 2045/922/867 2046/923/868 2056/934/878
f 2046/923/868 2057/935/879 2056/934/878
f 2046/923/868 2047/924/869 2057/935/879
f 2047/924/869 2058/936/880 2057/935/879
f 2047/924/869 2048/925/870 2058/936/880
f 2048/925/870 2050/937/872 2058/936/880
f 2048/925/870 2040/926/862 2050/937/872
f 2050/928/872 2059/938/881 2060/939/882
f 2050/928/872 2049/927/871 2059/938/881
f 2049/927/871 2061/940/883 2059/938/881
f 2049/927/871 2051/929/873 2061/940/883
f 2051/929/873 2062/941/884 2061/940/883
f 2051/929/873 2052/930/874 2062/941/884
f 2052/930/874 2063/942/885 2062/941/884
f 2052/930/874 2053/931/875 2063/942/885
f 2053/931/875 2064/943/886 2063/942/885
f 2053/931/875 2054/932/876 2064/943/886
f 2054/932/876 2065/944/887 2064/943/886
f 2054/932/876 2055/933/877 2065/944/887
f 2055/933/877 2066/945/888 2065/944/887
f 2055/933/877 2056/934/878 2066/945/888
f 2056/934/878 2067/946/889 2066/945/888
f 2056/934/878 2057/935/879 2067/946/889
f 2057/935/879 2068/947/890 2067/946/889
f 2057/935/879 2058/936/880 2068/947/890
f 2058/936/880 2060/948/882 2068/947/890
f 2058/936/880 2050/937/872 2060/948/882
f 2060/939/882 2069/949/891 2070/950/892
f 2060/939/882 2059/938/881 2069/949/891
f 2059/938/881 2071/951/893 2069/949/891
f 2059/938/881 2061/940/883 2071/951/893
f 2061/940/883 2072/952/894 2071/951/893
f 2061/940/883 2062/941/884 2072/952/894
f 2062/941/884 2073/953/895 2072/952/894
f 2062/941/884 2063/942/885 2073/953/895
f 2063/942/885 2074/954/896 2073/953/895
f 2063/942/885 2064/943/886 2074/954/896
f 2064/943/886 2075/955/897 2074/954/896
f 2064/943/886 2065/944/887 2075/955/897
f 2065/944/887 2076/956/898 2075/955/897
f 2065/944/887 2066/945/888 2076/956/898
f 2066/945/888 2077/957/899 2076/956/898
f 2066/945/888 2067/946/889 2077/957/899
f 2067/946/889 2078/958/900 2077/957/899
f 2067/946/889 2068/947/890 2078/958/900
f 2068/947/890 2070/959/892 2078/958/900
f 2068/947/890 2060/948/882 2070/959/892
f 2070/950/892 2079/960/901 2080/212/902
f 2070/950/892 2069/949/891 2079/960/901
f 2069/949/891 2081/961/903 2079/960/901
f 2069/949/891 2071/951/893 2081/961/903
f 2071/951/893 2082/962/904 2081/961/903
f 2071/951/893 2072/952/894 2082/962/904
f 2072/952/894 2083/963/905 2082/962/904
f 2072/952/894 2073/953/895 2083/963/905
f 2073/953/895 2084/218/906 2083/963/905
f 2073/953/895 2074/954/896 2084/218/906
f 2074/954/896 2085/964/907 2084/218/906
f 2074/954/896 2075/955/897 2085/964/907
f 2075/955/897 2086/965/908 2085/964/907
f 2075/955/897 2076/956/898 2086/965/908
f 2076/956/898 2087/966/909 2086/965/908
f 2076/956/898 2077/957/899 2087/966/909
f 2077/957/899 2088/967/910 2087/966/909
f 2077/957/899 2078/958/900 2088/967/910
f 2078/958/900 2080/225/902 2088/967/910
f 2078/958/900 2070/959/892 2080/225/902
f 2080/212/902 2089/968/911 2090/969/912
f 2080/212/902 2079/960/901 2089/968/911
f 2079/960/901 2091/970/913 2089/968/911
f 2079/960/901 2081/961/903 2091/970/913
f 2081/961/903 2092/971/914 2091/970/913
f 2081/961/903 2082/962/904 2092/971/914
f 2082/962/904 2093/972/915 2092/971/914
f 2082/962/904 2083/963/905 2093/972/915
f 2083/963/905 2094/973/916 2093/972/915
f 2083/963/905 2084/218/906 2094/973/916
f 2084/218/906 2095/974/917 2094/973/916
f 2084/218/906 2085/964/907 2095/974/917
f 2085/964/907 2096/975/918 2095/974/917
f 2085/964/907 2086/965/908 2096/975/918
f 2086/965/908 2097/976/919 2096/975/918
f 2086/965/908 2087/966/909 2097/976/919
f 2087/966/909 2098/977/920 2097/976/919
f 2087/966/909 2088/967/910 2098/977/920
f 2088/967/910 2090/978/912 2098/977/920
f 2088/967/910 2080/225/902 2090/978/912
f 2090/969/912 2099/979/921 2100/980/922
f 2090/969/912 2089/968/911 2099/979/921
f 2089/968/911 2101/981/923 2099/979/921
f 2089/968/911 2091/970/913 2101/981/923
f 2091/970/913 2102/982/924 2101/981/923
f 2091/970/913 2092/971/914 2102/982/924
f 2092/971/914 2103/983/925 2102/982/924
f 2092/971/914 2093/972/915 2103/983/925
f 2093/972/915 2104/984/926 2103/983/925
f 2093/972/915 2094/973/916 2104/984/926
f 2094/973/916 2105/985/927 2104/984/926
f 2094/973/916 2095/974/917 2105/985/927
f 2095/974/917 2106/986/928 2105/985/927
f 2095/974/917 2096/975/918 2106/986/928
f 2096/975/918 2107/987/929 2106/986/928
f 2096/975/918 2097/976/919 2107/987/929
f 2097/976/919 2108/988/930 2107/987/929
f 2097/976/919 2098/977/920 2108/988/930
f 2098/977/920 2100/989/922 2108/988/930
f 2098/977/920 2090/978/912 2100/989/922
f 2100/980/922 2109/990/931 2110/991/932
f 2100/980/922 2099/979/921 2109/990/931
f 2099/979/921 2111/992/933 2109/990/931
f 2099/979/921 2101/981/923 2111/992/933
f 2101/981/923 2112/993/934 2111/992/933
f 2101/981/923 2102/982/924 2112/993/934
f 2102/982/924 2113/994/935 2112/993/934
f 2102/982/924 2103/983/925 2113/994/935
f 2103/983/925 2114/995/936 2113/994/935
f 2103/983/925 2104/984/926 2114/995/936
f 2104/984/926 2115/996/937 2114/995/936
f 2104/984/926 2105/985/927 2115/996/937
f 2105/985/927 2116/997/938 2115/996/937
f 2105/985/927 2106/986/928 2116/997/938
f 2106/986/928 2117/998/939 2116/997/938
f 2106/986/928 2107/987/929 2117/998/939
f 2107/987/929 2118/999/940 2117/998/939
f 2107/987/929 2108/988/930 2118/999/940
f 2108/988/930 2110/1000/932 2118/999/940
f 2108/988/930 2100/989/922 2110/1000/932
f 2110/991/932 2119/1001/941 2120/1002/942
f 2110/991/932 2109/990/931 2119/1001/941
f 2109/990/931 2121/1003/943 2119/1001/941
f 2109/990/931 2111/992/933 2121/1003/943
f 2111/992/933 2122/1004/944 2121/1003/943
f 2111/992/933 2112/993/934 2122/1004/944
f 2112/993/934 2123/1005/945 2122/1004/944
f 2112/993/934 2113/994/935 2123/1005/945
f 2113/994/935 2124/1006/946 2123/1005/945
f 2113/994/935 2114/995/936 2124/1006/946
f 2114/995/936 2125/1007/947 2124/1006/946
f 2114/995/936 2115/996/937 2125/1007/947
f 2115/996/937 2126/1008/948 2125/1007/947
f 2115/996/937 2116/997/938 2126/1008/948
f 2116/997/938 2127/1009/949 2126/1008/948
f 2116/997/938 2117/998/939 2127/1009/949
f 2117/998/939 2128/1010/950 2127/1009/949
f 2117/998/939 2118/999/940 2128/1010/950
f 2118/999/940 2120/1011/942 2128/1010/950
f 2118/999/940 2110/1000/932 2120/1011/942
f 2120/1002/942 2129/1012/951 2130/317/952
f 2120/1002/942 2119/1001/941 2129/1012/951
f 2119/1001/941 2131/1013/953 2129/1012/951
f 2119/1001/941 2121/1003/943 2131/1013/953
f 2121/1003/943 2132/1014/954 2131/1013/953
f 2121/1003/943 2122/1004/944 2132/1014/954
f 2122/1004/944 2133/1015/955 2132/1014/954
f 2122/1004/944 2123/1005/945 2133/1015/955
f 2123/1005/945 2134/323/956 2133/1015/955
f 2123/1005/945 2124/1006/946 2134/323/956
f 2124/1006/946 2135/1016/957 2134/323/956
f 2124/1006/946 2125/1007/947 2135/1016/957
f 2125/1007/947 2136/1017/958 2135/1016/957
f 2125/1007/947 2126/1008/948 2136/1017/958
f 2126/1008/948 2137/1018/959 2136/1017/958
f 2126/1008/948 2127/1009/949 2137/1018/959
f 2127/1009/949 2138/1019/960 2137/1018/959
f 2127/1009/949 2128/1010/950 2138/1019/960
f 2128/1010/950 2130/330/952 2138/1019/960
f 2128/1010/950 2120/1011/942 2130/330/952
f 2130/317/952 2139/1020/961 2140/1021/962
f 2130/317/952 2129/1012/951 2139/1020/961
f 2129/1012/951 2141/1022/963 2139/1020/961
f 2129/1012/951 2131/1013/953 2141/1022/963
f 2131/1013/953 2142/1023/964 2141/1022/963
f 2131/1013/953 2132/1014/954 2142/1023/964
f 2132/1014/954 2143/1024/965 2142/1023/964
f 2132/1014/954 2133/1015/955 2143/1024/965
f 2133/1015/955 2144/1025/966 2143/1024/965
f 2133/1015/955 2134/323/956 2144/1025/966
f 2134/323/956 2145/1026/967 2144/1025/966
f 2134/323/956 2135/1016/957 2145/1026/967
f 2135/1016/957 2146/1027/968 2145/1026/967
f 2135/1016/957 2136/1017/958 2146/1027/968
f 2136/1017/958 2147/1028/969 2146/1027/968
f 2136/1017/958 2137/1018/959 2147/1028/969
f 2137/1018/959 2148/1029/970 2147/1028/969
f 2137/1018/959 2138/1019/960 2148/1029/970
f 2138/1019/960 2140/1030/962 2148/1029/970
f 2138/1019/960 2130/330/952 2140/1030/962
f 2140/1021/962 2149/1031/971 2150/1032/972
f 2140/1021/962 2139/1020/961 2149/1031/971
f 2139/1020/961 2151/1033/973 2149/1031/971
f 2139/1020/961 2141/1022/963 2151/1033/973
f 2141/1022/963 2152/1034/974 2151/1033/973
f 2141/1022/963 2142/1023/964 2152/1034/974
f 2142/1023/964 2153/1035/975 2152/1034/974
f 2142/1023/964 2143/1024/965 2153/1035/975
f 2143/1024/965 2154/1036/976 2153/1035/975
f 2143/1024/965 2144/1025/966 2154/1036/976
f 2144/1025/966 2155/1037/977 2154/1036/976
f 2144/1025/966 2145/1026/967 2155/1037/977
f 2145/1026/967 2156/1038/978 2155/1037/977
f 2145/1026/967 2146/1027/968 2156/1038/978
f 2146/1027/968 2157/1039/979 2156/1038/978
f 2146/1027/968 2147/1028/969 2157/1039/979
f 2147/1028/969 2158/1040/980 2157/1039/979
f 2147/1028/969 2148/1029/970 2158/1040/980
f 2148/1029/970 2150/1041/972 2158/1040/980
f 2148/1029/970 2140/1030/962 2150/1041/972
f 2150/1032/972 2159/1042/981 2160/1043/982
f 2150/1032/972 2149/1031/971 2159/1042/981
f 2149/1031/971 2161/1044/983 2159/1042/981
f 2149/1031/971 2151/1033/973 2161/1044/983
f 2151/1033/973 2162/1045/984 2161/1044/983
f 2151/1033/973 2152/1034/974 2162/1045/984
f 2152/1034/974 2163/1046/985 2162/1045/984
f 2152/1034/974 2153/1035/975 2163/1046/985
f 2153/1035/975 2164/1047/986 2163/1046/985
f 2153/1035/975 2154/1036/976 2164/1047/986
f 2154/1036/976 2165/1048/987 2164/1047/986
f 2154/1036/976 2155/1037/977 2165/1048/987
f 2155/1037/977 2166/1049/988 2165/1048/987
f 2155/1037/977 2156/1038/978 2166/1049/988
f 2156/1038/978 2167/1050/989 2166/1049/988
f 2156/1038/978 2157/1039/979 2167/1050/989
f 2157/1039/979 2168/1051/990 2167/1050/989
f 2157/1039/979 2158/1040/980 2168/1051/990
f 2158/1040/980 2160/1052/982 2168/1051/990
f 2158/1040/980 2150/1041/972 2160/1052/982
f 2160/1043/982 2169/1053/991 2170/1054/992
f 2160/1043/982 2159/1042/981 2169/1053/991
f 2159/1042/981 2171/1055/993 2169/1053/991
f 2159/1042/981 2161/1044/983 2171/1055/993
f 2161/1044/983 2172/1056/994 2171/1055/993
f 2161/1044/983 2162/1045/984 2172/1056/994
f 2162/1045/984 2173/1057/995 2172/1056/994
f 2162/1045/984 2163/1046/985 2173/1057/995
f 2163/1046/985 2174/1058/996 2173/1057/995
f 2163/1046/985 2164/1047/986 2174/1058/996
f 2164/1047/986 2175/1059/997 2174/1058/996
f 2164/1047/986 2165/1048/987 2175/1059/997
f 2165/1048/987 2176/1060/998 2175/1059/997
f 2165/1048/987 2166/1049/988 2176/1060/998
f 2166/1049/988 2177/1061/999 2176/1060/998
f 2166/1049/988 2167/1050/989 2177/1061/999
f 2167/1050/989 2178/1062/1000 2177/1061/999
f 2167/1050/989 2168/1051/990 2178/1062/1000
f 2168/1051/990 2170/1063/992 2178/1062/1000
f 2168/1051/990 2160/1052/982 2170/1063/992
f 2170/1054/992 2179/1064/1001 2180/422/1002
f 2170/1054/992 2169/1053/991 2179/1064/1001
f 2169/1053/991 2181/1065/1003 2179/1064/1001
f 2169/1053/991 2171/1055/993 2181/1065/1003
f 2171/1055/993 2182/1066/1004 2181/1065/1003
f 2171/1055/993 2172/1056/994 2182/1066/1004
f 2172/1056/994 2183/1067/1005 2182/1066/1004
f 2172/1056/994 2173/1057/995 2183/1067/1005
f 2173/1057/995 2184/428/1006 2183/1067/1005
f 2173/1057/995 2174/1058/996 2184/428/1006
f 2174/1058/996 2185/1068/1007 2184/428/1006
f 2174/1058/996 2175/1059/997 2185/1068/1007
f 2175/1059/997 2186/1069/1008 2185/1068/1007
f 2175/1059/997 2176/1060/998 2186/1069/1008
f 2176/1060/998 2187/1070/1009 2186/1069/1008
f 2176/1060/998 2177/1061/999 2187/1070/1009
f 2177/1061/999 2188/1071/1010 2187/1070/1009
f 2177/1061/999 2178/1062/1000 2188/1071/1010
f 2178/1062/1000 2180/435/1002 2188/1071/1010
f 2178/1062/1000 2170/1063/992 2180/435/1002
f 2180/422/1002 2189/1072/1011 2190/1073/1012
f 2180/422/1002 2179/1064/1001 2189/1072/1011
f 2179/1064/1001 2191/1074/1013 2189/1072/1011
f 2179/1064/1001 2181/1065/1003 2191/1074/1013
f 2181/1065/1003 2192/1075/1014 2191/1074/1013
f 2181/1065/1003 2182/1066/1004 2192/1075/1014
f 2182/1066/1004 2193/1076/1015 2192/1075/1014
f 2182/1066/1004 2183/1067/1005 2193/1076/1015
f 2183/1067/1005 2194/1077/1016 2193/1076/1015
f 2183/1067/1005 2184/428/1006 2194/1077/1016
f 2184/428/1006 2195/1078/1017 2194/1077/1016
f 2184/428/1006 2185/1068/1007 2195/1078/1017
f 2185/1068/1007 2196/1079/1018 2195/1078/1017
f 2185/1068/1007 2186/1069/1008 2196/1079/1018
f 2186/1069/1008 2197/1080/1019 2196/1079/1018
f 2186/1069/1008 2187/1070/1009 2197/1080/1019
f 2187/1070/1009 2198/1081/1020 2197/1080/1019
f 2187/1070/1009 2188/1071/1010 2198/1081/1020
f 2188/1071/1010 2190/1082/1012 2198/1081/1020
f 2188/1071/1010 2180/435/1002 2190/1082/1012
f 2190/1073/1012 2199/1083/1021 2200/1084/1022
f 2190/1073/1012 2189/1072/1011 2199/1083/1021
f 2189/1072/1011 2201/1085/1023 2199/1083/1021
f 2189/1072/1011 2191/1074/1013 2201/1085/1023
f 2191/1074/1013 2202/1086/1024 2201/1085/1023
f 2191/1074/1013 2192/1075/1014 2202/1086/1024
f 2192/1075/1014 2203/1087/1025 2202/1086/1024
f 2192/1075/1014 2193/1076/1015 2203/1087/1025
f 2193/1076/1015 2204/1088/1026 2203/1087/1025
f 2193/1076/1015 2194/1077/1016 2204/1088/1026
f 2194/1077/1016 2205/1089/1027 2204/1088/1026
f 2194/1077/1016 2195/1078/1017 2205/1089/1027
f 2195/1078/1017 2206/1090/1028 2205/1089/1027
f 2195/1078/1017 2196/1079/1018 2206/1090/1028
f 2196/1079/1018 2207/1091/1029 2206/1090/1028
f 2196/1079/1018 2197/1080/1019 2207/1091/1029
f 2197/1080/1019 2208/1092/1030 2207/1091/1029
f 2197/1080/1019 2198/1081/1020 2208/1092/1030
f 2198/1081/1020 2200/1093/1022 2208/1092/1030
f 2198/1081/1020 2190/1082/1012 2200/1093/1022
f 2200/1084/1022 2209/1094/1031 2210/1095/1032
f 2200/1084/1022 2199/1083/1021 2209/1094/1031
f 2199/1083/1021 2211/1096/1033 2209/1094/1031
f 2199/1083/1021 2201/1085/1023 2211/1096/1033
f 2201/1085/1023 2212/1097/1034 2211/1096/1033
f 2201/1085/1023 2202/1086/1024 2212/1097/1034
f 2202/1086/1024 2213/1098/1035 2212/1097/1034
f 2202/1086/1024 2203/1087/1025 2213/1098/1035
f 2203/1087/1025 2214/1099/1036 2213/1098/1035
f 2203/1087/1025 2204/1088/1026 2214/1099/1036
f 2204/1088/1026 2215/1100/1037 2214/1099/1036
f 2204/1088/1026 2205/1089/1027 2215/1100/1037
f 2205/1089/1027 2216/1101/1038 2215/1100/1037
f 2205/1089/1027 2206/1090/1028 2216/1101/1038
f 2206/1090/1028 2217/1102/1039 2216/1101/1038
f 2206/1090/1028 2207/1091/1029 2217/1102/1039
f 2207/1091/1029 2218/1103/1040 2217/1102/1039
f 2207/1091/1029 2208/1092/1030 2218/1103/1040
f 2208/1092/1030 2210/1104/1032 2218/1103/1040
f 2208/1092/1030 2200/1093/1022 2210/1104/1032
f 2210/1095/1032 2219/1105/1041 2220/1106/1042
f 2210/1095/1032 2209/1094/1031 2219/1105/1041
f 2209/1094/1031 2221/1107/1043 2219/1105/1041
f 2209/1094/1031 2211/1096/1033 2221/1107/1043
f 2211/1096/1033 2222/1108/1044 2221/1107/1043
f 2211/1096/1033 2212/1097/1034 2222/1108/1044
f 2212/1097/1034 2223/1109/1045 2222/1108/1044
f 2212/1097/1034 2213/1098/1035 2223/1109/1045
f 2213/1098/1035 2224/1110/1046 2223/1109/1045
f 2213/1098/1035 2214/1099/1036 2224/1110/1046
f 2214/1099/1036 2225/1111/1047 2224/1110/1046
f 2214/1099/1036 2215/1100/1037 2225/1111/1047
f 2215/1100/1037 2226/1112/1048 2225/1111/1047
f 2215/1100/1037 2216/1101/1038 2226/1112/1048
f 2216/1101/1038 2227/1113/1049 2226/1112/1048
f 2216/1101/1038 2217/1102/1039 2227/1113/1049
f 2217/1102/1039 2228/1114/1050 2227/1113/1049
f 2217/1102/1039 2218/1103/1040 2228/1114/1050
f 2218/1103/1040 2220/1115/1042 2228/1114/1050
f 2218/1103/1040 2210/1104/1032 2220/1115/1042
f 2220/1106/1042 2229/1116/1051 2230/527/1052
f 2220/1106/1042 2219/1105/1041 2229/1116/1051
f 2219/1105/1041 2231/1117/1053 2229/1116/1051
f 2219/1105/1041 2221/1107/1043 2231/1117/1053
f 2221/1107/1043 2232/1118/1054 2231/1117/1053
f 2221/1107/1043 2222/1108/1044 2232/1118/1054
f 2222/1108/1044 2233/1119/1055 2232/1118/1054
f 2222/1108/1044 2223/1109/1045 2233/1119/1055
f 2223/1109/1045 2234/533/1056 2233/1119/1055
f 2223/1109/1045 2224/1110/1046 2234/533/1056
f 2224/1110/1046 2235/1120/1057 2234/533/1056
f 2224/1110/1046 2225/1111/1047 2235/1120/1057
f 2225/1111/1047 2236/1121/1058 2235/1120/1057
f 2225/1111/1047 2226/1112/1048 2236/1121/1058
f 2226/1112/1048 2237/1122/1059 2236/1121/1058
f 2226/1112/1048 2227/1113/1049 2237/1122/1059
f 2227/1113/1049 2238/1123/1060 2237/1122/1059
f 2227/1113/1049 2228/1114/1050 2238/1123/1060
f 2228/1114/1050 2230/540/1052 2238/1123/1060
f 2228/1114/1050 2220/1115/1042 2230/540/1052
f 2230/527/1052 2239/1124/1061 2240/1125/1062
f 2230/527/1052 2229/1116/1051 2239/1124/1061
f 2229/1116/1051 2241/1126/1063 2239/1124/1061
f 2229/1116/1051 2231/1117/1053 2241/1126/1063
f 2231/1117/1053 2242/1127/1064 2241/1126/1063
f 2231/1117/1053 2232/1118/1054 2242/1127/1064
f 2232/1118/1054 2243/1128/1065 2242/1127/1064
f 2232/1118/1054 2233/1119/1055 2243/1128/1065
f 2233/1119/1055 2244/1129/1066 2243/1128/1065
f 2233/1119/1055 2234/533/1056 2244/1129/1066
f 2234/533/1056 2245/1130/1067 2244/1129/1066
f 2234/533/1056 2235/1120/1057 2245/1130/1067
f 2235/1120/1057 2246/1131/1068 2245/1130/1067
f 2235/1120/1057 2236/1121/1058 2246/1131/1068
f 2236/1121/1058 2247/1132/1069 2246/1131/1068
f 2236/1121/1058 2237/1122/1059 2247/1132/1069
f 2237/1122/1059 2248/1133/1070 2247/1132/1069
f 2237/1122/1059 2238/1123/1060 2248/1133/1070
f 2238/1123/1060 2240/1134/1062 2248/1133/1070
f 2238/1123/1060 2230/540/1052 2240/1134/1062
f 2240/1125/1062 2249/1135/1071 2250/1136/1072
f 2240/1125/1062 2239/1124/1061 2249/1135/1071
f 2239/1124/1061 2251/1137/1073 2249/1135/1071
f 2239/1124/1061 2241/1126/1063 2251/1137/1073
f 2241/1126/1063 2252/1138/1074 2251/1137/1073
f 2241/1126/1063 2242/1127/1064 2252/1138/1074
f 2242/1127/1064 2253/1139/1075 2252/1138/1074
f 2242/1127/1064 2243/1128/1065 2253/1139/1075
f 2243/1128/1065 2254/1140/1076 2253/1139/1075
f 2243/1128/1065 2244/1129/1066 2254/1140/1076
f 2244/1129/1066 2255/1141/1077 2254/1140/1076
f 2244/1129/1066 2245/1130/1067 2255/1141/1077
f 2245/1130/1067 2256/1142/1078 2255/1141/1077
f 2245/1130/1067 2246/1131/1068 2256/1142/1078
f 2246/1131/1068 2257/1143/1079 2256/1142/1078
f 2246/1131/1068 2247/1132/1069 2257/1143/1079
f 2247/1132/1069 2258/1144/1080 2257/1143/1079
f 2247/1132/1069 2248/1133/1070 2258/1144/1080
f 2248/1133/1070 2250/1145/1072 2258/1144/1080
f 2248/1133/1070 2240/1134/1062 2250/1145/1072
f 2250/1136/1072 2259/1146/1081 2260/1147/1082
f 2250/1136/1072 2249/1135/1071 2259/1146/1081
f 2249/1135/1071 2261/1148/1083 2259/1146/1081
f 2249/1135/1071 2251/1137/1073 2261/1148/1083
f 2251/1137/1073 2262/1149/1084 2261/1148/1083
f 2251/1137/1073 2252/1138/1074 2262/1149/1084
f 2252/1138/1074 2263/1150/1085 2262/1149/1084
f 2252/1138/1074 2253/1139/1075 2263/1150/1085
f 2253/1139/1075 2264/1151/1086 2263/1150/1085
f 2253/1139/1075 2254/1140/1076 2264/1151/1086
f 2254/1140/1076 2265/1152/1087 2264/1151/1086
f 2254/1140/1076 2255/1141/1077 2265/1152/1087
f 2255/1141/1077 2266/1153/1088 2265/1152/1087
f 2255/1141/1077 2256/1142/1078 2266/1153/1088
f 2256/1142/1078 2267/1154/1089 2266/1153/1088
f 2256/1142/1078 2257/1143/1079 2267/1154/1089
f 2257/1143/1079 2268/1155/1090 2267/1154/1089
f 2257/1143/1079 2258/1144/1080 2268/1155/1090
f 2258/1144/1080 2260/1156/1082 2268/1155/1090
f 2258/1144/1080 2250/1145/1072 2260/1156/1082
f 2260/1147/1082 2269/1157/1091 2270/1158/1092
f 2260/1147/1082 2259/1146/1081 2269/1157/1091
f 2259/1146/1081 2271/1159/1093 2269/1157/1091
f 2259/1146/1081 2261/1148/1083 2271/1159/1093
f 2261/1148/1083 2272/1160/1094 2271/1159/1093
f 2261/1148/1083 2262/1149/1084 2272/1160/1094
f 2262/1149/1084 2273/1161/1095 2272/1160/1094
f 2262/1149/1084 2263/1150/1085 2273/1161/1095
f 2263/1150/1085 2274/1162/1096 2273/1161/1095
f 2263/1150/1085 2264/1151/1086 2274/1162/1096
f 2264/1151/1086 2275/1163/1097 2274/1162/1096
f 2264/1151/1086 2265/1152/1087 2275/1163/1097
f 2265/1152/1087 2276/1164/1098 2275/1163/1097
f 2265/1152/1087 2266/1153/1088 2276/1164/1098
f 2266/1153/1088 2277/1165/1099 2276/1164/1098
f 2266/1153/1088 2267/1154/1089 2277/1165/1099
f 2267/1154/1089 2278/1166/1100 2277/1165/1099
f 2267/1154/1089 2268/1155/1090 2278/1166/1100
f 2268/1155/1090 2270/1167/1092 2278/1166/1100
f 2268/1155/1090 2260/1156/1082 2270/1167/1092
f 2270/1158/1092 2279/1168/1101 2280/632/1102
f 2270/1158/1092 2269/1157/1091 2279/1168/1101
f 2269/1157/1091 2281/1169/1103 2279/1168/1101
f 2269/1157/1091 2271/1159/1093 2281/1169/1103
f 2271/1159/1093 2282/1170/1104 2281/1169/1103
f 2271/1159/1093 2272/1160/1094 2282/1170/1104
f 2272/1160/1094 2283/1171/1105 2282/1170/1104
f 2272/1160/1094 2273/1161/1095 2283/1171/1105
f 2273/1161/1095 2284/638/1106 2283/1171/1105
f 2273/1161/1095 2274/1162/1096 2284/638/1106
f 2274/1162/1096 2285/1172/1107 2284/638/1106
f 2274/1162/1096 2275/1163/1097 2285/1172/1107
f 2275/1163/1097 2286/1173/1108 2285/1172/1107
f 2275/1163/1097 2276/1164/1098 2286/1173/1108
f 2276/1164/1098 2287/1174/1109 2286/1173/1108
f 2276/1164/1098 2277/1165/1099 2287/1174/1109
f 2277/1165/1099 2288/1175/1110 2287/1174/1109
f 2277/1165/1099 2278/1166/1100 2288/1175/1110
f 2278/1166/1100 2280/645/1102 2288/1175/1110
f 2278/1166/1100 2270/1167/1092 2280/645/1102
f 2280/632/1102 2289/1176/1111 2290/1177/1112
f 2280/632/1102 2279/1168/1101 2289/1176/1111
f 2279/1168/1101 2291/1178/1113 2289/1176/1111
f 2279/1168/1101 2281/1169/1103 2291/1178/1113
f 2281/1169/1103 2292/1179/1114 2291/1178/1113
f 2281/1169/1103 2282/1170/1104 2292/1179/1114
f 2282/1170/1104 2293/1180/1115 2292/1179/1114
f 2282/1170/1104 2283/1171/1105 2293/1180/1115
f 2283/1171/1105 2294/1181/1116 2293/1180/1115
f 2283/1171/1105 2284/638/1106 2294/1181/1116
f 2284/638/1106 2295/1182/1117 2294/1181/1116
f 2284/638/1106 2285/1172/1107 2295/1182/1117
f 2285/1172/1107 2296/1183/1118 2295/1182/1117
f 2285/1172/1107 2286/1173/1108 2296/1183/1118
f 2286/1173/1108 2297/1184/1119 2296/1183/1118
f 2286/1173/1108 2287/1174/1109 2297/1184/1119
f 2287/1174/1109 2298/1185/1120 2297/1184/1119
f 2287/1174/1109 2288/1175/1110 2298/1185/1120
f 2288/1175/1110 2290/1186/1112 2298/1185/1120
f 2288/1175/1110 2280/645/1102 2290/1186/1112
f 2290/1177/1112 2299/1187/1121 2300/1188/1122
f 2290/1177/1112 2289/1176/1111 2299/1187/1121
f 2289/1176/1111 2301/1189/1123 2299/1187/1121
f 2289/1176/1111 2291/1178/1113 2301/1189/1123
f 2291/1178/1113 2302/1190/1124 2301/1189/1123
f 2291/1178/1113 2292/1179/1114 2302/1190/1124
f 2292/1179/1114 2303/1191/1125 2302/1190/1124
f 2292/1179/1114 2293/1180/1115 2303/1191/1125
f 2293/1180/1115 2304/1192/1126 2303/1191/1125
f 2293/1180/1115 2294/1181/1116 2304/1192/1126
f 2294/1181/1116 2305/1193/1127 2304/1192/1126
f 2294/1181/1116 2295/1182/1117 2305/1193/1127
f 2295/1182/1117 2306/1194/1128 2305/1193/1127
f 2295/1182/1117 2296/1183/1118 2306/1194/1128
f 2296/1183/1118 2307/1195/1129 2306/1194/1128
f 2296/1183/1118 2297/1184/1119 2307/1195/1129
f 2297/1184/1119 2308/1196/1130 2307/1195/1129
f 2297/1184/1119 2298/1185/1120 2308/1196/1130
f 2298/1185/1120 2300/1197/1122 2308/1196/1130
f 2298/1185/1120 2290/1186/1112 2300/1197/1122
f 2300/1188/1122 2309/1198/1131 2310/1199/50
f 2300/1188/1122 2299/1187/1121 2309/1198/1131
f 2299/1187/1121 2311/1200/1132 2309/1198/1131
f 2299/1187/1121 2301/1189/1123 2311/1200/1132
f 2301/1189/1123 2312/1201/1133 2311/1200/1132
f 2301/1189/1123 2302/1190/1124 2312/1201/1133
f 2302/1190/1124 2313/1202/1134 2312/1201/1133
f 2302/1190/1124 2303/1191/1125 2313/1202/1134
f 2303/1191/1125 2314/1203/44 2313/1202/1134
f 2303/1191/1125 2304/1192/1126 2314/1203/44
f 2304/1192/1126 2315/1204/1135 2314/1203/44
f 2304/1192/1126 2305/1193/1127 2315/1204/1135
f 2305/1193/1127 2316/1205/1136 2315/1204/1135
f 2305/1193/1127 2306/1194/1128 2316/1205/1136
f 2306/1194/1128 2317/1206/1137 2316/1205/1136
f 2306/1194/1128 2307/1195/1129 2317/1206/1137
f 2307/1195/1129 2318/1207/1138 2317/1206/1137
f 2307/1195/1129 2308/1196/1130 2318/1207/1138
f 2308/1196/1130 2310/1208/50 2318/1207/1138
f 2308/1196/1130 2300/1197/1122 2310/1208/50
f 2310/1199/50 2319/1209/1139 2320/1210/1140
f 2310/1199/50 2309/1198/1131 2319/1209/1139
f 2309/1198/1131 2321/1211/1141 2319/1209/1139
f 2309/1198/1131 2311/1200/1132 2321/1211/1141
f 2311/1200/1132 2322/1212/1142 2321/1211/1141
f 2311/1200/1132 2312/1201/1133 2322/1212/1142
f 2312/1201/1133 2323/1213/1143 2322/1212/1142
f 2312/1201/1133 2313/1202/1134 2323/1213/1143
f 2313/1202/1134 2324/1214/1144 2323/1213/1143
f 2313/1202/1134 2314/1203/44 2324/1214/1144
f 2314/1203/44 2325/1215/1145 2324/1214/1144
f 2314/1203/44 2315/1204/1135 2325/1215/1145
f 2315/1204/1135 2326/1216/1146 2325/1215/1145
f 2315/1204/1135 2316/1205/1136 2326/1216/1146
f 2316/1205/1136 2327/1217/1147 2326/1216/1146
f 2316/1205/1136 2317/1206/1137 2327/1217/1147
f 2317/1206/1137 2328/1218/1148 2327/1217/1147
f 2317/1206/1137 2318/1207/1138 2328/1218/1148
f 2318/1207/1138 2320/1219/1140 2328/1218/1148
f 2318/1207/1138 2310/1208/50 2320/1219/1140
f 2320/1210/1140 2329/1220/1149 2330/737/1150
f 2320/1210/1140 2319/1209/1139 2329/1220/1149
f 2319/1209/1139 2331/1221/1151 2329/1220/1149
f 2319/1209/1139 2321/1211/1141 2331/1221/1151
f 2321/1211/1141 2332/1222/1152 2331/1221/1151
f 2321/1211/1141 2322/1212/1142 2332/1222/1152
f 2322/1212/1142 2333/1223/1153 2332/1222/1152
f 2322/1212/1142 2323/1213/1143 2333/1223/1153
f 2323/1213/1143 2334/743/1154 2333/1223/1153
f 2323/1213/1143 2324/1214/1144 2334/743/1154
f 2324/1214/1144 2335/1224/1155 2334/743/1154
f 2324/1214/1144 2325/1215/1145 2335/1224/1155
f 2325/1215/1145 2336/1225/1156 2335/1224/1155
f 2325/1215/1145 2326/1216/1146 2336/1225/1156
f 2326/1216/1146 2337/1226/1157 2336/1225/1156
f 2326/1216/1146 2327/1217/1147 2337/1226/1157
f 2327/1217/1147 2338/1227/1158 2337/1226/1157
f 2327/1217/1147 2328/1218/1148 2338/1227/1158
f 2328/1218/1148 2330/750/1150 2338/1227/1158
f 2328/1218/1148 2320/1219/1140 2330/750/1150
f 2330/737/1150 2339/1228/1159 2340/1229/1160
f 2330/737/1150 2329/1220/1149 2339/1228/1159
f 2329/1220/1149 2341/1230/1161 2339/1228/1159
f 2329/1220/1149 2331/1221/1151 2341/1230/1161
f 2331/1221/1151 2342/1231/1162 2341/1230/1161
f 2331/1221/1151 2332/1222/1152 2342/1231/1162
f 2332/1222/1152 2343/1232/1163 2342/1231/1162
f 2332/1222/1152 2333/1223/1153 2343/1232/1163
f 2333/1223/1153 2344/1233/1164 2343/1232/1163
f 2333/1223/1153 2334/743/1154 2344/1233/1164
f 2334/743/1154 2345/1234/1165 2344/1233/1164
f 2334/743/1154 2335/1224/1155 2345/1234/1165
f 2335/1224/1155 2346/1235/1166 2345/1234/1165
f 2335/1224/1155 2336/1225/1156 2346/1235/1166
f 2336/1225/1156 2347/1236/1167 2346/1235/1166
f 2336/1225/1156 2337/1226/1157 2347/1236/1167
f 2337/1226/1157 2348/1237/1168 2347/1236/1167
f 2337/1226/1157 2338/1227/1158 2348/1237/1168
f 2338/1227/1158 2340/1238/1160 2348/1237/1168
f 2338/1227/1158 2330/750/1150 2340/1238/1160
f 2340/1229/1160 2349/1239/1169 2350/1240/1170
f 2340/1229/1160 2339/1228/1159 2349/1239/1169
f 2339/1228/1159 2351/1241/1171 2349/1239/1169
f 2339/1228/1159 2341/1230/1161 2351/1241/1171
f 2341/1230/1161 2352/1242/1172 2351/1241/1171
f 2341/1230/1161 2342/1231/1162 2352/1242/1172
f 2342/1231/1162 2353/1243/1173 2352/1242/1172
f 2342/1231/1162 2343/1232/1163 2353/1243/1173
f 2343/1232/1163 2354/1244/1174 2353/1243/1173
f 2343/1232/1163 2344/1233/1164 2354/1244/1174
f 2344/1233/1164 2355/1245/1175 2354/1244/1174
f 2344/1233/1164 2345/1234/1165 2355/1245/1175
f 2345/1234/1165 2356/1246/1176 2355/1245/1175
f 2345/1234/1165 2346/1235/1166 2356/1246/1176
f 2346/1235/1166 2357/1247/1177 2356/1246/1176
f 2346/1235/1166 2347/1236/1167 2357/1247/1177
f 2347/1236/1167 2358/1248/1178 2357/1247/1177
f 2347/1236/1167 2348/1237/1168 2358/1248/1178
f 2348/1237/1168 2350/1249/1170 2358/1248/1178
f 2348/1237/1168 2340/1238/1160 2350/1249/1170
f 2350/1240/1170 2359/1250/1179 2360/1251/1180
f 2350/1240/1170 2349/1239/1169 2359/1250/1179
f 2349/1239/1169 2361/1252/1181 2359/1250/1179
f 2349/1239/1169 2351/1241/1171 2361/1252/1181
f 2351/1241/1171 2362/1253/1182 2361/1252/1181
f 2351/1241/1171 2352/1242/1172 2362/1253/1182
f 2352/1242/1172 2363/1254/1183 2362/1253/1182
f 2352/1242/1172 2353/1243/1173 2363/1254/1183
f 2353/1243/1173 2364/1255/1184 2363/1254/1183
f 2353/1243/1173 2354/1244/1174 2364/1255/1184
f 2354/1244/1174 2365/1256/1185 2364/1255/1184
f 2354/1244/1174 2355/1245/1175 2365/1256/1185
f 2355/1245/1175 2366/1257/1186 2365/1256/1185
f 2355/1245/1175 2356/1246/1176 2366/1257/1186
f 2356/1246/1176 2367/1258/1187 2366/1257/1186
f 2356/1246/1176 2357/1247/1177 2367/1258/1187
f 2357/1247/1177 2368/1259/1188 2367/1258/1187
f 2357/1247/1177 2358/1248/1178 2368/1259/1188
f 2358/1248/1178 2360/1260/1180 2368/1259/1188
f 2358/1248/1178 2350/1249/1170 2360/1260/1180
f 2360/1251/1180 2369/1261/1189 2370/1262/1190
f 2360/1251/1180 2359/1250/1179 2369/1261/1189
f 2359/1250/1179 2371/1263/1191 2369/1261/1189
f 2359/1250/1179 2361/1252/1181 2371/1263/1191
f 2361/1252/1181 2372/1264/1192 2371/1263/1191
f 2361/1252/1181 2362/1253/1182 2372/1264/1192
f 2362/1253/1182 2373/1265/1193 2372/1264/1192
f 2362/1253/1182 2363/1254/1183 2373/1265/1193
f 2363/1254/1183 2374/1266/1194 2373/1265/1193
f 2363/1254/1183 2364/1255/1184 2374/1266/1194
f 2364/1255/1184 2375/1267/1195 2374/1266/1194
f 2364/1255/1184 2365/1256/1185 2375/1267/1195
f 2365/1256/1185 2376/1268/1196 2375/1267/1195
f 2365/1256/1185 2366/1257/1186 2376/1268/1196
f 2366/1257/1186 2377/1269/1197 2376/1268/1196
f 2366/1257/1186 2367/1258/1187 2377/1269/1197
f 2367/1258/1187 2378/1270/1198 2377/1269/1197
f 2367/1258/1187 2368/1259/1188 2378/1270/1198
f 2368/1259/1188 2370/1271/1190 2378/1270/1198
f 2368/1259/1188 2360/1260/1180 2370/1271/1190
f 2370/1262/1190 2379/1272/1199 2380/842/1200
f 2370/1262/1190 2369/1261/1189 2379/1272/1199
f 2369/1261/1189 2381/1273/1201 2379/1272/1199
f 2369/1261/1189 2371/1263/1191 2381/1273/1201
f 2371/1263/1191 2382/1274/1202 2381/1273/1201
f 2371/1263/1191 2372/1264/1192 2382/1274/1202
f 2372/1264/1192 2383/1275/1203 2382/1274/1202
f 2372/1264/1192 2373/1265/1193 2383/1275/1203
f 2373/1265/1193 2384/848/1204 2383/1275/1203
f 2373/1265/1193 2374/1266/1194 2384/848/1204
f 2374/1266/1194 2385/1276/1205 2384/848/1204
f 2374/1266/1194 2375/1267/1195 2385/1276/1205
f 2375/1267/1195 2386/1277/1206 2385/1276/1205
f 2375/1267/1195 2376/1268/1196 2386/1277/1206
f 2376/1268/1196 2387/1278/1207 2386/1277/1206
f 2376/1268/1196 2377/1269/1197 2387/1278/1207
f 2377/1269/1197 2388/1279/1208 2387/1278/1207
f 2377/1269/1197 2378/1270/1198 2388/1279/1208
f 2378/1270/1198 2380/855/1200 2388/1279/1208
f 2378/1270/1198 2370/1271/1190 2380/855/1200
f 2389/1280/1209 2390/1281/1209 2391/1282/1210
f 2389/1280/1209 2391/1282/1210 2392/1283/1211
f 2390/1281/1209 2393/1284/1212 2394/1285/1209
f 2390/1281/1209 2393/1284/1212 2391/1282/1210
f 2394/1285/1209 2395/1286/1213 2396/1287/1209
f 2394/1285/1209 2395/1286/1213 2393/1284/1212
f 2396/1287/1209 2397/1288/1209 2398/1289/1214
f 2396/1287/1209 2398/1289/1214 2395/1286/1213
f 2397/1288/1209 2399/1290/1209 2400/1291/1215
f 2397/1288/1209 2400/1291/1215 2398/1289/1214
f 2399/1290/1209 2401/1292/1209 2402/1293/1216
f 2399/1290/1209 2402/1293/1216 2400/1291/1215
f 2401/1292/1209 2403/1294/1217 2404/1295/1209
f 2401/1292/1209 2403/1294/1217 2402/1293/1216
f 2404/1295/1209 2405/1296/1218 2406/1297/1209
f 2404/1295/1209 2405/1296/1218 2403/1294/1217
f 2406/1297/1209 2407/1298/1209 2408/1299/1219
f 2406/1297/1209 2408/1299/1219 2405/1296/1218
f 2407/1298/1209 2409/1300/1209 2410/1301/1220
f 2407/1298/1209 2410/1301/1220 2408/1299/1219
f 2409/1300/1209 2411/1302/1209 2412/1303/1221
f 2409/1300/1209 2412/1303/1221 2410/1301/1220
f 2411/1302/1209 2413/1304/1222 2414/1305/1209
f 2411/1302/1209 2413/1304/1222 2412/1303/1221
f 2414/1305/1209 2415/1306/1223 2416/1307/1209
f 2414/1305/1209 2415/1306/1223 2413/1304/1222
f 2416/1307/1209 2417/1308/1209 2418/1309/1224
f 2416/1307/1209 2418/1309/1224 2415/1306/1223
f 2417/1308/1209 2419/1310/1209 2420/1311/1225
f 2417/1308/1209 2420/1311/1225 2418/1309/1224
f 2419/1310/1209 2421/1312/1209 2422/1313/1226
f 2419/1310/1209 2422/1313/1226 2420/1311/1225
f 2421/1312/1209 2423/1314/1227 2424/1315/1209
f 2421/1312/1209 2423/1314/1227 2422/1313/1226
f 2424/1315/1209 2425/1316/1228 2426/1317/1209
f 2424/1315/1209 2425/1316/1228 2423/1314/1227
f 2426/1317/1209 2427/1318/1209 2428/1319/1229
f 2426/1317/1209 2428/1319/1229 2425/1316/1228
f 2427/1318/1209 2389/1280/1209 2392/1283/1211
f 2427/1318/1209 2392/1283/1211 2428/1319/1229
f 2392/1283/1211 2391/1282/1210 2429/1320/1230
f 2392/1283/1211 2429/1320/1230 2430/1321/1231
f 2391/1282/1210 2393/1284/1212 2431/1322/1232
f 2391/1282/1210 2431/1322/1232 2429/1320/1230
f 2393/1284/1212 2395/1286/1213 2432/1323/1233
f 2393/1284/1212 2432/1323/1233 2431/1322/1232
f 2395/1286/1213 2398/1289/1214 2433/1324/1234
f 2395/1286/1213 2433/1324/1234 2432/1323/1233
f 2398/1289/1214 2400/1291/1215 2434/1325/1235
f 2398/1289/1214 2434/1325/1235 2433/1324/1234
f 2400/1291/1215 2402/1293/1216 2435/1326/1236
f 2400/1291/1215 2435/1326/1236 2434/1325/1235
f 2402/1293/1216 2403/1294/1217 2436/1327/1237
f 2402/1293/1216 2436/1327/1237 2435/1326/1236
f 2403/1294/1217 2405/1296/1218 2437/1328/1238
f 2403/1294/1217 2437/1328/1238 2436/1327/1237
f 2405/1296/1218 2408/1299/1219 2438/1329/1239
f 2405/1296/1218 2438/1329/1239 2437/1328/1238
f 2408/1299/1219 2410/1301/1220 2439/1330/1240
f 2408/1299/1219 2439/1330/1240 2438/1329/1239
f 2410/1301/1220 2412/1303/1221 2440/1331/1241
f 2410/1301/1220 2440/1331/1241 2439/1330/1240
f 2412/1303/1221 2413/1304/1222 2441/1332/1242
f 2412/1303/1221 2441/1332/1242 2440/1331/1241
f 2413/1304/1222 2415/1306/1223 2442/1333/1243
f 2413/1304/1222 2442/1333/1243 2441/1332/1242
f 2415/1306/1223 2418/1309/1224 2443/1334/1244
f 2415/1306/1223 2443/1334/1244 2442/1333/1243
f 2418/1309/1224 2420/1311/1225 2444/1335/1245
f 2418/1309/1224 2444/1335/1245 2443/1334/1244
f 2420/1311/1225 2422/1313/1226 2445/1336/1246
f 2420/1311/1225 2445/1336/1246 2444/1335/1245
f 2422/1313/1226 2423/1314/1227 2446/1337/1247
f 2422/1313/1226 2446/1337/1247 2445/1336/1246
f 2423/1314/1227 2425/1316/1228 2447/1338/1248
f 2423/1314/1227 2447/1338/1248 2446/1337/1247
f 2425/1316/1228 2428/1319/1229 2448/1339/1249
f 2425/1316/1228 2448/1339/1249 2447/1338/1248
f 2428/1319/1229 2392/1283/1211 2430/1321/1231
f 2428/1319/1229 2430/1321/1231 2448/1339/1249
f 2430/1321/1231 2429/1320/1230 2449/1340/1250
f 2430/1341/1231 2449/1341/1250 2450/1341/1251
f 2429/1320/1230 2431/1322/1232 2451/1342/1252
f 2429/1341/1230 2451/1341/1252 2449/1341/1250
f 2431/1322/1232 2432/1323/1233 2452/1343/1253
f 2431/1341/1232 2452/1341/1253 2451/1341/1252
f 2432/1323/1233 2433/1324/1234 2453/1344/1254
f 2432/1341/1233 2453/1341/1254 2452/1341/1253
f 2433/1324/1234 2434/1325/1235 2454/1345/1255
f 2433/1341/1234 2454/1341/1255 2453/1341/1254
f 2434/1325/1235 2435/1326/1236 2455/1346/1256
f 2434/1341/1235 2455/1341/1256 2454/1341/1255
f 2435/1326/1236 2436/1327/1237 2456/1347/1257
f 2435/1341/1236 2456/1341/1257 2455/1341/1256
f 2436/1327/1237 2437/1328/1238 2457/1348/1258
f 2436/1341/1237 2457/1341/1258 2456/1341/1257
f 2437/1328/1238 2438/1329/1239 2458/1349/1259
f 2437/1341/1238 2458/1341/1259 2457/1341/1258
f 2438/1329/1239 2439/1330/1240 2459/1350/1260
f 2438/1341/1239 2459/1341/1260 2458/1341/1259
f 2439/1330/1240 2440/1331/1241 2460/1351/1261
f 2439/1341/1240 2460/1341/1261 2459/1341/1260
f 2440/1331/1241 2441/1332/1242 2461/1352/1262
f 2440/1341/1241 2461/1341/1262 2460/1341/1261
f 2441/1332/1242 2442/1333/1243 2462/1353/1263
f 2441/1341/1242 2462/1341/1263 2461/1341/1262
f 2442/1333/1243 2443/1334/1244 2463/1354/1264
f 2442/1341/1243 2463/1341/1264 2462/1341/1263
f 2443/1334/1244 2444/1335/1245 2464/1355/1265
f 2443/1341/1244 2464/1341/1265 2463/1341/1264
f 2444/1335/1245 2445/1336/1246 2465/1356/1266
f 2444/1341/1245 2465/1341/1266 2464/1341/1265
f 2445/1336/1246 2446/1337/1247 2466/1357/1267
f 2445/1341/1246 2466/1341/1267 2465/1341/1266
f 2446/1337/1247 2447/1338/1248 2467/1358/1268
f 2446/1341/1247 2467/1341/1268 2466/1341/1267
f 2447/1338/1248 2448/1339/1249 2468/1359/1269
f 2447/1341/1248 2468/1341/1269 2467/1341/1268
f 2448/1339/1249 2430/1321/1231 2450/1360/1251
f 2448/1341/1249 2450/1341/1251 2468/1341/1269
f 2450/1341/1251 2449/1341/1250 2469/1341/1270
f 2450/1341/1251 2469/1341/1270 2470/1341/1271
f 2449/1341/1250 2451/1341/1252 2471/1341/100
f 2449/1341/1250 2471/1341/100 2469/1341/1270
f 2451/1341/1252 2452/1341/1253 2472/1341/1272
f 2451/1341/1252 2472/1341/1272 2471/1341/100
f 2452/1341/1253 2453/1341/1254 2473/1341/1273
f 2452/1341/1253 2473/1341/1273 2472/1341/1272
f 2453/1341/1254 2454/1341/1255 2474/1341/1274
f 2453/1341/1254 2474/1341/1274 2473/1341/1273
f 2454/1341/1255 2455/1341/1256 2475/1341/1275
f 2454/1341/1255 2475/1341/1275 2474/1341/1274
f 2455/1341/1256 2456/1341/1257 2476/1341/296
f 2455/1341/1256 2476/1341/296 2475/1341/1275
f 2456/1341/1257 2457/1341/1258 2477/1341/1276
f 2456/1341/1257 2477/1341/1276 2476/1341/296
f 2457/1341/1258 2458/1341/1259 2478/1341/1277
f 2457/1341/1258 2478/1341/1277 2477/1341/1276
f 2458/1341/1259 2459/1341/1260 2479/1341/1278
f 2458/1341/1259 2479/1341/1278 2478/1341/1277
f 2459/1341/1260 2460/1341/1261 2480/1341/1279
f 2459/1341/1260 2480/1341/1279 2479/1341/1278
f 2460/1341/1261 2461/1341/1262 2481/1341/106
f 2460/1341/1261 2481/1341/106 2480/1341/1279
f 2461/1341/1262 2462/1341/1263 2482/1341/1280
f 2461/1341/1262 2482/1341/1280 2481/1341/106
f 2462/1341/1263 2463/1341/1264 2483/1341/1281
f 2462/1341/1263 2483/1341/1281 2482/1341/1280
f 2463/1341/1264 2464/1341/1265 2484/1341/1282
f 2463/1341/1264 2484/1341/1282 2483/1341/1281
f 2464/1341/1265 2465/1341/1266 2485/1341/1283
f 2464/1341/1265 2485/1341/1283 2484/1341/1282
f 2465/1341/1266 2466/1341/1267 2486/1341/302
f 2465/1341/1266 2486/1341/302 2485/1341/1283
f 2466/1341/1267 2467/1341/1268 2487/1341/1284
f 2466/1341/1267 2487/1341/1284 2486/1341/302
f 2467/1341/1268 2468/1341/1269 2488/1341/1285
f 2467/1341/1268 2488/1341/1285 2487/1341/1284
f 2468/1341/1269 2450/1341/1251 2470/1341/1271
f 2468/1341/1269 2470/1341/1271 2488/1341/1285
f 2470/1341/1271 2469/1341/1270 2489/1341/1270
f 2470/1341/1271 2489/1341/1270 2490/1341/1271
f 2469/1341/1270 2471/1341/100 2491/1341/100
f 2469/1341/1270 2491/1341/100 2489/1341/1270
f 2471/1341/100 2472/1341/1272 2492/1341/1272
f 2471/1341/100 2492/1341/1272 2491/1341/100
f 2472/1341/1272 2473/1341/1273 2493/1341/1273
f 2472/1341/1272 2493/1341/1273 2492/1341/1272
f 2473/1341/1273 2474/1341/1274 2494/1341/1274
f 2473/1341/1273 2494/1341/1274 2493/1341/1273
f 2474/1341/1274 2475/1341/1275 2495/1341/1275
f 2474/1341/1274 2495/1341/1275 2494/1341/1274
f 2475/1341/1275 2476/1341/296 2496/1341/296
f 2475/1341/1275 2496/1341/296 2495/1341/1275
f 2476/1341/296 2477/1341/1276 2497/1341/1276
f 2476/1341/296 2497/1341/1276 2496/1341/296
f 2477/1341/1276 2478/1341/1277 2498/1341/1277
f 2477/1341/1276 2498/1341/1277 2497/1341/1276
f 2478/1341/1277 2479/1341/1278 2499/1341/1278
f 2478/1341/1277 2499/1341/1278 2498/1341/1277
f 2479/1341/1278 2480/1341/1279 2500/1341/1279
f 2479/1341/1278 2500/1341/1279 2499/1341/1278
f 2480/1341/1279 2481/1341/106 2501/1341/106
f 2480/1341/1279 2501/1341/106 2500/1341/1279
f 2481/1341/106 2482/1341/1280 2502/1341/1280
f 2481/1341/106 2502/1341/1280 2501/1341/106
f 2482/1341/1280 2483/1341/1281 2503/1341/1281
f 2482/1341/1280 2503/1341/1281 2502/1341/1280
f 2483/1341/1281 2484/1341/1282 2504/1341/1282
f 2483/1341/1281 2504/1341/1282 2503/1341/1281
f 2484/1341/1282 2485/1341/1283 2505/1341/1283
f 2484/1341/1282 2505/1341/1283 2504/1341/1282
f 2485/1341/1283 2486/1341/302 2506/1341/302
f 2485/1341/1283 2506/1341/302 2505/1341/1283
f 2486/1341/302 2487/1341/1284 2507/1341/1284
f 2486/1341/302 2507/1341/1284 2506/1341/302
f 2487/1341/1284 2488/1341/1285 2508/1341/1285
f 2487/1341/1284 2508/1341/1285 2507/1341/1284
f 2488/1341/1285 2470/1341/1271 2490/1341/1271
f 2488/1341/1285 2490/1341/1271 2508/1341/1285
f 2490/1341/1271 2489/1341/1270 2509/1341/1286
f 2490/1341/1271 2509/1341/1286 2510/1341/1287
f 2489/1341/1270 2491/1341/100 2511/1341/1288
f 2489/1341/1270 2511/1341/1288 2509/1341/1286
f 2491/1341/100 2492/1341/1272 2512/1341/1289
f 2491/1341/100 2512/1341/1289 2511/1341/1288
f 2492/1341/1272 2493/1341/1273 2513/1341/1290
f 2492/1341/1272 2513/1341/1290 2512/1341/1289
f 2493/1341/1273 2494/1341/1274 2514/1341/1291
f 2493/1341/1273 2514/1341/1291 2513/1341/1290
f 2494/1341/1274 2495/1341/1275 2515/1341/1292
f 2494/1341/1274 2515/1341/1292 2514/1341/1291
f 2495/1341/1275 2496/1341/296 2516/1341/1293
f 2495/1341/1275 2516/1341/1293 2515/1341/1292
f 2496/1341/296 2497/1341/1276 2517/1341/1294
f 2496/1341/296 2517/1341/1294 2516/1341/1293
f 2497/1341/1276 2498/1341/1277 2518/1341/1295
f 2497/1341/1276 2518/1341/1295 2517/1341/1294
f 2498/1341/1277 2499/1341/1278 2519/1341/1296
f 2498/1341/1277 2519/1341/1296 2518/1341/1295
f 2499/1341/1278 2500/1341/1279 2520/1341/1297
f 2499/1341/1278 2520/1341/1297 2519/1341/1296
f 2500/1341/1279 2501/1341/106 2521/1341/1298
f 2500/1341/1279 2521/1341/1298 2520/1341/1297
f 2501/1341/106 2502/1341/1280 2522/1341/1299
f 2501/1341/106 2522/1341/1299 2521/1341/1298
f 2502/1341/1280 2503/1341/1281 2523/1341/1300
f 2502/1341/1280 2523/1341/1300 2522/1341/1299
f 2503/1341/1281 2504/1341/1282 2524/1341/1301
f 2503/1341/1281 2524/1341/1301 2523/1341/1300
f 2504/1341/1282 2505/1341/1283 2525/1341/1302
f 2504/1341/1282 2525/1341/1302 2524/1341/1301
f 2505/1341/1283 2506/1341/302 2526/1341/1303
f 2505/1341/1283 2526/1341/1303 2525/1341/1302
f 2506/1341/302 2507/1341/1284 2527/1341/1304
f 2506/1341/302 2527/1341/1304 2526/1341/1303
f 2507/1341/1284 2508/1341/1285 2528/1341/1305
f 2507/1341/1284 2528/1341/1305 2527/1341/1304
f 2508/1341/1285 2490/1341/1271 2510/1341/1287
f 2508/1341/1285 2510/1341/1287 2528/1341/1305
f 2510/1341/1287 2509/1341/1286 2529/1341/1306
f 2510/1361/1287 2529/1362/1306 2530/1363/1307
f 2509/1341/1286 2511/1341/1288 2531/1341/1308
f 2509/1364/1286 2531/1365/1308 2529/1362/1306
f 2511/1341/1288 2512/1341/1289 2532/1341/1309
f 2511/1366/1288 2532/1367/1309 2531/1365/1308
f 2512/1341/1289 2513/1341/1290 2533/1341/1310
f 2512/1368/1289 2533/1369/1310 2532/1367/1309
f 2513/1341/1290 2514/1341/1291 2534/1341/1311
f 2513/1370/1290 2534/1371/1311 2533/1369/1310
f 2514/1341/1291 2515/1341/1292 2535/1341/1312
f 2514/1372/1291 2535/1373/1312 2534/1371/1311
f 2515/1341/1292 2516/1341/1293 2536/1341/1313
f 2515/1374/1292 2536/1375/1313 2535/1373/1312
f 2516/1341/1293 2517/1341/1294 2537/1341/1314
f 2516/1376/1293 2537/1377/1314 2536/1375/1313
f 2517/1341/1294 2518/1341/1295 2538/1341/1315
f 2517/1378/1294 2538/1379/1315 2537/1377/1314
f 2518/1341/1295 2519/1341/1296 2539/1341/1316
f 2518/1380/1295 2539/1381/1316 2538/1379/1315
f 2519/1341/1296 2520/1341/1297 2540/1341/1317
f 2519/1382/1296 2540/1383/1317 2539/1381/1316
f 2520/1341/1297 2521/1341/1298 2541/1341/1318
f 2520/1384/1297 2541/1385/1318 2540/1383/1317
f 2521/1341/1298 2522/1341/1299 2542/1341/1319
f 2521/1386/1298 2542/1387/1319 2541/1385/1318
f 2522/1341/1299 2523/1341/1300 2543/1341/1320
f 2522/1388/1299 2543/1389/1320 2542/1387/1319
f 2523/1341/1300 2524/1341/1301 2544/1341/1321
f 2523/1390/1300 2544/1391/1321 2543/1389/1320
f 2524/1341/1301 2525/1341/1302 2545/1341/1322
f 2524/1392/1301 2545/1393/1322 2544/1391/1321
f 2525/1341/1302 2526/1341/1303 2546/1341/1323
f 2525/1394/1302 2546/1395/1323 2545/1393/1322
f 2526/1341/1303 2527/1341/1304 2547/1341/1324
f 2526/1396/1303 2547/1397/1324 2546/1395/1323
f 2527/1341/1304 2528/1341/1305 2548/1341/1325
f 2527/1398/1304 2548/1399/1325 2547/1397/1324
f 2528/1341/1305 2510/1341/1287 2530/1341/1307
f 2528/1400/1305 2530/1363/1307 2548/1399/1325
f 2530/1363/1307 2529/1362/1306 2549/1401/1326
f 2530/1363/1307 2549/1401/1326 2550/1402/1327
f 2529/1362/1306 2531/1365/1308 2551/1403/1328
f 2529/1362/1306 2551/1403/1328 2549/1401/1326
f 2531/1365/1308 2532/1367/1309 2552/1404/1329
f 2531/1365/1308 2552/1404/1329 2551/1403/1328
f 2532/1367/1309 2533/1369/1310 2553/1405/1330
f 2532/1367/1309 2553/1405/1330 2552/1404/1329
f 2533/1369/1310 2534/1371/1311 2554/1406/1331
f 2533/1369/1310 2554/1406/1331 2553/1405/1330
f 2534/1371/1311 2535/1373/1312 2555/1407/1332
f 2534/1371/1311 2555/1407/1332 2554/1406/1331
f 2535/1373/1312 2536/1375/1313 2556/1408/1333
f 2535/1373/1312 2556/1408/1333 2555/1407/1332
f 2536/1375/1313 2537/1377/1314 2557/1409/1334
f 2536/1375/1313 2557/1409/1334 2556/1408/1333
f 2537/1377/1314 2538/1379/1315 2558/1410/1335
f 2537/1377/1314 2558/1410/1335 2557/1409/1334
f 2538/1379/1315 2539/1381/1316 2559/1411/1336
f 2538/1379/1315 2559/1411/1336 2558/1410/1335
f 2539/1381/1316 2540/1383/1317 2560/1412/1337
f 2539/1381/1316 2560/1412/1337 2559/1411/1336
f 2540/1383/1317 2541/1385/1318 2561/1413/1338
f 2540/1383/1317 2561/1413/1338 2560/1412/1337
f 2541/1385/1318 2542/1387/1319 2562/1414/1339
f 2541/1385/1318 2562/1414/1339 2561/1413/1338
f 2542/1387/1319 2543/1389/1320 2563/1415/1340
f 2542/1387/1319 2563/1415/1340 2562/1414/1339
f 2543/1389/1320 2544/1391/1321 2564/1416/1341
f 2543/1389/1320 2564/1416/1341 2563/1415/1340
f 2544/1391/1321 2545/1393/1322 2565/1417/1342
f 2544/1391/1321 2565/1417/1342 2564/1416/1341
f 2545/1393/1322 2546/1395/1323 2566/1418/1343
f 2545/1393/1322 2566/1418/1343 2565/1417/1342
f 2546/1395/1323 2547/1397/1324 2567/1419/1344
f 2546/1395/1323 2567/1419/1344 2566/1418/1343
f 2547/1397/1324 2548/1399/1325 2568/1420/1345
f 2547/1397/1324 2568/1420/1345 2567/1419/1344
f 2548/1399/1325 2530/1363/1307 2550/1402/1327
f 2548/1399/1325 2550/1402/1327 2568/1420/1345
f 2550/1402/1327 2549/1401/1326 2569/1421/1346
f 2550/1402/1327 2569/1421/1346 2570/1422/1346
f 2549/1401/1326 2551/1403/1328 2571/1423/1346
f 2549/1401/1326 2569/1421/1346 2571/1423/1346
f 2551/1403/1328 2552/1404/1329 2572/1424/1346
f 2551/1403/1328 2571/1423/1346 2572/1424/1346
f 2552/1404/1329 2553/1405/1330 2573/1425/1346
f 2552/1404/1329 2573/1425/1346 2572/1424/1346
f 2553/1405/1330 2554/1406/1331 2574/1426/1346
f 2553/1405/1330 2574/1426/1346 2573/1425/1346
f 2554/1406/1331 2555/1407/1332 2575/1427/1346
f 2554/1406/1331 2575/1427/1346 2574/1426/1346
f 2555/1407/1332 2556/1408/1333 2576/1428/1346
f 2555/1407/1332 2575/1427/1346 2576/1428/1346
f 2556/1408/1333 2557/1409/1334 2577/1429/1346
f 2556/1408/1333 2576/1428/1346 2577/1429/1346
f 2557/1409/1334 2558/1410/1335 2578/1430/1346
f 2557/1409/1334 2578/1430/1346 2577/1429/1346
f 2558/1410/1335 2559/1411/1336 2579/1431/1346
f 2558/1410/1335 2579/1431/1346 2578/1430/1346
f 2559/1411/1336 2560/1412/1337 2580/1432/1346
f 2559/1411/1336 2580/1432/1346 2579/1431/1346
f 2560/1412/1337 2561/1413/1338 2581/1433/1346
f 2560/1412/1337 2580/1432/1346 2581/1433/1346
f 2561/1413/1338 2562/1414/1339 2582/1434/1346
f 2561/1413/1338 2581/1433/1346 2582/1434/1346
f 2562/1414/1339 2563/1415/1340 2583/1435/1346
f 2562/1414/1339 2583/1435/1346 2582/1434/1346
f 2563/1415/1340 2564/1416/1341 2584/1436/1346
f 2563/1415/1340 2584/1436/1346 2583/1435/1346
f 2564/1416/1341 2565/1417/1342 2585/1437/1346
f 2564/1416/1341 2585/1437/1346 2584/1436/1346
f 2565/1417/1342 2566/1418/1343 2586/1438/1346
f 2565/1417/1342 2585/1437/1346 2586/1438/1346
f 2566/1418/1343 2567/1419/1344 2587/1439/1346
f 2566/1418/1343 2586/1438/1346 2587/1439/1346
f 2567/1419/1344 2568/1420/1345 2588/1440/1346
f 2567/1419/1344 2588/1440/1346 2587/1439/1346
f 2568/1420/1345 2550/1402/1327 2570/1422/1346
f 2568/1420/1345 2570/1422/1346 2588/1440/1346
f 2589/1441/1209 2390/1281/1209 2389/1280/1209
f 2589/1441/1209 2390/1281/1209 2394/1285/1209
f 2589/1441/1209 2394/1285/1209 2396/1287/1209
f 2589/1441/1209 2397/1288/1209 2396/1287/1209
f 2589/1441/1209 2399/1290/1209 2397/1288/1209
f 2589/1441/1209 2401/1292/1209 2399/1290/1209
f 2589/1441/1209 2401/1292/1209 2404/1295/1209
f 2589/1441/1209 2404/1295/1209 2406/1297/1209
f 2589/1441/1209 2407/1298/1209 2406/1297/1209
f 2589/1441/1209 2409/1300/1209 2407/1298/1209
f 2589/1441/1209 2411/1302/1209 2409/1300/1209
f 2589/1441/1209 2411/1302/1209 2414/1305/1209
f 2589/1441/1209 2414/1305/1209 2416/1307/1209
f 2589/1441/1209 2417/1308/1209 2416/1307/1209
f 2589/1441/1209 2419/1310/1209 2417/1308/1209
f 2589/1441/1209 2421/1312/1209 2419/1310/1209
f 2589/1441/1209 2421/1312/1209 2424/1315/1209
f 2589/1441/1209 2424/1315/1209 2426/1317/1209
f 2589/1441/1209 2427/1318/1209 2426/1317/1209
f 2589/1441/1209 2389/1280/1209 2427/1318/1209
f 2590/1442/1346 2570/1422/1346 2569/1421/1346
f 2590/1442/1346 2571/1423/1346 2569/1421/1346
f 2590/1442/1346 2572/1424/1346 2571/1423/1346
f 2590/1442/1346 2572/1424/1346 2573/1425/1346
f 2590/1442/1346 2573/1425/1346 2574/1426/1346
f 2590/1442/1346 2574/1426/1346 2575/1427/1346
f 2590/1442/1346 2576/1428/1346 2575/1427/1346
f 2590/1442/1346 2577/1429/1346 2576/1428/1346
f 2590/1442/1346 2577/1429/1346 2578/1430/1346
f 2590/1442/1346 2578/1430/1346 2579/1431/1346
f 2590/1442/1346 2579/1431/1346 2580/1432/1346
f 2590/1442/1346 2581/1433/1346 2580/1432/1346
f 2590/1442/1346 2582/1434/1346 2581/1433/1346
f 2590/1442/1346 2582/1434/1346 2583/1435/1346
f 2590/1442/1346 2583/1435/1346 2584/1436/1346
f 2590/1442/1346 2584/1436/1346 2585/1437/1346
f 2590/1442/1346 2586/1438/1346 2585/1437/1346
f 2590/1442/1346 2587/1439/1346 2586/1438/1346
f 2590/1442/1346 2587/1439/1346 2588/1440/1346
f 2590/1442/1346 2588/1440/1346 2570/1422/1346
f 2591/1443/1209 2592/1444/1209 2593/1445/1210
f 2591/1443/1209 2593/1445/1210 2594/1446/1211
f 2592/1444/1209 2595/1447/1212 2596/1448/1209
f 2592/1444/1209 2595/1447/1212 2593/1445/1210
f 2596/1448/1209 2597/1449/1213 2598/1450/1209
f 2596/1448/1209 2597/1449/1213 2595/1447/1212
f 2598/1450/1209 2599/1451/1209 2600/1452/1214
f 2598/1450/1209 2600/1452/1214 2597/1449/1213
f 2599/1451/1209 2601/1453/1209 2602/1454/1215
f 2599/1451/1209 2602/1454/1215 2600/1452/1214
f 2601/1453/1209 2603/1455/1209 2604/1456/1216
f 2601/1453/1209 2604/1456/1216 2602/1454/1215
f 2603/1455/1209 2605/1457/1217 2606/1458/1209
f 2603/1455/1209 2605/1457/1217 2604/1456/1216
f 2606/1458/1209 2607/1459/1218 2608/1460/1209
f 2606/1458/1209 2607/1459/1218 2605/1457/1217
f 2608/1460/1209 2609/1461/1209 2610/1462/1219
f 2608/1460/1209 2610/1462/1219 2607/1459/1218
f 2609/1461/1209 2611/1463/1209 2612/1464/1220
f 2609/1461/1209 2612/1464/1220 2610/1462/1219
f 2611/1463/1209 2613/1465/1209 2614/1466/1221
f 2611/1463/1209 2614/1466/1221 2612/1464/1220
f 2613/1465/1209 2615/1467/1222 2616/1468/1209
f 2613/1465/1209 2615/1467/1222 2614/1466/1221
f 2616/1468/1209 2617/1469/1223 2618/1470/1209
f 2616/1468/1209 2617/1469/1223 2615/1467/1222
f 2618/1470/1209 2619/1471/1209 2620/1472/1224
f 2618/1470/1209 2620/1472/1224 2617/1469/1223
f 2619/1471/1209 2621/1473/1209 2622/1474/1225
f 2619/1471/1209 2622/1474/1225 2620/1472/1224
f 2621/1473/1209 2623/1475/1209 2624/1476/1226
f 2621/1473/1209 2624/1476/1226 2622/1474/1225
f 2623/1475/1209 2625/1477/1227 2626/1478/1209
f 2623/1475/1209 2625/1477/1227 2624/1476/1226
f 2626/1478/1209 2627/1479/1228 2628/1480/1209
f 2626/1478/1209 2627/1479/1228 2625/1477/1227
f 2628/1480/1209 2629/1481/1209 2630/1482/1229
f 2628/1480/1209 2630/1482/1229 2627/1479/1228
f 2629/1481/1209 2591/1443/1209 2594/1446/1211
f 2629/1481/1209 2594/1446/1211 2630/1482/1229
f 2594/1446/1211 2593/1445/1210 2631/1483/1230
f 2594/1446/1211 2631/1483/1230 2632/1484/1231
f 2593/1445/1210 2595/1447/1212 2633/1485/1232
f 2593/1445/1210 2633/1485/1232 2631/1483/1230
f 2595/1447/1212 2597/1449/1213 2634/1486/1233
f 2595/1447/1212 2634/1486/1233 2633/1485/1232
f 2597/1449/1213 2600/1452/1214 2635/1487/1234
f 2597/1449/1213 2635/1487/1234 2634/1486/1233
f 2600/1452/1214 2602/1454/1215 2636/1488/1235
f 2600/1452/1214 2636/1488/1235 2635/1487/1234
f 2602/1454/1215 2604/1456/1216 2637/1489/1236
f 2602/1454/1215 2637/1489/1236 2636/1488/1235
f 2604/1456/1216 2605/1457/1217 2638/1490/1237
f 2604/1456/1216 2638/1490/1237 2637/1489/1236
f 2605/1457/1217 2607/1459/1218 2639/1491/1238
f 2605/1457/1217 2639/1491/1238 2638/1490/1237
f 2607/1459/1218 2610/1462/1219 2640/1492/1239
f 2607/1459/1218 2640/1492/1239 2639/1491/1238
f 2610/1462/1219 2612/1464/1220 2641/1493/1240
f 2610/1462/1219 2641/1493/1240 2640/1492/1239
f 2612/1464/1220 2614/1466/1221 2642/1494/1241
f 2612/1464/1220 2642/1494/1241 2641/1493/1240
f 2614/1466/1221 2615/1467/1222 2643/1495/1242
f 2614/1466/1221 2643/1495/1242 2642/1494/1241
f 2615/1467/1222 2617/1469/1223 2644/1496/1243
f 2615/1467/1222 2644/1496/1243 2643/1495/1242
f 2617/1469/1223 2620/1472/1224 2645/1497/1244
f 2617/1469/1223 2645/1497/1244 2644/1496/1243
f 2620/1472/1224 2622/1474/1225 2646/1498/1245
f 2620/1472/1224 2646/1498/1245 2645/1497/1244
f 2622/1474/1225 2624/1476/1226 2647/1499/1246
f 2622/1474/1225 2647/1499/1246 2646/1498/1245
f 2624/1476/1226 2625/1477/1227 2648/1500/1247
f 2624/1476/1226 2648/1500/1247 2647/1499/1246
f 2625/1477/1227 2627/1479/1228 2649/1501/1248
f 2625/1477/1227 2649/1501/1248 2648/1500/1247
f 2627/1479/1228 2630/1482/1229 2650/1502/1249
f 2627/1479/1228 2650/1502/1249 2649/1501/1248
f 2630/1482/1229 2594/1446/1211 2632/1484/1231
f 2630/1482/1229 2632/1484/1231 2650/1502/1249
f 2632/1484/1231 2631/1483/1230 2651/1503/1250
f 2632/1341/1231 2651/1341/1250 2652/1341/1251
f 2631/1483/1230 2633/1485/1232 2653/1504/1252
f 2631/1341/1230 2653/1341/1252 2651/1341/1250
f 2633/1485/1232 2634/1486/1233 2654/1505/1253
f 2633/1341/1232 2654/1341/1253 2653/1341/1252
f 2634/1486/1233 2635/1487/1234 2655/1506/1254
f 2634/1341/1233 2655/1341/1254 2654/1341/1253
f 2635/1487/1234 2636/1488/1235 2656/1507/1255
f 2635/1341/1234 2656/1341/1255 2655/1341/1254
f 2636/1488/1235 2637/1489/1236 2657/1508/1256
f 2636/1341/1235 2657/1341/1256 2656/1341/1255
f 2637/1489/1236 2638/1490/1237 2658/1509/1257
f 2637/1341/1236 2658/1341/1257 2657/1341/1256
f 2638/1490/1237 2639/1491/1238 2659/1510/1258
f 2638/1341/1237 2659/1341/1258 2658/1341/1257
f 2639/1491/1238 2640/1492/1239 2660/1511/1259
f 2639/1341/1238 2660/1341/1259 2659/1341/1258
f 2640/1492/1239 2641/1493/1240 2661/1512/1260
f 2640/1341/1239 2661/1341/1260 2660/1341/1259
f 2641/1493/1240 2642/1494/1241 2662/1513/1261
f 2641/1341/1240 2662/1341/1261 2661/1341/1260
f 2642/1494/1241 2643/1495/1242 2663/1514/1262
f 2642/1341/1241 2663/1341/1262 2662/1341/1261
f 2643/1495/1242 2644/1496/1243 2664/1515/1263
f 2643/1341/1242 2664/1341/1263 2663/1341/1262
f 2644/1496/1243 2645/1497/1244 2665/1516/1264
f 2644/1341/1243 2665/1341/1264 2664/1341/1263
f 2645/1497/1244 2646/1498/1245 2666/1517/1265
f 2645/1341/1244 2666/1341/1265 2665/1341/1264
f 2646/1498/1245 2647/1499/1246 2667/1518/1266
f 2646/1341/1245 2667/1341/1266 2666/1341/1265
f 2647/1499/1246 2648/1500/1247 2668/1519/1267
f 2647/1341/1246 2668/1341/1267 2667/1341/1266
f 2648/1500/1247 2649/1501/1248 2669/1520/1268
f 2648/1341/1247 2669/1341/1268 2668/1341/1267
f 2649/1501/1248 2650/1502/1249 2670/1521/1269
f 2649/1341/1248 2670/1341/1269 2669/1341/1268
f 2650/1502/1249 2632/1484/1231 2652/1522/1251
f 2650/1341/1249 2652/1341/1251 2670/1341/1269
f 2652/1341/1251 2651/1341/1250 2671/1341/1270
f 2652/1341/1251 2671/1341/1270 2672/1341/1271
f 2651/1341/1250 2653/1341/1252 2673/1341/100
f 2651/1341/1250 2673/1341/100 2671/1341/1270
f 2653/1341/1252 2654/1341/1253 2674/1341/1272
f 2653/1341/1252 2674/1341/1272 2673/1341/100
f 2654/1341/1253 2655/1341/1254 2675/1341/1273
f 2654/1341/1253 2675/1341/1273 2674/1341/1272
f 2655/1341/1254 2656/1341/1255 2676/1341/1274
f 2655/1341/1254 2676/1341/1274 2675/1341/1273
f 2656/1341/1255 2657/1341/1256 2677/1341/1275
f 2656/1341/1255 2677/1341/1275 2676/1341/1274
f 2657/1341/1256 2658/1341/1257 2678/1341/296
f 2657/1341/1256 2678/1341/296 2677/1341/1275
f 2658/1341/1257 2659/1341/1258 2679/1341/1276
f 2658/1341/1257 2679/1341/1276 2678/1341/296
f 2659/1341/1258 2660/1341/1259 2680/1341/1277
f 2659/1341/1258 2680/1341/1277 2679/1341/1276
f 2660/1341/1259 2661/1341/1260 2681/1341/1278
f 2660/1341/1259 2681/1341/1278 2680/1341/1277
f 2661/1341/1260 2662/1341/1261 2682/1341/1279
f 2661/1341/1260 2682/1341/1279 2681/1341/1278
f 2662/1341/1261 2663/1341/1262 2683/1341/106
f 2662/1341/1261 2683/1341/106 2682/1341/1279
f 2663/1341/1262 2664/1341/1263 2684/1341/1280
f 2663/1341/1262 2684/1341/1280 2683/1341/106
f 2664/1341/1263 2665/1341/1264 2685/1341/1281
f 2664/1341/1263 2685/1341/1281 2684/1341/1280
f 2665/1341/1264 2666/1341/1265 2686/1341/1282
f 2665/1341/1264 2686/1341/1282 2685/1341/1281
f 2666/1341/1265 2667/1341/1266 2687/1341/1283
f 2666/1341/1265 2687/1341/1283 2686/1341/1282
f 2667/1341/1266 2668/1341/1267 2688/1341/302
f 2667/1341/1266 2688/1341/302 2687/1341/1283
f 2668/1341/1267 2669/1341/1268 2689/1341/1284
f 2668/1341/1267 2689/1341/1284 2688/1341/302
f 2669/1341/1268 2670/1341/1269 2690/1341/1285
f 2669/1341/1268 2690/1341/1285 2689/1341/1284
f 2670/1341/1269 2652/1341/1251 2672/1341/1271
f 2670/1341/1269 2672/1341/1271 2690/1341/1285
f 2672/1341/1271 2671/1341/1270 2691/1341/1270
f 2672/1341/1271 2691/1341/1270 2692/1341/1271
f 2671/1341/1270 2673/1341/100 2693/1341/100
f 2671/1341/1270 2693/1341/100 2691/1341/1270
f 2673/1341/100 2674/1341/1272 2694/1341/1272
f 2673/1341/100 2694/1341/1272 2693/1341/100
f 2674/1341/1272 2675/1341/1273 2695/1341/1273
f 2674/1341/1272 2695/1341/1273 2694/1341/1272
f 2675/1341/1273 2676/1341/1274 2696/1341/1274
f 2675/1341/1273 2696/1341/1274 2695/1341/1273
f 2676/1341/1274 2677/1341/1275 2697/1341/1275
f 2676/1341/1274 2697/1341/1275 2696/1341/1274
f 2677/1341/1275 2678/1341/296 2698/1341/296
f 2677/1341/1275 2698/1341/296 2697/1341/1275
f 2678/1341/296 2679/1341/1276 2699/1341/1276
f 2678/1341/296 2699/1341/1276 2698/1341/296
f 2679/1341/1276 2680/1341/1277 2700/1341/1277
f 2679/1341/1276 2700/1341/1277 2699/1341/1276
f 2680/1341/1277 2681/1341/1278 2701/1341/1278
f 2680/1341/1277 2701/1341/1278 2700/1341/1277
f 2681/1341/1278 2682/1341/1279 2702/1341/1279
f 2681/1341/1278 2702/1341/1279 2701/1341/1278
f 2682/1341/1279 2683/1341/106 2703/1341/106
f 2682/1341/1279 2703/1341/106 2702/1341/1279
f 2683/1341/106 2684/1341/1280 2704/1341/1280
f 2683/1341/106 2704/1341/1280 2703/1341/106
f 2684/1341/1280 2685/1341/1281 2705/1341/1281
f 2684/1341/1280 2705/1341/1281 2704/1341/1280
f 2685/1341/1281 2686/1341/1282 2706/1341/1282
f 2685/1341/1281 2706/1341/1282 2705/1341/1281
f 2686/1341/1282 2687/1341/1283 2707/1341/1283
f 2686/1341/1282 2707/1341/1283 2706/1341/1282
f 2687/1341/1283 2688/1341/302 2708/1341/302
f 2687/1341/1283 2708/1341/302 2707/1341/1283
f 2688/1341/302 2689/1341/1284 2709/1341/1284
f 2688/1341/302 2709/1341/1284 2708/1341/302
f 2689/1341/1284 2690/1341/1285 2710/1341/1285
f 2689/1341/1284 2710/1341/1285 2709/1341/1284
f 2690/1341/1285 2672/1341/1271 2692/1341/1271
f 2690/1341/1285 2692/1341/1271 2710/1341/1285
f 2692/1341/1271 2691/1341/1270 2711/1341/1286
f 2692/1341/1271 2711/1341/1286 2712/1341/1287
f 2691/1341/1270 2693/1341/100 2713/1341/1288
f 2691/1341/1270 2713/1341/1288 2711/1341/1286
f 2693/1341/100 2694/1341/1272 2714/1341/1289
f 2693/1341/100 2714/1341/1289 2713/1341/1288
f 2694/1341/1272 2695/1341/1273 2715/1341/1290
f 2694/1341/1272 2715/1341/1290 2714/1341/1289
f 2695/1341/1273 2696/1341/1274 2716/1341/1291
f 2695/1341/1273 2716/1341/1291 2715/1341/1290
f 2696/1341/1274 2697/1341/1275 2717/1341/1292
f 2696/1341/1274 2717/1341/1292 2716/1341/1291
f 2697/1341/1275 2698/1341/296 2718/1341/1293
f 2697/1341/1275 2718/1341/1293 2717/1341/1292
f 2698/1341/296 2699/1341/1276 2719/1341/1294
f 2698/1341/296 2719/1341/1294 2718/1341/1293
f 2699/1341/1276 2700/1341/1277 2720/1341/1295
f 2699/1341/1276 2720/1341/1295 2719/1341/1294
f 2700/1341/1277 2701/1341/1278 2721/1341/1296
f 2700/1341/1277 2721/1341/1296 2720/1341/1295
f 2701/1341/1278 2702/1341/1279 2722/1341/1297
f 2701/1341/1278 2722/1341/1297 2721/1341/1296
f 2702/1341/1279 2703/1341/106 2723/1341/1298
f 2702/1341/1279 2723/1341/1298 2722/1341/1297
f 2703/1341/106 2704/1341/1280 2724/1341/1299
f 2703/1341/106 2724/1341/1299 2723/1341/1298
f 2704/1341/1280 2705/1341/1281 2725/1341/1300
f 2704/1341/1280 2725/1341/1300 2724/1341/1299
f 2705/1341/1281 2706/1341/1282 2726/1341/1301
f 2705/1341/1281 2726/1341/1301 2725/1341/1300
f 2706/1341/1282 2707/1341/1283 2727/1341/1302
f 2706/1341/1282 2727/1341/1302 2726/1341/1301
f 2707/1341/1283 2708/1341/302 2728/1341/1303
f 2707/1341/1283 2728/1341/1303 2727/1341/1302
f 2708/1341/302 2709/1341/1284 2729/1341/1304
f 2708/1341/302 2729/1341/1304 2728/1341/1303
f 2709/1341/1284 2710/1341/1285 2730/1341/1305
f 2709/1341/1284 2730/1341/1305 2729/1341/1304
f 2710/1341/1285 2692/1341/1271 2712/1341/1287
f 2710/1341/1285 2712/1341/1287 2730/1341/1305
f 2712/1341/1287 2711/1341/1286 2731/1341/1306
f 2712/1523/1287 2731/1524/1306 2732/1525/1307
f 2711/1341/1286 2713/1341/1288 2733/1341/1308
f 2711/1526/1286 2733/1527/1308 2731/1524/1306
f 2713/1341/1288 2714/1341/1289 2734/1341/1309
f 2713/1528/1288 2734/1529/1309 2733/1527/1308
f 2714/1341/1289 2715/1341/1290 2735/1341/1310
f 2714/1530/1289 2735/1531/1310 2734/1529/1309
f 2715/1341/1290 2716/1341/1291 2736/1341/1311
f 2715/1532/1290 2736/1533/1311 2735/1531/1310
f 2716/1341/1291 2717/1341/1292 2737/1341/1312
f 2716/1534/1291 2737/1535/1312 2736/1533/1311
f 2717/1341/1292 2718/1341/1293 2738/1341/1313
f 2717/1536/1292 2738/1537/1313 2737/1535/1312
f 2718/1341/1293 2719/1341/1294 2739/1341/1314
f 2718/1538/1293 2739/1539/1314 2738/1537/1313
f 2719/1341/1294 2720/1341/1295 2740/1341/1315
f 2719/1540/1294 2740/1541/1315 2739/1539/1314
f 2720/1341/1295 2721/1341/1296 2741/1341/1316
f 2720/1542/1295 2741/1543/1316 2740/1541/1315
f 2721/1341/1296 2722/1341/1297 2742/1341/1317
f 2721/1544/1296 2742/1545/1317 2741/1543/1316
f 2722/1341/1297 2723/1341/1298 2743/1341/1318
f 2722/1546/1297 2743/1547/1318 2742/1545/1317
f 2723/1341/1298 2724/1341/1299 2744/1341/1319
f 2723/1548/1298 2744/1549/1319 2743/1547/1318
f 2724/1341/1299 2725/1341/1300 2745/1341/1320
f 2724/1550/1299 2745/1551/1320 2744/1549/1319
f 2725/1341/1300 2726/1341/1301 2746/1341/1321
f 2725/1552/1300 2746/1553/1321 2745/1551/1320
f 2726/1341/1301 2727/1341/1302 2747/1341/1322
f 2726/1554/1301 2747/1555/1322 2746/1553/1321
f 2727/1341/1302 2728/1341/1303 2748/1341/1323
f 2727/1556/1302 2748/1557/1323 2747/1555/1322
f 2728/1341/1303 2729/1341/1304 2749/1341/1324
f 2728/1558/1303 2749/1559/1324 2748/1557/1323
f 2729/1341/1304 2730/1341/1305 2750/1341/1325
f 2729/1560/1304 2750/1561/1325 2749/1559/1324
f 2730/1341/1305 2712/1341/1287 2732/1341/1307
f 2730/1562/1305 2732/1525/1307 2750/1561/1325
f 2732/1525/1307 2731/1524/1306 2751/1563/1326
f 2732/1525/1307 2751/1563/1326 2752/1564/1327
f 2731/1524/1306 2733/1527/1308 2753/1565/1328
f 2731/1524/1306 2753/1565/1328 2751/1563/1326
f 2733/1527/1308 2734/1529/1309 2754/1566/1329
f 2733/1527/1308 2754/1566/1329 2753/1565/1328
f 2734/1529/1309 2735/1531/1310 2755/1567/1330
f 2734/1529/1309 2755/1567/1330 2754/1566/1329
f 2735/1531/1310 2736/1533/1311 2756/1568/1331
f 2735/1531/1310 2756/1568/1331 2755/1567/1330
f 2736/1533/1311 2737/1535/1312 2757/1569/1332
f 2736/1533/1311 2757/1569/1332 2756/1568/1331
f 2737/1535/1312 2738/1537/1313 2758/1570/1333
f 2737/1535/1312 2758/1570/1333 2757/1569/1332
f 2738/1537/1313 2739/1539/1314 2759/1571/1334
f 2738/1537/1313 2759/1571/1334 2758/1570/1333
f 2739/1539/1314 2740/1541/1315 2760/1572/1335
f 2739/1539/1314 2760/1572/1335 2759/1571/1334
f 2740/1541/1315 2741/1543/1316 2761/1573/1336
f 2740/1541/1315 2761/1573/1336 2760/1572/1335
f 2741/1543/1316 2742/1545/1317 2762/1574/1337
f 2741/1543/1316 2762/1574/1337 2761/1573/1336
f 2742/1545/1317 2743/1547/1318 2763/1575/1338
f 2742/1545/1317 2763/1575/1338 2762/1574/1337
f 2743/1547/1318 2744/1549/1319 2764/1576/1339
f 2743/1547/1318 2764/1576/1339 2763/1575/1338
f 2744/1549/1319 2745/1551/1320 2765/1577/1340
f 2744/1549/1319 2765/1577/1340 2764/1576/1339
f 2745/1551/1320 2746/1553/1321 2766/1578/1341
f 2745/1551/1320 2766/1578/1341 2765/1577/1340
f 2746/1553/1321 2747/1555/1322 2767/1579/1342
f 2746/1553/1321 2767/1579/1342 2766/1578/1341
f 2747/1555/1322 2748/1557/1323 2768/1580/1343
f 2747/1555/1322 2768/1580/1343 2767/1579/1342
f 2748/1557/1323 2749/1559/1324 2769/1581/1344
f 2748/1557/1323 2769/1581/1344 2768/1580/1343
f 2749/1559/1324 2750/1561/1325 2770/1582/1345
f 2749/1559/1324 2770/1582/1345 2769/1581/1344
f 2750/1561/1325 2732/1525/1307 2752/1564/1327
f 2750/1561/1325 2752/1564/1327 2770/1582/1345
f 2752/1564/1327 2751/1563/1326 2771/1583/1346
f 2752/1564/1327 2771/1583/1346 2772/1584/1346
f 2751/1563/1326 2753/1565/1328 2773/1585/1346
f 2751/1563/1326 2771/1583/1346 2773/1585/1346
f 2753/1565/1328 2754/1566/1329 2774/1586/1346
f 2753/1565/1328 2773/1585/1346 2774/1586/1346
f 2754/1566/1329 2755/1567/1330 2775/1587/1346
f 2754/1566/1329 2775/1587/1346 2774/1586/1346
f 2755/1567/1330 2756/1568/1331 2776/1588/1346
f 2755/1567/1330 2776/1588/1346 2775/1587/1346
f 2756/1568/1331 2757/1569/1332 2777/1589/1346
f 2756/1568/1331 2777/1589/1346 2776/1588/1346
f 2757/1569/1332 2758/1570/1333 2778/1590/1346
f 2757/1569/1332 2777/1589/1346 2778/1590/1346
f 2758/1570/1333 2759/1571/1334 2779/1591/1346
f 2758/1570/1333 2778/1590/1346 2779/1591/1346
f 2759/1571/1334 2760/1572/1335 2780/1592/1346
f 2759/1571/1334 2780/1592/1346 2779/1591/1346
f 2760/1572/1335 2761/1573/1336 2781/1593/1346
f 2760/1572/1335 2781/1593/1346 2780/1592/1346
f 2761/1573/1336 2762/1574/1337 2782/1594/1346
f 2761/1573/1336 2782/1594/1346 2781/1593/1346
f 2762/1574/1337 2763/1575/1338 2783/1595/1346
f 2762/1574/1337 2782/1594/1346 2783/1595/1346
f 2763/1575/1338 2764/1576/1339 2784/1596/1346
f 2763/1575/1338 2783/1595/1346 2784/1596/1346
f 2764/1576/1339 2765/1577/1340 2785/1597/1346
f 2764/1576/1339 2785/1597/1346 2784/1596/1346
f 2765/1577/1340 2766/1578/1341 2786/1598/1346
f 2765/1577/1340 2786/1598/1346 2785/1597/1346
f 2766/1578/1341 2767/1579/1342 2787/1599/1346
f 2766/1578/1341 2787/1599/1346 2786/1598/1346
f 2767/1579/1342 2768/1580/1343 2788/1600/1346
f 2767/1579/1342 2787/1599/1346 2788/1600/1346
f 2768/1580/1343 2769/1581/1344 2789/1601/1346
f 2768/1580/1343 2788/1600/1346 2789/1601/1346
f 2769/1581/1344 2770/1582/1345 2790/1602/1346
f 2769/1581/1344 2790/1602/1346 2789/1601/1346
f 2770/1582/1345 2752/1564/1327 2772/1584/1346
f 2770/1582/1345 2772/1584/1346 2790/1602/1346
f 2791/1603/1209 2592/1444/1209 2591/1443/1209
f 2791/1603/1209 2592/1444/1209 2596/1448/1209
f 2791/1603/1209 2596/1448/1209 2598/1450/1209
f 2791/1603/1209 2599/1451/1209 2598/1450/1209
f 2791/1603/1209 2601/1453/1209 2599/1451/1209
f 2791/1603/1209 2603/1455/1209 2601/1453/1209
f 2791/1603/1209 2603/1455/1209 2606/1458/1209
f 2791/1603/1209 2606/1458/1209 2608/1460/1209
f 2791/1603/1209 2609/1461/1209 2608/1460/1209
f 2791/1603/1209 2611/1463/1209 2609/1461/1209
f 2791/1603/1209 2613/1465/1209 2611/1463/1209
f 2791/1603/1209 2613/1465/1209 2616/1468/1209
f 2791/1603/1209 2616/1468/1209 2618/1470/1209
f 2791/1603/1209 2619/1471/1209 2618/1470/1209
f 2791/1603/1209 2621/1473/1209 2619/1471/1209
f 2791/1603/1209 2623/1475/1209 2621/1473/1209
f 2791/1603/1209 2623/1475/1209 2626/1478/1209
f 2791/1603/1209 2626/1478/1209 2628/1480/1209
f 2791/1603/1209 2629/1481/1209 2628/1480/1209
f 2791/1603/1209 2591/1443/1209 2629/1481/1209
f 2792/1604/1346 2772/1584/1346 2771/1583/1346
f 2792/1604/1346 2773/1585/1346 2771/1583/1346
f 2792/1604/1346 2774/1586/1346 2773/1585/1346
f 2792/1604/1346 2774/1586/1346 2775/1587/1346
f 2792/1604/1346 2775/1587/1346 2776/1588/1346
f 2792/1604/1346 2776/1588/1346 2777/1589/1346
f 2792/1604/1346 2778/1590/1346 2777/1589/1346
f 2792/1604/1346 2779/1591/1346 2778/1590/1346
f 2792/1604/1346 2779/1591/1346 2780/1592/1346
f 2792/1604/1346 2780/1592/1346 2781/1593/1346
f 2792/1604/1346 2781/1593/1346 2782/1594/1346
f 2792/1604/1346 2783/1595/1346 2782/1594/1346
f 2792/1604/1346 2784/1596/1346 2783/1595/1346
f 2792/1604/1346 2784/1596/1346 2785/1597/1346
f 2792/1604/1346 2785/1597/1346 2786/1598/1346
f 2792/1604/1346 2786/1598/1346 2787/1599/1346
f 2792/1604/1346 2788/1600/1346 2787/1599/1346
f 2792/1604/1346 2789/1601/1346 2788/1600/1346
f 2792/1604/1346 2789/1601/1346 2790/1602/1346
f 2792/1604/1346 2790/1602/1346 2772/1584/1346
f 2793/1605/1 2794/1605/1 2795/1606/1
f 2793/1606/1 2795/1606/1 2796/1607/1
f 2793/1607/1 2796/1607/1 2797/1608/1
f 2793/1608/1 2797/1608/1 2798/1609/1
f 2793/1609/1 2798/1609/1 2799/1610/1
f 2793/1610/1 2799/1610/1 2800/1611/1
f 2793/1611/1 2800/1611/1 2801/1612/1
f 2793/1612/1 2801/1612/1 2802/1613/1
f 2793/1613/1 2802/1613/1 2803/1614/1
f 2793/1614/1 2803/1614/1 2804/1615/1
f 2793/1615/1 2804/1615/1 2805/1616/1
f 2793/1616/1 2805/1616/1 2806/1617/1
f 2793/1617/1 2806/1617/1 2807/1618/1
f 2793/1618/1 2807/1618/1 2808/1619/1
f 2793/1619/1 2808/1619/1 2809/1620/1
f 2793/1620/1 2809/1620/1 2810/1621/1
f 2793/1621/1 2810/1621/1 2811/1622/1
f 2793/1622/1 2811/1622/1 2812/1623/1
f 2793/1623/1 2812/1623/1 2813/1624/1
f 2793/1624/1 2813/1624/1 2814/1625/1
f 2793/1625/1 2814/1625/1 2815/1626/1
f 2793/1626/1 2815/1626/1 2816/1627/1
f 2793/1627/1 2816/1627/1 2817/1628/1
f 2793/1628/1 2817/1628/1 2794/1629/1
f 2794/1605/198 2818/1630/1347 2795/1606/1347
f 2794/1605/198 2819/1631/198 2818/1630/1347
f 2795/1606/1347 2820/1632/1348 2796/1607/1348
f 2795/1606/1347 2818/1630/1347 2820/1632/1348
f 2796/1607/1348 2821/1633/1349 2797/1608/1349
f 2796/1607/1348 2820/1632/1348 2821/1633/1349
f 2797/1608/1349 2822/1634/1350 2798/1609/1350
f 2797/1608/1349 2821/1633/1349 2822/1634/1350
f 2798/1609/1350 2823/1635/1351 2799/1610/1351
f 2798/1609/1350 2822/1634/1350 2823/1635/1351
f 2799/1610/1351 2824/1636/1346 2800/1611/1346
f 2799/1610/1351 2823/1635/1351 2824/1636/1346
f 2800/1611/1346 2825/1637/1352 2801/1612/1352
f 2800/1611/1346 2824/1636/1346 2825/1637/1352
f 2801/1612/1352 2826/1638/1353 2802/1613/1353
f 2801/1612/1352 2825/1637/1352 2826/1638/1353
f 2802/1613/1353 2827/1639/1354 2803/1614/1354
f 2802/1613/1353 2826/1638/1353 2827/1639/1354
f 2803/1614/1354 2828/1640/1355 2804/1615/1355
f 2803/1614/1354 2827/1639/1354 2828/1640/1355
f 2804/1615/1355 2829/1641/1356 2805/1616/1356
f 2804/1615/1355 2828/1640/1355 2829/1641/1356
f 2805/1616/1356 2830/1642/204 2806/1617/204
f 2805/1616/1356 2829/1641/1356 2830/1642/204
f 2806/1617/204 2831/1643/1357 2807/1618/1357
f 2806/1617/204 2830/1642/204 2831/1643/1357
f 2807/1618/1357 2832/1644/1358 2808/1619/1358
f 2807/1618/1357 2831/1643/1357 2832/1644/1358
f 2808/1619/1358 2833/1645/1359 2809/1620/1359
f 2808/1619/1358 2832/1644/1358 2833/1645/1359
f 2809/1620/1359 2834/1646/1360 2810/1621/1360
f 2809/1620/1359 2833/1645/1359 2834/1646/1360
f 2810/1621/1360 2835/1647/1361 2811/1622/1361
f 2810/1621/1360 2834/1646/1360 2835/1647/1361
f 2811/1622/1361 2836/1648/1209 2812/1623/1209
f 2811/1622/1361 2835/1647/1361 2836/1648/1209
f 2812/1623/1209 2837/1649/1362 2813/1624/1362
f 2812/1623/1209 2836/1648/1209 2837/1649/1362
f 2813/1624/1362 2838/1650/1363 2814/1625/1363
f 2813/1624/1362 2837/1649/1362 2838/1650/1363
f 2814/1625/1363 2839/1651/1364 2815/1626/1364
f 2814/1625/1363 2838/1650/1363 2839/1651/1364
f 2815/1626/1364 2840/1652/1365 2816/1627/1365
f 2815/1626/1364 2839/1651/1364 2840/1652/1365
f 2816/1627/1365 2841/1653/1366 2817/1628/1366
f 2816/1627/1365 2840/1652/1365 2841/1653/1366
f 2817/1628/1366 2819/1654/198 2794/1629/198
f 2817/1628/1366 2841/1653/1366 2819/1654/198
f 2819/1631/16 2842/1630/16 2818/1630/16
f 2818/1630/16 2842/1632/16 2820/1632/16
f 2820/1632/16 2842/1633/16 2821/1633/16
f 2821/1633/16 2842/1634/16 2822/1634/16
f 2822/1634/16 2842/1635/16 2823/1635/16
f 2823/1635/16 2842/1636/16 2824/1636/16
f 2824/1636/16 2842/1637/16 2825/1637/16
f 2825/1637/16 2842/1638/16 2826/1638/16
f 2826/1638/16 2842/1639/16 2827/1639/16
f 2827/1639/16 2842/1640/16 2828/1640/16
f 2828/1640/16 2842/1641/16 2829/1641/16
f 2829/1641/16 2842/1642/16 2830/1642/16
f 2830/1642/16 2842/1643/16 2831/1643/16
f 2831/1643/16 2842/1644/16 2832/1644/16
f 2832/1644/16 2842/1645/16 2833/1645/16
f 2833/1645/16 2842/1646/16 2834/1646/16
f 2834/1646/16 2842/1647/16 2835/1647/16
f 2835/1647/16 2842/1648/16 2836/1648/16
f 2836/1648/16 2842/1649/16 2837/1649/16
f 2837/1649/16 2842/1650/16 2838/1650/16
f 2838/1650/16 2842/1651/16 2839/1651/16
f 2839/1651/16 2842/1652/16 2840/1652/16
f 2840/1652/16 2842/1653/16 2841/1653/16
f 2841/1653/16 2842/1654/16 2819/1654/16
f 2843/1605/1 2844/1605/1 2845/1606/1
f 2843/1606/1 2845/1606/1 2846/1607/1
f 2843/1607/1 2846/1607/1 2847/1608/1
f 2843/1608/1 2847/1608/1 2848/1609/1
f 2843/1609/1 2848/1609/1 2849/1610/1
f 2843/1610/1 2849/1610/1 2850/1611/1
f 2843/1611/1 2850/1611/1 2851/1612/1
f 2843/1612/1 2851/1612/1 2852/1613/1
f 2843/1613/1 2852/1613/1 2853/1614/1
f 2843/1614/1 2853/1614/1 2854/1615/1
f 2843/1615/1 2854/1615/1 2855/1616/1
f 2843/1616/1 2855/1616/1 2856/1617/1
f 2843/1617/1 2856/1617/1 2857/1618/1
f 2843/1618/1 2857/1618/1 2858/1619/1
f 2843/1619/1 2858/1619/1 2859/1620/1
f 2843/1620/1 2859/1620/1 2860/1621/1
f 2843/1621/1 2860/1621/1 2861/1622/1
f 2843/1622/1 2861/1622/1 2862/1623/1
f 2843/1623/1 2862/1623/1 2863/1624/1
f 2843/1624/1 2863/1624/1 2864/1625/1
f 2843/1625/1 2864/1625/1 2865/1626/1
f 2843/1626/1 2865/1626/1 2866/1627/1
f 2843/1627/1 2866/1627/1 2867/1628/1
f 2843/1628/1 2867/1628/1 2844/1629/1
f 2844/1605/198 2868/1630/1347 2845/1606/1347
f 2844/1605/198 2869/1631/198 2868/1630/1347
f 2845/1606/1347 2870/1632/1348 2846/1607/1348
f 2845/1606/1347 2868/1630/1347 2870/1632/1348
f 2846/1607/1348 2871/1633/1349 2847/1608/1349
f 2846/1607/1348 2870/1632/1348 2871/1633/1349
f 2847/1608/1349 2872/1634/1350 2848/1609/1350
f 2847/1608/1349 2871/1633/1349 2872/1634/1350
f 2848/1609/1350 2873/1635/1351 2849/1610/1351
f 2848/1609/1350 2872/1634/1350 2873/1635/1351
f 2849/1610/1351 2874/1636/1346 2850/1611/1346
f 2849/1610/1351 2873/1635/1351 2874/1636/1346
f 2850/1611/1346 2875/1637/1352 2851/1612/1352
f 2850/1611/1346 2874/1636/1346 2875/1637/1352
f 2851/1612/1352 2876/1638/1353 2852/1613/1353
f 2851/1612/1352 2875/1637/1352 2876/1638/1353
f 2852/1613/1353 2877/1639/1354 2853/1614/1354
f 2852/1613/1353 2876/1638/1353 2877/1639/1354
f 2853/1614/1354 2878/1640/1355 2854/1615/1355
f 2853/1614/1354 2877/1639/1354 2878/1640/1355
f 2854/1615/1355 2879/1641/1356 2855/1616/1356
f 2854/1615/1355 2878/1640/1355 2879/1641/1356
f 2855/1616/1356 2880/1642/204 2856/1617/204
f 2855/1616/1356 2879/1641/1356 2880/1642/204
f 2856/1617/204 2881/1643/1357 2857/1618/1357
f 2856/1617/204 2880/1642/204 2881/1643/1357
f 2857/1618/1357 2882/1644/1358 2858/1619/1358
f 2857/1618/1357 2881/1643/1357 2882/1644/1358
f 2858/1619/1358 2883/1645/1359 2859/1620/1359
f 2858/1619/1358 2882/1644/1358 2883/1645/1359
f 2859/1620/1359 2884/1646/1360 2860/1621/1360
f 2859/1620/1359 2883/1645/1359 2884/1646/1360
f 2860/1621/1360 2885/1647/1361 2861/1622/1361
f 2860/1621/1360 2884/1646/1360 2885/1647/1361
f 2861/1622/1361 2886/1648/1209 2862/1623/1209
f 2861/1622/1361 2885/1647/1361 2886/1648/1209
f 2862/1623/1209 2887/1649/1362 2863/1624/1362
f 2862/1623/1209 2886/1648/1209 2887/1649/1362
f 2863/1624/1362 2888/1650/1363 2864/1625/1363
f 2863/1624/1362 2887/1649/1362 2888/1650/1363
f 2864/1625/1363 2889/1651/1364 2865/1626/1364
f 2864/1625/1363 2888/1650/1363 2889/1651/1364
f 2865/1626/1364 2890/1652/1365 2866/1627/1365
f 2865/1626/1364 2889/1651/1364 2890/1652/1365
f 2866/1627/1365 2891/1653/1366 2867/1628/1366
f 2866/1627/1365 2890/1652/1365 2891/1653/1366
f 2867/1628/1366 2869/1654/198 2844/1629/198
f 2867/1628/1366 2891/1653/1366 2869/1654/198
f 2869/1631/16 2892/1630/16 2868/1630/16
f 2868/1630/16 2892/1632/16 2870/1632/16
f 2870/1632/16 2892/1633/16 2871/1633/16
f 2871/1633/16 2892/1634/16 2872/1634/16
f 2872/1634/16 2892/1635/16 2873/1635/16
f 2873/1635/16 2892/1636/16 2874/1636/16
f 2874/1636/16 2892/1637/16 2875/1637/16
f 2875/1637/16 2892/1638/16 2876/1638/16
f 2876/1638/16 2892/1639/16 2877/1639/16
f 2877/1639/16 2892/1640/16 2878/1640/16
f 2878/1640/16 2892/1641/16 2879/1641/16
f 2879/1641/16 2892/1642/16 2880/1642/16
f 2880/1642/16 2892/1643/16 2881/1643/16
f 2881/1643/16 2892/1644/16 2882/1644/16
f 2882/1644/16 2892/1645/16 2883/1645/16
f 2883/1645/16 2892/1646/16 2884/1646/16
f 2884/1646/16 2892/1647/16 2885/1647/16
f 2885/1647/16 2892/1648/16 2886/1648/16
f 2886/1648/16 2892/1649/16 2887/1649/16
f 2887/1649/16 2892/1650/16 2888/1650/16
f 2888/1650/16 2892/1651/16 2889/1651/16
f 2889/1651/16 2892/1652/16 2890/1652/16
f 2890/1652/16 2892/1653/16 2891/1653/16
f 2891/1653/16 2892/1654/16 2869/1654/16
f 2893/1/1367 2894/1655/1368 2895/1656/232
f 2893/1/1367 2896/858/1369 2894/1655/1368
f 2896/858/1369 2897/1657/1370 2894/1655/1368
f 2896/858/1369 2898/860/1371 2897/1657/1370
f 2898/860/1371 2899/1658/1372 2897/1657/1370
f 2898/860/1371 2900/862/1373 2899/1658/1372
f 2900/862/1373 2901/1659/1374 2899/1658/1372
f 2900/862/1373 2902/864/1375 2901/1659/1374
f 2902/864/1375 2903/1660/226 2901/1659/1374
f 2902/864/1375 2904/16/1376 2903/1660/226
f 2904/16/1376 2905/1661/1377 2903/1660/226
f 2904/16/1376 2906/867/1378 2905/1661/1377
f 2906/867/1378 2907/1662/1379 2905/1661/1377
f 2906/867/1378 2908/869/1380 2907/1662/1379
f 2908/869/1380 2909/1663/1381 2907/1662/1379
f 2908/869/1380 2910/871/1382 2909/1663/1381
f 2910/871/1382 2911/1664/1383 2909/1663/1381
f 2910/871/1382 2912/873/1384 2911/1664/1383
f 2912/873/1384 2895/1665/232 2911/1664/1383
f 2912/873/1384 2893/30/1367 2895/1665/232
f 2895/1656/232 2913/1666/1385 2914/1667/260
f 2895/1656/232 2894/1655/1368 2913/1666/1385
f 2894/1655/1368 2915/1668/1386 2913/1666/1385
f 2894/1655/1368 2897/1657/1370 2915/1668/1386
f 2897/1657/1370 2916/1669/1387 2915/1668/1386
f 2897/1657/1370 2899/1658/1372 2916/1669/1387
f 2899/1658/1372 2917/1670/1388 2916/1669/1387
f 2899/1658/1372 2901/1659/1374 2917/1670/1388
f 2901/1659/1374 2918/1671/254 2917/1670/1388
f 2901/1659/1374 2903/1660/226 2918/1671/254
f 2903/1660/226 2919/1672/1389 2918/1671/254
f 2903/1660/226 2905/1661/1377 2919/1672/1389
f 2905/1661/1377 2920/1673/1390 2919/1672/1389
f 2905/1661/1377 2907/1662/1379 2920/1673/1390
f 2907/1662/1379 2921/1674/1391 2920/1673/1390
f 2907/1662/1379 2909/1663/1381 2921/1674/1391
f 2909/1663/1381 2922/1675/1392 2921/1674/1391
f 2909/1663/1381 2911/1664/1383 2922/1675/1392
f 2911/1664/1383 2914/1676/260 2922/1675/1392
f 2911/1664/1383 2895/1665/232 2914/1676/260
f 2914/1667/260 2923/1677/1393 2924/1678/288
f 2914/1667/260 2913/1666/1385 2923/1677/1393
f 2913/1666/1385 2925/1679/1394 2923/1677/1393
f 2913/1666/1385 2915/1668/1386 2925/1679/1394
f 2915/1668/1386 2926/1680/1395 2925/1679/1394
f 2915/1668/1386 2916/1669/1387 2926/1680/1395
f 2916/1669/1387 2927/1681/1396 2926/1680/1395
f 2916/1669/1387 2917/1670/1388 2927/1681/1396
f 2917/1670/1388 2928/1682/282 2927/1681/1396
f 2917/1670/1388 2918/1671/254 2928/1682/282
f 2918/1671/254 2929/1683/1397 2928/1682/282
f 2918/1671/254 2919/1672/1389 2929/1683/1397
f 2919/1672/1389 2930/1684/1398 2929/1683/1397
f 2919/1672/1389 2920/1673/1390 2930/1684/1398
f 2920/1673/1390 2931/1685/1399 2930/1684/1398
f 2920/1673/1390 2921/1674/1391 2931/1685/1399
f 2921/1674/1391 2932/1686/1400 2931/1685/1399
f 2921/1674/1391 2922/1675/1392 2932/1686/1400
f 2922/1675/1392 2924/1687/288 2932/1686/1400
f 2922/1675/1392 2914/1676/260 2924/1687/288
f 2924/1678/288 2933/1688/1401 2934/1689/316
f 2924/1678/288 2923/1677/1393 2933/1688/1401
f 2923/1677/1393 2935/1690/1402 2933/1688/1401
f 2923/1677/1393 2925/1679/1394 2935/1690/1402
f 2925/1679/1394 2936/1691/1403 2935/1690/1402
f 2925/1679/1394 2926/1680/1395 2936/1691/1403
f 2926/1680/1395 2937/1692/1404 2936/1691/1403
f 2926/1680/1395 2927/1681/1396 2937/1692/1404
f 2927/1681/1396 2938/1693/310 2937/1692/1404
f 2927/1681/1396 2928/1682/282 2938/1693/310
f 2928/1682/282 2939/1694/1405 2938/1693/310
f 2928/1682/282 2929/1683/1397 2939/1694/1405
f 2929/1683/1397 2940/1695/1406 2939/1694/1405
f 2929/1683/1397 2930/1684/1398 2940/1695/1406
f 2930/1684/1398 2941/1696/1407 2940/1695/1406
f 2930/1684/1398 2931/1685/1399 2941/1696/1407
f 2931/1685/1399 2942/1697/1408 2941/1696/1407
f 2931/1685/1399 2932/1686/1400 2942/1697/1408
f 2932/1686/1400 2934/1698/316 2942/1697/1408
f 2932/1686/1400 2924/1687/288 2934/1698/316
f 2934/1689/316 2943/1699/1409 2944/1700/344
f 2934/1689/316 2933/1688/1401 2943/1699/1409
f 2933/1688/1401 2945/1701/1410 2943/1699/1409
f 2933/1688/1401 2935/1690/1402 2945/1701/1410
f 2935/1690/1402 2946/1702/1411 2945/1701/1410
f 2935/1690/1402 2936/1691/1403 2946/1702/1411
f 2936/1691/1403 2947/1703/1412 2946/1702/1411
f 2936/1691/1403 2937/1692/1404 2947/1703/1412
f 2937/1692/1404 2948/1704/338 2947/1703/1412
f 2937/1692/1404 2938/1693/310 2948/1704/338
f 2938/1693/310 2949/1705/1413 2948/1704/338
f 2938/1693/310 2939/1694/1405 2949/1705/1413
f 2939/1694/1405 2950/1706/1414 2949/1705/1413
f 2939/1694/1405 2940/1695/1406 2950/1706/1414
f 2940/1695/1406 2951/1707/1415 2950/1706/1414
f 2940/1695/1406 2941/1696/1407 2951/1707/1415
f 2941/1696/1407 2952/1708/1416 2951/1707/1415
f 2941/1696/1407 2942/1697/1408 2952/1708/1416
f 2942/1697/1408 2944/1709/344 2952/1708/1416
f 2942/1697/1408 2934/1698/316 2944/1709/344
f 2944/1700/344 2953/1710/1417 2954/1711/372
f 2944/1700/344 2943/1699/1409 2953/1710/1417
f 2943/1699/1409 2955/1712/1418 2953/1710/1417
f 2943/1699/1409 2945/1701/1410 2955/1712/1418
f 2945/1701/1410 2956/1713/1419 2955/1712/1418
f 2945/1701/1410 2946/1702/1411 2956/1713/1419
f 2946/1702/1411 2957/1714/1420 2956/1713/1419
f 2946/1702/1411 2947/1703/1412 2957/1714/1420
f 2947/1703/1412 2958/1715/366 2957/1714/1420
f 2947/1703/1412 2948/1704/338 2958/1715/366
f 2948/1704/338 2959/1716/1421 2958/1715/366
f 2948/1704/338 2949/1705/1413 2959/1716/1421
f 2949/1705/1413 2960/1717/1422 2959/1716/1421
f 2949/1705/1413 2950/1706/1414 2960/1717/1422
f 2950/1706/1414 2961/1718/1423 2960/1717/1422
f 2950/1706/1414 2951/1707/1415 2961/1718/1423
f 2951/1707/1415 2962/1719/1424 2961/1718/1423
f 2951/1707/1415 2952/1708/1416 2962/1719/1424
f 2952/1708/1416 2954/1720/372 2962/1719/1424
f 2952/1708/1416 2944/1709/344 2954/1720/372
f 2954/1711/372 2963/1721/1425 2964/1722/1
f 2954/1711/372 2953/1710/1417 2963/1721/1425
f 2953/1710/1417 2965/1723/1426 2963/1721/1425
f 2953/1710/1417 2955/1712/1418 2965/1723/1426
f 2955/1712/1418 2966/1724/1427 2965/1723/1426
f 2955/1712/1418 2956/1713/1419 2966/1724/1427
f 2956/1713/1419 2967/1725/1428 2966/1724/1427
f 2956/1713/1419 2957/1714/1420 2967/1725/1428
f 2957/1714/1420 2968/1726/16 2967/1725/1428
f 2957/1714/1420 2958/1715/366 2968/1726/16
f 2958/1715/366 2969/1727/1429 2968/1726/16
f 2958/1715/366 2959/1716/1421 2969/1727/1429
f 2959/1716/1421 2970/1728/1430 2969/1727/1429
f 2959/1716/1421 2960/1717/1422 2970/1728/1430
f 2960/1717/1422 2971/1729/1431 2970/1728/1430
f 2960/1717/1422 2961/1718/1423 2971/1729/1431
f 2961/1718/1423 2972/1730/1432 2971/1729/1431
f 2961/1718/1423 2962/1719/1424 2972/1730/1432
f 2962/1719/1424 2964/1731/1 2972/1730/1432
f 2962/1719/1424 2954/1720/372 2964/1731/1
f 2964/1722/1 2973/1732/1433 2974/1733/30
f 2964/1722/1 2963/1721/1425 2973/1732/1433
f 2963/1721/1425 2975/1734/1434 2973/1732/1433
f 2963/1721/1425 2965/1723/1426 2975/1734/1434
f 2965/1723/1426 2976/1735/1435 2975/1734/1434
f 2965/1723/1426 2966/1724/1427 2976/1735/1435
f 2966/1724/1427 2977/1736/1436 2976/1735/1435
f 2966/1724/1427 2967/1725/1428 2977/1736/1436
f 2967/1725/1428 2978/1737/36 2977/1736/1436
f 2967/1725/1428 2968/1726/16 2978/1737/36
f 2968/1726/16 2979/1738/1437 2978/1737/36
f 2968/1726/16 2969/1727/1429 2979/1738/1437
f 2969/1727/1429 2980/1739/1438 2979/1738/1437
f 2969/1727/1429 2970/1728/1430 2980/1739/1438
f 2970/1728/1430 2981/1740/1439 2980/1739/1438
f 2970/1728/1430 2971/1729/1431 2981/1740/1439
f 2971/1729/1431 2982/1741/1440 2981/1740/1439
f 2971/1729/1431 2972/1730/1432 2982/1741/1440
f 2972/1730/1432 2974/1742/30 2982/1741/1440
f 2972/1730/1432 2964/1731/1 2974/1742/30
f 2974/1733/30 2983/1743/1441 2984/1744/58
f 2974/1733/30 2973/1732/1433 2983/1743/1441
f 2973/1732/1433 2985/1745/1442 2983/1743/1441
f 2973/1732/1433 2975/1734/1434 2985/1745/1442
f 2975/1734/1434 2986/1746/1443 2985/1745/1442
f 2975/1734/1434 2976/1735/1435 2986/1746/1443
f 2976/1735/1435 2987/1747/1444 2986/1746/1443
f 2976/1735/1435 2977/1736/1436 2987/1747/1444
f 2977/1736/1436 2988/1748/64 2987/1747/1444
f 2977/1736/1436 2978/1737/36 2988/1748/64
f 2978/1737/36 2989/1749/1445 2988/1748/64
f 2978/1737/36 2979/1738/1437 2989/1749/1445
f 2979/1738/1437 2990/1750/1446 2989/1749/1445
f 2979/1738/1437 2980/1739/1438 2990/1750/1446
f 2980/1739/1438 2991/1751/1447 2990/1750/1446
f 2980/1739/1438 2981/1740/1439 2991/1751/1447
f 2981/1740/1439 2992/1752/1448 2991/1751/1447
f 2981/1740/1439 2982/1741/1440 2992/1752/1448
f 2982/1741/1440 2984/1753/58 2992/1752/1448
f 2982/1741/1440 2974/1742/30 2984/1753/58
f 2984/1744/58 2993/1754/1449 2994/1755/86
f 2984/1744/58 2983/1743/1441 2993/1754/1449
f 2983/1743/1441 2995/1756/1450 2993/1754/1449
f 2983/1743/1441 2985/1745/1442 2995/1756/1450
f 2985/1745/1442 2996/1757/1451 2995/1756/1450
f 2985/1745/1442 2986/1746/1443 2996/1757/1451
f 2986/1746/1443 2997/1758/1452 2996/1757/1451
f 2986/1746/1443 2987/1747/1444 2997/1758/1452
f 2987/1747/1444 2998/1759/92 2997/1758/1452
f 2987/1747/1444 2988/1748/64 2998/1759/92
f 2988/1748/64 2999/1760/1453 2998/1759/92
f 2988/1748/64 2989/1749/1445 2999/1760/1453
f 2989/1749/1445 3000/1761/1454 2999/1760/1453
f 2989/1749/1445 2990/1750/1446 3000/1761/1454
f 2990/1750/1446 3001/1762/1455 3000/1761/1454
f 2990/1750/1446 2991/1751/1447 3001/1762/1455
f 2991/1751/1447 3002/1763/1456 3001/1762/1455
f 2991/1751/1447 2992/1752/1448 3002/1763/1456
f 2992/1752/1448 2994/1764/86 3002/1763/1456
f 2992/1752/1448 2984/1753/58 2994/1764/86
f 2994/1755/86 3003/1765/1457 3004/1766/114
f 2994/1755/86 2993/1754/1449 3003/1765/1457
f 2993/1754/1449 3005/1767/1458 3003/1765/1457
f 2993/1754/1449 2995/1756/1450 3005/1767/1458
f 2995/1756/1450 3006/1768/1459 3005/1767/1458
f 2995/1756/1450 2996/1757/1451 3006/1768/1459
f 2996/1757/1451 3007/1769/1460 3006/1768/1459
f 2996/1757/1451 2997/1758/1452 3007/1769/1460
f 2997/1758/1452 3008/1770/120 3007/1769/1460
f 2997/1758/1452 2998/1759/92 3008/1770/120
f 2998/1759/92 3009/1771/1461 3008/1770/120
f 2998/1759/92 2999/1760/1453 3009/1771/1461
f 2999/1760/1453 3010/1772/1462 3009/1771/1461
f 2999/1760/1453 3000/1761/1454 3010/1772/1462
f 3000/1761/1454 3011/1773/1463 3010/1772/1462
f 3000/1761/1454 3001/1762/1455 3011/1773/1463
f 3001/1762/1455 3012/1774/1464 3011/1773/1463
f 3001/1762/1455 3002/1763/1456 3012/1774/1464
f 3002/1763/1456 3004/1775/114 3012/1774/1464
f 3002/1763/1456 2994/1764/86 3004/1775/114
f 3004/1766/114 3013/1776/1465 3014/1777/142
f 3004/1766/114 3003/1765/1457 3013/1776/1465
f 3003/1765/1457 3015/1778/1466 3013/1776/1465
f 3003/1765/1457 3005/1767/1458 3015/1778/1466
f 3005/1767/1458 3016/1779/1467 3015/1778/1466
f 3005/1767/1458 3006/1768/1459 3016/1779/1467
f 3006/1768/1459 3017/1780/1468 3016/1779/1467
f 3006/1768/1459 3007/1769/1460 3017/1780/1468
f 3007/1769/1460 3018/1781/148 3017/1780/1468
f 3007/1769/1460 3008/1770/120 3018/1781/148
f 3008/1770/120 3019/1782/1469 3018/1781/148
f 3008/1770/120 3009/1771/1461 3019/1782/1469
f 3009/1771/1461 3020/1783/1470 3019/1782/1469
f 3009/1771/1461 3010/1772/1462 3020/1783/1470
f 3010/1772/1462 3021/1784/1471 3020/1783/1470
f 3010/1772/1462 3011/1773/1463 3021/1784/1471
f 3011/1773/1463 3022/1785/1472 3021/1784/1471
f 3011/1773/1463 3012/1774/1464 3022/1785/1472
f 3012/1774/1464 3014/1786/142 3022/1785/1472
f 3012/1774/1464 3004/1775/114 3014/1786/142
f 3014/1777/142 3023/1787/1473 3024/1788/170
f 3014/1777/142 3013/1776/1465 3023/1787/1473
f 3013/1776/1465 3025/1789/1474 3023/1787/1473
f 3013/1776/1465 3015/1778/1466 3025/1789/1474
f 3015/1778/1466 3026/1790/1475 3025/1789/1474
f 3015/1778/1466 3016/1779/1467 3026/1790/1475
f 3016/1779/1467 3027/1791/1476 3026/1790/1475
f 3016/1779/1467 3017/1780/1468 3027/1791/1476
f 3017/1780/1468 3028/1792/176 3027/1791/1476
f 3017/1780/1468 3018/1781/148 3028/1792/176
f 3018/1781/148 3029/1793/1477 3028/1792/176
f 3018/1781/148 3019/1782/1469 3029/1793/1477
f 3019/1782/1469 3030/1794/1478 3029/1793/1477
f 3019/1782/1469 3020/1783/1470 3030/1794/1478
f 3020/1783/1470 3031/1795/1479 3030/1794/1478
f 3020/1783/1470 3021/1784/1471 3031/1795/1479
f 3021/1784/1471 3032/1796/1480 3031/1795/1479
f 3021/1784/1471 3022/1785/1472 3032/1796/1480
f 3022/1785/1472 3024/1797/170 3032/1796/1480
f 3022/1785/1472 3014/1786/142 3024/1797/170
f 3024/1788/170 3033/1798/1481 3034/1799/1482
f 3024/1788/170 3023/1787/1473 3033/1798/1481
f 3023/1787/1473 3035/1800/1483 3033/1798/1481
f 3023/1787/1473 3025/1789/1474 3035/1800/1483
f 3025/1789/1474 3036/1801/1484 3035/1800/1483
f 3025/1789/1474 3026/1790/1475 3036/1801/1484
f 3026/1790/1475 3037/1802/1485 3036/1801/1484
f 3026/1790/1475 3027/1791/1476 3037/1802/1485
f 3027/1791/1476 3038/1803/1486 3037/1802/1485
f 3027/1791/1476 3028/1792/176 3038/1803/1486
f 3028/1792/176 3039/1804/1487 3038/1803/1486
f 3028/1792/176 3029/1793/1477 3039/1804/1487
f 3029/1793/1477 3040/1805/1488 3039/1804/1487
f 3029/1793/1477 3030/1794/1478 3040/1805/1488
f 3030/1794/1478 3041/1806/1489 3040/1805/1488
f 3030/1794/1478 3031/1795/1479 3041/1806/1489
f 3031/1795/1479 3042/1807/1490 3041/1806/1489
f 3031/1795/1479 3032/1796/1480 3042/1807/1490
f 3032/1796/1480 3034/1808/1482 3042/1807/1490
f 3032/1796/1480 3024/1797/170 3034/1808/1482
f 3034/1799/1482 3043/1064/1375 3044/422/1376
f 3034/1799/1482 3033/1798/1481 3043/1064/1375
f 3033/1798/1481 3045/1065/1373 3043/1064/1375
f 3033/1798/1481 3035/1800/1483 3045/1065/1373
f 3035/1800/1483 3046/1066/1371 3045/1065/1373
f 3035/1800/1483 3036/1801/1484 3046/1066/1371
f 3036/1801/1484 3047/1067/1369 3046/1066/1371
f 3036/1801/1484 3037/1802/1485 3047/1067/1369
f 3037/1802/1485 3048/428/1367 3047/1067/1369
f 3037/1802/1485 3038/1803/1486 3048/428/1367
f 3038/1803/1486 3049/1068/1384 3048/428/1367
f 3038/1803/1486 3039/1804/1487 3049/1068/1384
f 3039/1804/1487 3050/1069/1382 3049/1068/1384
f 3039/1804/1487 3040/1805/1488 3050/1069/1382
f 3040/1805/1488 3051/1070/1380 3050/1069/1382
f 3040/1805/1488 3041/1806/1489 3051/1070/1380
f 3041/1806/1489 3052/1071/1378 3051/1070/1380
f 3041/1806/1489 3042/1807/1490 3052/1071/1378
f 3042/1807/1490 3044/435/1376 3052/1071/1378
f 3042/1807/1490 3034/1808/1482 3044/435/1376
f 3044/422/1376 3053/1809/1374 3054/1810/226
f 3044/422/1376 3043/1064/1375 3053/1809/1374
f 3043/1064/1375 3055/1811/1372 3053/1809/1374
f 3043/1064/1375 3045/1065/1373 3055/1811/1372
f 3045/1065/1373 3056/1812/1370 3055/1811/1372
f 3045/1065/1373 3046/1066/1371 3056/1812/1370
f 3046/1066/1371 3057/1813/1368 3056/1812/1370
f 3046/1066/1371 3047/1067/1369 3057/1813/1368
f 3047/1067/1369 3058/1814/232 3057/1813/1368
f 3047/1067/1369 3048/428/1367 3058/1814/232
f 3048/428/1367 3059/1815/1383 3058/1814/232
f 3048/428/1367 3049/1068/1384 3059/1815/1383
f 3049/1068/1384 3060/1816/1381 3059/1815/1383
f 3049/1068/1384 3050/1069/1382 3060/1816/1381
f 3050/1069/1382 3061/1817/1379 3060/1816/1381
f 3050/1069/1382 3051/1070/1380 3061/1817/1379
f 3051/1070/1380 3062/1818/1377 3061/1817/1379
f 3051/1070/1380 3052/1071/1378 3062/1818/1377
f 3052/1071/1378 3054/1819/226 3062/1818/1377
f 3052/1071/1378 3044/435/1376 3054/1819/226
f 3054/1810/226 3063/1820/1388 3064/1821/254
f 3054/1810/226 3053/1809/1374 3063/1820/1388
f 3053/1809/1374 3065/1822/1387 3063/1820/1388
f 3053/1809/1374 3055/1811/1372 3065/1822/1387
f 3055/1811/1372 3066/1823/1386 3065/1822/1387
f 3055/1811/1372 3056/1812/1370 3066/1823/1386
f 3056/1812/1370 3067/1824/1385 3066/1823/1386
f 3056/1812/1370 3057/1813/1368 3067/1824/1385
f 3057/1813/1368 3068/1825/260 3067/1824/1385
f 3057/1813/1368 3058/1814/232 3068/1825/260
f 3058/1814/232 3069/1826/1392 3068/1825/260
f 3058/1814/232 3059/1815/1383 3069/1826/1392
f 3059/1815/1383 3070/1827/1391 3069/1826/1392
f 3059/1815/1383 3060/1816/1381 3070/1827/1391
f 3060/1816/1381 3071/1828/1390 3070/1827/1391
f 3060/1816/1381 3061/1817/1379 3071/1828/1390
f 3061/1817/1379 3072/1829/1389 3071/1828/1390
f 3061/1817/1379 3062/1818/1377 3072/1829/1389
f 3062/1818/1377 3064/1830/254 3072/1829/1389
f 3062/1818/1377 3054/1819/226 3064/1830/254
f 3064/1821/254 3073/1831/1396 3074/1832/282
f 3064/1821/254 3063/1820/1388 3073/1831/1396
f 3063/1820/1388 3075/1833/1395 3073/1831/1396
f 3063/1820/1388 3065/1822/1387 3075/1833/1395
f 3065/1822/1387 3076/1834/1394 3075/1833/1395
f 3065/1822/1387 3066/1823/1386 3076/1834/1394
f 3066/1823/1386 3077/1835/1393 3076/1834/1394
f 3066/1823/1386 3067/1824/1385 3077/1835/1393
f 3067/1824/1385 3078/1836/288 3077/1835/1393
f 3067/1824/1385 3068/1825/260 3078/1836/288
f 3068/1825/260 3079/1837/1400 3078/1836/288
f 3068/1825/260 3069/1826/1392 3079/1837/1400
f 3069/1826/1392 3080/1838/1399 3079/1837/1400
f 3069/1826/1392 3070/1827/1391 3080/1838/1399
f 3070/1827/1391 3081/1839/1398 3080/1838/1399
f 3070/1827/1391 3071/1828/1390 3081/1839/1398
f 3071/1828/1390 3082/1840/1397 3081/1839/1398
f 3071/1828/1390 3072/1829/1389 3082/1840/1397
f 3072/1829/1389 3074/1841/282 3082/1840/1397
f 3072/1829/1389 3064/1830/254 3074/1841/282
f 3074/1832/282 3083/1842/1404 3084/1843/310
f 3074/1832/282 3073/1831/1396 3083/1842/1404
f 3073/1831/1396 3085/1844/1403 3083/1842/1404
f 3073/1831/1396 3075/1833/1395 3085/1844/1403
f 3075/1833/1395 3086/1845/1402 3085/1844/1403
f 3075/1833/1395 3076/1834/1394 3086/1845/1402
f 3076/1834/1394 3087/1846/1401 3086/1845/1402
f 3076/1834/1394 3077/1835/1393 3087/1846/1401
f 3077/1835/1393 3088/1847/316 3087/1846/1401
f 3077/1835/1393 3078/1836/288 3088/1847/316
f 3078/1836/288 3089/1848/1408 3088/1847/316
f 3078/1836/288 3079/1837/1400 3089/1848/1408
f 3079/1837/1400 3090/1849/1407 3089/1848/1408
f 3079/1837/1400 3080/1838/1399 3090/1849/1407
f 3080/1838/1399 3091/1850/1406 3090/1849/1407
f 3080/1838/1399 3081/1839/1398 3091/1850/1406
f 3081/1839/1398 3092/1851/1405 3091/1850/1406
f 3081/1839/1398 3082/1840/1397 3092/1851/1405
f 3082/1840/1397 3084/1852/310 3092/1851/1405
f 3082/1840/1397 3074/1841/282 3084/1852/310
f 3084/1843/310 3093/1853/1412 3094/1854/338
f 3084/1843/310 3083/1842/1404 3093/1853/1412
f 3083/1842/1404 3095/1855/1411 3093/1853/1412
f 3083/1842/1404 3085/1844/1403 3095/1855/1411
f 3085/1844/1403 3096/1856/1410 3095/1855/1411
f 3085/1844/1403 3086/1845/1402 3096/1856/1410
f 3086/1845/1402 3097/1857/1409 3096/1856/1410
f 3086/1845/1402 3087/1846/1401 3097/1857/1409
f 3087/1846/1401 3098/1858/344 3097/1857/1409
f 3087/1846/1401 3088/1847/316 3098/1858/344
f 3088/1847/316 3099/1859/1416 3098/1858/344
f 3088/1847/316 3089/1848/1408 3099/1859/1416
f 3089/1848/1408 3100/1860/1415 3099/1859/1416
f 3089/1848/1408 3090/1849/1407 3100/1860/1415
f 3090/1849/1407 3101/1861/1414 3100/1860/1415
f 3090/1849/1407 3091/1850/1406 3101/1861/1414
f 3091/1850/1406 3102/1862/1413 3101/1861/1414
f 3091/1850/1406 3092/1851/1405 3102/1862/1413
f 3092/1851/1405 3094/1863/338 3102/1862/1413
f 3092/1851/1405 3084/1852/310 3094/1863/338
f 3094/1854/338 3103/1864/1420 3104/1865/366
f 3094/1854/338 3093/1853/1412 3103/1864/1420
f 3093/1853/1412 3105/1866/1419 3103/1864/1420
f 3093/1853/1412 3095/1855/1411 3105/1866/1419
f 3095/1855/1411 3106/1867/1418 3105/1866/1419
f 3095/1855/1411 3096/1856/1410 3106/1867/1418
f 3096/1856/1410 3107/1868/1417 3106/1867/1418
f 3096/1856/1410 3097/1857/1409 3107/1868/1417
f 3097/1857/1409 3108/1869/372 3107/1868/1417
f 3097/1857/1409 3098/1858/344 3108/1869/372
f 3098/1858/344 3109/1870/1424 3108/1869/372
f 3098/1858/344 3099/1859/1416 3109/1870/1424
f 3099/1859/1416 3110/1871/1423 3109/1870/1424
f 3099/1859/1416 3100/1860/1415 3110/1871/1423
f 3100/1860/1415 3111/1872/1422 3110/1871/1423
f 3100/1860/1415 3101/1861/1414 3111/1872/1422
f 3101/1861/1414 3112/1873/1421 3111/1872/1422
f 3101/1861/1414 3102/1862/1413 3112/1873/1421
f 3102/1862/1413 3104/1874/366 3112/1873/1421
f 3102/1862/1413 3094/1863/338 3104/1874/366
f 3104/1865/366 3113/1875/1428 3114/1876/16
f 3104/1865/366 3103/1864/1420 3113/1875/1428
f 3103/1864/1420 3115/1877/1427 3113/1875/1428
f 3103/1864/1420 3105/1866/1419 3115/1877/1427
f 3105/1866/1419 3116/1878/1426 3115/1877/1427
f 3105/1866/1419 3106/1867/1418 3116/1878/1426
f 3106/1867/1418 3117/1879/1425 3116/1878/1426
f 3106/1867/1418 3107/1868/1417 3117/1879/1425
f 3107/1868/1417 3118/1880/1 3117/1879/1425
f 3107/1868/1417 3108/1869/372 3118/1880/1
f 3108/1869/372 3119/1881/1432 3118/1880/1
f 3108/1869/372 3109/1870/1424 3119/1881/1432
f 3109/1870/1424 3120/1882/1431 3119/1881/1432
f 3109/1870/1424 3110/1871/1423 3120/1882/1431
f 3110/1871/1423 3121/1883/1430 3120/1882/1431
f 3110/1871/1423 3111/1872/1422 3121/1883/1430
f 3111/1872/1422 3122/1884/1429 3121/1883/1430
f 3111/1872/1422 3112/1873/1421 3122/1884/1429
f 3112/1873/1421 3114/1885/16 3122/1884/1429
f 3112/1873/1421 3104/1874/366 3114/1885/16
f 3114/1876/16 3123/1886/1436 3124/1887/36
f 3114/1876/16 3113/1875/1428 3123/1886/1436
f 3113/1875/1428 3125/1888/1435 3123/1886/1436
f 3113/1875/1428 3115/1877/1427 3125/1888/1435
f 3115/1877/1427 3126/1889/1434 3125/1888/1435
f 3115/1877/1427 3116/1878/1426 3126/1889/1434
f 3116/1878/1426 3127/1890/1433 3126/1889/1434
f 3116/1878/1426 3117/1879/1425 3127/1890/1433
f 3117/1879/1425 3128/1891/30 3127/1890/1433
f 3117/1879/1425 3118/1880/1 3128/1891/30
f 3118/1880/1 3129/1892/1440 3128/1891/30
f 3118/1880/1 3119/1881/1432 3129/1892/1440
f 3119/1881/1432 3130/1893/1439 3129/1892/1440
f 3119/1881/1432 3120/1882/1431 3130/1893/1439
f 3120/1882/1431 3131/1894/1438 3130/1893/1439
f 3120/1882/1431 3121/1883/1430 3131/1894/1438
f 3121/1883/1430 3132/1895/1437 3131/1894/1438
f 3121/1883/1430 3122/1884/1429 3132/1895/1437
f 3122/1884/1429 3124/1896/36 3132/1895/1437
f 3122/1884/1429 3114/1885/16 3124/1896/36
f 3124/1887/36 3133/1897/1444 3134/1898/64
f 3124/1887/36 3123/1886/1436 3133/1897/1444
f 3123/1886/1436 3135/1899/1443 3133/1897/1444
f 3123/1886/1436 3125/1888/1435 3135/1899/1443
f 3125/1888/1435 3136/1900/1442 3135/1899/1443
f 3125/1888/1435 3126/1889/1434 3136/1900/1442
f 3126/1889/1434 3137/1901/1441 3136/1900/1442
f 3126/1889/1434 3127/1890/1433 3137/1901/1441
f 3127/1890/1433 3138/1902/58 3137/1901/1441
f 3127/1890/1433 3128/1891/30 3138/1902/58
f 3128/1891/30 3139/1903/1448 3138/1902/58
f 3128/1891/30 3129/1892/1440 3139/1903/1448
f 3129/1892/1440 3140/1904/1447 3139/1903/1448
f 3129/1892/1440 3130/1893/1439 3140/1904/1447
f 3130/1893/1439 3141/1905/1446 3140/1904/1447
f 3130/1893/1439 3131/1894/1438 3141/1905/1446
f 3131/1894/1438 3142/1906/1445 3141/1905/1446
f 3131/1894/1438 3132/1895/1437 3142/1906/1445
f 3132/1895/1437 3134/1907/64 3142/1906/1445
f 3132/1895/1437 3124/1896/36 3134/1907/64
f 3134/1898/64 3143/1908/1452 3144/1909/92
f 3134/1898/64 3133/1897/1444 3143/1908/1452
f 3133/1897/1444 3145/1910/1451 3143/1908/1452
f 3133/1897/1444 3135/1899/1443 3145/1910/1451
f 3135/1899/1443 3146/1911/1450 3145/1910/1451
f 3135/1899/1443 3136/1900/1442 3146/1911/1450
f 3136/1900/1442 3147/1912/1449 3146/1911/1450
f 3136/1900/1442 3137/1901/1441 3147/1912/1449
f 3137/1901/1441 3148/1913/86 3147/1912/1449
f 3137/1901/1441 3138/1902/58 3148/1913/86
f 3138/1902/58 3149/1914/1456 3148/1913/86
f 3138/1902/58 3139/1903/1448 3149/1914/1456
f 3139/1903/1448 3150/1915/1455 3149/1914/1456
f 3139/1903/1448 3140/1904/1447 3150/1915/1455
f 3140/1904/1447 3151/1916/1454 3150/1915/1455
f 3140/1904/1447 3141/1905/1446 3151/1916/1454
f 3141/1905/1446 3152/1917/1453 3151/1916/1454
f 3141/1905/1446 3142/1906/1445 3152/1917/1453
f 3142/1906/1445 3144/1918/92 3152/1917/1453
f 3142/1906/1445 3134/1907/64 3144/1918/92
f 3144/1909/92 3153/1919/1460 3154/1920/120
f 3144/1909/92 3143/1908/1452 3153/1919/1460
f 3143/1908/1452 3155/1921/1459 3153/1919/1460
f 3143/1908/1452 3145/1910/1451 3155/1921/1459
f 3145/1910/1451 3156/1922/1458 3155/1921/1459
f 3145/1910/1451 3146/1911/1450 3156/1922/1458
f 3146/1911/1450 3157/1923/1457 3156/1922/1458
f 3146/1911/1450 3147/1912/1449 3157/1923/1457
f 3147/1912/1449 3158/1924/114 3157/1923/1457
f 3147/1912/1449 3148/1913/86 3158/1924/114
f 3148/1913/86 3159/1925/1464 3158/1924/114
f 3148/1913/86 3149/1914/1456 3159/1925/1464
f 3149/1914/1456 3160/1926/1463 3159/1925/1464
f 3149/1914/1456 3150/1915/1455 3160/1926/1463
f 3150/1915/1455 3161/1927/1462 3160/1926/1463
f 3150/1915/1455 3151/1916/1454 3161/1927/1462
f 3151/1916/1454 3162/1928/1461 3161/1927/1462
f 3151/1916/1454 3152/1917/1453 3162/1928/1461
f 3152/1917/1453 3154/1929/120 3162/1928/1461
f 3152/1917/1453 3144/1918/92 3154/1929/120
f 3154/1920/120 3163/1930/1468 3164/1931/148
f 3154/1920/120 3153/1919/1460 3163/1930/1468
f 3153/1919/1460 3165/1932/1467 3163/1930/1468
f 3153/1919/1460 3155/1921/1459 3165/1932/1467
f 3155/1921/1459 3166/1933/1466 3165/1932/1467
f 3155/1921/1459 3156/1922/1458 3166/1933/1466
f 3156/1922/1458 3167/1934/1465 3166/1933/1466
f 3156/1922/1458 3157/1923/1457 3167/1934/1465
f 3157/1923/1457 3168/1935/142 3167/1934/1465
f 3157/1923/1457 3158/1924/114 3168/1935/142
f 3158/1924/114 3169/1936/1472 3168/1935/142
f 3158/1924/114 3159/1925/1464 3169/1936/1472
f 3159/1925/1464 3170/1937/1471 3169/1936/1472
f 3159/1925/1464 3160/1926/1463 3170/1937/1471
f 3160/1926/1463 3171/1938/1470 3170/1937/1471
f 3160/1926/1463 3161/1927/1462 3171/1938/1470
f 3161/1927/1462 3172/1939/1469 3171/1938/1470
f 3161/1927/1462 3162/1928/1461 3172/1939/1469
f 3162/1928/1461 3164/1940/148 3172/1939/1469
f 3162/1928/1461 3154/1929/120 3164/1940/148
f 3164/1931/148 3173/1941/1476 3174/1942/176
f 3164/1931/148 3163/1930/1468 3173/1941/1476
f 3163/1930/1468 3175/1943/1475 3173/1941/1476
f 3163/1930/1468 3165/1932/1467 3175/1943/1475
f 3165/1932/1467 3176/1944/1474 3175/1943/1475
f 3165/1932/1467 3166/1933/1466 3176/1944/1474
f 3166/1933/1466 3177/1945/1473 3176/1944/1474
f 3166/1933/1466 3167/1934/1465 3177/1945/1473
f 3167/1934/1465 3178/1946/170 3177/1945/1473
f 3167/1934/1465 3168/1935/142 3178/1946/170
f 3168/1935/142 3179/1947/1480 3178/1946/170
f 3168/1935/142 3169/1936/1472 3179/1947/1480
f 3169/1936/1472 3180/1948/1479 3179/1947/1480
f 3169/1936/1472 3170/1937/1471 3180/1948/1479
f 3170/1937/1471 3181/1949/1478 3180/1948/1479
f 3170/1937/1471 3171/1938/1470 3181/1949/1478
f 3171/1938/1470 3182/1950/1477 3181/1949/1478
f 3171/1938/1470 3172/1939/1469 3182/1950/1477
f 3172/1939/1469 3174/1951/176 3182/1950/1477
f 3172/1939/1469 3164/1940/148 3174/1951/176
f 3174/1942/176 3183/1952/1485 3184/1953/1486
f 3174/1942/176 3173/1941/1476 3183/1952/1485
f 3173/1941/1476 3185/1954/1484 3183/1952/1485
f 3173/1941/1476 3175/1943/1475 3185/1954/1484
f 3175/1943/1475 3186/1955/1483 3185/1954/1484
f 3175/1943/1475 3176/1944/1474 3186/1955/1483
f 3176/1944/1474 3187/1956/1481 3186/1955/1483
f 3176/1944/1474 3177/1945/1473 3187/1956/1481
f 3177/1945/1473 3188/1957/1482 3187/1956/1481
f 3177/1945/1473 3178/1946/170 3188/1957/1482
f 3178/1946/170 3189/1958/1490 3188/1957/1482
f 3178/1946/170 3179/1947/1480 3189/1958/1490
f 3179/1947/1480 3190/1959/1489 3189/1958/1490
f 3179/1947/1480 3180/1948/1479 3190/1959/1489
f 3180/1948/1479 3191/1960/1488 3190/1959/1489
f 3180/1948/1479 3181/1949/1478 3191/1960/1488
f 3181/1949/1478 3192/1961/1487 3191/1960/1488
f 3181/1949/1478 3182/1950/1477 3192/1961/1487
f 3182/1950/1477 3184/1962/1486 3192/1961/1487
f 3182/1950/1477 3174/1951/176 3184/1962/1486
f 3184/1953/1486 2896/1272/1369 2893/842/1367
f 3184/1953/1486 3183/1952/1485 2896/1272/1369
f 3183/1952/1485 2898/1273/1371 2896/1272/1369
f 3183/1952/1485 3185/1954/1484 2898/1273/1371
f 3185/1954/1484 2900/1274/1373 2898/1273/1371
f 3185/1954/1484 3186/1955/1483 2900/1274/1373
f 3186/1955/1483 2902/1275/1375 2900/1274/1373
f 3186/1955/1483 3187/1956/1481 2902/1275/1375
f 3187/1956/1481 2904/848/1376 2902/1275/1375
f 3187/1956/1481 3188/1957/1482 2904/848/1376
f 3188/1957/1482 2906/1276/1378 2904/848/1376
f 3188/1957/1482 3189/1958/1490 2906/1276/1378
f 3189/1958/1490 2908/1277/1380 2906/1276/1378
f 3189/1958/1490 3190/1959/1489 2908/1277/1380
f 3190/1959/1489 2910/1278/1382 2908/1277/1380
f 3190/1959/1489 3191/1960/1488 2910/1278/1382
f 3191/1960/1488 2912/1279/1384 2910/1278/1382
f 3191/1960/1488 3192/1961/1487 2912/1279/1384
f 3192/1961/1487 2893/855/1367 2912/1279/1384
f 3192/1961/1487 3184/1962/1486 2893/855/1367
f 3193/1/1491 3194/1655/1492 3195/1656/1493
f 3193/1/1491 3196/858/1494 3194/1655/1492
f 3196/858/1494 3197/1657/1495 3194/1655/1492
f 3196/858/1494 3198/860/1496 3197/1657/1495
f 3198/860/1496 3199/1658/1497 3197/1657/1495
f 3198/860/1496 3200/862/1498 3199/1658/1497
f 3200/862/1498 3201/1659/1499 3199/1658/1497
f 3200/862/1498 3202/864/1500 3201/1659/1499
f 3202/864/1500 3203/1660/1501 3201/1659/1499
f 3202/864/1500 3204/16/1502 3203/1660/1501
f 3204/16/1502 3205/1661/1503 3203/1660/1501
f 3204/16/1502 3206/867/1504 3205/1661/1503
f 3206/867/1504 3207/1662/1505 3205/1661/1503
f 3206/867/1504 3208/869/1506 3207/1662/1505
f 3208/869/1506 3209/1663/1507 3207/1662/1505
f 3208/869/1506 3210/871/1508 3209/1663/1507
f 3210/871/1508 3211/1664/1509 3209/1663/1507
f 3210/871/1508 3212/873/1510 3211/1664/1509
f 3212/873/1510 3195/1665/1493 3211/1664/1509
f 3212/873/1510 3193/30/1491 3195/1665/1493
f 3195/1656/1493 3213/1666/1511 3214/1667/1512
f 3195/1656/1493 3194/1655/1492 3213/1666/1511
f 3194/1655/1492 3215/1668/1513 3213/1666/1511
f 3194/1655/1492 3197/1657/1495 3215/1668/1513
f 3197/1657/1495 3216/1669/1514 3215/1668/1513
f 3197/1657/1495 3199/1658/1497 3216/1669/1514
f 3199/1658/1497 3217/1670/1515 3216/1669/1514
f 3199/1658/1497 3201/1659/1499 3217/1670/1515
f 3201/1659/1499 3218/1671/1516 3217/1670/1515
f 3201/1659/1499 3203/1660/1501 3218/1671/1516
f 3203/1660/1501 3219/1672/1517 3218/1671/1516
f 3203/1660/1501 3205/1661/1503 3219/1672/1517
f 3205/1661/1503 3220/1673/1518 3219/1672/1517
f 3205/1661/1503 3207/1662/1505 3220/1673/1518
f 3207/1662/1505 3221/1674/1519 3220/1673/1518
f 3207/1662/1505 3209/1663/1507 3221/1674/1519
f 3209/1663/1507 3222/1675/1520 3221/1674/1519
f 3209/1663/1507 3211/1664/1509 3222/1675/1520
f 3211/1664/1509 3214/1676/1512 3222/1675/1520
f 3211/1664/1509 3195/1665/1493 3214/1676/1512
f 3214/1667/1512 3223/1677/1521 3224/1678/1522
f 3214/1667/1512 3213/1666/1511 3223/1677/1521
f 3213/1666/1511 3225/1679/1523 3223/1677/1521
f 3213/1666/1511 3215/1668/1513 3225/1679/1523
f 3215/1668/1513 3226/1680/1524 3225/1679/1523
f 3215/1668/1513 3216/1669/1514 3226/1680/1524
f 3216/1669/1514 3227/1681/1525 3226/1680/1524
f 3216/1669/1514 3217/1670/1515 3227/1681/1525
f 3217/1670/1515 3228/1682/1526 3227/1681/1525
f 3217/1670/1515 3218/1671/1516 3228/1682/1526
f 3218/1671/1516 3229/1683/1527 3228/1682/1526
f 3218/1671/1516 3219/1672/1517 3229/1683/1527
f 3219/1672/1517 3230/1684/1528 3229/1683/1527
f 3219/1672/1517 3220/1673/1518 3230/1684/1528
f 3220/1673/1518 3231/1685/1529 3230/1684/1528
f 3220/1673/1518 3221/1674/1519 3231/1685/1529
f 3221/1674/1519 3232/1686/1530 3231/1685/1529
f 3221/1674/1519 3222/1675/1520 3232/1686/1530
f 3222/1675/1520 3224/1687/1522 3232/1686/1530
f 3222/1675/1520 3214/1676/1512 3224/1687/1522
f 3224/1678/1522 3233/1688/1531 3234/1689/1532
f 3224/1678/1522 3223/1677/1521 3233/1688/1531
f 3223/1677/1521 3235/1690/1533 3233/1688/1531
f 3223/1677/1521 3225/1679/1523 3235/1690/1533
f 3225/1679/1523 3236/1691/1534 3235/1690/1533
f 3225/1679/1523 3226/1680/1524 3236/1691/1534
f 3226/1680/1524 3237/1692/1535 3236/1691/1534
f 3226/1680/1524 3227/1681/1525 3237/1692/1535
f 3227/1681/1525 3238/1693/1536 3237/1692/1535
f 3227/1681/1525 3228/1682/1526 3238/1693/1536
f 3228/1682/1526 3239/1694/1537 3238/1693/1536
f 3228/1682/1526 3229/1683/1527 3239/1694/1537
f 3229/1683/1527 3240/1695/1538 3239/1694/1537
f 3229/1683/1527 3230/1684/1528 3240/1695/1538
f 3230/1684/1528 3241/1696/1539 3240/1695/1538
f 3230/1684/1528 3231/1685/1529 3241/1696/1539
f 3231/1685/1529 3242/1697/1540 3241/1696/1539
f 3231/1685/1529 3232/1686/1530 3242/1697/1540
f 3232/1686/1530 3234/1698/1532 3242/1697/1540
f 3232/1686/1530 3224/1687/1522 3234/1698/1532
f 3234/1689/1532 3243/1699/1541 3244/1700/1542
f 3234/1689/1532 3233/1688/1531 3243/1699/1541
f 3233/1688/1531 3245/1701/1543 3243/1699/1541
f 3233/1688/1531 3235/1690/1533 3245/1701/1543
f 3235/1690/1533 3246/1702/1544 3245/1701/1543
f 3235/1690/1533 3236/1691/1534 3246/1702/1544
f 3236/1691/1534 3247/1703/1545 3246/1702/1544
f 3236/1691/1534 3237/1692/1535 3247/1703/1545
f 3237/1692/1535 3248/1704/1546 3247/1703/1545
f 3237/1692/1535 3238/1693/1536 3248/1704/1546
f 3238/1693/1536 3249/1705/1547 3248/1704/1546
f 3238/1693/1536 3239/1694/1537 3249/1705/1547
f 3239/1694/1537 3250/1706/1548 3249/1705/1547
f 3239/1694/1537 3240/1695/1538 3250/1706/1548
f 3240/1695/1538 3251/1707/1549 3250/1706/1548
f 3240/1695/1538 3241/1696/1539 3251/1707/1549
f 3241/1696/1539 3252/1708/1550 3251/1707/1549
f 3241/1696/1539 3242/1697/1540 3252/1708/1550
f 3242/1697/1540 3244/1709/1542 3252/1708/1550
f 3242/1697/1540 3234/1698/1532 3244/1709/1542
f 3244/1700/1542 3253/1710/1551 3254/1711/1552
f 3244/1700/1542 3243/1699/1541 3253/1710/1551
f 3243/1699/1541 3255/1712/1553 3253/1710/1551
f 3243/1699/1541 3245/1701/1543 3255/1712/1553
f 3245/1701/1543 3256/1713/1554 3255/1712/1553
f 3245/1701/1543 3246/1702/1544 3256/1713/1554
f 3246/1702/1544 3257/1714/1555 3256/1713/1554
f 3246/1702/1544 3247/1703/1545 3257/1714/1555
f 3247/1703/1545 3258/1715/1556 3257/1714/1555
f 3247/1703/1545 3248/1704/1546 3258/1715/1556
f 3248/1704/1546 3259/1716/1557 3258/1715/1556
f 3248/1704/1546 3249/1705/1547 3259/1716/1557
f 3249/1705/1547 3260/1717/1558 3259/1716/1557
f 3249/1705/1547 3250/1706/1548 3260/1717/1558
f 3250/1706/1548 3261/1718/1559 3260/1717/1558
f 3250/1706/1548 3251/1707/1549 3261/1718/1559
f 3251/1707/1549 3262/1719/1560 3261/1718/1559
f 3251/1707/1549 3252/1708/1550 3262/1719/1560
f 3252/1708/1550 3254/1720/1552 3262/1719/1560
f 3252/1708/1550 3244/1709/1542 3254/1720/1552
f 3254/1711/1552 3263/1721/1561 3264/1722/1
f 3254/1711/1552 3253/1710/1551 3263/1721/1561
f 3253/1710/1551 3265/1723/1562 3263/1721/1561
f 3253/1710/1551 3255/1712/1553 3265/1723/1562
f 3255/1712/1553 3266/1724/1563 3265/1723/1562
f 3255/1712/1553 3256/1713/1554 3266/1724/1563
f 3256/1713/1554 3267/1725/1564 3266/1724/1563
f 3256/1713/1554 3257/1714/1555 3267/1725/1564
f 3257/1714/1555 3268/1726/16 3267/1725/1564
f 3257/1714/1555 3258/1715/1556 3268/1726/16
f 3258/1715/1556 3269/1727/1565 3268/1726/16
f 3258/1715/1556 3259/1716/1557 3269/1727/1565
f 3259/1716/1557 3270/1728/1566 3269/1727/1565
f 3259/1716/1557 3260/1717/1558 3270/1728/1566
f 3260/1717/1558 3271/1729/1567 3270/1728/1566
f 3260/1717/1558 3261/1718/1559 3271/1729/1567
f 3261/1718/1559 3272/1730/1568 3271/1729/1567
f 3261/1718/1559 3262/1719/1560 3272/1730/1568
f 3262/1719/1560 3264/1731/1 3272/1730/1568
f 3262/1719/1560 3254/1720/1552 3264/1731/1
f 3264/1722/1 3273/1732/1569 3274/1733/1570
f 3264/1722/1 3263/1721/1561 3273/1732/1569
f 3263/1721/1561 3275/1734/1571 3273/1732/1569
f 3263/1721/1561 3265/1723/1562 3275/1734/1571
f 3265/1723/1562 3276/1735/1572 3275/1734/1571
f 3265/1723/1562 3266/1724/1563 3276/1735/1572
f 3266/1724/1563 3277/1736/1573 3276/1735/1572
f 3266/1724/1563 3267/1725/1564 3277/1736/1573
f 3267/1725/1564 3278/1737/1574 3277/1736/1573
f 3267/1725/1564 3268/1726/16 3278/1737/1574
f 3268/1726/16 3279/1738/1575 3278/1737/1574
f 3268/1726/16 3269/1727/1565 3279/1738/1575
f 3269/1727/1565 3280/1739/1576 3279/1738/1575
f 3269/1727/1565 3270/1728/1566 3280/1739/1576
f 3270/1728/1566 3281/1740/1577 3280/1739/1576
f 3270/1728/1566 3271/1729/1567 3281/1740/1577
f 3271/1729/1567 3282/1741/1578 3281/1740/1577
f 3271/1729/1567 3272/1730/1568 3282/1741/1578
f 3272/1730/1568 3274/1742/1570 3282/1741/1578
f 3272/1730/1568 3264/1731/1 3274/1742/1570
f 3274/1733/1570 3283/1743/1579 3284/1744/1580
f 3274/1733/1570 3273/1732/1569 3283/1743/1579
f 3273/1732/1569 3285/1745/1581 3283/1743/1579
f 3273/1732/1569 3275/1734/1571 3285/1745/1581
f 3275/1734/1571 3286/1746/1582 3285/1745/1581
f 3275/1734/1571 3276/1735/1572 3286/1746/1582
f 3276/1735/1572 3287/1747/1583 3286/1746/1582
f 3276/1735/1572 3277/1736/1573 3287/1747/1583
f 3277/1736/1573 3288/1748/1584 3287/1747/1583
f 3277/1736/1573 3278/1737/1574 3288/1748/1584
f 3278/1737/1574 3289/1749/1585 3288/1748/1584
f 3278/1737/1574 3279/1738/1575 3289/1749/1585
f 3279/1738/1575 3290/1750/1586 3289/1749/1585
f 3279/1738/1575 3280/1739/1576 3290/1750/1586
f 3280/1739/1576 3291/1751/1587 3290/1750/1586
f 3280/1739/1576 3281/1740/1577 3291/1751/1587
f 3281/1740/1577 3292/1752/1588 3291/1751/1587
f 3281/1740/1577 3282/1741/1578 3292/1752/1588
f 3282/1741/1578 3284/1753/1580 3292/1752/1588
f 3282/1741/1578 3274/1742/1570 3284/1753/1580
f 3284/1744/1580 3293/1754/1589 3294/1755/1590
f 3284/1744/1580 3283/1743/1579 3293/1754/1589
f 3283/1743/1579 3295/1756/1591 3293/1754/1589
f 3283/1743/1579 3285/1745/1581 3295/1756/1591
f 3285/1745/1581 3296/1757/1592 3295/1756/1591
f 3285/1745/1581 3286/1746/1582 3296/1757/1592
f 3286/1746/1582 3297/1758/1593 3296/1757/1592
f 3286/1746/1582 3287/1747/1583 3297/1758/1593
f 3287/1747/1583 3298/1759/1594 3297/1758/1593
f 3287/1747/1583 3288/1748/1584 3298/1759/1594
f 3288/1748/1584 3299/1760/1595 3298/1759/1594
f 3288/1748/1584 3289/1749/1585 3299/1760/1595
f 3289/1749/1585 3300/1761/1596 3299/1760/1595
f 3289/1749/1585 3290/1750/1586 3300/1761/1596
f 3290/1750/1586 3301/1762/1597 3300/1761/1596
f 3290/1750/1586 3291/1751/1587 3301/1762/1597
f 3291/1751/1587 3302/1763/1598 3301/1762/1597
f 3291/1751/1587 3292/1752/1588 3302/1763/1598
f 3292/1752/1588 3294/1764/1590 3302/1763/1598
f 3292/1752/1588 3284/1753/1580 3294/1764/1590
f 3294/1755/1590 3303/1765/1599 3304/1766/1600
f 3294/1755/1590 3293/1754/1589 3303/1765/1599
f 3293/1754/1589 3305/1767/1601 3303/1765/1599
f 3293/1754/1589 3295/1756/1591 3305/1767/1601
f 3295/1756/1591 3306/1768/1602 3305/1767/1601
f 3295/1756/1591 3296/1757/1592 3306/1768/1602
f 3296/1757/1592 3307/1769/1603 3306/1768/1602
f 3296/1757/1592 3297/1758/1593 3307/1769/1603
f 3297/1758/1593 3308/1770/1604 3307/1769/1603
f 3297/1758/1593 3298/1759/1594 3308/1770/1604
f 3298/1759/1594 3309/1771/1605 3308/1770/1604
f 3298/1759/1594 3299/1760/1595 3309/1771/1605
f 3299/1760/1595 3310/1772/1606 3309/1771/1605
f 3299/1760/1595 3300/1761/1596 3310/1772/1606
f 3300/1761/1596 3311/1773/1607 3310/1772/1606
f 3300/1761/1596 3301/1762/1597 3311/1773/1607
f 3301/1762/1597 3312/1774/1608 3311/1773/1607
f 3301/1762/1597 3302/1763/1598 3312/1774/1608
f 3302/1763/1598 3304/1775/1600 3312/1774/1608
f 3302/1763/1598 3294/1764/1590 3304/1775/1600
f 3304/1766/1600 3313/1776/1609 3314/1777/1610
f 3304/1766/1600 3303/1765/1599 3313/1776/1609
f 3303/1765/1599 3315/1778/1611 3313/1776/1609
f 3303/1765/1599 3305/1767/1601 3315/1778/1611
f 3305/1767/1601 3316/1779/1612 3315/1778/1611
f 3305/1767/1601 3306/1768/1602 3316/1779/1612
f 3306/1768/1602 3317/1780/1613 3316/1779/1612
f 3306/1768/1602 3307/1769/1603 3317/1780/1613
f 3307/1769/1603 3318/1781/1614 3317/1780/1613
f 3307/1769/1603 3308/1770/1604 3318/1781/1614
f 3308/1770/1604 3319/1782/1615 3318/1781/1614
f 3308/1770/1604 3309/1771/1605 3319/1782/1615
f 3309/1771/1605 3320/1783/1616 3319/1782/1615
f 3309/1771/1605 3310/1772/1606 3320/1783/1616
f 3310/1772/1606 3321/1784/1617 3320/1783/1616
f 3310/1772/1606 3311/1773/1607 3321/1784/1617
f 3311/1773/1607 3322/1785/1618 3321/1784/1617
f 3311/1773/1607 3312/1774/1608 3322/1785/1618
f 3312/1774/1608 3314/1786/1610 3322/1785/1618
f 3312/1774/1608 3304/1775/1600 3314/1786/1610
f 3314/1777/1610 3323/1787/1619 3324/1788/1620
f 3314/1777/1610 3313/1776/1609 3323/1787/1619
f 3313/1776/1609 3325/1789/1621 3323/1787/1619
f 3313/1776/1609 3315/1778/1611 3325/1789/1621
f 3315/1778/1611 3326/1790/1622 3325/1789/1621
f 3315/1778/1611 3316/1779/1612 3326/1790/1622
f 3316/1779/1612 3327/1791/1623 3326/1790/1622
f 3316/1779/1612 3317/1780/1613 3327/1791/1623
f 3317/1780/1613 3328/1792/1624 3327/1791/1623
f 3317/1780/1613 3318/1781/1614 3328/1792/1624
f 3318/1781/1614 3329/1793/1625 3328/1792/1624
f 3318/1781/1614 3319/1782/1615 3329/1793/1625
f 3319/1782/1615 3330/1794/1626 3329/1793/1625
f 3319/1782/1615 3320/1783/1616 3330/1794/1626
f 3320/1783/1616 3331/1795/1627 3330/1794/1626
f 3320/1783/1616 3321/1784/1617 3331/1795/1627
f 3321/1784/1617 3332/1796/1628 3331/1795/1627
f 3321/1784/1617 3322/1785/1618 3332/1796/1628
f 3322/1785/1618 3324/1797/1620 3332/1796/1628
f 3322/1785/1618 3314/1786/1610 3324/1797/1620
f 3324/1788/1620 3333/1798/1629 3334/1799/1630
f 3324/1788/1620 3323/1787/1619 3333/1798/1629
f 3323/1787/1619 3335/1800/1631 3333/1798/1629
f 3323/1787/1619 3325/1789/1621 3335/1800/1631
f 3325/1789/1621 3336/1801/1632 3335/1800/1631
f 3325/1789/1621 3326/1790/1622 3336/1801/1632
f 3326/1790/1622 3337/1802/1633 3336/1801/1632
f 3326/1790/1622 3327/1791/1623 3337/1802/1633
f 3327/1791/1623 3338/1803/1634 3337/1802/1633
f 3327/1791/1623 3328/1792/1624 3338/1803/1634
f 3328/1792/1624 3339/1804/1635 3338/1803/1634
f 3328/1792/1624 3329/1793/1625 3339/1804/1635
f 3329/1793/1625 3340/1805/1636 3339/1804/1635
f 3329/1793/1625 3330/1794/1626 3340/1805/1636
f 3330/1794/1626 3341/1806/1637 3340/1805/1636
f 3330/1794/1626 3331/1795/1627 3341/1806/1637
f 3331/1795/1627 3342/1807/1638 3341/1806/1637
f 3331/1795/1627 3332/1796/1628 3342/1807/1638
f 3332/1796/1628 3334/1808/1630 3342/1807/1638
f 3332/1796/1628 3324/1797/1620 3334/1808/1630
f 3334/1799/1630 3343/1064/1500 3344/422/1502
f 3334/1799/1630 3333/1798/1629 3343/1064/1500
f 3333/1798/1629 3345/1065/1498 3343/1064/1500
f 3333/1798/1629 3335/1800/1631 3345/1065/1498
f 3335/1800/1631 3346/1066/1496 3345/1065/1498
f 3335/1800/1631 3336/1801/1632 3346/1066/1496
f 3336/1801/1632 3347/1067/1494 3346/1066/1496
f 3336/1801/1632 3337/1802/1633 3347/1067/1494
f 3337/1802/1633 3348/428/1491 3347/1067/1494
f 3337/1802/1633 3338/1803/1634 3348/428/1491
f 3338/1803/1634 3349/1068/1510 3348/428/1491
f 3338/1803/1634 3339/1804/1635 3349/1068/1510
f 3339/1804/1635 3350/1069/1508 3349/1068/1510
f 3339/1804/1635 3340/1805/1636 3350/1069/1508
f 3340/1805/1636 3351/1070/1506 3350/1069/1508
f 3340/1805/1636 3341/1806/1637 3351/1070/1506
f 3341/1806/1637 3352/1071/1504 3351/1070/1506
f 3341/1806/1637 3342/1807/1638 3352/1071/1504
f 3342/1807/1638 3344/435/1502 3352/1071/1504
f 3342/1807/1638 3334/1808/1630 3344/435/1502
f 3344/422/1502 3353/1809/1499 3354/1810/1501
f 3344/422/1502 3343/1064/1500 3353/1809/1499
f 3343/1064/1500 3355/1811/1497 3353/1809/1499
f 3343/1064/1500 3345/1065/1498 3355/1811/1497
f 3345/1065/1498 3356/1812/1495 3355/1811/1497
f 3345/1065/1498 3346/1066/1496 3356/1812/1495
f 3346/1066/1496 3357/1813/1492 3356/1812/1495
f 3346/1066/1496 3347/1067/1494 3357/1813/1492
f 3347/1067/1494 3358/1814/1493 3357/1813/1492
f 3347/1067/1494 3348/428/1491 3358/1814/1493
f 3348/428/1491 3359/1815/1509 3358/1814/1493
f 3348/428/1491 3349/1068/1510 3359/1815/1509
f 3349/1068/1510 3360/1816/1507 3359/1815/1509
f 3349/1068/1510 3350/1069/1508 3360/1816/1507
f 3350/1069/1508 3361/1817/1505 3360/1816/1507
f 3350/1069/1508 3351/1070/1506 3361/1817/1505
f 3351/1070/1506 3362/1818/1503 3361/1817/1505
f 3351/1070/1506 3352/1071/1504 3362/1818/1503
f 3352/1071/1504 3354/1819/1501 3362/1818/1503
f 3352/1071/1504 3344/435/1502 3354/1819/1501
f 3354/1810/1501 3363/1820/1515 3364/1821/1516
f 3354/1810/1501 3353/1809/1499 3363/1820/1515
f 3353/1809/1499 3365/1822/1514 3363/1820/1515
f 3353/1809/1499 3355/1811/1497 3365/1822/1514
f 3355/1811/1497 3366/1823/1513 3365/1822/1514
f 3355/1811/1497 3356/1812/1495 3366/1823/1513
f 3356/1812/1495 3367/1824/1511 3366/1823/1513
f 3356/1812/1495 3357/1813/1492 3367/1824/1511
f 3357/1813/1492 3368/1825/1512 3367/1824/1511
f 3357/1813/1492 3358/1814/1493 3368/1825/1512
f 3358/1814/1493 3369/1826/1520 3368/1825/1512
f 3358/1814/1493 3359/1815/1509 3369/1826/1520
f 3359/1815/1509 3370/1827/1519 3369/1826/1520
f 3359/1815/1509 3360/1816/1507 3370/1827/1519
f 3360/1816/1507 3371/1828/1518 3370/1827/1519
f 3360/1816/1507 3361/1817/1505 3371/1828/1518
f 3361/1817/1505 3372/1829/1517 3371/1828/1518
f 3361/1817/1505 3362/1818/1503 3372/1829/1517
f 3362/1818/1503 3364/1830/1516 3372/1829/1517
f 3362/1818/1503 3354/1819/1501 3364/1830/1516
f 3364/1821/1516 3373/1831/1525 3374/1832/1526
f 3364/1821/1516 3363/1820/1515 3373/1831/1525
f 3363/1820/1515 3375/1833/1524 3373/1831/1525
f 3363/1820/1515 3365/1822/1514 3375/1833/1524
f 3365/1822/1514 3376/1834/1523 3375/1833/1524
f 3365/1822/1514 3366/1823/1513 3376/1834/1523
f 3366/1823/1513 3377/1835/1521 3376/1834/1523
f 3366/1823/1513 3367/1824/1511 3377/1835/1521
f 3367/1824/1511 3378/1836/1522 3377/1835/1521
f 3367/1824/1511 3368/1825/1512 3378/1836/1522
f 3368/1825/1512 3379/1837/1530 3378/1836/1522
f 3368/1825/1512 3369/1826/1520 3379/1837/1530
f 3369/1826/1520 3380/1838/1529 3379/1837/1530
f 3369/1826/1520 3370/1827/1519 3380/1838/1529
f 3370/1827/1519 3381/1839/1528 3380/1838/1529
f 3370/1827/1519 3371/1828/1518 3381/1839/1528
f 3371/1828/1518 3382/1840/1527 3381/1839/1528
f 3371/1828/1518 3372/1829/1517 3382/1840/1527
f 3372/1829/1517 3374/1841/1526 3382/1840/1527
f 3372/1829/1517 3364/1830/1516 3374/1841/1526
f 3374/1832/1526 3383/1842/1535 3384/1843/1536
f 3374/1832/1526 3373/1831/1525 3383/1842/1535
f 3373/1831/1525 3385/1844/1534 3383/1842/1535
f 3373/1831/1525 3375/1833/1524 3385/1844/1534
f 3375/1833/1524 3386/1845/1533 3385/1844/1534
f 3375/1833/1524 3376/1834/1523 3386/1845/1533
f 3376/1834/1523 3387/1846/1531 3386/1845/1533
f 3376/1834/1523 3377/1835/1521 3387/1846/1531
f 3377/1835/1521 3388/1847/1532 3387/1846/1531
f 3377/1835/1521 3378/1836/1522 3388/1847/1532
f 3378/1836/1522 3389/1848/1540 3388/1847/1532
f 3378/1836/1522 3379/1837/1530 3389/1848/1540
f 3379/1837/1530 3390/1849/1539 3389/1848/1540
f 3379/1837/1530 3380/1838/1529 3390/1849/1539
f 3380/1838/1529 3391/1850/1538 3390/1849/1539
f 3380/1838/1529 3381/1839/1528 3391/1850/1538
f 3381/1839/1528 3392/1851/1537 3391/1850/1538
f 3381/1839/1528 3382/1840/1527 3392/1851/1537
f 3382/1840/1527 3384/1852/1536 3392/1851/1537
f 3382/1840/1527 3374/1841/1526 3384/1852/1536
f 3384/1843/1536 3393/1853/1545 3394/1854/1546
f 3384/1843/1536 3383/1842/1535 3393/1853/1545
f 3383/1842/1535 3395/1855/1544 3393/1853/1545
f 3383/1842/1535 3385/1844/1534 3395/1855/1544
f 3385/1844/1534 3396/1856/1543 3395/1855/1544
f 3385/1844/1534 3386/1845/1533 3396/1856/1543
f 3386/1845/1533 3397/1857/1541 3396/1856/1543
f 3386/1845/1533 3387/1846/1531 3397/1857/1541
f 3387/1846/1531 3398/1858/1542 3397/1857/1541
f 3387/1846/1531 3388/1847/1532 3398/1858/1542
f 3388/1847/1532 3399/1859/1550 3398/1858/1542
f 3388/1847/1532 3389/1848/1540 3399/1859/1550
f 3389/1848/1540 3400/1860/1549 3399/1859/1550
f 3389/1848/1540 3390/1849/1539 3400/1860/1549
f 3390/1849/1539 3401/1861/1548 3400/1860/1549
f 3390/1849/1539 3391/1850/1538 3401/1861/1548
f 3391/1850/1538 3402/1862/1547 3401/1861/1548
f 3391/1850/1538 3392/1851/1537 3402/1862/1547
f 3392/1851/1537 3394/1863/1546 3402/1862/1547
f 3392/1851/1537 3384/1852/1536 3394/1863/1546
f 3394/1854/1546 3403/1864/1555 3404/1865/1556
f 3394/1854/1546 3393/1853/1545 3403/1864/1555
f 3393/1853/1545 3405/1866/1554 3403/1864/1555
f 3393/1853/1545 3395/1855/1544 3405/1866/1554
f 3395/1855/1544 3406/1867/1553 3405/1866/1554
f 3395/1855/1544 3396/1856/1543 3406/1867/1553
f 3396/1856/1543 3407/1868/1551 3406/1867/1553
f 3396/1856/1543 3397/1857/1541 3407/1868/1551
f 3397/1857/1541 3408/1869/1552 3407/1868/1551
f 3397/1857/1541 3398/1858/1542 3408/1869/1552
f 3398/1858/1542 3409/1870/1560 3408/1869/1552
f 3398/1858/1542 3399/1859/1550 3409/1870/1560
f 3399/1859/1550 3410/1871/1559 3409/1870/1560
f 3399/1859/1550 3400/1860/1549 3410/1871/1559
f 3400/1860/1549 3411/1872/1558 3410/1871/1559
f 3400/1860/1549 3401/1861/1548 3411/1872/1558
f 3401/1861/1548 3412/1873/1557 3411/1872/1558
f 3401/1861/1548 3402/1862/1547 3412/1873/1557
f 3402/1862/1547 3404/1874/1556 3412/1873/1557
f 3402/1862/1547 3394/1863/1546 3404/1874/1556
f 3404/1865/1556 3413/1875/1564 3414/1876/16
f 3404/1865/1556 3403/1864/1555 3413/1875/1564
f 3403/1864/1555 3415/1877/1563 3413/1875/1564
f 3403/1864/1555 3405/1866/1554 3415/1877/1563
f 3405/1866/1554 3416/1878/1562 3415/1877/1563
f 3405/1866/1554 3406/1867/1553 3416/1878/1562
f 3406/1867/1553 3417/1879/1561 3416/1878/1562
f 3406/1867/1553 3407/1868/1551 3417/1879/1561
f 3407/1868/1551 3418/1880/1 3417/1879/1561
f 3407/1868/1551 3408/1869/1552 3418/1880/1
f 3408/1869/1552 3419/1881/1568 3418/1880/1
f 3408/1869/1552 3409/1870/1560 3419/1881/1568
f 3409/1870/1560 3420/1882/1567 3419/1881/1568
f 3409/1870/1560 3410/1871/1559 3420/1882/1567
f 3410/1871/1559 3421/1883/1566 3420/1882/1567
f 3410/1871/1559 3411/1872/1558 3421/1883/1566
f 3411/1872/1558 3422/1884/1565 3421/1883/1566
f 3411/1872/1558 3412/1873/1557 3422/1884/1565
f 3412/1873/1557 3414/1885/16 3422/1884/1565
f 3412/1873/1557 3404/1874/1556 3414/1885/16
f 3414/1876/16 3423/1886/1573 3424/1887/1574
f 3414/1876/16 3413/1875/1564 3423/1886/1573
f 3413/1875/1564 3425/1888/1572 3423/1886/1573
f 3413/1875/1564 3415/1877/1563 3425/1888/1572
f 3415/1877/1563 3426/1889/1571 3425/1888/1572
f 3415/1877/1563 3416/1878/1562 3426/1889/1571
f 3416/1878/1562 3427/1890/1569 3426/1889/1571
f 3416/1878/1562 3417/1879/1561 3427/1890/1569
f 3417/1879/1561 3428/1891/1570 3427/1890/1569
f 3417/1879/1561 3418/1880/1 3428/1891/1570
f 3418/1880/1 3429/1892/1578 3428/1891/1570
f 3418/1880/1 3419/1881/1568 3429/1892/1578
f 3419/1881/1568 3430/1893/1577 3429/1892/1578
f 3419/1881/1568 3420/1882/1567 3430/1893/1577
f 3420/1882/1567 3431/1894/1576 3430/1893/1577
f 3420/1882/1567 3421/1883/1566 3431/1894/1576
f 3421/1883/1566 3432/1895/1575 3431/1894/1576
f 3421/1883/1566 3422/1884/1565 3432/1895/1575
f 3422/1884/1565 3424/1896/1574 3432/1895/1575
f 3422/1884/1565 3414/1885/16 3424/1896/1574
f 3424/1887/1574 3433/1897/1583 3434/1898/1584
f 3424/1887/1574 3423/1886/1573 3433/1897/1583
f 3423/1886/1573 3435/1899/1582 3433/1897/1583
f 3423/1886/1573 3425/1888/1572 3435/1899/1582
f 3425/1888/1572 3436/1900/1581 3435/1899/1582
f 3425/1888/1572 3426/1889/1571 3436/1900/1581
f 3426/1889/1571 3437/1901/1579 3436/1900/1581
f 3426/1889/1571 3427/1890/1569 3437/1901/1579
f 3427/1890/1569 3438/1902/1580 3437/1901/1579
f 3427/1890/1569 3428/1891/1570 3438/1902/1580
f 3428/1891/1570 3439/1903/1588 3438/1902/1580
f 3428/1891/1570 3429/1892/1578 3439/1903/1588
f 3429/1892/1578 3440/1904/1587 3439/1903/1588
f 3429/1892/1578 3430/1893/1577 3440/1904/1587
f 3430/1893/1577 3441/1905/1586 3440/1904/1587
f 3430/1893/1577 3431/1894/1576 3441/1905/1586
f 3431/1894/1576 3442/1906/1585 3441/1905/1586
f 3431/1894/1576 3432/1895/1575 3442/1906/1585
f 3432/1895/1575 3434/1907/1584 3442/1906/1585
f 3432/1895/1575 3424/1896/1574 3434/1907/1584
f 3434/1898/1584 3443/1908/1593 3444/1909/1594
f 3434/1898/1584 3433/1897/1583 3443/1908/1593
f 3433/1897/1583 3445/1910/1592 3443/1908/1593
f 3433/1897/1583 3435/1899/1582 3445/1910/1592
f 3435/1899/1582 3446/1911/1591 3445/1910/1592
f 3435/1899/1582 3436/1900/1581 3446/1911/1591
f 3436/1900/1581 3447/1912/1589 3446/1911/1591
f 3436/1900/1581 3437/1901/1579 3447/1912/1589
f 3437/1901/1579 3448/1913/1590 3447/1912/1589
f 3437/1901/1579 3438/1902/1580 3448/1913/1590
f 3438/1902/1580 3449/1914/1598 3448/1913/1590
f 3438/1902/1580 3439/1903/1588 3449/1914/1598
f 3439/1903/1588 3450/1915/1597 3449/1914/1598
f 3439/1903/1588 3440/1904/1587 3450/1915/1597
f 3440/1904/1587 3451/1916/1596 3450/1915/1597
f 3440/1904/1587 3441/1905/1586 3451/1916/1596
f 3441/1905/1586 3452/1917/1595 3451/1916/1596
f 3441/1905/1586 3442/1906/1585 3452/1917/1595
f 3442/1906/1585 3444/1918/1594 3452/1917/1595
f 3442/1906/1585 3434/1907/1584 3444/1918/1594
f 3444/1909/1594 3453/1919/1603 3454/1920/1604
f 3444/1909/1594 3443/1908/1593 3453/1919/1603
f 3443/1908/1593 3455/1921/1602 3453/1919/1603
f 3443/1908/1593 3445/1910/1592 3455/1921/1602
f 3445/1910/1592 3456/1922/1601 3455/1921/1602
f 3445/1910/1592 3446/1911/1591 3456/1922/1601
f 3446/1911/1591 3457/1923/1599 3456/1922/1601
f 3446/1911/1591 3447/1912/1589 3457/1923/1599
f 3447/1912/1589 3458/1924/1600 3457/1923/1599
f 3447/1912/1589 3448/1913/1590 3458/1924/1600
f 3448/1913/1590 3459/1925/1608 3458/1924/1600
f 3448/1913/1590 3449/1914/1598 3459/1925/1608
f 3449/1914/1598 3460/1926/1607 3459/1925/1608
f 3449/1914/1598 3450/1915/1597 3460/1926/1607
f 3450/1915/1597 3461/1927/1606 3460/1926/1607
f 3450/1915/1597 3451/1916/1596 3461/1927/1606
f 3451/1916/1596 3462/1928/1605 3461/1927/1606
f 3451/1916/1596 3452/1917/1595 3462/1928/1605
f 3452/1917/1595 3454/1929/1604 3462/1928/1605
f 3452/1917/1595 3444/1918/1594 3454/1929/1604
f 3454/1920/1604 3463/1930/1613 3464/1931/1614
f 3454/1920/1604 3453/1919/1603 3463/1930/1613
f 3453/1919/1603 3465/1932/1612 3463/1930/1613
f 3453/1919/1603 3455/1921/1602 3465/1932/1612
f 3455/1921/1602 3466/1933/1611 3465/1932/1612
f 3455/1921/1602 3456/1922/1601 3466/1933/1611
f 3456/1922/1601 3467/1934/1609 3466/1933/1611
f 3456/1922/1601 3457/1923/1599 3467/1934/1609
f 3457/1923/1599 3468/1935/1610 3467/1934/1609
f 3457/1923/1599 3458/1924/1600 3468/1935/1610
f 3458/1924/1600 3469/1936/1618 3468/1935/1610
f 3458/1924/1600 3459/1925/1608 3469/1936/1618
f 3459/1925/1608 3470/1937/1617 3469/1936/1618
f 3459/1925/1608 3460/1926/1607 3470/1937/1617
f 3460/1926/1607 3471/1938/1616 3470/1937/1617
f 3460/1926/1607 3461/1927/1606 3471/1938/1616
f 3461/1927/1606 3472/1939/1615 3471/1938/1616
f 3461/1927/1606 3462/1928/1605 3472/1939/1615
f 3462/1928/1605 3464/1940/1614 3472/1939/1615
f 3462/1928/1605 3454/1929/1604 3464/1940/1614
f 3464/1931/1614 3473/1941/1623 3474/1942/1624
f 3464/1931/1614 3463/1930/1613 3473/1941/1623
f 3463/1930/1613 3475/1943/1622 3473/1941/1623
f 3463/1930/1613 3465/1932/1612 3475/1943/1622
f 3465/1932/1612 3476/1944/1621 3475/1943/1622
f 3465/1932/1612 3466/1933/1611 3476/1944/1621
f 3466/1933/1611 3477/1945/1619 3476/1944/1621
f 3466/1933/1611 3467/1934/1609 3477/1945/1619
f 3467/1934/1609 3478/1946/1620 3477/1945/1619
f 3467/1934/1609 3468/1935/1610 3478/1946/1620
f 3468/1935/1610 3479/1947/1628 3478/1946/1620
f 3468/1935/1610 3469/1936/1618 3479/1947/1628
f 3469/1936/1618 3480/1948/1627 3479/1947/1628
f 3469/1936/1618 3470/1937/1617 3480/1948/1627
f 3470/1937/1617 3481/1949/1626 3480/1948/1627
f 3470/1937/1617 3471/1938/1616 3481/1949/1626
f 3471/1938/1616 3482/1950/1625 3481/1949/1626
f 3471/1938/1616 3472/1939/1615 3482/1950/1625
f 3472/1939/1615 3474/1951/1624 3482/1950/1625
f 3472/1939/1615 3464/1940/1614 3474/1951/1624
f 3474/1942/1624 3483/1952/1633 3484/1953/1634
f 3474/1942/1624 3473/1941/1623 3483/1952/1633
f 3473/1941/1623 3485/1954/1632 3483/1952/1633
f 3473/1941/1623 3475/1943/1622 3485/1954/1632
f 3475/1943/1622 3486/1955/1631 3485/1954/1632
f 3475/1943/1622 3476/1944/1621 3486/1955/1631
f 3476/1944/1621 3487/1956/1629 3486/1955/1631
f 3476/1944/1621 3477/1945/1619 3487/1956/1629
f 3477/1945/1619 3488/1957/1630 3487/1956/1629
f 3477/1945/1619 3478/1946/1620 3488/1957/1630
f 3478/1946/1620 3489/1958/1638 3488/1957/1630
f 3478/1946/1620 3479/1947/1628 3489/1958/1638
f 3479/1947/1628 3490/1959/1637 3489/1958/1638
f 3479/1947/1628 3480/1948/1627 3490/1959/1637
f 3480/1948/1627 3491/1960/1636 3490/1959/1637
f 3480/1948/1627 3481/1949/1626 3491/1960/1636
f 3481/1949/1626 3492/1961/1635 3491/1960/1636
f 3481/1949/1626 3482/1950/1625 3492/1961/1635
f 3482/1950/1625 3484/1962/1634 3492/1961/1635
f 3482/1950/1625 3474/1951/1624 3484/1962/1634
f 3484/1953/1634 3196/1272/1494 3193/842/1491
f 3484/1953/1634 3483/1952/1633 3196/1272/1494
f 3483/1952/1633 3198/1273/1496 3196/1272/1494
f 3483/1952/1633 3485/1954/1632 3198/1273/1496
f 3485/1954/1632 3200/1274/1498 3198/1273/1496
f 3485/1954/1632 3486/1955/1631 3200/1274/1498
f 3486/1955/1631 3202/1275/1500 3200/1274/1498
f 3486/1955/1631 3487/1956/1629 3202/1275/1500
f 3487/1956/1629 3204/848/1502 3202/1275/1500
f 3487/1956/1629 3488/1957/1630 3204/848/1502
f 3488/1957/1630 3206/1276/1504 3204/848/1502
f 3488/1957/1630 3489/1958/1638 3206/1276/1504
f 3489/1958/1638 3208/1277/1506 3206/1276/1504
f 3489/1958/1638 3490/1959/1637 3208/1277/1506
f 3490/1959/1637 3210/1278/1508 3208/1277/1506
f 3490/1959/1637 3491/1960/1636 3210/1278/1508
f 3491/1960/1636 3212/1279/1510 3210/1278/1508
f 3491/1960/1636 3492/1961/1635 3212/1279/1510
f 3492/1961/1635 3193/855/1491 3212/1279/1510
f 3492/1961/1635 3484/1962/1634 3193/855/1491
f 3493/1/1367 3494/1655/1368 3495/1656/232
f 3493/1/1367 3496/858/1369 3494/1655/1368
f 3496/858/1369 3497/1657/1370 3494/1655/1368
f 3496/858/1369 3498/860/1371 3497/1657/1370
f 3498/860/1371 3499/1658/1372 3497/1657/1370
f 3498/860/1371 3500/862/1373 3499/1658/1372
f 3500/862/1373 3501/1659/1374 3499/1658/1372
f 3500/862/1373 3502/864/1375 3501/1659/1374
f 3502/864/1375 3503/1660/226 3501/1659/1374
f 3502/864/1375 3504/16/1376 3503/1660/226
f 3504/16/1376 3505/1661/1377 3503/1660/226
f 3504/16/1376 3506/867/1378 3505/1661/1377
f 3506/867/1378 3507/1662/1379 3505/1661/1377
f 3506/867/1378 3508/869/1380 3507/1662/1379
f 3508/869/1380 3509/1663/1381 3507/1662/1379
f 3508/869/1380 3510/871/1382 3509/1663/1381
f 3510/871/1382 3511/1664/1383 3509/1663/1381
f 3510/871/1382 3512/873/1384 3511/1664/1383
f 3512/873/1384 3495/1665/232 3511/1664/1383
f 3512/873/1384 3493/30/1367 3495/1665/232
f 3495/1656/232 3513/1666/1385 3514/1667/260
f 3495/1656/232 3494/1655/1368 3513/1666/1385
f 3494/1655/1368 3515/1668/1386 3513/1666/1385
f 3494/1655/1368 3497/1657/1370 3515/1668/1386
f 3497/1657/1370 3516/1669/1387 3515/1668/1386
f 3497/1657/1370 3499/1658/1372 3516/1669/1387
f 3499/1658/1372 3517/1670/1388 3516/1669/1387
f 3499/1658/1372 3501/1659/1374 3517/1670/1388
f 3501/1659/1374 3518/1671/254 3517/1670/1388
f 3501/1659/1374 3503/1660/226 3518/1671/254
f 3503/1660/226 3519/1672/1389 3518/1671/254
f 3503/1660/226 3505/1661/1377 3519/1672/1389
f 3505/1661/1377 3520/1673/1390 3519/1672/1389
f 3505/1661/1377 3507/1662/1379 3520/1673/1390
f 3507/1662/1379 3521/1674/1391 3520/1673/1390
f 3507/1662/1379 3509/1663/1381 3521/1674/1391
f 3509/1663/1381 3522/1675/1392 3521/1674/1391
f 3509/1663/1381 3511/1664/1383 3522/1675/1392
f 3511/1664/1383 3514/1676/260 3522/1675/1392
f 3511/1664/1383 3495/1665/232 3514/1676/260
f 3514/1667/260 3523/1677/1393 3524/1678/288
f 3514/1667/260 3513/1666/1385 3523/1677/1393
f 3513/1666/1385 3525/1679/1394 3523/1677/1393
f 3513/1666/1385 3515/1668/1386 3525/1679/1394
f 3515/1668/1386 3526/1680/1395 3525/1679/1394
f 3515/1668/1386 3516/1669/1387 3526/1680/1395
f 3516/1669/1387 3527/1681/1396 3526/1680/1395
f 3516/1669/1387 3517/1670/1388 3527/1681/1396
f 3517/1670/1388 3528/1682/282 3527/1681/1396
f 3517/1670/1388 3518/1671/254 3528/1682/282
f 3518/1671/254 3529/1683/1397 3528/1682/282
f 3518/1671/254 3519/1672/1389 3529/1683/1397
f 3519/1672/1389 3530/1684/1398 3529/1683/1397
f 3519/1672/1389 3520/1673/1390 3530/1684/1398
f 3520/1673/1390 3531/1685/1399 3530/1684/1398
f 3520/1673/1390 3521/1674/1391 3531/1685/1399
f 3521/1674/1391 3532/1686/1400 3531/1685/1399
f 3521/1674/1391 3522/1675/1392 3532/1686/1400
f 3522/1675/1392 3524/1687/288 3532/1686/1400
f 3522/1675/1392 3514/1676/260 3524/1687/288
f 3524/1678/288 3533/1688/1401 3534/1689/316
f 3524/1678/288 3523/1677/1393 3533/1688/1401
f 3523/1677/1393 3535/1690/1402 3533/1688/1401
f 3523/1677/1393 3525/1679/1394 3535/1690/1402
f 3525/1679/1394 3536/1691/1403 3535/1690/1402
f 3525/1679/1394 3526/1680/1395 3536/1691/1403
f 3526/1680/1395 3537/1692/1404 3536/1691/1403
f 3526/1680/1395 3527/1681/1396 3537/1692/1404
f 3527/1681/1396 3538/1693/310 3537/1692/1404
f 3527/1681/1396 3528/1682/282 3538/1693/310
f 3528/1682/282 3539/1694/1405 3538/1693/310
f 3528/1682/282 3529/1683/1397 3539/1694/1405
f 3529/1683/1397 3540/1695/1406 3539/1694/1405
f 3529/1683/1397 3530/1684/1398 3540/1695/1406
f 3530/1684/1398 3541/1696/1407 3540/1695/1406
f 3530/1684/1398 3531/1685/1399 3541/1696/1407
f 3531/1685/1399 3542/1697/1408 3541/1696/1407
f 3531/1685/1399 3532/1686/1400 3542/1697/1408
f 3532/1686/1400 3534/1698/316 3542/1697/1408
f 3532/1686/1400 3524/1687/288 3534/1698/316
f 3534/1689/316 3543/1699/1409 3544/1700/344
f 3534/1689/316 3533/1688/1401 3543/1699/1409
f 3533/1688/1401 3545/1701/1410 3543/1699/1409
f 3533/1688/1401 3535/1690/1402 3545/1701/1410
f 3535/1690/1402 3546/1702/1411 3545/1701/1410
f 3535/1690/1402 3536/1691/1403 3546/1702/1411
f 3536/1691/1403 3547/1703/1412 3546/1702/1411
f 3536/1691/1403 3537/1692/1404 3547/1703/1412
f 3537/1692/1404 3548/1704/338 3547/1703/1412
f 3537/1692/1404 3538/1693/310 3548/1704/338
f 3538/1693/310 3549/1705/1413 3548/1704/338
f 3538/1693/310 3539/1694/1405 3549/1705/1413
f 3539/1694/1405 3550/1706/1414 3549/1705/1413
f 3539/1694/1405 3540/1695/1406 3550/1706/1414
f 3540/1695/1406 3551/1707/1415 3550/1706/1414
f 3540/1695/1406 3541/1696/1407 3551/1707/1415
f 3541/1696/1407 3552/1708/1416 3551/1707/1415
f 3541/1696/1407 3542/1697/1408 3552/1708/1416
f 3542/1697/1408 3544/1709/344 3552/1708/1416
f 3542/1697/1408 3534/1698/316 3544/1709/344
f 3544/1700/344 3553/1710/1417 3554/1711/372
f 3544/1700/344 3543/1699/1409 3553/1710/1417
f 3543/1699/1409 3555/1712/1418 3553/1710/1417
f 3543/1699/1409 3545/1701/1410 3555/1712/1418
f 3545/1701/1410 3556/1713/1419 3555/1712/1418
f 3545/1701/1410 3546/1702/1411 3556/1713/1419
f 3546/1702/1411 3557/1714/1420 3556/1713/1419
f 3546/1702/1411 3547/1703/1412 3557/1714/1420
f 3547/1703/1412 3558/1715/366 3557/1714/1420
f 3547/1703/1412 3548/1704/338 3558/1715/366
f 3548/1704/338 3559/1716/1421 3558/1715/366
f 3548/1704/338 3549/1705/1413 3559/1716/1421
f 3549/1705/1413 3560/1717/1422 3559/1716/1421
f 3549/1705/1413 3550/1706/1414 3560/1717/1422
f 3550/1706/1414 3561/1718/1423 3560/1717/1422
f 3550/1706/1414 3551/1707/1415 3561/1718/1423
f 3551/1707/1415 3562/1719/1424 3561/1718/1423
f 3551/1707/1415 3552/1708/1416 3562/1719/1424
f 3552/1708/1416 3554/1720/372 3562/1719/1424
f 3552/1708/1416 3544/1709/344 3554/1720/372
f 3554/1711/372 3563/1721/1425 3564/1722/1
f 3554/1711/372 3553/1710/1417 3563/1721/1425
f 3553/1710/1417 3565/1723/1426 3563/1721/1425
f 3553/1710/1417 3555/1712/1418 3565/1723/1426
f 3555/1712/1418 3566/1724/1427 3565/1723/1426
f 3555/1712/1418 3556/1713/1419 3566/1724/1427
f 3556/1713/1419 3567/1725/1428 3566/1724/1427
f 3556/1713/1419 3557/1714/1420 3567/1725/1428
f 3557/1714/1420 3568/1726/16 3567/1725/1428
f 3557/1714/1420 3558/1715/366 3568/1726/16
f 3558/1715/366 3569/1727/1429 3568/1726/16
f 3558/1715/366 3559/1716/1421 3569/1727/1429
f 3559/1716/1421 3570/1728/1430 3569/1727/1429
f 3559/1716/1421 3560/1717/1422 3570/1728/1430
f 3560/1717/1422 3571/1729/1431 3570/1728/1430
f 3560/1717/1422 3561/1718/1423 3571/1729/1431
f 3561/1718/1423 3572/1730/1432 3571/1729/1431
f 3561/1718/1423 3562/1719/1424 3572/1730/1432
f 3562/1719/1424 3564/1731/1 3572/1730/1432
f 3562/1719/1424 3554/1720/372 3564/1731/1
f 3564/1722/1 3573/1732/1433 3574/1733/30
f 3564/1722/1 3563/1721/1425 3573/1732/1433
f 3563/1721/1425 3575/1734/1434 3573/1732/1433
f 3563/1721/1425 3565/1723/1426 3575/1734/1434
f 3565/1723/1426 3576/1735/1435 3575/1734/1434
f 3565/1723/1426 3566/1724/1427 3576/1735/1435
f 3566/1724/1427 3577/1736/1436 3576/1735/1435
f 3566/1724/1427 3567/1725/1428 3577/1736/1436
f 3567/1725/1428 3578/1737/36 3577/1736/1436
f 3567/1725/1428 3568/1726/16 3578/1737/36
f 3568/1726/16 3579/1738/1437 3578/1737/36
f 3568/1726/16 3569/1727/1429 3579/1738/1437
f 3569/1727/1429 3580/1739/1438 3579/1738/1437
f 3569/1727/1429 3570/1728/1430 3580/1739/1438
f 3570/1728/1430 3581/1740/1439 3580/1739/1438
f 3570/1728/1430 3571/1729/1431 3581/1740/1439
f 3571/1729/1431 3582/1741/1440 3581/1740/1439
f 3571/1729/1431 3572/1730/1432 3582/1741/1440
f 3572/1730/1432 3574/1742/30 3582/1741/1440
f 3572/1730/1432 3564/1731/1 3574/1742/30
f 3574/1733/30 3583/1743/1441 3584/1744/58
f 3574/1733/30 3573/1732/1433 3583/1743/1441
f 3573/1732/1433 3585/1745/1442 3583/1743/1441
f 3573/1732/1433 3575/1734/1434 3585/1745/1442
f 3575/1734/1434 3586/1746/1443 3585/1745/1442
f 3575/1734/1434 3576/1735/1435 3586/1746/1443
f 3576/1735/1435 3587/1747/1444 3586/1746/1443
f 3576/1735/1435 3577/1736/1436 3587/1747/1444
f 3577/1736/1436 3588/1748/64 3587/1747/1444
f 3577/1736/1436 3578/1737/36 3588/1748/64
f 3578/1737/36 3589/1749/1445 3588/1748/64
f 3578/1737/36 3579/1738/1437 3589/1749/1445
f 3579/1738/1437 3590/1750/1446 3589/1749/1445
f 3579/1738/1437 3580/1739/1438 3590/1750/1446
f 3580/1739/1438 3591/1751/1447 3590/1750/1446
f 3580/1739/1438 3581/1740/1439 3591/1751/1447
f 3581/1740/1439 3592/1752/1448 3591/1751/1447
f 3581/1740/1439 3582/1741/1440 3592/1752/1448
f 3582/1741/1440 3584/1753/58 3592/1752/1448
f 3582/1741/1440 3574/1742/30 3584/1753/58
f 3584/1744/58 3593/1754/1449 3594/1755/86
f 3584/1744/58 3583/1743/1441 3593/1754/1449
f 3583/1743/1441 3595/1756/1450 3593/1754/1449
f 3583/1743/1441 3585/1745/1442 3595/1756/1450
f 3585/1745/1442 3596/1757/1451 3595/1756/1450
f 3585/1745/1442 3586/1746/1443 3596/1757/1451
f 3586/1746/1443 3597/1758/1452 3596/1757/1451
f 3586/1746/1443 3587/1747/1444 3597/1758/1452
f 3587/1747/1444 3598/1759/92 3597/1758/1452
f 3587/1747/1444 3588/1748/64 3598/1759/92
f 3588/1748/64 3599/1760/1453 3598/1759/92
f 3588/1748/64 3589/1749/1445 3599/1760/1453
f 3589/1749/1445 3600/1761/1454 3599/1760/1453
f 3589/1749/1445 3590/1750/1446 3600/1761/1454
f 3590/1750/1446 3601/1762/1455 3600/1761/1454
f 3590/1750/1446 3591/1751/1447 3601/1762/1455
f 3591/1751/1447 3602/1763/1456 3601/1762/1455
f 3591/1751/1447 3592/1752/1448 3602/1763/1456
f 3592/1752/1448 3594/1764/86 3602/1763/1456
f 3592/1752/1448 3584/1753/58 3594/1764/86
f 3594/1755/86 3603/1765/1457 3604/1766/114
f 3594/1755/86 3593/1754/1449 3603/1765/1457
f 3593/1754/1449 3605/1767/1458 3603/1765/1457
f 3593/1754/1449 3595/1756/1450 3605/1767/1458
f 3595/1756/1450 3606/1768/1459 3605/1767/1458
f 3595/1756/1450 3596/1757/1451 3606/1768/1459
f 3596/1757/1451 3607/1769/1460 3606/1768/1459
f 3596/1757/1451 3597/1758/1452 3607/1769/1460
f 3597/1758/1452 3608/1770/120 3607/1769/1460
f 3597/1758/1452 3598/1759/92 3608/1770/120
f 3598/1759/92 3609/1771/1461 3608/1770/120
f 3598/1759/92 3599/1760/1453 3609/1771/1461
f 3599/1760/1453 3610/1772/1462 3609/1771/1461
f 3599/1760/1453 3600/1761/1454 3610/1772/1462
f 3600/1761/1454 3611/1773/1463 3610/1772/1462
f 3600/1761/1454 3601/1762/1455 3611/1773/1463
f 3601/1762/1455 3612/1774/1464 3611/1773/1463
f 3601/1762/1455 3602/1763/1456 3612/1774/1464
f 3602/1763/1456 3604/1775/114 3612/1774/1464
f 3602/1763/1456 3594/1764/86 3604/1775/114
f 3604/1766/114 3613/1776/1465 3614/1777/142
f 3604/1766/114 3603/1765/1457 3613/1776/1465
f 3603/1765/1457 3615/1778/1466 3613/1776/1465
f 3603/1765/1457 3605/1767/1458 3615/1778/1466
f 3605/1767/1458 3616/1779/1467 3615/1778/1466
f 3605/1767/1458 3606/1768/1459 3616/1779/1467
f 3606/1768/1459 3617/1780/1468 3616/1779/1467
f 3606/1768/1459 3607/1769/1460 3617/1780/1468
f 3607/1769/1460 3618/1781/148 3617/1780/1468
f 3607/1769/1460 3608/1770/120 3618/1781/148
f 3608/1770/120 3619/1782/1469 3618/1781/148
f 3608/1770/120 3609/1771/1461 3619/1782/1469
f 3609/1771/1461 3620/1783/1470 3619/1782/1469
f 3609/1771/1461 3610/1772/1462 3620/1783/1470
f 3610/1772/1462 3621/1784/1471 3620/1783/1470
f 3610/1772/1462 3611/1773/1463 3621/1784/1471
f 3611/1773/1463 3622/1785/1472 3621/1784/1471
f 3611/1773/1463 3612/1774/1464 3622/1785/1472
f 3612/1774/1464 3614/1786/142 3622/1785/1472
f 3612/1774/1464 3604/1775/114 3614/1786/142
f 3614/1777/142 3623/1787/1473 3624/1788/170
f 3614/1777/142 3613/1776/1465 3623/1787/1473
f 3613/1776/1465 3625/1789/1474 3623/1787/1473
f 3613/1776/1465 3615/1778/1466 3625/1789/1474
f 3615/1778/1466 3626/1790/1475 3625/1789/1474
f 3615/1778/1466 3616/1779/1467 3626/1790/1475
f 3616/1779/1467 3627/1791/1476 3626/1790/1475
f 3616/1779/1467 3617/1780/1468 3627/1791/1476
f 3617/1780/1468 3628/1792/176 3627/1791/1476
f 3617/1780/1468 3618/1781/148 3628/1792/176
f 3618/1781/148 3629/1793/1477 3628/1792/176
f 3618/1781/148 3619/1782/1469 3629/1793/1477
f 3619/1782/1469 3630/1794/1478 3629/1793/1477
f 3619/1782/1469 3620/1783/1470 3630/1794/1478
f 3620/1783/1470 3631/1795/1479 3630/1794/1478
f 3620/1783/1470 3621/1784/1471 3631/1795/1479
f 3621/1784/1471 3632/1796/1480 3631/1795/1479
f 3621/1784/1471 3622/1785/1472 3632/1796/1480
f 3622/1785/1472 3624/1797/170 3632/1796/1480
f 3622/1785/1472 3614/1786/142 3624/1797/170
f 3624/1788/170 3633/1798/1481 3634/1799/1482
f 3624/1788/170 3623/1787/1473 3633/1798/1481
f 3623/1787/1473 3635/1800/1483 3633/1798/1481
f 3623/1787/1473 3625/1789/1474 3635/1800/1483
f 3625/1789/1474 3636/1801/1484 3635/1800/1483
f 3625/1789/1474 3626/1790/1475 3636/1801/1484
f 3626/1790/1475 3637/1802/1485 3636/1801/1484
f 3626/1790/1475 3627/1791/1476 3637/1802/1485
f 3627/1791/1476 3638/1803/1486 3637/1802/1485
f 3627/1791/1476 3628/1792/176 3638/1803/1486
f 3628/1792/176 3639/1804/1487 3638/1803/1486
f 3628/1792/176 3629/1793/1477 3639/1804/1487
f 3629/1793/1477 3640/1805/1488 3639/1804/1487
f 3629/1793/1477 3630/1794/1478 3640/1805/1488
f 3630/1794/1478 3641/1806/1489 3640/1805/1488
f 3630/1794/1478 3631/1795/1479 3641/1806/1489
f 3631/1795/1479 3642/1807/1490 3641/1806/1489
f 3631/1795/1479 3632/1796/1480 3642/1807/1490
f 3632/1796/1480 3634/1808/1482 3642/1807/1490
f 3632/1796/1480 3624/1797/170 3634/1808/1482
f 3634/1799/1482 3643/1064/1375 3644/422/1376
f 3634/1799/1482 3633/1798/1481 3643/1064/1375
f 3633/1798/1481 3645/1065/1373 3643/1064/1375
f 3633/1798/1481 3635/1800/1483 3645/1065/1373
f 3635/1800/1483 3646/1066/1371 3645/1065/1373
f 3635/1800/1483 3636/1801/1484 3646/1066/1371
f 3636/1801/1484 3647/1067/1369 3646/1066/1371
f 3636/1801/1484 3637/1802/1485 3647/1067/1369
f 3637/1802/1485 3648/428/1367 3647/1067/1369
f 3637/1802/1485 3638/1803/1486 3648/428/1367
f 3638/1803/1486 3649/1068/1384 3648/428/1367
f 3638/1803/1486 3639/1804/1487 3649/1068/1384
f 3639/1804/1487 3650/1069/1382 3649/1068/1384
f 3639/1804/1487 3640/1805/1488 3650/1069/1382
f 3640/1805/1488 3651/1070/1380 3650/1069/1382
f 3640/1805/1488 3641/1806/1489 3651/1070/1380
f 3641/1806/1489 3652/1071/1378 3651/1070/1380
f 3641/1806/1489 3642/1807/1490 3652/1071/1378
f 3642/1807/1490 3644/435/1376 3652/1071/1378
f 3642/1807/1490 3634/1808/1482 3644/435/1376
f 3644/422/1376 3653/1809/1374 3654/1810/226
f 3644/422/1376 3643/1064/1375 3653/1809/1374
f 3643/1064/1375 3655/1811/1372 3653/1809/1374
f 3643/1064/1375 3645/1065/1373 3655/1811/1372
f 3645/1065/1373 3656/1812/1370 3655/1811/1372
f 3645/1065/1373 3646/1066/1371 3656/1812/1370
f 3646/1066/1371 3657/1813/1368 3656/1812/1370
f 3646/1066/1371 3647/1067/1369 3657/1813/1368
f 3647/1067/1369 3658/1814/232 3657/1813/1368
f 3647/1067/1369 3648/428/1367 3658/1814/232
f 3648/428/1367 3659/1815/1383 3658/1814/232
f 3648/428/1367 3649/1068/1384 3659/1815/1383
f 3649/1068/1384 3660/1816/1381 3659/1815/1383
f 3649/1068/1384 3650/1069/1382 3660/1816/1381
f 3650/1069/1382 3661/1817/1379 3660/1816/1381
f 3650/1069/1382 3651/1070/1380 3661/1817/1379
f 3651/1070/1380 3662/1818/1377 3661/1817/1379
f 3651/1070/1380 3652/1071/1378 3662/1818/1377
f 3652/1071/1378 3654/1819/226 3662/1818/1377
f 3652/1071/1378 3644/435/1376 3654/1819/226
f 3654/1810/226 3663/1820/1388 3664/1821/254
f 3654/1810/226 3653/1809/1374 3663/1820/1388
f 3653/1809/1374 3665/1822/1387 3663/1820/1388
f 3653/1809/1374 3655/1811/1372 3665/1822/1387
f 3655/1811/1372 3666/1823/1386 3665/1822/1387
f 3655/1811/1372 3656/1812/1370 3666/1823/1386
f 3656/1812/1370 3667/1824/1385 3666/1823/1386
f 3656/1812/1370 3657/1813/1368 3667/1824/1385
f 3657/1813/1368 3668/1825/260 3667/1824/1385
f 3657/1813/1368 3658/1814/232 3668/1825/260
f 3658/1814/232 3669/1826/1392 3668/1825/260
f 3658/1814/232 3659/1815/1383 3669/1826/1392
f 3659/1815/1383 3670/1827/1391 3669/1826/1392
f 3659/1815/1383 3660/1816/1381 3670/1827/1391
f 3660/1816/1381 3671/1828/1390 3670/1827/1391
f 3660/1816/1381 3661/1817/1379 3671/1828/1390
f 3661/1817/1379 3672/1829/1389 3671/1828/1390
f 3661/1817/1379 3662/1818/1377 3672/1829/1389
f 3662/1818/1377 3664/1830/254 3672/1829/1389
f 3662/1818/1377 3654/1819/226 3664/1830/254
f 3664/1821/254 3673/1831/1396 3674/1832/282
f 3664/1821/254 3663/1820/1388 3673/1831/1396
f 3663/1820/1388 3675/1833/1395 3673/1831/1396
f 3663/1820/1388 3665/1822/1387 3675/1833/1395
f 3665/1822/1387 3676/1834/1394 3675/1833/1395
f 3665/1822/1387 3666/1823/1386 3676/1834/1394
f 3666/1823/1386 3677/1835/1393 3676/1834/1394
f 3666/1823/1386 3667/1824/1385 3677/1835/1393
f 3667/1824/1385 3678/1836/288 3677/1835/1393
f 3667/1824/1385 3668/1825/260 3678/1836/288
f 3668/1825/260 3679/1837/1400 3678/1836/288
f 3668/1825/260 3669/1826/1392 3679/1837/1400
f 3669/1826/1392 3680/1838/1399 3679/1837/1400
f 3669/1826/1392 3670/1827/1391 3680/1838/1399
f 3670/1827/1391 3681/1839/1398 3680/1838/1399
f 3670/1827/1391 3671/1828/1390 3681/1839/1398
f 3671/1828/1390 3682/1840/1397 3681/1839/1398
f 3671/1828/1390 3672/1829/1389 3682/1840/1397
f 3672/1829/1389 3674/1841/282 3682/1840/1397
f 3672/1829/1389 3664/1830/254 3674/1841/282
f 3674/1832/282 3683/1842/1404 3684/1843/310
f 3674/1832/282 3673/1831/1396 3683/1842/1404
f 3673/1831/1396 3685/1844/1403 3683/1842/1404
f 3673/1831/1396 3675/1833/1395 3685/1844/1403
f 3675/1833/1395 3686/1845/1402 3685/1844/1403
f 3675/1833/1395 3676/1834/1394 3686/1845/1402
f 3676/1834/1394 3687/1846/1401 3686/1845/1402
f 3676/1834/1394 3677/1835/1393 3687/1846/1401
f 3677/1835/1393 3688/1847/316 3687/1846/1401
f 3677/1835/1393 3678/1836/288 3688/1847/316
f 3678/1836/288 3689/1848/1408 3688/1847/316
f 3678/1836/288 3679/1837/1400 3689/1848/1408
f 3679/1837/1400 3690/1849/1407 3689/1848/1408
f 3679/1837/1400 3680/1838/1399 3690/1849/1407
f 3680/1838/1399 3691/1850/1406 3690/1849/1407
f 3680/1838/1399 3681/1839/1398 3691/1850/1406
f 3681/1839/1398 3692/1851/1405 3691/1850/1406
f 3681/1839/1398 3682/1840/1397 3692/1851/1405
f 3682/1840/1397 3684/1852/310 3692/1851/1405
f 3682/1840/1397 3674/1841/282 3684/1852/310
f 3684/1843/310 3693/1853/1412 3694/1854/338
f 3684/1843/310 3683/1842/1404 3693/1853/1412
f 3683/1842/1404 3695/1855/1411 3693/1853/1412
f 3683/1842/1404 3685/1844/1403 3695/1855/1411
f 3685/1844/1403 3696/1856/1410 3695/1855/1411
f 3685/1844/1403 3686/1845/1402 3696/1856/1410
f 3686/1845/1402 3697/1857/1409 3696/1856/1410
f 3686/1845/1402 3687/1846/1401 3697/1857/1409
f 3687/1846/1401 3698/1858/344 3697/1857/1409
f 3687/1846/1401 3688/1847/316 3698/1858/344
f 3688/1847/316 3699/1859/1416 3698/1858/344
f 3688/1847/316 3689/1848/1408 3699/1859/1416
f 3689/1848/1408 3700/1860/1415 3699/1859/1416
f 3689/1848/1408 3690/1849/1407 3700/1860/1415
f 3690/1849/1407 3701/1861/1414 3700/1860/1415
f 3690/1849/1407 3691/1850/1406 3701/1861/1414
f 3691/1850/1406 3702/1862/1413 3701/1861/1414
f 3691/1850/1406 3692/1851/1405 3702/1862/1413
f 3692/1851/1405 3694/1863/338 3702/1862/1413
f 3692/1851/1405 3684/1852/310 3694/1863/338
f 3694/1854/338 3703/1864/1420 3704/1865/366
f 3694/1854/338 3693/1853/1412 3703/1864/1420
f 3693/1853/1412 3705/1866/1419 3703/1864/1420
f 3693/1853/1412 3695/1855/1411 3705/1866/1419
f 3695/1855/1411 3706/1867/1418 3705/1866/1419
f 3695/1855/1411 3696/1856/1410 3706/1867/1418
f 3696/1856/1410 3707/1868/1417 3706/1867/1418
f 3696/1856/1410 3697/1857/1409 3707/1868/1417
f 3697/1857/1409 3708/1869/372 3707/1868/1417
f 3697/1857/1409 3698/1858/344 3708/1869/372
f 3698/1858/344 3709/1870/1424 3708/1869/372
f 3698/1858/344 3699/1859/1416 3709/1870/1424
f 3699/1859/1416 3710/1871/1423 3709/1870/1424
f 3699/1859/1416 3700/1860/1415 3710/1871/1423
f 3700/1860/1415 3711/1872/1422 3710/1871/1423
f 3700/1860/1415 3701/1861/1414 3711/1872/1422
f 3701/1861/1414 3712/1873/1421 3711/1872/1422
f 3701/1861/1414 3702/1862/1413 3712/1873/1421
f 3702/1862/1413 3704/1874/366 3712/1873/1421
f 3702/1862/1413 3694/1863/338 3704/1874/366
f 3704/1865/366 3713/1875/1428 3714/1876/16
f 3704/1865/366 3703/1864/1420 3713/1875/1428
f 3703/1864/1420 3715/1877/1427 3713/1875/1428
f 3703/1864/1420 3705/1866/1419 3715/1877/1427
f 3705/1866/1419 3716/1878/1426 3715/1877/1427
f 3705/1866/1419 3706/1867/1418 3716/1878/1426
f 3706/1867/1418 3717/1879/1425 3716/1878/1426
f 3706/1867/1418 3707/1868/1417 3717/1879/1425
f 3707/1868/1417 3718/1880/1 3717/1879/1425
f 3707/1868/1417 3708/1869/372 3718/1880/1
f 3708/1869/372 3719/1881/1432 3718/1880/1
f 3708/1869/372 3709/1870/1424 3719/1881/1432
f 3709/1870/1424 3720/1882/1431 3719/1881/1432
f 3709/1870/1424 3710/1871/1423 3720/1882/1431
f 3710/1871/1423 3721/1883/1430 3720/1882/1431
f 3710/1871/1423 3711/1872/1422 3721/1883/1430
f 3711/1872/1422 3722/1884/1429 3721/1883/1430
f 3711/1872/1422 3712/1873/1421 3722/1884/1429
f 3712/1873/1421 3714/1885/16 3722/1884/1429
f 3712/1873/1421 3704/1874/366 3714/1885/16
f 3714/1876/16 3723/1886/1436 3724/1887/36
f 3714/1876/16 3713/1875/1428 3723/1886/1436
f 3713/1875/1428 3725/1888/1435 3723/1886/1436
f 3713/1875/1428 3715/1877/1427 3725/1888/1435
f 3715/1877/1427 3726/1889/1434 3725/1888/1435
f 3715/1877/1427 3716/1878/1426 3726/1889/1434
f 3716/1878/1426 3727/1890/1433 3726/1889/1434
f 3716/1878/1426 3717/1879/1425 3727/1890/1433
f 3717/1879/1425 3728/1891/30 3727/1890/1433
f 3717/1879/1425 3718/1880/1 3728/1891/30
f 3718/1880/1 3729/1892/1440 3728/1891/30
f 3718/1880/1 3719/1881/1432 3729/1892/1440
f 3719/1881/1432 3730/1893/1439 3729/1892/1440
f 3719/1881/1432 3720/1882/1431 3730/1893/1439
f 3720/1882/1431 3731/1894/1438 3730/1893/1439
f 3720/1882/1431 3721/1883/1430 3731/1894/1438
f 3721/1883/1430 3732/1895/1437 3731/1894/1438
f 3721/1883/1430 3722/1884/1429 3732/1895/1437
f 3722/1884/1429 3724/1896/36 3732/1895/1437
f 3722/1884/1429 3714/1885/16 3724/1896/36
f 3724/1887/36 3733/1897/1444 3734/1898/64
f 3724/1887/36 3723/1886/1436 3733/1897/1444
f 3723/1886/1436 3735/1899/1443 3733/1897/1444
f 3723/1886/1436 3725/1888/1435 3735/1899/1443
f 3725/1888/1435 3736/1900/1442 3735/1899/1443
f 3725/1888/1435 3726/1889/1434 3736/1900/1442
f 3726/1889/1434 3737/1901/1441 3736/1900/1442
f 3726/1889/1434 3727/1890/1433 3737/1901/1441
f 3727/1890/1433 3738/1902/58 3737/1901/1441
f 3727/1890/1433 3728/1891/30 3738/1902/58
f 3728/1891/30 3739/1903/1448 3738/1902/58
f 3728/1891/30 3729/1892/1440 3739/1903/1448
f 3729/1892/1440 3740/1904/1447 3739/1903/1448
f 3729/1892/1440 3730/1893/1439 3740/1904/1447
f 3730/1893/1439 3741/1905/1446 3740/1904/1447
f 3730/1893/1439 3731/1894/1438 3741/1905/1446
f 3731/1894/1438 3742/1906/1445 3741/1905/1446
f 3731/1894/1438 3732/1895/1437 3742/1906/1445
f 3732/1895/1437 3734/1907/64 3742/1906/1445
f 3732/1895/1437 3724/1896/36 3734/1907/64
f 3734/1898/64 3743/1908/1452 3744/1909/92
f 3734/1898/64 3733/1897/1444 3743/1908/1452
f 3733/1897/1444 3745/1910/1451 3743/1908/1452
f 3733/1897/1444 3735/1899/1443 3745/1910/1451
f 3735/1899/1443 3746/1911/1450 3745/1910/1451
f 3735/1899/1443 3736/1900/1442 3746/1911/1450
f 3736/1900/1442 3747/1912/1449 3746/1911/1450
f 3736/1900/1442 3737/1901/1441 3747/1912/1449
f 3737/1901/1441 3748/1913/86 3747/1912/1449
f 3737/1901/1441 3738/1902/58 3748/1913/86
f 3738/1902/58 3749/1914/1456 3748/1913/86
f 3738/1902/58 3739/1903/1448 3749/1914/1456
f 3739/1903/1448 3750/1915/1455 3749/1914/1456
f 3739/1903/1448 3740/1904/1447 3750/1915/1455
f 3740/1904/1447 3751/1916/1454 3750/1915/1455
f 3740/1904/1447 3741/1905/1446 3751/1916/1454
f 3741/1905/1446 3752/1917/1453 3751/1916/1454
f 3741/1905/1446 3742/1906/1445 3752/1917/1453
f 3742/1906/1445 3744/1918/92 3752/1917/1453
f 3742/1906/1445 3734/1907/64 3744/1918/92
f 3744/1909/92 3753/1919/1460 3754/1920/120
f 3744/1909/92 3743/1908/1452 3753/1919/1460
f 3743/1908/1452 3755/1921/1459 3753/1919/1460
f 3743/1908/1452 3745/1910/1451 3755/1921/1459
f 3745/1910/1451 3756/1922/1458 3755/1921/1459
f 3745/1910/1451 3746/1911/1450 3756/1922/1458
f 3746/1911/1450 3757/1923/1457 3756/1922/1458
f 3746/1911/1450 3747/1912/1449 3757/1923/1457
f 3747/1912/1449 3758/1924/114 3757/1923/1457
f 3747/1912/1449 3748/1913/86 3758/1924/114
f 3748/1913/86 3759/1925/1464 3758/1924/114
f 3748/1913/86 3749/1914/1456 3759/1925/1464
f 3749/1914/1456 3760/1926/1463 3759/1925/1464
f 3749/1914/1456 3750/1915/1455 3760/1926/1463
f 3750/1915/1455 3761/1927/1462 3760/1926/1463
f 3750/1915/1455 3751/1916/1454 3761/1927/1462
f 3751/1916/1454 3762/1928/1461 3761/1927/1462
f 3751/1916/1454 3752/1917/1453 3762/1928/1461
f 3752/1917/1453 3754/1929/120 3762/1928/1461
f 3752/1917/1453 3744/1918/92 3754/1929/120
f 3754/1920/120 3763/1930/1468 3764/1931/148
f 3754/1920/120 3753/1919/1460 3763/1930/1468
f 3753/1919/1460 3765/1932/1467 3763/1930/1468
f 3753/1919/1460 3755/1921/1459 3765/1932/1467
f 3755/1921/1459 3766/1933/1466 3765/1932/1467
f 3755/1921/1459 3756/1922/1458 3766/1933/1466
f 3756/1922/1458 3767/1934/1465 3766/1933/1466
f 3756/1922/1458 3757/1923/1457 3767/1934/1465
f 3757/1923/1457 3768/1935/142 3767/1934/1465
f 3757/1923/1457 3758/1924/114 3768/1935/142
f 3758/1924/114 3769/1936/1472 3768/1935/142
f 3758/1924/114 3759/1925/1464 3769/1936/1472
f 3759/1925/1464 3770/1937/1471 3769/1936/1472
f 3759/1925/1464 3760/1926/1463 3770/1937/1471
f 3760/1926/1463 3771/1938/1470 3770/1937/1471
f 3760/1926/1463 3761/1927/1462 3771/1938/1470
f 3761/1927/1462 3772/1939/1469 3771/1938/1470
f 3761/1927/1462 3762/1928/1461 3772/1939/1469
f 3762/1928/1461 3764/1940/148 3772/1939/1469
f 3762/1928/1461 3754/1929/120 3764/1940/148
f 3764/1931/148 3773/1941/1476 3774/1942/176
f 3764/1931/148 3763/1930/1468 3773/1941/1476
f 3763/1930/1468 3775/1943/1475 3773/1941/1476
f 3763/1930/1468 3765/1932/1467 3775/1943/1475
f 3765/1932/1467 3776/1944/1474 3775/1943/1475
f 3765/1932/1467 3766/1933/1466 3776/1944/1474
f 3766/1933/1466 3777/1945/1473 3776/1944/1474
f 3766/1933/1466 3767/1934/1465 3777/1945/1473
f 3767/1934/1465 3778/1946/170 3777/1945/1473
f 3767/1934/1465 3768/1935/142 3778/1946/170
f 3768/1935/142 3779/1947/1480 3778/1946/170
f 3768/1935/142 3769/1936/1472 3779/1947/1480
f 3769/1936/1472 3780/1948/1479 3779/1947/1480
f 3769/1936/1472 3770/1937/1471 3780/1948/1479
f 3770/1937/1471 3781/1949/1478 3780/1948/1479
f 3770/1937/1471 3771/1938/1470 3781/1949/1478
f 3771/1938/1470 3782/1950/1477 3781/1949/1478
f 3771/1938/1470 3772/1939/1469 3782/1950/1477
f 3772/1939/1469 3774/1951/176 3782/1950/1477
f 3772/1939/1469 3764/1940/148 3774/1951/176
f 3774/1942/176 3783/1952/1485 3784/1953/1486
f 3774/1942/176 3773/1941/1476 3783/1952/1485
f 3773/1941/1476 3785/1954/1484 3783/1952/1485
f 3773/1941/1476 3775/1943/1475 3785/1954/1484
f 3775/1943/1475 3786/1955/1483 3785/1954/1484
f 3775/1943/1475 3776/1944/1474 3786/1955/1483
f 3776/1944/1474 3787/1956/1481 3786/1955/1483
f 3776/1944/1474 3777/1945/1473 3787/1956/1481
f 3777/1945/1473 3788/1957/1482 3787/1956/1481
f 3777/1945/1473 3778/1946/170 3788/1957/1482
f 3778/1946/170 3789/1958/1490 3788/1957/1482
f 3778/1946/170 3779/1947/1480 3789/1958/1490
f 3779/1947/1480 3790/1959/1489 3789/1958/1490
f 3779/1947/1480 3780/1948/1479 3790/1959/1489
f 3780/1948/1479 3791/1960/1488 3790/1959/1489
f 3780/1948/1479 3781/1949/1478 3791/1960/1488
f 3781/1949/1478 3792/1961/1487 3791/1960/1488
f 3781/1949/1478 3782/1950/1477 3792/1961/1487
f 3782/1950/1477 3784/1962/1486 3792/1961/1487
f 3782/1950/1477 3774/1951/176 3784/1962/1486
f 3784/1953/1486 3496/1272/1369 3493/842/1367
f 3784/1953/1486 3783/1952/1485 3496/1272/1369
f 3783/1952/1485 3498/1273/1371 3496/1272/1369
f 3783/1952/1485 3785/1954/1484 3498/1273/1371
f 3785/1954/1484 3500/1274/1373 3498/1273/1371
f 3785/1954/1484 3786/1955/1483 3500/1274/1373
f 3786/1955/1483 3502/1275/1375 3500/1274/1373
f 3786/1955/1483 3787/1956/1481 3502/1275/1375
f 3787/1956/1481 3504/848/1376 3502/1275/1375
f 3787/1956/1481 3788/1957/1482 3504/848/1376
f 3788/1957/1482 3506/1276/1378 3504/848/1376
f 3788/1957/1482 3789/1958/1490 3506/1276/1378
f 3789/1958/1490 3508/1277/1380 3506/1276/1378
f 3789/1958/1490 3790/1959/1489 3508/1277/1380
f 3790/1959/1489 3510/1278/1382 3508/1277/1380
f 3790/1959/1489 3791/1960/1488 3510/1278/1382
f 3791/1960/1488 3512/1279/1384 3510/1278/1382
f 3791/1960/1488 3792/1961/1487 3512/1279/1384
f 3792/1961/1487 3493/855/1367 3512/1279/1384
f 3792/1961/1487 3784/1962/1486 3493/855/1367
