# radio mesh, units=1/16 block
v 5.975 0.0837 7.05
v 5.9942 -0.0128 7.05
v 5.6878 -0.1397 7.1147
v 5.6497 0.0517 7.1147
v 6.0014 -0.0236 7.05
v 5.7669 -0.2581 7.1147
v 6.0122 -0.0308 7.05
v 5.8853 -0.3372 7.1147
v 6.1087 -0.05 7.05
v 6.0767 -0.3753 7.1147
v 10.3413 -0.05 7.05
v 10.3733 -0.3753 7.1147
v 10.4378 -0.0308 7.05
v 10.5647 -0.3372 7.1147
v 10.4486 -0.0236 7.05
v 10.6831 -0.2581 7.1147
v 10.4558 -0.0128 7.05
v 10.7622 -0.1397 7.1147
v 10.475 0.0837 7.05
v 10.8003 0.0517 7.1147
v 10.475 9.3163 7.05
v 10.8003 9.3483 7.1147
v 10.4558 9.4128 7.05
v 10.7622 9.5397 7.1147
v 10.4486 9.4236 7.05
v 10.6831 9.6581 7.1147
v 10.4378 9.4308 7.05
v 10.5647 9.7372 7.1147
v 10.3413 9.45 7.05
v 10.3733 9.7753 7.1147
v 6.1087 9.45 7.05
v 6.0767 9.7753 7.1147
v 6.0122 9.4308 7.05
v 5.8853 9.7372 7.1147
v 6.0014 9.4236 7.05
v 5.7669 9.6581 7.1147
v 5.9942 9.4128 7.05
v 5.6878 9.5397 7.1147
v 5.975 9.3163 7.05
v 5.6497 9.3483 7.1147
v 5.428 -0.2473 7.299
v 5.374 0.0245 7.299
v 5.5681 -0.4569 7.299
v 5.7777 -0.597 7.299
v 6.0495 -0.651 7.299
v 10.4005 -0.651 7.299
v 10.6723 -0.597 7.299
v 10.8819 -0.4569 7.299
v 11.022 -0.2473 7.299
v 11.076 0.0245 7.299
v 11.076 9.3755 7.299
v 11.022 9.6473 7.299
v 10.8819 9.8569 7.299
v 10.6723 9.997 7.299
v 10.4005 10.051 7.299
v 6.0495 10.051 7.299
v 5.7777 9.997 7.299
v 5.5681 9.8569 7.299
v 5.428 9.6473 7.299
v 5.374 9.3755 7.299
v 5.2545 -0.3192 7.5747
v 5.1897 0.0064 7.5747
v 5.4353 -0.5897 7.5747
v 5.7058 -0.7705 7.5747
v 6.0314 -0.8353 7.5747
v 10.4186 -0.8353 7.5747
v 10.7442 -0.7705 7.5747
v 11.0147 -0.5897 7.5747
v 11.1955 -0.3192 7.5747
v 11.2603 0.0064 7.5747
v 11.2603 9.3936 7.5747
v 11.1955 9.7192 7.5747
v 11.0147 9.9897 7.5747
v 10.7442 10.1705 7.5747
v 10.4186 10.2353 7.5747
v 6.0314 10.2353 7.5747
v 5.7058 10.1705 7.5747
v 5.4353 9.9897 7.5747
v 5.2545 9.7192 7.5747
v 5.1897 9.3936 7.5747
v 5.1935 -0.3444 7.9
v 5.125 0 7.9
v 5.3886 -0.6364 7.9
v 5.6806 -0.8315 7.9
v 6.025 -0.9 7.9
v 10.425 -0.9 7.9
v 10.7694 -0.8315 7.9
v 11.0614 -0.6364 7.9
v 11.2565 -0.3444 7.9
v 11.325 0 7.9
v 11.325 9.4 7.9
v 11.2565 9.7444 7.9
v 11.0614 10.0364 7.9
v 10.7694 10.2315 7.9
v 10.425 10.3 7.9
v 6.025 10.3 7.9
v 5.6806 10.2315 7.9
v 5.3886 10.0364 7.9
v 5.1935 9.7444 7.9
v 5.125 9.4 7.9
v 5.1935 -0.3444 9.7
v 5.125 0 9.7
v 5.3886 -0.6364 9.7
v 5.6806 -0.8315 9.7
v 6.025 -0.9 9.7
v 10.425 -0.9 9.7
v 10.7694 -0.8315 9.7
v 11.0614 -0.6364 9.7
v 11.2565 -0.3444 9.7
v 11.325 0 9.7
v 11.325 9.4 9.7
v 11.2565 9.7444 9.7
v 11.0614 10.0364 9.7
v 10.7694 10.2315 9.7
v 10.425 10.3 9.7
v 6.025 10.3 9.7
v 5.6806 10.2315 9.7
v 5.3886 10.0364 9.7
v 5.1935 9.7444 9.7
v 5.125 9.4 9.7
v 5.2545 -0.3192 10.0253
v 5.1897 0.0064 10.0253
v 5.4353 -0.5897 10.0253
v 5.7058 -0.7705 10.0253
v 6.0314 -0.8353 10.0253
v 10.4186 -0.8353 10.0253
v 10.7442 -0.7705 10.0253
v 11.0147 -0.5897 10.0253
v 11.1955 -0.3192 10.0253
v 11.2603 0.0064 10.0253
v 11.2603 9.3936 10.0253
v 11.1955 9.7192 10.0253
v 11.0147 9.9897 10.0253
v 10.7442 10.1705 10.0253
v 10.4186 10.2353 10.0253
v 6.0314 10.2353 10.0253
v 5.7058 10.1705 10.0253
v 5.4353 9.9897 10.0253
v 5.2545 9.7192 10.0253
v 5.1897 9.3936 10.0253
v 5.428 -0.2473 10.301
v 5.374 0.0245 10.301
v 5.5681 -0.4569 10.301
v 5.7777 -0.597 10.301
v 6.0495 -0.651 10.301
v 10.4005 -0.651 10.301
v 10.6723 -0.597 10.301
v 10.8819 -0.4569 10.301
v 11.022 -0.2473 10.301
v 11.076 0.0245 10.301
v 11.076 9.3755 10.301
v 11.022 9.6473 10.301
v 10.8819 9.8569 10.301
v 10.6723 9.997 10.301
v 10.4005 10.051 10.301
v 6.0495 10.051 10.301
v 5.7777 9.997 10.301
v 5.5681 9.8569 10.301
v 5.428 9.6473 10.301
v 5.374 9.3755 10.301
v 5.6878 -0.1397 10.4853
v 5.6497 0.0517 10.4853
v 5.7669 -0.2581 10.4853
v 5.8853 -0.3372 10.4853
v 6.0767 -0.3753 10.4853
v 10.3733 -0.3753 10.4853
v 10.5647 -0.3372 10.4853
v 10.6831 -0.2581 10.4853
v 10.7622 -0.1397 10.4853
v 10.8003 0.0517 10.4853
v 10.8003 9.3483 10.4853
v 10.7622 9.5397 10.4853
v 10.6831 9.6581 10.4853
v 10.5647 9.7372 10.4853
v 10.3733 9.7753 10.4853
v 6.0767 9.7753 10.4853
v 5.8853 9.7372 10.4853
v 5.7669 9.6581 10.4853
v 5.6878 9.5397 10.4853
v 5.6497 9.3483 10.4853
v 5.9942 -0.0128 10.55
v 5.975 0.0837 10.55
v 6.0014 -0.0236 10.55
v 6.0122 -0.0308 10.55
v 6.1087 -0.05 10.55
v 10.3413 -0.05 10.55
v 10.4378 -0.0308 10.55
v 10.4486 -0.0236 10.55
v 10.4558 -0.0128 10.55
v 10.475 0.0837 10.55
v 10.475 9.3163 10.55
v 10.4558 9.4128 10.55
v 10.4486 9.4236 10.55
v 10.4378 9.4308 10.55
v 10.3413 9.45 10.55
v 6.1087 9.45 10.55
v 6.0122 9.4308 10.55
v 6.0014 9.4236 10.55
v 5.9942 9.4128 10.55
v 5.975 9.3163 10.55
v 8.225 4.7 7.05
v 8.225 4.7 10.55
v 5.525 -0.2508 5.85
v 5.5569 -0.4111 5.85
v 5.3766 -0.4857 5.8881
v 5.3337 -0.2696 5.8881
v 5.6198 -0.5052 5.85
v 5.4818 -0.6432 5.8881
v 5.7139 -0.5681 5.85
v 5.6393 -0.7484 5.8881
v 5.8742 -0.6 5.85
v 5.8554 -0.7913 5.8881
v 10.5758 -0.6 5.85
v 10.5946 -0.7913 5.8881
v 10.7361 -0.5681 5.85
v 10.8107 -0.7484 5.8881
v 10.8302 -0.5052 5.85
v 10.9682 -0.6432 5.8881
v 10.8931 -0.4111 5.85
v 11.0734 -0.4857 5.8881
v 10.925 -0.2508 5.85
v 11.1163 -0.2696 5.8881
v 10.925 6.4508 5.85
v 11.1163 6.4696 5.8881
v 10.8931 6.6111 5.85
v 11.0734 6.6857 5.8881
v 10.8302 6.7052 5.85
v 10.9682 6.8432 5.8881
v 10.7361 6.7681 5.85
v 10.8107 6.9484 5.8881
v 10.5758 6.8 5.85
v 10.5946 6.9913 5.8881
v 5.8742 6.8 5.85
v 5.8554 6.9913 5.8881
v 5.7139 6.7681 5.85
v 5.6393 6.9484 5.8881
v 5.6198 6.7052 5.85
v 5.4818 6.8432 5.8881
v 5.5569 6.6111 5.85
v 5.3766 6.6857 5.8881
v 5.525 6.4508 5.85
v 5.3337 6.4696 5.8881
v 5.2238 -0.549 5.9964
v 5.1714 -0.2856 5.9964
v 5.3649 -0.7601 5.9964
v 5.576 -0.9012 5.9964
v 5.8394 -0.9536 5.9964
v 10.6106 -0.9536 5.9964
v 10.874 -0.9012 5.9964
v 11.0851 -0.7601 5.9964
v 11.2262 -0.549 5.9964
v 11.2786 -0.2856 5.9964
v 11.2786 6.4856 5.9964
v 11.2262 6.749 5.9964
v 11.0851 6.9601 5.9964
v 10.874 7.1012 5.9964
v 10.6106 7.1536 5.9964
v 5.8394 7.1536 5.9964
v 5.576 7.1012 5.9964
v 5.3649 6.9601 5.9964
v 5.2238 6.749 5.9964
v 5.1714 6.4856 5.9964
v 5.1217 -0.5913 6.1587
v 5.0631 -0.2963 6.1587
v 5.2868 -0.8382 6.1587
v 5.5337 -1.0033 6.1587
v 5.8287 -1.0619 6.1587
v 10.6213 -1.0619 6.1587
v 10.9163 -1.0033 6.1587
v 11.1632 -0.8382 6.1587
v 11.3283 -0.5913 6.1587
v 11.3869 -0.2963 6.1587
v 11.3869 6.4963 6.1587
v 11.3283 6.7913 6.1587
v 11.1632 7.0382 6.1587
v 10.9163 7.2033 6.1587
v 10.6213 7.2619 6.1587
v 5.8287 7.2619 6.1587
v 5.5337 7.2033 6.1587
v 5.2868 7.0382 6.1587
v 5.1217 6.7913 6.1587
v 5.0631 6.4963 6.1587
v 5.0859 -0.6061 6.35
v 5.025 -0.3 6.35
v 5.2593 -0.8657 6.35
v 5.5189 -1.0391 6.35
v 5.825 -1.1 6.35
v 10.625 -1.1 6.35
v 10.9311 -1.0391 6.35
v 11.1907 -0.8657 6.35
v 11.3641 -0.6061 6.35
v 11.425 -0.3 6.35
v 11.425 6.5 6.35
v 11.3641 6.8061 6.35
v 11.1907 7.0657 6.35
v 10.9311 7.2391 6.35
v 10.625 7.3 6.35
v 5.825 7.3 6.35
v 5.5189 7.2391 6.35
v 5.2593 7.0657 6.35
v 5.0859 6.8061 6.35
v 5.025 6.5 6.35
v 5.0859 -0.6061 6.75
v 5.025 -0.3 6.75
v 5.2593 -0.8657 6.75
v 5.5189 -1.0391 6.75
v 5.825 -1.1 6.75
v 10.625 -1.1 6.75
v 10.9311 -1.0391 6.75
v 11.1907 -0.8657 6.75
v 11.3641 -0.6061 6.75
v 11.425 -0.3 6.75
v 11.425 6.5 6.75
v 11.3641 6.8061 6.75
v 11.1907 7.0657 6.75
v 10.9311 7.2391 6.75
v 10.625 7.3 6.75
v 5.825 7.3 6.75
v 5.5189 7.2391 6.75
v 5.2593 7.0657 6.75
v 5.0859 6.8061 6.75
v 5.025 6.5 6.75
v 5.1217 -0.5913 6.9413
v 5.0631 -0.2963 6.9413
v 5.2868 -0.8382 6.9413
v 5.5337 -1.0033 6.9413
v 5.8287 -1.0619 6.9413
v 10.6213 -1.0619 6.9413
v 10.9163 -1.0033 6.9413
v 11.1632 -0.8382 6.9413
v 11.3283 -0.5913 6.9413
v 11.3869 -0.2963 6.9413
v 11.3869 6.4963 6.9413
v 11.3283 6.7913 6.9413
v 11.1632 7.0382 6.9413
v 10.9163 7.2033 6.9413
v 10.6213 7.2619 6.9413
v 5.8287 7.2619 6.9413
v 5.5337 7.2033 6.9413
v 5.2868 7.0382 6.9413
v 5.1217 6.7913 6.9413
v 5.0631 6.4963 6.9413
v 5.2238 -0.549 7.1036
v 5.1714 -0.2856 7.1036
v 5.3649 -0.7601 7.1036
v 5.576 -0.9012 7.1036
v 5.8394 -0.9536 7.1036
v 10.6106 -0.9536 7.1036
v 10.874 -0.9012 7.1036
v 11.0851 -0.7601 7.1036
v 11.2262 -0.549 7.1036
v 11.2786 -0.2856 7.1036
v 11.2786 6.4856 7.1036
v 11.2262 6.749 7.1036
v 11.0851 6.9601 7.1036
v 10.874 7.1012 7.1036
v 10.6106 7.1536 7.1036
v 5.8394 7.1536 7.1036
v 5.576 7.1012 7.1036
v 5.3649 6.9601 7.1036
v 5.2238 6.749 7.1036
v 5.1714 6.4856 7.1036
v 5.3766 -0.4857 7.2119
v 5.3337 -0.2696 7.2119
v 5.4818 -0.6432 7.2119
v 5.6393 -0.7484 7.2119
v 5.8554 -0.7913 7.2119
v 10.5946 -0.7913 7.2119
v 10.8107 -0.7484 7.2119
v 10.9682 -0.6432 7.2119
v 11.0734 -0.4857 7.2119
v 11.1163 -0.2696 7.2119
v 11.1163 6.4696 7.2119
v 11.0734 6.6857 7.2119
v 10.9682 6.8432 7.2119
v 10.8107 6.9484 7.2119
v 10.5946 6.9913 7.2119
v 5.8554 6.9913 7.2119
v 5.6393 6.9484 7.2119
v 5.4818 6.8432 7.2119
v 5.3766 6.6857 7.2119
v 5.3337 6.4696 7.2119
v 5.5569 -0.4111 7.25
v 5.525 -0.2508 7.25
v 5.6198 -0.5052 7.25
v 5.7139 -0.5681 7.25
v 5.8742 -0.6 7.25
v 10.5758 -0.6 7.25
v 10.7361 -0.5681 7.25
v 10.8302 -0.5052 7.25
v 10.8931 -0.4111 7.25
v 10.925 -0.2508 7.25
v 10.925 6.4508 7.25
v 10.8931 6.6111 7.25
v 10.8302 6.7052 7.25
v 10.7361 6.7681 7.25
v 10.5758 6.8 7.25
v 5.8742 6.8 7.25
v 5.7139 6.7681 7.25
v 5.6198 6.7052 7.25
v 5.5569 6.6111 7.25
v 5.525 6.4508 7.25
v 8.225 3.1 5.85
v 8.225 3.1 7.25
v 6.345 0.5118 5.45
v 6.3533 0.4703 5.45
v 6.2967 0.4469 5.4661
v 6.285 0.5059 5.4661
v 6.3701 0.4451 5.45
v 6.3268 0.4018 5.4661
v 6.3953 0.4283 5.45
v 6.3719 0.3717 5.4661
v 6.4368 0.42 5.45
v 6.4309 0.36 5.4661
v 10.0132 0.42 5.45
v 10.0191 0.36 5.4661
v 10.0547 0.4283 5.45
v 10.0781 0.3717 5.4661
v 10.0799 0.4451 5.45
v 10.1232 0.4018 5.4661
v 10.0967 0.4703 5.45
v 10.1533 0.4469 5.4661
v 10.105 0.5118 5.45
v 10.165 0.5059 5.4661
v 10.105 6.6882 5.45
v 10.165 6.6941 5.4661
v 10.0967 6.7297 5.45
v 10.1533 6.7531 5.4661
v 10.0799 6.7549 5.45
v 10.1232 6.7982 5.4661
v 10.0547 6.7717 5.45
v 10.0781 6.8283 5.4661
v 10.0132 6.78 5.45
v 10.0191 6.84 5.4661
v 6.4368 6.78 5.45
v 6.4309 6.84 5.4661
v 6.3953 6.7717 5.45
v 6.3719 6.8283 5.4661
v 6.3701 6.7549 5.45
v 6.3268 6.7982 5.4661
v 6.3533 6.7297 5.45
v 6.2967 6.7531 5.4661
v 6.345 6.6882 5.45
v 6.285 6.6941 5.4661
v 6.2554 0.4297 5.51
v 6.2411 0.5016 5.51
v 6.2952 0.3702 5.51
v 6.3547 0.3304 5.51
v 6.4266 0.3161 5.51
v 10.0234 0.3161 5.51
v 10.0953 0.3304 5.51
v 10.1548 0.3702 5.51
v 10.1946 0.4297 5.51
v 10.2089 0.5016 5.51
v 10.2089 6.6984 5.51
v 10.1946 6.7703 5.51
v 10.1548 6.8298 5.51
v 10.0953 6.8696 5.51
v 10.0234 6.8839 5.51
v 6.4266 6.8839 5.51
v 6.3547 6.8696 5.51
v 6.2952 6.8298 5.51
v 6.2554 6.7703 5.51
v 6.2411 6.6984 5.51
v 6.2402 0.4235 5.57
v 6.225 0.5 5.57
v 6.2836 0.3586 5.57
v 6.3485 0.3152 5.57
v 6.425 0.3 5.57
v 10.025 0.3 5.57
v 10.1015 0.3152 5.57
v 10.1664 0.3586 5.57
v 10.2098 0.4235 5.57
v 10.225 0.5 5.57
v 10.225 6.7 5.57
v 10.2098 6.7765 5.57
v 10.1664 6.8414 5.57
v 10.1015 6.8848 5.57
v 10.025 6.9 5.57
v 6.425 6.9 5.57
v 6.3485 6.8848 5.57
v 6.2836 6.8414 5.57
v 6.2402 6.7765 5.57
v 6.225 6.7 5.57
v 6.2402 0.4235 5.83
v 6.225 0.5 5.83
v 6.2836 0.3586 5.83
v 6.3485 0.3152 5.83
v 6.425 0.3 5.83
v 10.025 0.3 5.83
v 10.1015 0.3152 5.83
v 10.1664 0.3586 5.83
v 10.2098 0.4235 5.83
v 10.225 0.5 5.83
v 10.225 6.7 5.83
v 10.2098 6.7765 5.83
v 10.1664 6.8414 5.83
v 10.1015 6.8848 5.83
v 10.025 6.9 5.83
v 6.425 6.9 5.83
v 6.3485 6.8848 5.83
v 6.2836 6.8414 5.83
v 6.2402 6.7765 5.83
v 6.225 6.7 5.83
v 6.2554 0.4297 5.89
v 6.2411 0.5016 5.89
v 6.2952 0.3702 5.89
v 6.3547 0.3304 5.89
v 6.4266 0.3161 5.89
v 10.0234 0.3161 5.89
v 10.0953 0.3304 5.89
v 10.1548 0.3702 5.89
v 10.1946 0.4297 5.89
v 10.2089 0.5016 5.89
v 10.2089 6.6984 5.89
v 10.1946 6.7703 5.89
v 10.1548 6.8298 5.89
v 10.0953 6.8696 5.89
v 10.0234 6.8839 5.89
v 6.4266 6.8839 5.89
v 6.3547 6.8696 5.89
v 6.2952 6.8298 5.89
v 6.2554 6.7703 5.89
v 6.2411 6.6984 5.89
v 6.2967 0.4469 5.9339
v 6.285 0.5059 5.9339
v 6.3268 0.4018 5.9339
v 6.3719 0.3717 5.9339
v 6.4309 0.36 5.9339
v 10.0191 0.36 5.9339
v 10.0781 0.3717 5.9339
v 10.1232 0.4018 5.9339
v 10.1533 0.4469 5.9339
v 10.165 0.5059 5.9339
v 10.165 6.6941 5.9339
v 10.1533 6.7531 5.9339
v 10.1232 6.7982 5.9339
v 10.0781 6.8283 5.9339
v 10.0191 6.84 5.9339
v 6.4309 6.84 5.9339
v 6.3719 6.8283 5.9339
v 6.3268 6.7982 5.9339
v 6.2967 6.7531 5.9339
v 6.285 6.6941 5.9339
v 6.3533 0.4703 5.95
v 6.345 0.5118 5.95
v 6.3701 0.4451 5.95
v 6.3953 0.4283 5.95
v 6.4368 0.42 5.95
v 10.0132 0.42 5.95
v 10.0547 0.4283 5.95
v 10.0799 0.4451 5.95
v 10.0967 0.4703 5.95
v 10.105 0.5118 5.95
v 10.105 6.6882 5.95
v 10.0967 6.7297 5.95
v 10.0799 6.7549 5.95
v 10.0547 6.7717 5.95
v 10.0132 6.78 5.95
v 6.4368 6.78 5.95
v 6.3953 6.7717 5.95
v 6.3701 6.7549 5.95
v 6.3533 6.7297 5.95
v 6.345 6.6882 5.95
v 8.225 3.6 5.45
v 8.225 3.6 5.95
v 10.425 10.3 8.75
v 11.225 10.3 8.75
v 11.1977 10.3 8.9571
v 11.1178 10.3 9.15
v 10.9907 10.3 9.3157
v 10.825 10.3 9.4428
v 10.6321 10.3 9.5227
v 10.425 10.3 9.55
v 10.2179 10.3 9.5227
v 10.025 10.3 9.4428
v 9.8593 10.3 9.3157
v 9.7322 10.3 9.15
v 9.6523 10.3 8.9571
v 9.625 10.3 8.75
v 9.6523 10.3 8.5429
v 9.7322 10.3 8.35
v 9.8593 10.3 8.1843
v 10.025 10.3 8.0572
v 10.2179 10.3 7.9773
v 10.425 10.3 7.95
v 10.6321 10.3 7.9773
v 10.825 10.3 8.0572
v 10.9907 10.3 8.1843
v 11.1178 10.3 8.35
v 11.1977 10.3 8.5429
v 11.1977 11 8.9571
v 11.225 11 8.75
v 11.1178 11 9.15
v 10.9907 11 9.3157
v 10.825 11 9.4428
v 10.6321 11 9.5227
v 10.425 11 9.55
v 10.2179 11 9.5227
v 10.025 11 9.4428
v 9.8593 11 9.3157
v 9.7322 11 9.15
v 9.6523 11 8.9571
v 9.625 11 8.75
v 9.6523 11 8.5429
v 9.7322 11 8.35
v 9.8593 11 8.1843
v 10.025 11 8.0572
v 10.2179 11 7.9773
v 10.425 11 7.95
v 10.6321 11 7.9773
v 10.825 11 8.0572
v 10.9907 11 8.1843
v 11.1178 11 8.35
v 11.1977 11 8.5429
v 10.908 11.1 8.8794
v 10.925 11.1 8.75
v 10.858 11.1 9
v 10.7786 11.1 9.1036
v 10.675 11.1 9.183
v 10.5544 11.1 9.233
v 10.425 11.1 9.25
v 10.2956 11.1 9.233
v 10.175 11.1 9.183
v 10.0714 11.1 9.1036
v 9.992 11.1 9
v 9.942 11.1 8.8794
v 9.925 11.1 8.75
v 9.942 11.1 8.6206
v 9.992 11.1 8.5
v 10.0714 11.1 8.3964
v 10.175 11.1 8.317
v 10.2956 11.1 8.267
v 10.425 11.1 8.25
v 10.5544 11.1 8.267
v 10.675 11.1 8.317
v 10.7786 11.1 8.3964
v 10.858 11.1 8.5
v 10.908 11.1 8.6206
v 10.7341 16.9 8.8328
v 10.745 16.9 8.75
v 10.7021 16.9 8.91
v 10.6513 16.9 8.9763
v 10.585 16.9 9.0271
v 10.5078 16.9 9.0591
v 10.425 16.9 9.07
v 10.3422 16.9 9.0591
v 10.265 16.9 9.0271
v 10.1987 16.9 8.9763
v 10.1479 16.9 8.91
v 10.1159 16.9 8.8328
v 10.105 16.9 8.75
v 10.1159 16.9 8.6672
v 10.1479 16.9 8.59
v 10.1987 16.9 8.5237
v 10.265 16.9 8.4729
v 10.3422 16.9 8.4409
v 10.425 16.9 8.43
v 10.5078 16.9 8.4409
v 10.585 16.9 8.4729
v 10.6513 16.9 8.5237
v 10.7021 16.9 8.59
v 10.7341 16.9 8.6672
v 10.425 17.1 8.75
v 6.425 10.3 8.75
v 7.375 10.3 8.75
v 7.3512 10.3 8.9614
v 7.2809 10.3 9.1622
v 7.1677 10.3 9.3423
v 7.0173 10.3 9.4927
v 6.8372 10.3 9.6059
v 6.6364 10.3 9.6762
v 6.425 10.3 9.7
v 6.2136 10.3 9.6762
v 6.0128 10.3 9.6059
v 5.8327 10.3 9.4927
v 5.6823 10.3 9.3423
v 5.5691 10.3 9.1622
v 5.4988 10.3 8.9614
v 5.475 10.3 8.75
v 5.4988 10.3 8.5386
v 5.5691 10.3 8.3378
v 5.6823 10.3 8.1577
v 5.8327 10.3 8.0073
v 6.0128 10.3 7.8941
v 6.2136 10.3 7.8238
v 6.425 10.3 7.8
v 6.6364 10.3 7.8238
v 6.8372 10.3 7.8941
v 7.0173 10.3 8.0073
v 7.1677 10.3 8.1577
v 7.2809 10.3 8.3378
v 7.3512 10.3 8.5386
v 7.3512 11.1 8.9614
v 7.375 11.1 8.75
v 7.2809 11.1 9.1622
v 7.1677 11.1 9.3423
v 7.0173 11.1 9.4927
v 6.8372 11.1 9.6059
v 6.6364 11.1 9.6762
v 6.425 11.1 9.7
v 6.2136 11.1 9.6762
v 6.0128 11.1 9.6059
v 5.8327 11.1 9.4927
v 5.6823 11.1 9.3423
v 5.5691 11.1 9.1622
v 5.4988 11.1 8.9614
v 5.475 11.1 8.75
v 5.4988 11.1 8.5386
v 5.5691 11.1 8.3378
v 5.6823 11.1 8.1577
v 5.8327 11.1 8.0073
v 6.0128 11.1 7.8941
v 6.2136 11.1 7.8238
v 6.425 11.1 7.8
v 6.6364 11.1 7.8238
v 6.8372 11.1 7.8941
v 7.0173 11.1 8.0073
v 7.1677 11.1 8.1577
v 7.2809 11.1 8.3378
v 7.3512 11.1 8.5386
v 7.2049 11.25 8.928
v 7.225 11.25 8.75
v 7.1458 11.25 9.0971
v 7.0505 11.25 9.2488
v 6.9238 11.25 9.3755
v 6.7721 11.25 9.4708
v 6.603 11.25 9.5299
v 6.425 11.25 9.55
v 6.247 11.25 9.5299
v 6.0779 11.25 9.4708
v 5.9262 11.25 9.3755
v 5.7995 11.25 9.2488
v 5.7042 11.25 9.0971
v 5.6451 11.25 8.928
v 5.625 11.25 8.75
v 5.6451 11.25 8.572
v 5.7042 11.25 8.4029
v 5.7995 11.25 8.2512
v 5.9262 11.25 8.1245
v 6.0779 11.25 8.0292
v 6.247 11.25 7.9701
v 6.425 11.25 7.95
v 6.603 11.25 7.9701
v 6.7721 11.25 8.0292
v 6.9238 11.25 8.1245
v 7.0505 11.25 8.2512
v 7.1458 11.25 8.4029
v 7.2049 11.25 8.572
v 6.425 11.25 8.75
v 8.425 10.3 8.75
v 9.145 10.3 8.75
v 9.1205 10.3 8.9363
v 9.0485 10.3 9.11
v 8.9341 10.3 9.2591
v 8.785 10.3 9.3735
v 8.6113 10.3 9.4455
v 8.425 10.3 9.47
v 8.2387 10.3 9.4455
v 8.065 10.3 9.3735
v 7.9159 10.3 9.2591
v 7.8015 10.3 9.11
v 7.7295 10.3 8.9363
v 7.705 10.3 8.75
v 7.7295 10.3 8.5637
v 7.8015 10.3 8.39
v 7.9159 10.3 8.2409
v 8.065 10.3 8.1265
v 8.2387 10.3 8.0545
v 8.425 10.3 8.03
v 8.6113 10.3 8.0545
v 8.785 10.3 8.1265
v 8.9341 10.3 8.2409
v 9.0485 10.3 8.39
v 9.1205 10.3 8.5637
v 9.1205 10.9 8.9363
v 9.145 10.9 8.75
v 9.0485 10.9 9.11
v 8.9341 10.9 9.2591
v 8.785 10.9 9.3735
v 8.6113 10.9 9.4455
v 8.425 10.9 9.47
v 8.2387 10.9 9.4455
v 8.065 10.9 9.3735
v 7.9159 10.9 9.2591
v 7.8015 10.9 9.11
v 7.7295 10.9 8.9363
v 7.705 10.9 8.75
v 7.7295 10.9 8.5637
v 7.8015 10.9 8.39
v 7.9159 10.9 8.2409
v 8.065 10.9 8.1265
v 8.2387 10.9 8.0545
v 8.425 10.9 8.03
v 8.6113 10.9 8.0545
v 8.785 10.9 8.1265
v 8.9341 10.9 8.2409
v 9.0485 10.9 8.39
v 9.1205 10.9 8.5637
v 8.425 10.9 8.75
v 9.325 10.3 9.75
v 9.655 10.3 9.75
v 9.6388 10.3 9.852
v 9.592 10.3 9.944
v 9.519 10.3 10.017
v 9.427 10.3 10.0638
v 9.325 10.3 10.08
v 9.223 10.3 10.0638
v 9.131 10.3 10.017
v 9.058 10.3 9.944
v 9.0112 10.3 9.852
v 8.995 10.3 9.75
v 9.0112 10.3 9.648
v 9.058 10.3 9.556
v 9.131 10.3 9.483
v 9.223 10.3 9.4362
v 9.325 10.3 9.42
v 9.427 10.3 9.4362
v 9.519 10.3 9.483
v 9.592 10.3 9.556
v 9.6388 10.3 9.648
v 9.6388 10.75 9.852
v 9.655 10.75 9.75
v 9.592 10.75 9.944
v 9.519 10.75 10.017
v 9.427 10.75 10.0638
v 9.325 10.75 10.08
v 9.223 10.75 10.0638
v 9.131 10.75 10.017
v 9.058 10.75 9.944
v 9.0112 10.75 9.852
v 8.995 10.75 9.75
v 9.0112 10.75 9.648
v 9.058 10.75 9.556
v 9.131 10.75 9.483
v 9.223 10.75 9.4362
v 9.325 10.75 9.42
v 9.427 10.75 9.4362
v 9.519 10.75 9.483
v 9.592 10.75 9.556
v 9.6388 10.75 9.648
v 9.325 10.75 9.75
v 5.175 4.2197 7.75
v 5.175 4.1632 7.7612
v 5.1598 4.1334 7.6891
v 5.1598 4.2122 7.6735
v 5.175 4.1321 7.7821
v 5.1598 4.0769 7.7269
v 5.175 4.1112 7.8132
v 5.1598 4.0391 7.7834
v 5.175 4.1 7.8697
v 5.1598 4.0235 7.8622
v 5.175 4.1 9.5303
v 5.1598 4.0235 9.5378
v 5.175 4.1112 9.5868
v 5.1598 4.0391 9.6166
v 5.175 4.1321 9.6179
v 5.1598 4.0769 9.6731
v 5.175 4.1632 9.6388
v 5.1598 4.1334 9.7109
v 5.175 4.2197 9.65
v 5.1598 4.2122 9.7265
v 5.175 7.5803 9.65
v 5.1598 7.5878 9.7265
v 5.175 7.6368 9.6388
v 5.1598 7.6666 9.7109
v 5.175 7.6679 9.6179
v 5.1598 7.7231 9.6731
v 5.175 7.6888 9.5868
v 5.1598 7.7609 9.6166
v 5.175 7.7 9.5303
v 5.1598 7.7765 9.5378
v 5.175 7.7 7.8697
v 5.1598 7.7765 7.8622
v 5.175 7.6888 7.8132
v 5.1598 7.7609 7.7834
v 5.175 7.6679 7.7821
v 5.1598 7.7231 7.7269
v 5.175 7.6368 7.7612
v 5.1598 7.6666 7.6891
v 5.175 7.5803 7.75
v 5.1598 7.5878 7.6735
v 5.1164 4.1081 7.628
v 5.1164 4.2058 7.6086
v 5.1164 4.0301 7.6801
v 5.1164 3.978 7.7581
v 5.1164 3.9586 7.8558
v 5.1164 3.9586 9.5442
v 5.1164 3.978 9.6419
v 5.1164 4.0301 9.7199
v 5.1164 4.1081 9.772
v 5.1164 4.2058 9.7914
v 5.1164 7.5942 9.7914
v 5.1164 7.6919 9.772
v 5.1164 7.7699 9.7199
v 5.1164 7.822 9.6419
v 5.1164 7.8414 9.5442
v 5.1164 7.8414 7.8558
v 5.1164 7.822 7.7581
v 5.1164 7.7699 7.6801
v 5.1164 7.6919 7.628
v 5.1164 7.5942 7.6086
v 5.0515 4.0911 7.5872
v 5.0515 4.2015 7.5652
v 5.0515 3.9988 7.6488
v 5.0515 3.9372 7.7411
v 5.0515 3.9152 7.8515
v 5.0515 3.9152 9.5485
v 5.0515 3.9372 9.6589
v 5.0515 3.9988 9.7512
v 5.0515 4.0911 9.8128
v 5.0515 4.2015 9.8348
v 5.0515 7.5985 9.8348
v 5.0515 7.7089 9.8128
v 5.0515 7.8012 9.7512
v 5.0515 7.8628 9.6589
v 5.0515 7.8848 9.5485
v 5.0515 7.8848 7.8515
v 5.0515 7.8628 7.7411
v 5.0515 7.8012 7.6488
v 5.0515 7.7089 7.5872
v 5.0515 7.5985 7.5652
v 4.975 4.0852 7.5728
v 4.975 4.2 7.55
v 4.975 3.9879 7.6379
v 4.975 3.9228 7.7352
v 4.975 3.9 7.85
v 4.975 3.9 9.55
v 4.975 3.9228 9.6648
v 4.975 3.9879 9.7621
v 4.975 4.0852 9.8272
v 4.975 4.2 9.85
v 4.975 7.6 9.85
v 4.975 7.7148 9.8272
v 4.975 7.8121 9.7621
v 4.975 7.8772 9.6648
v 4.975 7.9 9.55
v 4.975 7.9 7.85
v 4.975 7.8772 7.7352
v 4.975 7.8121 7.6379
v 4.975 7.7148 7.5728
v 4.975 7.6 7.55
v 4.775 4.0852 7.5728
v 4.775 4.2 7.55
v 4.775 3.9879 7.6379
v 4.775 3.9228 7.7352
v 4.775 3.9 7.85
v 4.775 3.9 9.55
v 4.775 3.9228 9.6648
v 4.775 3.9879 9.7621
v 4.775 4.0852 9.8272
v 4.775 4.2 9.85
v 4.775 7.6 9.85
v 4.775 7.7148 9.8272
v 4.775 7.8121 9.7621
v 4.775 7.8772 9.6648
v 4.775 7.9 9.55
v 4.775 7.9 7.85
v 4.775 7.8772 7.7352
v 4.775 7.8121 7.6379
v 4.775 7.7148 7.5728
v 4.775 7.6 7.55
v 4.6985 4.0911 7.5872
v 4.6985 4.2015 7.5652
v 4.6985 3.9988 7.6488
v 4.6985 3.9372 7.7411
v 4.6985 3.9152 7.8515
v 4.6985 3.9152 9.5485
v 4.6985 3.9372 9.6589
v 4.6985 3.9988 9.7512
v 4.6985 4.0911 9.8128
v 4.6985 4.2015 9.8348
v 4.6985 7.5985 9.8348
v 4.6985 7.7089 9.8128
v 4.6985 7.8012 9.7512
v 4.6985 7.8628 9.6589
v 4.6985 7.8848 9.5485
v 4.6985 7.8848 7.8515
v 4.6985 7.8628 7.7411
v 4.6985 7.8012 7.6488
v 4.6985 7.7089 7.5872
v 4.6985 7.5985 7.5652
v 4.6336 4.1081 7.628
v 4.6336 4.2058 7.6086
v 4.6336 4.0301 7.6801
v 4.6336 3.978 7.7581
v 4.6336 3.9586 7.8558
v 4.6336 3.9586 9.5442
v 4.6336 3.978 9.6419
v 4.6336 4.0301 9.7199
v 4.6336 4.1081 9.772
v 4.6336 4.2058 9.7914
v 4.6336 7.5942 9.7914
v 4.6336 7.6919 9.772
v 4.6336 7.7699 9.7199
v 4.6336 7.822 9.6419
v 4.6336 7.8414 9.5442
v 4.6336 7.8414 7.8558
v 4.6336 7.822 7.7581
v 4.6336 7.7699 7.6801
v 4.6336 7.6919 7.628
v 4.6336 7.5942 7.6086
v 4.5902 4.1334 7.6891
v 4.5902 4.2122 7.6735
v 4.5902 4.0769 7.7269
v 4.5902 4.0391 7.7834
v 4.5902 4.0235 7.8622
v 4.5902 4.0235 9.5378
v 4.5902 4.0391 9.6166
v 4.5902 4.0769 9.6731
v 4.5902 4.1334 9.7109
v 4.5902 4.2122 9.7265
v 4.5902 7.5878 9.7265
v 4.5902 7.6666 9.7109
v 4.5902 7.7231 9.6731
v 4.5902 7.7609 9.6166
v 4.5902 7.7765 9.5378
v 4.5902 7.7765 7.8622
v 4.5902 7.7609 7.7834
v 4.5902 7.7231 7.7269
v 4.5902 7.6666 7.6891
v 4.5902 7.5878 7.6735
v 4.575 4.1632 7.7612
v 4.575 4.2197 7.75
v 4.575 4.1321 7.7821
v 4.575 4.1112 7.8132
v 4.575 4.1 7.8697
v 4.575 4.1 9.5303
v 4.575 4.1112 9.5868
v 4.575 4.1321 9.6179
v 4.575 4.1632 9.6388
v 4.575 4.2197 9.65
v 4.575 7.5803 9.65
v 4.575 7.6368 9.6388
v 4.575 7.6679 9.6179
v 4.575 7.6888 9.5868
v 4.575 7.7 9.5303
v 4.575 7.7 7.8697
v 4.575 7.6888 7.8132
v 4.575 7.6679 7.7821
v 4.575 7.6368 7.7612
v 4.575 7.5803 7.75
v 5.175 5.9 8.7
v 4.575 5.9 8.7
v 5.175 2.1098 8.05
v 5.175 2.0625 8.0594
v 5.1674 2.0475 8.0234
v 5.1674 2.1061 8.0117
v 5.175 2.0307 8.0807
v 5.1674 2.0031 8.0531
v 5.175 2.0094 8.1125
v 5.1674 1.9734 8.0975
v 5.175 2 8.1598
v 5.1674 1.9617 8.1561
v 5.175 2 9.1402
v 5.1674 1.9617 9.1439
v 5.175 2.0094 9.1875
v 5.1674 1.9734 9.2025
v 5.175 2.0307 9.2193
v 5.1674 2.0031 9.2469
v 5.175 2.0625 9.2406
v 5.1674 2.0475 9.2766
v 5.175 2.1098 9.25
v 5.1674 2.1061 9.2883
v 5.175 2.6902 9.25
v 5.1674 2.6939 9.2883
v 5.175 2.7375 9.2406
v 5.1674 2.7525 9.2766
v 5.175 2.7693 9.2193
v 5.1674 2.7969 9.2469
v 5.175 2.7906 9.1875
v 5.1674 2.8266 9.2025
v 5.175 2.8 9.1402
v 5.1674 2.8383 9.1439
v 5.175 2.8 8.1598
v 5.1674 2.8383 8.1561
v 5.175 2.7906 8.1125
v 5.1674 2.8266 8.0975
v 5.175 2.7693 8.0807
v 5.1674 2.7969 8.0531
v 5.175 2.7375 8.0594
v 5.1674 2.7525 8.0234
v 5.175 2.6902 8.05
v 5.1674 2.6939 8.0117
v 5.1457 2.0349 7.9928
v 5.1457 2.1029 7.9793
v 5.1457 1.9797 8.0297
v 5.1457 1.9428 8.0849
v 5.1457 1.9293 8.1529
v 5.1457 1.9293 9.1471
v 5.1457 1.9428 9.2151
v 5.1457 1.9797 9.2703
v 5.1457 2.0349 9.3072
v 5.1457 2.1029 9.3207
v 5.1457 2.6971 9.3207
v 5.1457 2.7651 9.3072
v 5.1457 2.8203 9.2703
v 5.1457 2.8572 9.2151
v 5.1457 2.8707 9.1471
v 5.1457 2.8707 8.1529
v 5.1457 2.8572 8.0849
v 5.1457 2.8203 8.0297
v 5.1457 2.7651 7.9928
v 5.1457 2.6971 7.9793
v 5.1133 2.0264 7.9724
v 5.1133 2.1007 7.9576
v 5.1133 1.9641 8.0141
v 5.1133 1.9224 8.0764
v 5.1133 1.9076 8.1507
v 5.1133 1.9076 9.1493
v 5.1133 1.9224 9.2236
v 5.1133 1.9641 9.2859
v 5.1133 2.0264 9.3276
v 5.1133 2.1007 9.3424
v 5.1133 2.6993 9.3424
v 5.1133 2.7736 9.3276
v 5.1133 2.8359 9.2859
v 5.1133 2.8776 9.2236
v 5.1133 2.8924 9.1493
v 5.1133 2.8924 8.1507
v 5.1133 2.8776 8.0764
v 5.1133 2.8359 8.0141
v 5.1133 2.7736 7.9724
v 5.1133 2.6993 7.9576
v 5.075 2.0235 7.9652
v 5.075 2.1 7.95
v 5.075 1.9586 8.0086
v 5.075 1.9152 8.0735
v 5.075 1.9 8.15
v 5.075 1.9 9.15
v 5.075 1.9152 9.2265
v 5.075 1.9586 9.2914
v 5.075 2.0235 9.3348
v 5.075 2.1 9.35
v 5.075 2.7 9.35
v 5.075 2.7765 9.3348
v 5.075 2.8414 9.2914
v 5.075 2.8848 9.2265
v 5.075 2.9 9.15
v 5.075 2.9 8.15
v 5.075 2.8848 8.0735
v 5.075 2.8414 8.0086
v 5.075 2.7765 7.9652
v 5.075 2.7 7.95
v 4.925 2.0235 7.9652
v 4.925 2.1 7.95
v 4.925 1.9586 8.0086
v 4.925 1.9152 8.0735
v 4.925 1.9 8.15
v 4.925 1.9 9.15
v 4.925 1.9152 9.2265
v 4.925 1.9586 9.2914
v 4.925 2.0235 9.3348
v 4.925 2.1 9.35
v 4.925 2.7 9.35
v 4.925 2.7765 9.3348
v 4.925 2.8414 9.2914
v 4.925 2.8848 9.2265
v 4.925 2.9 9.15
v 4.925 2.9 8.15
v 4.925 2.8848 8.0735
v 4.925 2.8414 8.0086
v 4.925 2.7765 7.9652
v 4.925 2.7 7.95
v 4.8867 2.0264 7.9724
v 4.8867 2.1007 7.9576
v 4.8867 1.9641 8.0141
v 4.8867 1.9224 8.0764
v 4.8867 1.9076 8.1507
v 4.8867 1.9076 9.1493
v 4.8867 1.9224 9.2236
v 4.8867 1.9641 9.2859
v 4.8867 2.0264 9.3276
v 4.8867 2.1007 9.3424
v 4.8867 2.6993 9.3424
v 4.8867 2.7736 9.3276
v 4.8867 2.8359 9.2859
v 4.8867 2.8776 9.2236
v 4.8867 2.8924 9.1493
v 4.8867 2.8924 8.1507
v 4.8867 2.8776 8.0764
v 4.8867 2.8359 8.0141
v 4.8867 2.7736 7.9724
v 4.8867 2.6993 7.9576
v 4.8543 2.0349 7.9928
v 4.8543 2.1029 7.9793
v 4.8543 1.9797 8.0297
v 4.8543 1.9428 8.0849
v 4.8543 1.9293 8.1529
v 4.8543 1.9293 9.1471
v 4.8543 1.9428 9.2151
v 4.8543 1.9797 9.2703
v 4.8543 2.0349 9.3072
v 4.8543 2.1029 9.3207
v 4.8543 2.6971 9.3207
v 4.8543 2.7651 9.3072
v 4.8543 2.8203 9.2703
v 4.8543 2.8572 9.2151
v 4.8543 2.8707 9.1471
v 4.8543 2.8707 8.1529
v 4.8543 2.8572 8.0849
v 4.8543 2.8203 8.0297
v 4.8543 2.7651 7.9928
v 4.8543 2.6971 7.9793
v 4.8326 2.0475 8.0234
v 4.8326 2.1061 8.0117
v 4.8326 2.0031 8.0531
v 4.8326 1.9734 8.0975
v 4.8326 1.9617 8.1561
v 4.8326 1.9617 9.1439
v 4.8326 1.9734 9.2025
v 4.8326 2.0031 9.2469
v 4.8326 2.0475 9.2766
v 4.8326 2.1061 9.2883
v 4.8326 2.6939 9.2883
v 4.8326 2.7525 9.2766
v 4.8326 2.7969 9.2469
v 4.8326 2.8266 9.2025
v 4.8326 2.8383 9.1439
v 4.8326 2.8383 8.1561
v 4.8326 2.8266 8.0975
v 4.8326 2.7969 8.0531
v 4.8326 2.7525 8.0234
v 4.8326 2.6939 8.0117
v 4.825 2.0625 8.0594
v 4.825 2.1098 8.05
v 4.825 2.0307 8.0807
v 4.825 2.0094 8.1125
v 4.825 2 8.1598
v 4.825 2 9.1402
v 4.825 2.0094 9.1875
v 4.825 2.0307 9.2193
v 4.825 2.0625 9.2406
v 4.825 2.1098 9.25
v 4.825 2.6902 9.25
v 4.825 2.7375 9.2406
v 4.825 2.7693 9.2193
v 4.825 2.7906 9.1875
v 4.825 2.8 9.1402
v 4.825 2.8 8.1598
v 4.825 2.7906 8.1125
v 4.825 2.7693 8.0807
v 4.825 2.7375 8.0594
v 4.825 2.6902 8.05
v 5.175 2.4 8.65
v 4.825 2.4 8.65
v 5.175 0.7098 8.05
v 5.175 0.6625 8.0594
v 5.1674 0.6475 8.0234
v 5.1674 0.7061 8.0117
v 5.175 0.6307 8.0807
v 5.1674 0.6031 8.0531
v 5.175 0.6094 8.1125
v 5.1674 0.5734 8.0975
v 5.175 0.6 8.1598
v 5.1674 0.5617 8.1561
v 5.175 0.6 9.1402
v 5.1674 0.5617 9.1439
v 5.175 0.6094 9.1875
v 5.1674 0.5734 9.2025
v 5.175 0.6307 9.2193
v 5.1674 0.6031 9.2469
v 5.175 0.6625 9.2406
v 5.1674 0.6475 9.2766
v 5.175 0.7098 9.25
v 5.1674 0.7061 9.2883
v 5.175 1.2902 9.25
v 5.1674 1.2939 9.2883
v 5.175 1.3375 9.2406
v 5.1674 1.3525 9.2766
v 5.175 1.3693 9.2193
v 5.1674 1.3969 9.2469
v 5.175 1.3906 9.1875
v 5.1674 1.4266 9.2025
v 5.175 1.4 9.1402
v 5.1674 1.4383 9.1439
v 5.175 1.4 8.1598
v 5.1674 1.4383 8.1561
v 5.175 1.3906 8.1125
v 5.1674 1.4266 8.0975
v 5.175 1.3693 8.0807
v 5.1674 1.3969 8.0531
v 5.175 1.3375 8.0594
v 5.1674 1.3525 8.0234
v 5.175 1.2902 8.05
v 5.1674 1.2939 8.0117
v 5.1457 0.6349 7.9928
v 5.1457 0.7029 7.9793
v 5.1457 0.5797 8.0297
v 5.1457 0.5428 8.0849
v 5.1457 0.5293 8.1529
v 5.1457 0.5293 9.1471
v 5.1457 0.5428 9.2151
v 5.1457 0.5797 9.2703
v 5.1457 0.6349 9.3072
v 5.1457 0.7029 9.3207
v 5.1457 1.2971 9.3207
v 5.1457 1.3651 9.3072
v 5.1457 1.4203 9.2703
v 5.1457 1.4572 9.2151
v 5.1457 1.4707 9.1471
v 5.1457 1.4707 8.1529
v 5.1457 1.4572 8.0849
v 5.1457 1.4203 8.0297
v 5.1457 1.3651 7.9928
v 5.1457 1.2971 7.9793
v 5.1133 0.6264 7.9724
v 5.1133 0.7007 7.9576
v 5.1133 0.5641 8.0141
v 5.1133 0.5224 8.0764
v 5.1133 0.5076 8.1507
v 5.1133 0.5076 9.1493
v 5.1133 0.5224 9.2236
v 5.1133 0.5641 9.2859
v 5.1133 0.6264 9.3276
v 5.1133 0.7007 9.3424
v 5.1133 1.2993 9.3424
v 5.1133 1.3736 9.3276
v 5.1133 1.4359 9.2859
v 5.1133 1.4776 9.2236
v 5.1133 1.4924 9.1493
v 5.1133 1.4924 8.1507
v 5.1133 1.4776 8.0764
v 5.1133 1.4359 8.0141
v 5.1133 1.3736 7.9724
v 5.1133 1.2993 7.9576
v 5.075 0.6235 7.9652
v 5.075 0.7 7.95
v 5.075 0.5586 8.0086
v 5.075 0.5152 8.0735
v 5.075 0.5 8.15
v 5.075 0.5 9.15
v 5.075 0.5152 9.2265
v 5.075 0.5586 9.2914
v 5.075 0.6235 9.3348
v 5.075 0.7 9.35
v 5.075 1.3 9.35
v 5.075 1.3765 9.3348
v 5.075 1.4414 9.2914
v 5.075 1.4848 9.2265
v 5.075 1.5 9.15
v 5.075 1.5 8.15
v 5.075 1.4848 8.0735
v 5.075 1.4414 8.0086
v 5.075 1.3765 7.9652
v 5.075 1.3 7.95
v 4.925 0.6235 7.9652
v 4.925 0.7 7.95
v 4.925 0.5586 8.0086
v 4.925 0.5152 8.0735
v 4.925 0.5 8.15
v 4.925 0.5 9.15
v 4.925 0.5152 9.2265
v 4.925 0.5586 9.2914
v 4.925 0.6235 9.3348
v 4.925 0.7 9.35
v 4.925 1.3 9.35
v 4.925 1.3765 9.3348
v 4.925 1.4414 9.2914
v 4.925 1.4848 9.2265
v 4.925 1.5 9.15
v 4.925 1.5 8.15
v 4.925 1.4848 8.0735
v 4.925 1.4414 8.0086
v 4.925 1.3765 7.9652
v 4.925 1.3 7.95
v 4.8867 0.6264 7.9724
v 4.8867 0.7007 7.9576
v 4.8867 0.5641 8.0141
v 4.8867 0.5224 8.0764
v 4.8867 0.5076 8.1507
v 4.8867 0.5076 9.1493
v 4.8867 0.5224 9.2236
v 4.8867 0.5641 9.2859
v 4.8867 0.6264 9.3276
v 4.8867 0.7007 9.3424
v 4.8867 1.2993 9.3424
v 4.8867 1.3736 9.3276
v 4.8867 1.4359 9.2859
v 4.8867 1.4776 9.2236
v 4.8867 1.4924 9.1493
v 4.8867 1.4924 8.1507
v 4.8867 1.4776 8.0764
v 4.8867 1.4359 8.0141
v 4.8867 1.3736 7.9724
v 4.8867 1.2993 7.9576
v 4.8543 0.6349 7.9928
v 4.8543 0.7029 7.9793
v 4.8543 0.5797 8.0297
v 4.8543 0.5428 8.0849
v 4.8543 0.5293 8.1529
v 4.8543 0.5293 9.1471
v 4.8543 0.5428 9.2151
v 4.8543 0.5797 9.2703
v 4.8543 0.6349 9.3072
v 4.8543 0.7029 9.3207
v 4.8543 1.2971 9.3207
v 4.8543 1.3651 9.3072
v 4.8543 1.4203 9.2703
v 4.8543 1.4572 9.2151
v 4.8543 1.4707 9.1471
v 4.8543 1.4707 8.1529
v 4.8543 1.4572 8.0849
v 4.8543 1.4203 8.0297
v 4.8543 1.3651 7.9928
v 4.8543 1.2971 7.9793
v 4.8326 0.6475 8.0234
v 4.8326 0.7061 8.0117
v 4.8326 0.6031 8.0531
v 4.8326 0.5734 8.0975
v 4.8326 0.5617 8.1561
v 4.8326 0.5617 9.1439
v 4.8326 0.5734 9.2025
v 4.8326 0.6031 9.2469
v 4.8326 0.6475 9.2766
v 4.8326 0.7061 9.2883
v 4.8326 1.2939 9.2883
v 4.8326 1.3525 9.2766
v 4.8326 1.3969 9.2469
v 4.8326 1.4266 9.2025
v 4.8326 1.4383 9.1439
v 4.8326 1.4383 8.1561
v 4.8326 1.4266 8.0975
v 4.8326 1.3969 8.0531
v 4.8326 1.3525 8.0234
v 4.8326 1.2939 8.0117
v 4.825 0.6625 8.0594
v 4.825 0.7098 8.05
v 4.825 0.6307 8.0807
v 4.825 0.6094 8.1125
v 4.825 0.6 8.1598
v 4.825 0.6 9.1402
v 4.825 0.6094 9.1875
v 4.825 0.6307 9.2193
v 4.825 0.6625 9.2406
v 4.825 0.7098 9.25
v 4.825 1.2902 9.25
v 4.825 1.3375 9.2406
v 4.825 1.3693 9.2193
v 4.825 1.3906 9.1875
v 4.825 1.4 9.1402
v 4.825 1.4 8.1598
v 4.825 1.3906 8.1125
v 4.825 1.3693 8.0807
v 4.825 1.3375 8.0594
v 4.825 1.2902 8.05
v 5.175 1 8.65
v 4.825 1 8.65
vt 0.64038 0.22661
vt 0.63995 0.22228
vt 0.64683 0.21658
vt 0.64769 0.22517
vt 0.63979 0.22179
vt 0.64505 0.21126
vt 0.63954 0.22147
vt 0.6424 0.2077
vt 0.63738 0.22061
vt 0.6381 0.20599
vt 0.54231 0.22061
vt 0.54159 0.20599
vt 0.54014 0.22147
vt 0.53729 0.2077
vt 0.5399 0.22179
vt 0.53463 0.21126
vt 0.53974 0.22228
vt 0.53286 0.21658
vt 0.53931 0.22661
vt 0.532 0.22517
vt 0.53931 0.64136
vt 0.532 0.6428
vt 0.53974 0.64569
vt 0.53286 0.65139
vt 0.5399 0.64618
vt 0.53463 0.65671
vt 0.54014 0.6465
vt 0.53729 0.66027
vt 0.54231 0.64736
vt 0.54159 0.66198
vt 0.63738 0.64736
vt 0.6381 0.66198
vt 0.63954 0.6465
vt 0.6424 0.66027
vt 0.63979 0.64618
vt 0.64505 0.65671
vt 0.63995 0.64569
vt 0.64683 0.65139
vt 0.64038 0.64136
vt 0.64769 0.6428
vt 0.65267 0.21174
vt 0.65388 0.22395
vt 0.64952 0.20233
vt 0.64481 0.19603
vt 0.63871 0.19361
vt 0.54098 0.19361
vt 0.53488 0.19603
vt 0.53017 0.20233
vt 0.52702 0.21174
vt 0.52581 0.22395
vt 0.52581 0.64402
vt 0.52702 0.65623
vt 0.53017 0.66564
vt 0.53488 0.67193
vt 0.54098 0.67436
vt 0.63871 0.67436
vt 0.64481 0.67193
vt 0.64952 0.66564
vt 0.65267 0.65623
vt 0.65388 0.64402
vt 0.65656 0.20851
vt 0.00391 0.02344
vt 0.6525 0.19636
vt 0.64643 0.18824
vt 0.63911 0.18533
vt 0.54057 0.18533
vt 0.53326 0.18824
vt 0.52718 0.19636
vt 0.52312 0.20851
vt 0.52167 0.22314
vt 0.52167 0.64483
vt 0.52312 0.65945
vt 0.52718 0.67161
vt 0.53326 0.67973
vt 0.54057 0.68264
vt 0.63911 0.68264
vt 0.64643 0.67973
vt 0.6525 0.67161
vt 0.65656 0.65945
vt 0.65802 0.64483
vt 0.65802 0.22314
vt 0.02167 0.22314
vt 0.02702 0.21174
vt 0.02581 0.22395
vt 0.02312 0.20851
vt 0.03017 0.20233
vt 0.02718 0.19636
vt 0.03488 0.19603
vt 0.03326 0.18824
vt 0.04098 0.19361
vt 0.04057 0.18533
vt 0.13871 0.19361
vt 0.13911 0.18533
vt 0.14481 0.19603
vt 0.14643 0.18824
vt 0.14952 0.20233
vt 0.1525 0.19636
vt 0.15267 0.21174
vt 0.15656 0.20851
vt 0.15388 0.22395
vt 0.15802 0.22314
vt 0.15388 0.64402
vt 0.15802 0.64483
vt 0.15267 0.65623
vt 0.15656 0.65945
vt 0.14952 0.66564
vt 0.1525 0.67161
vt 0.14481 0.67193
vt 0.14643 0.67973
vt 0.13871 0.67436
vt 0.13911 0.68264
vt 0.04098 0.67436
vt 0.04057 0.68264
vt 0.03488 0.67193
vt 0.03326 0.67973
vt 0.03017 0.66564
vt 0.02718 0.67161
vt 0.02702 0.65623
vt 0.02312 0.65945
vt 0.02581 0.64402
vt 0.02167 0.64483
vt 0.03286 0.21658
vt 0.032 0.22517
vt 0.03463 0.21126
vt 0.03729 0.2077
vt 0.04159 0.20599
vt 0.1381 0.20599
vt 0.1424 0.2077
vt 0.14505 0.21126
vt 0.14683 0.21658
vt 0.14769 0.22517
vt 0.14769 0.6428
vt 0.14683 0.65139
vt 0.14505 0.65671
vt 0.1424 0.66027
vt 0.1381 0.66198
vt 0.04159 0.66198
vt 0.03729 0.66027
vt 0.03463 0.65671
vt 0.03286 0.65139
vt 0.032 0.6428
vt 0.03974 0.22228
vt 0.03931 0.22661
vt 0.0399 0.22179
vt 0.04014 0.22147
vt 0.04231 0.22061
vt 0.13738 0.22061
vt 0.13954 0.22147
vt 0.13979 0.22179
vt 0.13995 0.22228
vt 0.14038 0.22661
vt 0.14038 0.64136
vt 0.13995 0.64569
vt 0.13979 0.64618
vt 0.13954 0.6465
vt 0.13738 0.64736
vt 0.04231 0.64736
vt 0.04014 0.6465
vt 0.0399 0.64618
vt 0.03974 0.64569
vt 0.03931 0.64136
vt 0.58984 0.43398
vt 0.08984 0.43398
vt 0.65049 0.21159
vt 0.64977 0.20439
vt 0.65382 0.20103
vt 0.65479 0.21074
vt 0.64836 0.20016
vt 0.65146 0.19396
vt 0.64624 0.19733
vt 0.64792 0.18923
vt 0.64264 0.1959
vt 0.64307 0.1873
vt 0.53704 0.1959
vt 0.53662 0.1873
vt 0.53344 0.19733
vt 0.53177 0.18923
vt 0.53133 0.20016
vt 0.52823 0.19396
vt 0.52992 0.20439
vt 0.52587 0.20103
vt 0.5292 0.21159
vt 0.5249 0.21074
vt 0.5292 0.51263
vt 0.5249 0.51348
vt 0.52992 0.51983
vt 0.52587 0.52319
vt 0.53133 0.52406
vt 0.52823 0.53026
vt 0.53344 0.52689
vt 0.53177 0.53498
vt 0.53704 0.52832
vt 0.53662 0.53692
vt 0.64264 0.52832
vt 0.64307 0.53692
vt 0.64624 0.52689
vt 0.64792 0.53498
vt 0.64836 0.52406
vt 0.65146 0.53026
vt 0.64977 0.51983
vt 0.65382 0.52319
vt 0.65049 0.51263
vt 0.65479 0.51348
vt 0.65725 0.19819
vt 0.65843 0.21002
vt 0.65408 0.18871
vt 0.64934 0.18237
vt 0.64343 0.18002
vt 0.53626 0.18002
vt 0.53034 0.18237
vt 0.5256 0.18871
vt 0.52244 0.19819
vt 0.52126 0.21002
vt 0.52126 0.5142
vt 0.52244 0.52603
vt 0.5256 0.53551
vt 0.53034 0.54185
vt 0.53626 0.5442
vt 0.64343 0.5442
vt 0.64934 0.54185
vt 0.65408 0.53551
vt 0.65725 0.52603
vt 0.65843 0.5142
vt 0.65955 0.19629
vt 0.01172 0.02344
vt 0.65584 0.1852
vt 0.65029 0.17778
vt 0.64367 0.17515
vt 0.53602 0.17515
vt 0.52939 0.17778
vt 0.52385 0.1852
vt 0.52014 0.19629
vt 0.51882 0.20954
vt 0.51882 0.51468
vt 0.52014 0.52793
vt 0.52385 0.53902
vt 0.52939 0.54644
vt 0.53602 0.54907
vt 0.64367 0.54907
vt 0.65029 0.54644
vt 0.65584 0.53902
vt 0.65955 0.52793
vt 0.66086 0.51468
vt 0.66086 0.20954
vt 0.01882 0.20954
vt 0.02244 0.19819
vt 0.02126 0.21002
vt 0.02014 0.19629
vt 0.0256 0.18871
vt 0.02385 0.1852
vt 0.03034 0.18237
vt 0.02939 0.17778
vt 0.03626 0.18002
vt 0.03602 0.17515
vt 0.14343 0.18002
vt 0.14367 0.17515
vt 0.14934 0.18237
vt 0.15029 0.17778
vt 0.15408 0.18871
vt 0.15584 0.1852
vt 0.15725 0.19819
vt 0.15955 0.19629
vt 0.15843 0.21002
vt 0.16086 0.20954
vt 0.15843 0.5142
vt 0.16086 0.51468
vt 0.15725 0.52603
vt 0.15955 0.52793
vt 0.15408 0.53551
vt 0.15584 0.53902
vt 0.14934 0.54185
vt 0.15029 0.54644
vt 0.14343 0.5442
vt 0.14367 0.54907
vt 0.03626 0.5442
vt 0.03602 0.54907
vt 0.03034 0.54185
vt 0.02939 0.54644
vt 0.0256 0.53551
vt 0.02385 0.53902
vt 0.02244 0.52603
vt 0.02014 0.52793
vt 0.02126 0.5142
vt 0.01882 0.51468
vt 0.02587 0.20103
vt 0.0249 0.21074
vt 0.02823 0.19396
vt 0.03177 0.18923
vt 0.03662 0.1873
vt 0.14307 0.1873
vt 0.14792 0.18923
vt 0.15146 0.19396
vt 0.15382 0.20103
vt 0.15479 0.21074
vt 0.15479 0.51348
vt 0.15382 0.52319
vt 0.15146 0.53026
vt 0.14792 0.53498
vt 0.14307 0.53692
vt 0.03662 0.53692
vt 0.03177 0.53498
vt 0.02823 0.53026
vt 0.02587 0.52319
vt 0.0249 0.51348
vt 0.02992 0.20439
vt 0.0292 0.21159
vt 0.03133 0.20016
vt 0.03344 0.19733
vt 0.03704 0.1959
vt 0.14264 0.1959
vt 0.14624 0.19733
vt 0.14836 0.20016
vt 0.14977 0.20439
vt 0.15049 0.21159
vt 0.15049 0.51263
vt 0.14977 0.51983
vt 0.14836 0.52406
vt 0.14624 0.52689
vt 0.14264 0.52832
vt 0.03704 0.52832
vt 0.03344 0.52689
vt 0.03133 0.52406
vt 0.02992 0.51983
vt 0.0292 0.51263
vt 0.58984 0.36211
vt 0.08984 0.36211
vt 0.01953 0.02344
vt 0.02734 0.02344
vt 0.03516 0.02344
vt 0.04297 0.02344
vt 0.05078 0.02344
vt 0.05859 0.02344
vt 0.06641 0.02344
vn -0 -0 -1
vn -0.354 -0.146 -0.924
vn -0.381 -0.038 -0.924
vn -0.271 -0.271 -0.924
vn -0.146 -0.354 -0.924
vn -0.038 -0.381 -0.924
vn 0.038 -0.381 -0.924
vn 0.146 -0.354 -0.924
vn 0.271 -0.271 -0.924
vn 0.354 -0.146 -0.924
vn 0.381 -0.038 -0.924
vn 0.381 0.038 -0.924
vn 0.354 0.146 -0.924
vn 0.271 0.271 -0.924
vn 0.146 0.354 -0.924
vn 0.038 0.381 -0.924
vn -0.038 0.381 -0.924
vn -0.146 0.354 -0.924
vn -0.271 0.271 -0.924
vn -0.354 0.146 -0.924
vn -0.381 0.038 -0.924
vn -0.653 -0.271 -0.707
vn -0.704 -0.069 -0.707
vn -0.5 -0.5 -0.707
vn -0.271 -0.653 -0.707
vn -0.069 -0.704 -0.707
vn 0.069 -0.704 -0.707
vn 0.271 -0.653 -0.707
vn 0.5 -0.5 -0.707
vn 0.653 -0.271 -0.707
vn 0.704 -0.069 -0.707
vn 0.704 0.069 -0.707
vn 0.653 0.271 -0.707
vn 0.5 0.5 -0.707
vn 0.271 0.653 -0.707
vn 0.069 0.704 -0.707
vn -0.069 0.704 -0.707
vn -0.271 0.653 -0.707
vn -0.5 0.5 -0.707
vn -0.653 0.271 -0.707
vn -0.704 0.069 -0.707
vn -0.854 -0.354 -0.383
vn -0.919 -0.091 -0.383
vn -0.653 -0.653 -0.383
vn -0.354 -0.854 -0.383
vn -0.091 -0.919 -0.383
vn 0.091 -0.919 -0.383
vn 0.354 -0.854 -0.383
vn 0.653 -0.653 -0.383
vn 0.854 -0.354 -0.383
vn 0.919 -0.091 -0.383
vn 0.919 0.091 -0.383
vn 0.854 0.354 -0.383
vn 0.653 0.653 -0.383
vn 0.354 0.854 -0.383
vn 0.091 0.919 -0.383
vn -0.091 0.919 -0.383
vn -0.354 0.854 -0.383
vn -0.653 0.653 -0.383
vn -0.854 0.354 -0.383
vn -0.919 0.091 -0.383
vn -0.924 -0.383 -0
vn -0.995 -0.098 -0
vn -0.707 -0.707 -0
vn -0.383 -0.924 -0
vn -0.098 -0.995 -0
vn 0.098 -0.995 -0
vn 0.383 -0.924 -0
vn 0.707 -0.707 -0
vn 0.924 -0.383 -0
vn 0.995 -0.098 -0
vn 0.995 0.098 -0
vn 0.924 0.383 -0
vn 0.707 0.707 -0
vn 0.383 0.924 -0
vn 0.098 0.995 -0
vn -0.098 0.995 -0
vn -0.383 0.924 -0
vn -0.707 0.707 -0
vn -0.924 0.383 -0
vn -0.995 0.098 -0
vn -0.854 -0.354 0.383
vn -0.919 -0.091 0.383
vn -0.653 -0.653 0.383
vn -0.354 -0.854 0.383
vn -0.091 -0.919 0.383
vn 0.091 -0.919 0.383
vn 0.354 -0.854 0.383
vn 0.653 -0.653 0.383
vn 0.854 -0.354 0.383
vn 0.919 -0.091 0.383
vn 0.919 0.091 0.383
vn 0.854 0.354 0.383
vn 0.653 0.653 0.383
vn 0.354 0.854 0.383
vn 0.091 0.919 0.383
vn -0.091 0.919 0.383
vn -0.354 0.854 0.383
vn -0.653 0.653 0.383
vn -0.854 0.354 0.383
vn -0.919 0.091 0.383
vn -0.653 -0.271 0.707
vn -0.704 -0.069 0.707
vn -0.5 -0.5 0.707
vn -0.271 -0.653 0.707
vn -0.069 -0.704 0.707
vn 0.069 -0.704 0.707
vn 0.271 -0.653 0.707
vn 0.5 -0.5 0.707
vn 0.653 -0.271 0.707
vn 0.704 -0.069 0.707
vn 0.704 0.069 0.707
vn 0.653 0.271 0.707
vn 0.5 0.5 0.707
vn 0.271 0.653 0.707
vn 0.069 0.704 0.707
vn -0.069 0.704 0.707
vn -0.271 0.653 0.707
vn -0.5 0.5 0.707
vn -0.653 0.271 0.707
vn -0.704 0.069 0.707
vn -0.354 -0.146 0.924
vn -0.381 -0.038 0.924
vn -0.271 -0.271 0.924
vn -0.146 -0.354 0.924
vn -0.038 -0.381 0.924
vn 0.038 -0.381 0.924
vn 0.146 -0.354 0.924
vn 0.271 -0.271 0.924
vn 0.354 -0.146 0.924
vn 0.381 -0.038 0.924
vn 0.381 0.038 0.924
vn 0.354 0.146 0.924
vn 0.271 0.271 0.924
vn 0.146 0.354 0.924
vn 0.038 0.381 0.924
vn -0.038 0.381 0.924
vn -0.146 0.354 0.924
vn -0.271 0.271 0.924
vn -0.354 0.146 0.924
vn -0.381 0.038 0.924
vn -0 -0 1
vn -0.462 -0.191 -0.866
vn -0.498 -0.049 -0.866
vn -0.354 -0.354 -0.866
vn -0.191 -0.462 -0.866
vn -0.049 -0.498 -0.866
vn 0.049 -0.498 -0.866
vn 0.191 -0.462 -0.866
vn 0.354 -0.354 -0.866
vn 0.462 -0.191 -0.866
vn 0.498 -0.049 -0.866
vn 0.498 0.049 -0.866
vn 0.462 0.191 -0.866
vn 0.354 0.354 -0.866
vn 0.191 0.462 -0.866
vn 0.049 0.498 -0.866
vn -0.049 0.498 -0.866
vn -0.191 0.462 -0.866
vn -0.354 0.354 -0.866
vn -0.462 0.191 -0.866
vn -0.498 0.049 -0.866
vn -0.8 -0.331 -0.5
vn -0.862 -0.085 -0.5
vn -0.612 -0.612 -0.5
vn -0.331 -0.8 -0.5
vn -0.085 -0.862 -0.5
vn 0.085 -0.862 -0.5
vn 0.331 -0.8 -0.5
vn 0.612 -0.612 -0.5
vn 0.8 -0.331 -0.5
vn 0.862 -0.085 -0.5
vn 0.862 0.085 -0.5
vn 0.8 0.331 -0.5
vn 0.612 0.612 -0.5
vn 0.331 0.8 -0.5
vn 0.085 0.862 -0.5
vn -0.085 0.862 -0.5
vn -0.331 0.8 -0.5
vn -0.612 0.612 -0.5
vn -0.8 0.331 -0.5
vn -0.862 0.085 -0.5
vn -0.8 -0.331 0.5
vn -0.862 -0.085 0.5
vn -0.612 -0.612 0.5
vn -0.331 -0.8 0.5
vn -0.085 -0.862 0.5
vn 0.085 -0.862 0.5
vn 0.331 -0.8 0.5
vn 0.612 -0.612 0.5
vn 0.8 -0.331 0.5
vn 0.862 -0.085 0.5
vn 0.862 0.085 0.5
vn 0.8 0.331 0.5
vn 0.612 0.612 0.5
vn 0.331 0.8 0.5
vn 0.085 0.862 0.5
vn -0.085 0.862 0.5
vn -0.331 0.8 0.5
vn -0.612 0.612 0.5
vn -0.8 0.331 0.5
vn -0.862 0.085 0.5
vn -0.462 -0.191 0.866
vn -0.498 -0.049 0.866
vn -0.354 -0.354 0.866
vn -0.191 -0.462 0.866
vn -0.049 -0.498 0.866
vn 0.049 -0.498 0.866
vn 0.191 -0.462 0.866
vn 0.354 -0.354 0.866
vn 0.462 -0.191 0.866
vn 0.498 -0.049 0.866
vn 0.498 0.049 0.866
vn 0.462 0.191 0.866
vn 0.354 0.354 0.866
vn 0.191 0.462 0.866
vn 0.049 0.498 0.866
vn -0.049 0.498 0.866
vn -0.191 0.462 0.866
vn -0.354 0.354 0.866
vn -0.462 0.191 0.866
vn -0.498 0.049 0.866
vn 0 -1 0
vn 1 0 0
vn 0.966 0 0.259
vn 0.866 0 0.5
vn 0.707 0 0.707
vn 0.5 0 0.866
vn 0.259 0 0.966
vn -0.259 0 0.966
vn -0.5 0 0.866
vn -0.707 0 0.707
vn -0.866 0 0.5
vn -0.966 0 0.259
vn -1 0 0
vn -0.966 -0 -0.259
vn -0.866 -0 -0.5
vn -0.707 -0 -0.707
vn -0.5 -0 -0.866
vn -0.259 -0 -0.966
vn 0.259 0 -0.966
vn 0.5 0 -0.866
vn 0.707 0 -0.707
vn 0.866 0 -0.5
vn 0.966 0 -0.259
vn 0.316 0.949 0
vn 0.305 0.949 0.082
vn 0.274 0.949 0.158
vn 0.224 0.949 0.224
vn 0.158 0.949 0.274
vn 0.082 0.949 0.305
vn 0 0.949 0.316
vn -0.082 0.949 0.305
vn -0.158 0.949 0.274
vn -0.224 0.949 0.224
vn -0.274 0.949 0.158
vn -0.305 0.949 0.082
vn -0.316 0.949 0
vn -0.305 0.949 -0.082
vn -0.274 0.949 -0.158
vn -0.224 0.949 -0.224
vn -0.158 0.949 -0.274
vn -0.082 0.949 -0.305
vn -0 0.949 -0.316
vn 0.082 0.949 -0.305
vn 0.158 0.949 -0.274
vn 0.224 0.949 -0.224
vn 0.274 0.949 -0.158
vn 0.305 0.949 -0.082
vn 1 0.031 0
vn 0.965 0.031 0.259
vn 0.866 0.031 0.5
vn 0.707 0.031 0.707
vn 0.5 0.031 0.866
vn 0.259 0.031 0.965
vn 0 0.031 1
vn -0.259 0.031 0.965
vn -0.5 0.031 0.866
vn -0.707 0.031 0.707
vn -0.866 0.031 0.5
vn -0.965 0.031 0.259
vn -1 0.031 0
vn -0.965 0.031 -0.259
vn -0.866 0.031 -0.5
vn -0.707 0.031 -0.707
vn -0.5 0.031 -0.866
vn -0.259 0.031 -0.965
vn -0 0.031 -1
vn 0.259 0.031 -0.965
vn 0.5 0.031 -0.866
vn 0.707 0.031 -0.707
vn 0.866 0.031 -0.5
vn 0.965 0.031 -0.259
vn 0.53 0.848 0
vn 0.512 0.848 0.137
vn 0.459 0.848 0.265
vn 0.375 0.848 0.375
vn 0.265 0.848 0.459
vn 0.137 0.848 0.512
vn 0 0.848 0.53
vn -0.137 0.848 0.512
vn -0.265 0.848 0.459
vn -0.375 0.848 0.375
vn -0.459 0.848 0.265
vn -0.512 0.848 0.137
vn -0.53 0.848 0
vn -0.512 0.848 -0.137
vn -0.459 0.848 -0.265
vn -0.375 0.848 -0.375
vn -0.265 0.848 -0.459
vn -0.137 0.848 -0.512
vn -0 0.848 -0.53
vn 0.137 0.848 -0.512
vn 0.265 0.848 -0.459
vn 0.375 0.848 -0.375
vn 0.459 0.848 -0.265
vn 0.512 0.848 -0.137
vn 0.975 0 0.223
vn 0.901 0 0.434
vn 0.782 0 0.623
vn 0.623 0 0.782
vn 0.434 0 0.901
vn 0.223 0 0.975
vn -0.223 0 0.975
vn -0.434 0 0.901
vn -0.623 0 0.782
vn -0.782 0 0.623
vn -0.901 0 0.434
vn -0.975 0 0.223
vn -0.975 -0 -0.223
vn -0.901 -0 -0.434
vn -0.782 -0 -0.623
vn -0.623 -0 -0.782
vn -0.434 -0 -0.901
vn -0.223 -0 -0.975
vn 0.223 0 -0.975
vn 0.434 0 -0.901
vn 0.623 0 -0.782
vn 0.782 0 -0.623
vn 0.901 0 -0.434
vn 0.975 0 -0.223
vn 0.689 0.707 0.157
vn 0.637 0.707 0.307
vn 0.553 0.707 0.441
vn 0.441 0.707 0.553
vn 0.307 0.707 0.637
vn 0.157 0.707 0.689
vn 0 0.707 0.707
vn -0.157 0.707 0.689
vn -0.307 0.707 0.637
vn -0.441 0.707 0.553
vn -0.553 0.707 0.441
vn -0.637 0.707 0.307
vn -0.689 0.707 0.157
vn -0.689 0.707 -0.157
vn -0.637 0.707 -0.307
vn -0.553 0.707 -0.441
vn -0.441 0.707 -0.553
vn -0.307 0.707 -0.637
vn -0.157 0.707 -0.689
vn -0 0.707 -0.707
vn 0.157 0.707 -0.689
vn 0.307 0.707 -0.637
vn 0.441 0.707 -0.553
vn 0.553 0.707 -0.441
vn 0.637 0.707 -0.307
vn 0.689 0.707 -0.157
vn 0 1 0
vn 0.951 0 0.309
vn 0.809 0 0.588
vn 0.588 0 0.809
vn 0.309 0 0.951
vn -0.309 0 0.951
vn -0.588 0 0.809
vn -0.809 0 0.588
vn -0.951 0 0.309
vn -0.951 -0 -0.309
vn -0.809 -0 -0.588
vn -0.588 -0 -0.809
vn -0.309 -0 -0.951
vn 0.309 0 -0.951
vn 0.588 0 -0.809
vn 0.809 0 -0.588
vn 0.951 0 -0.309
vn 0.924 -0.146 -0.354
vn 0.924 -0.038 -0.381
vn 0.924 -0.271 -0.271
vn 0.924 -0.354 -0.146
vn 0.924 -0.381 -0.038
vn 0.924 -0.381 0.038
vn 0.924 -0.354 0.146
vn 0.924 -0.271 0.271
vn 0.924 -0.146 0.354
vn 0.924 -0.038 0.381
vn 0.924 0.038 0.381
vn 0.924 0.146 0.354
vn 0.924 0.271 0.271
vn 0.924 0.354 0.146
vn 0.924 0.381 0.038
vn 0.924 0.381 -0.038
vn 0.924 0.354 -0.146
vn 0.924 0.271 -0.271
vn 0.924 0.146 -0.354
vn 0.924 0.038 -0.381
vn 0.707 -0.271 -0.653
vn 0.707 -0.069 -0.704
vn 0.707 -0.5 -0.5
vn 0.707 -0.653 -0.271
vn 0.707 -0.704 -0.069
vn 0.707 -0.704 0.069
vn 0.707 -0.653 0.271
vn 0.707 -0.5 0.5
vn 0.707 -0.271 0.653
vn 0.707 -0.069 0.704
vn 0.707 0.069 0.704
vn 0.707 0.271 0.653
vn 0.707 0.5 0.5
vn 0.707 0.653 0.271
vn 0.707 0.704 0.069
vn 0.707 0.704 -0.069
vn 0.707 0.653 -0.271
vn 0.707 0.5 -0.5
vn 0.707 0.271 -0.653
vn 0.707 0.069 -0.704
vn 0.383 -0.354 -0.854
vn 0.383 -0.091 -0.919
vn 0.383 -0.653 -0.653
vn 0.383 -0.854 -0.354
vn 0.383 -0.919 -0.091
vn 0.383 -0.919 0.091
vn 0.383 -0.854 0.354
vn 0.383 -0.653 0.653
vn 0.383 -0.354 0.854
vn 0.383 -0.091 0.919
vn 0.383 0.091 0.919
vn 0.383 0.354 0.854
vn 0.383 0.653 0.653
vn 0.383 0.854 0.354
vn 0.383 0.919 0.091
vn 0.383 0.919 -0.091
vn 0.383 0.854 -0.354
vn 0.383 0.653 -0.653
vn 0.383 0.354 -0.854
vn 0.383 0.091 -0.919
vn -0 -0.383 -0.924
vn -0 -0.098 -0.995
vn -0 -0.707 -0.707
vn -0 -0.924 -0.383
vn -0 -0.995 -0.098
vn 0 -0.995 0.098
vn 0 -0.924 0.383
vn 0 -0.707 0.707
vn 0 -0.383 0.924
vn 0 -0.098 0.995
vn 0 0.098 0.995
vn 0 0.383 0.924
vn 0 0.924 0.383
vn 0 0.995 0.098
vn -0 0.995 -0.098
vn -0 0.924 -0.383
vn -0 0.383 -0.924
vn -0 0.098 -0.995
vn -0.383 -0.354 -0.854
vn -0.383 -0.091 -0.919
vn -0.383 -0.653 -0.653
vn -0.383 -0.854 -0.354
vn -0.383 -0.919 -0.091
vn -0.383 -0.919 0.091
vn -0.383 -0.854 0.354
vn -0.383 -0.653 0.653
vn -0.383 -0.354 0.854
vn -0.383 -0.091 0.919
vn -0.383 0.091 0.919
vn -0.383 0.354 0.854
vn -0.383 0.653 0.653
vn -0.383 0.854 0.354
vn -0.383 0.919 0.091
vn -0.383 0.919 -0.091
vn -0.383 0.854 -0.354
vn -0.383 0.653 -0.653
vn -0.383 0.354 -0.854
vn -0.383 0.091 -0.919
vn -0.707 -0.271 -0.653
vn -0.707 -0.069 -0.704
vn -0.707 -0.5 -0.5
vn -0.707 -0.653 -0.271
vn -0.707 -0.704 -0.069
vn -0.707 -0.704 0.069
vn -0.707 -0.653 0.271
vn -0.707 -0.5 0.5
vn -0.707 -0.271 0.653
vn -0.707 -0.069 0.704
vn -0.707 0.069 0.704
vn -0.707 0.271 0.653
vn -0.707 0.5 0.5
vn -0.707 0.653 0.271
vn -0.707 0.704 0.069
vn -0.707 0.704 -0.069
vn -0.707 0.653 -0.271
vn -0.707 0.5 -0.5
vn -0.707 0.271 -0.653
vn -0.707 0.069 -0.704
vn -0.924 -0.146 -0.354
vn -0.924 -0.038 -0.381
vn -0.924 -0.271 -0.271
vn -0.924 -0.354 -0.146
vn -0.924 -0.381 -0.038
vn -0.924 -0.381 0.038
vn -0.924 -0.354 0.146
vn -0.924 -0.271 0.271
vn -0.924 -0.146 0.354
vn -0.924 -0.038 0.381
vn -0.924 0.038 0.381
vn -0.924 0.146 0.354
vn -0.924 0.271 0.271
vn -0.924 0.354 0.146
vn -0.924 0.381 0.038
vn -0.924 0.381 -0.038
vn -0.924 0.354 -0.146
vn -0.924 0.271 -0.271
vn -0.924 0.146 -0.354
vn -0.924 0.038 -0.381
f 1/1/1 2/2/1 3/3/2
f 1/1/1 3/3/2 4/4/3
f 2/2/1 5/5/1 6/6/4
f 2/2/1 6/6/4 3/3/2
f 5/5/1 7/7/1 8/8/5
f 5/5/1 8/8/5 6/6/4
f 7/7/1 9/9/1 10/10/6
f 7/7/1 10/10/6 8/8/5
f 9/9/1 11/11/1 12/12/7
f 9/9/1 12/12/7 10/10/6
f 11/11/1 13/13/1 14/14/8
f 11/11/1 14/14/8 12/12/7
f 13/13/1 15/15/1 16/16/9
f 13/13/1 16/16/9 14/14/8
f 15/15/1 17/17/1 18/18/10
f 15/15/1 18/18/10 16/16/9
f 17/17/1 19/19/1 20/20/11
f 17/17/1 20/20/11 18/18/10
f 19/19/1 21/21/1 22/22/12
f 19/19/1 22/22/12 20/20/11
f 21/21/1 23/23/1 24/24/13
f 21/21/1 24/24/13 22/22/12
f 23/23/1 25/25/1 26/26/14
f 23/23/1 26/26/14 24/24/13
f 25/25/1 27/27/1 28/28/15
f 25/25/1 28/28/15 26/26/14
f 27/27/1 29/29/1 30/30/16
f 27/27/1 30/30/16 28/28/15
f 29/29/1 31/31/1 32/32/17
f 29/29/1 32/32/17 30/30/16
f 31/31/1 33/33/1 34/34/18
f 31/31/1 34/34/18 32/32/17
f 33/33/1 35/35/1 36/36/19
f 33/33/1 36/36/19 34/34/18
f 35/35/1 37/37/1 38/38/20
f 35/35/1 38/38/20 36/36/19
f 37/37/1 39/39/1 40/40/21
f 37/37/1 40/40/21 38/38/20
f 39/39/1 1/1/1 4/4/3
f 39/39/1 4/4/3 40/40/21
f 4/4/3 3/3/2 41/41/22
f 4/4/3 41/41/22 42/42/23
f 3/3/2 6/6/4 43/43/24
f 3/3/2 43/43/24 41/41/22
f 6/6/4 8/8/5 44/44/25
f 6/6/4 44/44/25 43/43/24
f 8/8/5 10/10/6 45/45/26
f 8/8/5 45/45/26 44/44/25
f 10/10/6 12/12/7 46/46/27
f 10/10/6 46/46/27 45/45/26
f 12/12/7 14/14/8 47/47/28
f 12/12/7 47/47/28 46/46/27
f 14/14/8 16/16/9 48/48/29
f 14/14/8 48/48/29 47/47/28
f 16/16/9 18/18/10 49/49/30
f 16/16/9 49/49/30 48/48/29
f 18/18/10 20/20/11 50/50/31
f 18/18/10 50/50/31 49/49/30
f 20/20/11 22/22/12 51/51/32
f 20/20/11 51/51/32 50/50/31
f 22/22/12 24/24/13 52/52/33
f 22/22/12 52/52/33 51/51/32
f 24/24/13 26/26/14 53/53/34
f 24/24/13 53/53/34 52/52/33
f 26/26/14 28/28/15 54/54/35
f 26/26/14 54/54/35 53/53/34
f 28/28/15 30/30/16 55/55/36
f 28/28/15 55/55/36 54/54/35
f 30/30/16 32/32/17 56/56/37
f 30/30/16 56/56/37 55/55/36
f 32/32/17 34/34/18 57/57/38
f 32/32/17 57/57/38 56/56/37
f 34/34/18 36/36/19 58/58/39
f 34/34/18 58/58/39 57/57/38
f 36/36/19 38/38/20 59/59/40
f 36/36/19 59/59/40 58/58/39
f 38/38/20 40/40/21 60/60/41
f 38/38/20 60/60/41 59/59/40
f 40/40/21 4/4/3 42/42/23
f 40/40/21 42/42/23 60/60/41
f 42/42/23 41/41/22 61/61/42
f 42/62/23 61/62/42 62/62/43
f 41/41/22 43/43/24 63/63/44
f 41/62/22 63/62/44 61/62/42
f 43/43/24 44/44/25 64/64/45
f 43/62/24 64/62/45 63/62/44
f 44/44/25 45/45/26 65/65/46
f 44/62/25 65/62/46 64/62/45
f 45/45/26 46/46/27 66/66/47
f 45/62/26 66/62/47 65/62/46
f 46/46/27 47/47/28 67/67/48
f 46/62/27 67/62/48 66/62/47
f 47/47/28 48/48/29 68/68/49
f 47/62/28 68/62/49 67/62/48
f 48/48/29 49/49/30 69/69/50
f 48/62/29 69/62/50 68/62/49
f 49/49/30 50/50/31 70/70/51
f 49/62/30 70/62/51 69/62/50
f 50/50/31 51/51/32 71/71/52
f 50/62/31 71/62/52 70/62/51
f 51/51/32 52/52/33 72/72/53
f 51/62/32 72/62/53 71/62/52
f 52/52/33 53/53/34 73/73/54
f 52/62/33 73/62/54 72/62/53
f 53/53/34 54/54/35 74/74/55
f 53/62/34 74/62/55 73/62/54
f 54/54/35 55/55/36 75/75/56
f 54/62/35 75/62/56 74/62/55
f 55/55/36 56/56/37 76/76/57
f 55/62/36 76/62/57 75/62/56
f 56/56/37 57/57/38 77/77/58
f 56/62/37 77/62/58 76/62/57
f 57/57/38 58/58/39 78/78/59
f 57/62/38 78/62/59 77/62/58
f 58/58/39 59/59/40 79/79/60
f 58/62/39 79/62/60 78/62/59
f 59/59/40 60/60/41 80/80/61
f 59/62/40 80/62/61 79/62/60
f 60/60/41 42/42/23 62/81/43
f 60/62/41 62/62/43 80/62/61
f 62/62/43 61/62/42 81/62/62
f 62/62/43 81/62/62 82/62/63
f 61/62/42 63/62/44 83/62/64
f 61/62/42 83/62/64 81/62/62
f 63/62/44 64/62/45 84/62/65
f 63/62/44 84/62/65 83/62/64
f 64/62/45 65/62/46 85/62/66
f 64/62/45 85/62/66 84/62/65
f 65/62/46 66/62/47 86/62/67
f 65/62/46 86/62/67 85/62/66
f 66/62/47 67/62/48 87/62/68
f 66/62/47 87/62/68 86/62/67
f 67/62/48 68/62/49 88/62/69
f 67/62/48 88/62/69 87/62/68
f 68/62/49 69/62/50 89/62/70
f 68/62/49 89/62/70 88/62/69
f 69/62/50 70/62/51 90/62/71
f 69/62/50 90/62/71 89/62/70
f 70/62/51 71/62/52 91/62/72
f 70/62/51 91/62/72 90/62/71
f 71/62/52 72/62/53 92/62/73
f 71/62/52 92/62/73 91/62/72
f 72/62/53 73/62/54 93/62/74
f 72/62/53 93/62/74 92/62/73
f 73/62/54 74/62/55 94/62/75
f 73/62/54 94/62/75 93/62/74
f 74/62/55 75/62/56 95/62/76
f 74/62/55 95/62/76 94/62/75
f 75/62/56 76/62/57 96/62/77
f 75/62/56 96/62/77 95/62/76
f 76/62/57 77/62/58 97/62/78
f 76/62/57 97/62/78 96/62/77
f 77/62/58 78/62/59 98/62/79
f 77/62/58 98/62/79 97/62/78
f 78/62/59 79/62/60 99/62/80
f 78/62/59 99/62/80 98/62/79
f 79/62/60 80/62/61 100/62/81
f 79/62/60 100/62/81 99/62/80
f 80/62/61 62/62/43 82/62/63
f 80/62/61 82/62/63 100/62/81
f 82/62/63 81/62/62 101/62/62
f 82/62/63 101/62/62 102/62/63
f 81/62/62 83/62/64 103/62/64
f 81/62/62 103/62/64 101/62/62
f 83/62/64 84/62/65 104/62/65
f 83/62/64 104/62/65 103/62/64
f 84/62/65 85/62/66 105/62/66
f 84/62/65 105/62/66 104/62/65
f 85/62/66 86/62/67 106/62/67
f 85/62/66 106/62/67 105/62/66
f 86/62/67 87/62/68 107/62/68
f 86/62/67 107/62/68 106/62/67
f 87/62/68 88/62/69 108/62/69
f 87/62/68 108/62/69 107/62/68
f 88/62/69 89/62/70 109/62/70
f 88/62/69 109/62/70 108/62/69
f 89/62/70 90/62/71 110/62/71
f 89/62/70 110/62/71 109/62/70
f 90/62/71 91/62/72 111/62/72
f 90/62/71 111/62/72 110/62/71
f 91/62/72 92/62/73 112/62/73
f 91/62/72 112/62/73 111/62/72
f 92/62/73 93/62/74 113/62/74
f 92/62/73 113/62/74 112/62/73
f 93/62/74 94/62/75 114/62/75
f 93/62/74 114/62/75 113/62/74
f 94/62/75 95/62/76 115/62/76
f 94/62/75 115/62/76 114/62/75
f 95/62/76 96/62/77 116/62/77
f 95/62/76 116/62/77 115/62/76
f 96/62/77 97/62/78 117/62/78
f 96/62/77 117/62/78 116/62/77
f 97/62/78 98/62/79 118/62/79
f 97/62/78 118/62/79 117/62/78
f 98/62/79 99/62/80 119/62/80
f 98/62/79 119/62/80 118/62/79
f 99/62/80 100/62/81 120/62/81
f 99/62/80 120/62/81 119/62/80
f 100/62/81 82/62/63 102/62/63
f 100/62/81 102/62/63 120/62/81
f 102/62/63 101/62/62 121/62/82
f 102/62/63 121/62/82 122/62/83
f 101/62/62 103/62/64 123/62/84
f 101/62/62 123/62/84 121/62/82
f 103/62/64 104/62/65 124/62/85
f 103/62/64 124/62/85 123/62/84
f 104/62/65 105/62/66 125/62/86
f 104/62/65 125/62/86 124/62/85
f 105/62/66 106/62/67 126/62/87
f 105/62/66 126/62/87 125/62/86
f 106/62/67 107/62/68 127/62/88
f 106/62/67 127/62/88 126/62/87
f 107/62/68 108/62/69 128/62/89
f 107/62/68 128/62/89 127/62/88
f 108/62/69 109/62/70 129/62/90
f 108/62/69 129/62/90 128/62/89
f 109/62/70 110/62/71 130/62/91
f 109/62/70 130/62/91 129/62/90
f 110/62/71 111/62/72 131/62/92
f 110/62/71 131/62/92 130/62/91
f 111/62/72 112/62/73 132/62/93
f 111/62/72 132/62/93 131/62/92
f 112/62/73 113/62/74 133/62/94
f 112/62/73 133/62/94 132/62/93
f 113/62/74 114/62/75 134/62/95
f 113/62/74 134/62/95 133/62/94
f 114/62/75 115/62/76 135/62/96
f 114/62/75 135/62/96 134/62/95
f 115/62/76 116/62/77 136/62/97
f 115/62/76 136/62/97 135/62/96
f 116/62/77 117/62/78 137/62/98
f 116/62/77 137/62/98 136/62/97
f 117/62/78 118/62/79 138/62/99
f 117/62/78 138/62/99 137/62/98
f 118/62/79 119/62/80 139/62/100
f 118/62/79 139/62/100 138/62/99
f 119/62/80 120/62/81 140/62/101
f 119/62/80 140/62/101 139/62/100
f 120/62/81 102/62/63 122/62/83
f 120/62/81 122/62/83 140/62/101
f 122/62/83 121/62/82 141/62/102
f 122/82/83 141/83/102 142/84/103
f 121/62/82 123/62/84 143/62/104
f 121/85/82 143/86/104 141/83/102
f 123/62/84 124/62/85 144/62/105
f 123/87/84 144/88/105 143/86/104
f 124/62/85 125/62/86 145/62/106
f 124/89/85 145/90/106 144/88/105
f 125/62/86 126/62/87 146/62/107
f 125/91/86 146/92/107 145/90/106
f 126/62/87 127/62/88 147/62/108
f 126/93/87 147/94/108 146/92/107
f 127/62/88 128/62/89 148/62/109
f 127/95/88 148/96/109 147/94/108
f 128/62/89 129/62/90 149/62/110
f 128/97/89 149/98/110 148/96/109
f 129/62/90 130/62/91 150/62/111
f 129/99/90 150/100/111 149/98/110
f 130/62/91 131/62/92 151/62/112
f 130/101/91 151/102/112 150/100/111
f 131/62/92 132/62/93 152/62/113
f 131/103/92 152/104/113 151/102/112
f 132/62/93 133/62/94 153/62/114
f 132/105/93 153/106/114 152/104/113
f 133/62/94 134/62/95 154/62/115
f 133/107/94 154/108/115 153/106/114
f 134/62/95 135/62/96 155/62/116
f 134/109/95 155/110/116 154/108/115
f 135/62/96 136/62/97 156/62/117
f 135/111/96 156/112/117 155/110/116
f 136/62/97 137/62/98 157/62/118
f 136/113/97 157/114/118 156/112/117
f 137/62/98 138/62/99 158/62/119
f 137/115/98 158/116/119 157/114/118
f 138/62/99 139/62/100 159/62/120
f 138/117/99 159/118/120 158/116/119
f 139/62/100 140/62/101 160/62/121
f 139/119/100 160/120/121 159/118/120
f 140/62/101 122/62/83 142/62/103
f 140/121/101 142/84/103 160/120/121
f 142/84/103 141/83/102 161/122/122
f 142/84/103 161/122/122 162/123/123
f 141/83/102 143/86/104 163/124/124
f 141/83/102 163/124/124 161/122/122
f 143/86/104 144/88/105 164/125/125
f 143/86/104 164/125/125 163/124/124
f 144/88/105 145/90/106 165/126/126
f 144/88/105 165/126/126 164/125/125
f 145/90/106 146/92/107 166/127/127
f 145/90/106 166/127/127 165/126/126
f 146/92/107 147/94/108 167/128/128
f 146/92/107 167/128/128 166/127/127
f 147/94/108 148/96/109 168/129/129
f 147/94/108 168/129/129 167/128/128
f 148/96/109 149/98/110 169/130/130
f 148/96/109 169/130/130 168/129/129
f 149/98/110 150/100/111 170/131/131
f 149/98/110 170/131/131 169/130/130
f 150/100/111 151/102/112 171/132/132
f 150/100/111 171/132/132 170/131/131
f 151/102/112 152/104/113 172/133/133
f 151/102/112 172/133/133 171/132/132
f 152/104/113 153/106/114 173/134/134
f 152/104/113 173/134/134 172/133/133
f 153/106/114 154/108/115 174/135/135
f 153/106/114 174/135/135 173/134/134
f 154/108/115 155/110/116 175/136/136
f 154/108/115 175/136/136 174/135/135
f 155/110/116 156/112/117 176/137/137
f 155/110/116 176/137/137 175/136/136
f 156/112/117 157/114/118 177/138/138
f 156/112/117 177/138/138 176/137/137
f 157/114/118 158/116/119 178/139/139
f 157/114/118 178/139/139 177/138/138
f 158/116/119 159/118/120 179/140/140
f 158/116/119 179/140/140 178/139/139
f 159/118/120 160/120/121 180/141/141
f 159/118/120 180/141/141 179/140/140
f 160/120/121 142/84/103 162/123/123
f 160/120/121 162/123/123 180/141/141
f 162/123/123 161/122/122 181/142/142
f 162/123/123 181/142/142 182/143/142
f 161/122/122 163/124/124 183/144/142
f 161/122/122 183/144/142 181/142/142
f 163/124/124 164/125/125 184/145/142
f 163/124/124 184/145/142 183/144/142
f 164/125/125 165/126/126 185/146/142
f 164/125/125 185/146/142 184/145/142
f 165/126/126 166/127/127 186/147/142
f 165/126/126 186/147/142 185/146/142
f 166/127/127 167/128/128 187/148/142
f 166/127/127 187/148/142 186/147/142
f 167/128/128 168/129/129 188/149/142
f 167/128/128 188/149/142 187/148/142
f 168/129/129 169/130/130 189/150/142
f 168/129/129 189/150/142 188/149/142
f 169/130/130 170/131/131 190/151/142
f 169/130/130 190/151/142 189/150/142
f 170/131/131 171/132/132 191/152/142
f 170/131/131 191/152/142 190/151/142
f 171/132/132 172/133/133 192/153/142
f 171/132/132 192/153/142 191/152/142
f 172/133/133 173/134/134 193/154/142
f 172/133/133 193/154/142 192/153/142
f 173/134/134 174/135/135 194/155/142
f 173/134/134 194/155/142 193/154/142
f 174/135/135 175/136/136 195/156/142
f 174/135/135 195/156/142 194/155/142
f 175/136/136 176/137/137 196/157/142
f 175/136/136 196/157/142 195/156/142
f 176/137/137 177/138/138 197/158/142
f 176/137/137 197/158/142 196/157/142
f 177/138/138 178/139/139 198/159/142
f 177/138/138 198/159/142 197/158/142
f 178/139/139 179/140/140 199/160/142
f 178/139/139 199/160/142 198/159/142
f 179/140/140 180/141/141 200/161/142
f 179/140/140 200/161/142 199/160/142
f 180/141/141 162/123/123 182/143/142
f 180/141/141 182/143/142 200/161/142
f 201/162/1 2/2/1 1/1/1
f 201/162/1 5/5/1 2/2/1
f 201/162/1 7/7/1 5/5/1
f 201/162/1 9/9/1 7/7/1
f 201/162/1 11/11/1 9/9/1
f 201/162/1 13/13/1 11/11/1
f 201/162/1 15/15/1 13/13/1
f 201/162/1 17/17/1 15/15/1
f 201/162/1 19/19/1 17/17/1
f 201/162/1 21/21/1 19/19/1
f 201/162/1 23/23/1 21/21/1
f 201/162/1 25/25/1 23/23/1
f 201/162/1 27/27/1 25/25/1
f 201/162/1 29/29/1 27/27/1
f 201/162/1 31/31/1 29/29/1
f 201/162/1 33/33/1 31/31/1
f 201/162/1 35/35/1 33/33/1
f 201/162/1 37/37/1 35/35/1
f 201/162/1 39/39/1 37/37/1
f 201/162/1 1/1/1 39/39/1
f 202/163/142 182/143/142 181/142/142
f 202/163/142 181/142/142 183/144/142
f 202/163/142 183/144/142 184/145/142
f 202/163/142 184/145/142 185/146/142
f 202/163/142 185/146/142 186/147/142
f 202/163/142 186/147/142 187/148/142
f 202/163/142 187/148/142 188/149/142
f 202/163/142 188/149/142 189/150/142
f 202/163/142 189/150/142 190/151/142
f 202/163/142 190/151/142 191/152/142
f 202/163/142 191/152/142 192/153/142
f 202/163/142 192/153/142 193/154/142
f 202/163/142 193/154/142 194/155/142
f 202/163/142 194/155/142 195/156/142
f 202/163/142 195/156/142 196/157/142
f 202/163/142 196/157/142 197/158/142
f 202/163/142 197/158/142 198/159/142
f 202/163/142 198/159/142 199/160/142
f 202/163/142 199/160/142 200/161/142
f 202/163/142 200/161/142 182/143/142
f 203/164/1 204/165/1 205/166/2
f 203/164/1 205/166/2 206/167/3
f 204/165/1 207/168/1 208/169/4
f 204/165/1 208/169/4 205/166/2
f 207/168/1 209/170/1 210/171/5
f 207/168/1 210/171/5 208/169/4
f 209/170/1 211/172/1 212/173/6
f 209/170/1 212/173/6 210/171/5
f 211/172/1 213/174/1 214/175/7
f 211/172/1 214/175/7 212/173/6
f 213/174/1 215/176/1 216/177/8
f 213/174/1 216/177/8 214/175/7
f 215/176/1 217/178/1 218/179/9
f 215/176/1 218/179/9 216/177/8
f 217/178/1 219/180/1 220/181/10
f 217/178/1 220/181/10 218/179/9
f 219/180/1 221/182/1 222/183/11
f 219/180/1 222/183/11 220/181/10
f 221/182/1 223/184/1 224/185/12
f 221/182/1 224/185/12 222/183/11
f 223/184/1 225/186/1 226/187/13
f 223/184/1 226/187/13 224/185/12
f 225/186/1 227/188/1 228/189/14
f 225/186/1 228/189/14 226/187/13
f 227/188/1 229/190/1 230/191/15
f 227/188/1 230/191/15 228/189/14
f 229/190/1 231/192/1 232/193/16
f 229/190/1 232/193/16 230/191/15
f 231/192/1 233/194/1 234/195/17
f 231/192/1 234/195/17 232/193/16
f 233/194/1 235/196/1 236/197/18
f 233/194/1 236/197/18 234/195/17
f 235/196/1 237/198/1 238/199/19
f 235/196/1 238/199/19 236/197/18
f 237/198/1 239/200/1 240/201/20
f 237/198/1 240/201/20 238/199/19
f 239/200/1 241/202/1 242/203/21
f 239/200/1 242/203/21 240/201/20
f 241/202/1 203/164/1 206/167/3
f 241/202/1 206/167/3 242/203/21
f 206/167/3 205/166/2 243/204/22
f 206/167/3 243/204/22 244/205/23
f 205/166/2 208/169/4 245/206/24
f 205/166/2 245/206/24 243/204/22
f 208/169/4 210/171/5 246/207/25
f 208/169/4 246/207/25 245/206/24
f 210/171/5 212/173/6 247/208/26
f 210/171/5 247/208/26 246/207/25
f 212/173/6 214/175/7 248/209/27
f 212/173/6 248/209/27 247/208/26
f 214/175/7 216/177/8 249/210/28
f 214/175/7 249/210/28 248/209/27
f 216/177/8 218/179/9 250/211/29
f 216/177/8 250/211/29 249/210/28
f 218/179/9 220/181/10 251/212/30
f 218/179/9 251/212/30 250/211/29
f 220/181/10 222/183/11 252/213/31
f 220/181/10 252/213/31 251/212/30
f 222/183/11 224/185/12 253/214/32
f 222/183/11 253/214/32 252/213/31
f 224/185/12 226/187/13 254/215/33
f 224/185/12 254/215/33 253/214/32
f 226/187/13 228/189/14 255/216/34
f 226/187/13 255/216/34 254/215/33
f 228/189/14 230/191/15 256/217/35
f 228/189/14 256/217/35 255/216/34
f 230/191/15 232/193/16 257/218/36
f 230/191/15 257/218/36 256/217/35
f 232/193/16 234/195/17 258/219/37
f 232/193/16 258/219/37 257/218/36
f 234/195/17 236/197/18 259/220/38
f 234/195/17 259/220/38 258/219/37
f 236/197/18 238/199/19 260/221/39
f 236/197/18 260/221/39 259/220/38
f 238/199/19 240/201/20 261/222/40
f 238/199/19 261/222/40 260/221/39
f 240/201/20 242/203/21 262/223/41
f 240/201/20 262/223/41 261/222/40
f 242/203/21 206/167/3 244/205/23
f 242/203/21 244/205/23 262/223/41
f 244/205/23 243/204/22 263/224/42
f 244/225/23 263/225/42 264/225/43
f 243/204/22 245/206/24 265/226/44
f 243/225/22 265/225/44 263/225/42
f 245/206/24 246/207/25 266/227/45
f 245/225/24 266/225/45 265/225/44
f 246/207/25 247/208/26 267/228/46
f 246/225/25 267/225/46 266/225/45
f 247/208/26 248/209/27 268/229/47
f 247/225/26 268/225/47 267/225/46
f 248/209/27 249/210/28 269/230/48
f 248/225/27 269/225/48 268/225/47
f 249/210/28 250/211/29 270/231/49
f 249/225/28 270/225/49 269/225/48
f 250/211/29 251/212/30 271/232/50
f 250/225/29 271/225/50 270/225/49
f 251/212/30 252/213/31 272/233/51
f 251/225/30 272/225/51 271/225/50
f 252/213/31 253/214/32 273/234/52
f 252/225/31 273/225/52 272/225/51
f 253/214/32 254/215/33 274/235/53
f 253/225/32 274/225/53 273/225/52
f 254/215/33 255/216/34 275/236/54
f 254/225/33 275/225/54 274/225/53
f 255/216/34 256/217/35 276/237/55
f 255/225/34 276/225/55 275/225/54
f 256/217/35 257/218/36 277/238/56
f 256/225/35 277/225/56 276/225/55
f 257/218/36 258/219/37 278/239/57
f 257/225/36 278/225/57 277/225/56
f 258/219/37 259/220/38 279/240/58
f 258/225/37 279/225/58 278/225/57
f 259/220/38 260/221/39 280/241/59
f 259/225/38 280/225/59 279/225/58
f 260/221/39 261/222/40 281/242/60
f 260/225/39 281/225/60 280/225/59
f 261/222/40 262/223/41 282/243/61
f 261/225/40 282/225/61 281/225/60
f 262/223/41 244/205/23 264/244/43
f 262/225/41 264/225/43 282/225/61
f 264/225/43 263/225/42 283/225/62
f 264/225/43 283/225/62 284/225/63
f 263/225/42 265/225/44 285/225/64
f 263/225/42 285/225/64 283/225/62
f 265/225/44 266/225/45 286/225/65
f 265/225/44 286/225/65 285/225/64
f 266/225/45 267/225/46 287/225/66
f 266/225/45 287/225/66 286/225/65
f 267/225/46 268/225/47 288/225/67
f 267/225/46 288/225/67 287/225/66
f 268/225/47 269/225/48 289/225/68
f 268/225/47 289/225/68 288/225/67
f 269/225/48 270/225/49 290/225/69
f 269/225/48 290/225/69 289/225/68
f 270/225/49 271/225/50 291/225/70
f 270/225/49 291/225/70 290/225/69
f 271/225/50 272/225/51 292/225/71
f 271/225/50 292/225/71 291/225/70
f 272/225/51 273/225/52 293/225/72
f 272/225/51 293/225/72 292/225/71
f 273/225/52 274/225/53 294/225/73
f 273/225/52 294/225/73 293/225/72
f 274/225/53 275/225/54 295/225/74
f 274/225/53 295/225/74 294/225/73
f 275/225/54 276/225/55 296/225/75
f 275/225/54 296/225/75 295/225/74
f 276/225/55 277/225/56 297/225/76
f 276/225/55 297/225/76 296/225/75
f 277/225/56 278/225/57 298/225/77
f 277/225/56 298/225/77 297/225/76
f 278/225/57 279/225/58 299/225/78
f 278/225/57 299/225/78 298/225/77
f 279/225/58 280/225/59 300/225/79
f 279/225/58 300/225/79 299/225/78
f 280/225/59 281/225/60 301/225/80
f 280/225/59 301/225/80 300/225/79
f 281/225/60 282/225/61 302/225/81
f 281/225/60 302/225/81 301/225/80
f 282/225/61 264/225/43 284/225/63
f 282/225/61 284/225/63 302/225/81
f 284/225/63 283/225/62 303/225/62
f 284/225/63 303/225/62 304/225/63
f 283/225/62 285/225/64 305/225/64
f 283/225/62 305/225/64 303/225/62
f 285/225/64 286/225/65 306/225/65
f 285/225/64 306/225/65 305/225/64
f 286/225/65 287/225/66 307/225/66
f 286/225/65 307/225/66 306/225/65
f 287/225/66 288/225/67 308/225/67
f 287/225/66 308/225/67 307/225/66
f 288/225/67 289/225/68 309/225/68
f 288/225/67 309/225/68 308/225/67
f 289/225/68 290/225/69 310/225/69
f 289/225/68 310/225/69 309/225/68
f 290/225/69 291/225/70 311/225/70
f 290/225/69 311/225/70 310/225/69
f 291/225/70 292/225/71 312/225/71
f 291/225/70 312/225/71 311/225/70
f 292/225/71 293/225/72 313/225/72
f 292/225/71 313/225/72 312/225/71
f 293/225/72 294/225/73 314/225/73
f 293/225/72 314/225/73 313/225/72
f 294/225/73 295/225/74 315/225/74
f 294/225/73 315/225/74 314/225/73
f 295/225/74 296/225/75 316/225/75
f 295/225/74 316/225/75 315/225/74
f 296/225/75 297/225/76 317/225/76
f 296/225/75 317/225/76 316/225/75
f 297/225/76 298/225/77 318/225/77
f 297/225/76 318/225/77 317/225/76
f 298/225/77 299/225/78 319/225/78
f 298/225/77 319/225/78 318/225/77
f 299/225/78 300/225/79 320/225/79
f 299/225/78 320/225/79 319/225/78
f 300/225/79 301/225/80 321/225/80
f 300/225/79 321/225/80 320/225/79
f 301/225/80 302/225/81 322/225/81
f 301/225/80 322/225/81 321/225/80
f 302/225/81 284/225/63 304/225/63
f 302/225/81 304/225/63 322/225/81
f 304/225/63 303/225/62 323/225/82
f 304/225/63 323/225/82 324/225/83
f 303/225/62 305/225/64 325/225/84
f 303/225/62 325/225/84 323/225/82
f 305/225/64 306/225/65 326/225/85
f 305/225/64 326/225/85 325/225/84
f 306/225/65 307/225/66 327/225/86
f 306/225/65 327/225/86 326/225/85
f 307/225/66 308/225/67 328/225/87
f 307/225/66 328/225/87 327/225/86
f 308/225/67 309/225/68 329/225/88
f 308/225/67 329/225/88 328/225/87
f 309/225/68 310/225/69 330/225/89
f 309/225/68 330/225/89 329/225/88
f 310/225/69 311/225/70 331/225/90
f 310/225/69 331/225/90 330/225/89
f 311/225/70 312/225/71 332/225/91
f 311/225/70 332/225/91 331/225/90
f 312/225/71 313/225/72 333/225/92
f 312/225/71 333/225/92 332/225/91
f 313/225/72 314/225/73 334/225/93
f 313/225/72 334/225/93 333/225/92
f 314/225/73 315/225/74 335/225/94
f 314/225/73 335/225/94 334/225/93
f 315/225/74 316/225/75 336/225/95
f 315/225/74 336/225/95 335/225/94
f 316/225/75 317/225/76 337/225/96
f 316/225/75 337/225/96 336/225/95
f 317/225/76 318/225/77 338/225/97
f 317/225/76 338/225/97 337/225/96
f 318/225/77 319/225/78 339/225/98
f 318/225/77 339/225/98 338/225/97
f 319/225/78 320/225/79 340/225/99
f 319/225/78 340/225/99 339/225/98
f 320/225/79 321/225/80 341/225/100
f 320/225/79 341/225/100 340/225/99
f 321/225/80 322/225/81 342/225/101
f 321/225/80 342/225/101 341/225/100
f 322/225/81 304/225/63 324/225/83
f 322/225/81 324/225/83 342/225/101
f 324/225/83 323/225/82 343/225/102
f 324/245/83 343/246/102 344/247/103
f 323/225/82 325/225/84 345/225/104
f 323/248/82 345/249/104 343/246/102
f 325/225/84 326/225/85 346/225/105
f 325/250/84 346/251/105 345/249/104
f 326/225/85 327/225/86 347/225/106
f 326/252/85 347/253/106 346/251/105
f 327/225/86 328/225/87 348/225/107
f 327/254/86 348/255/107 347/253/106
f 328/225/87 329/225/88 349/225/108
f 328/256/87 349/257/108 348/255/107
f 329/225/88 330/225/89 350/225/109
f 329/258/88 350/259/109 349/257/108
f 330/225/89 331/225/90 351/225/110
f 330/260/89 351/261/110 350/259/109
f 331/225/90 332/225/91 352/225/111
f 331/262/90 352/263/111 351/261/110
f 332/225/91 333/225/92 353/225/112
f 332/264/91 353/265/112 352/263/111
f 333/225/92 334/225/93 354/225/113
f 333/266/92 354/267/113 353/265/112
f 334/225/93 335/225/94 355/225/114
f 334/268/93 355/269/114 354/267/113
f 335/225/94 336/225/95 356/225/115
f 335/270/94 356/271/115 355/269/114
f 336/225/95 337/225/96 357/225/116
f 336/272/95 357/273/116 356/271/115
f 337/225/96 338/225/97 358/225/117
f 337/274/96 358/275/117 357/273/116
f 338/225/97 339/225/98 359/225/118
f 338/276/97 359/277/118 358/275/117
f 339/225/98 340/225/99 360/225/119
f 339/278/98 360/279/119 359/277/118
f 340/225/99 341/225/100 361/225/120
f 340/280/99 361/281/120 360/279/119
f 341/225/100 342/225/101 362/225/121
f 341/282/100 362/283/121 361/281/120
f 342/225/101 324/225/83 344/225/103
f 342/284/101 344/247/103 362/283/121
f 344/247/103 343/246/102 363/285/122
f 344/247/103 363/285/122 364/286/123
f 343/246/102 345/249/104 365/287/124
f 343/246/102 365/287/124 363/285/122
f 345/249/104 346/251/105 366/288/125
f 345/249/104 366/288/125 365/287/124
f 346/251/105 347/253/106 367/289/126
f 346/251/105 367/289/126 366/288/125
f 347/253/106 348/255/107 368/290/127
f 347/253/106 368/290/127 367/289/126
f 348/255/107 349/257/108 369/291/128
f 348/255/107 369/291/128 368/290/127
f 349/257/108 350/259/109 370/292/129
f 349/257/108 370/292/129 369/291/128
f 350/259/109 351/261/110 371/293/130
f 350/259/109 371/293/130 370/292/129
f 351/261/110 352/263/111 372/294/131
f 351/261/110 372/294/131 371/293/130
f 352/263/111 353/265/112 373/295/132
f 352/263/111 373/295/132 372/294/131
f 353/265/112 354/267/113 374/296/133
f 353/265/112 374/296/133 373/295/132
f 354/267/113 355/269/114 375/297/134
f 354/267/113 375/297/134 374/296/133
f 355/269/114 356/271/115 376/298/135
f 355/269/114 376/298/135 375/297/134
f 356/271/115 357/273/116 377/299/136
f 356/271/115 377/299/136 376/298/135
f 357/273/116 358/275/117 378/300/137
f 357/273/116 378/300/137 377/299/136
f 358/275/117 359/277/118 379/301/138
f 358/275/117 379/301/138 378/300/137
f 359/277/118 360/279/119 380/302/139
f 359/277/118 380/302/139 379/301/138
f 360/279/119 361/281/120 381/303/140
f 360/279/119 381/303/140 380/302/139
f 361/281/120 362/283/121 382/304/141
f 361/281/120 382/304/141 381/303/140
f 362/283/121 344/247/103 364/286/123
f 362/283/121 364/286/123 382/304/141
f 364/286/123 363/285/122 383/305/142
f 364/286/123 383/305/142 384/306/142
f 363/285/122 365/287/124 385/307/142
f 363/285/122 385/307/142 383/305/142
f 365/287/124 366/288/125 386/308/142
f 365/287/124 386/308/142 385/307/142
f 366/288/125 367/289/126 387/309/142
f 366/288/125 387/309/142 386/308/142
f 367/289/126 368/290/127 388/310/142
f 367/289/126 388/310/142 387/309/142
f 368/290/127 369/291/128 389/311/142
f 368/290/127 389/311/142 388/310/142
f 369/291/128 370/292/129 390/312/142
f 369/291/128 390/312/142 389/311/142
f 370/292/129 371/293/130 391/313/142
f 370/292/129 391/313/142 390/312/142
f 371/293/130 372/294/131 392/314/142
f 371/293/130 392/314/142 391/313/142
f 372/294/131 373/295/132 393/315/142
f 372/294/131 393/315/142 392/314/142
f 373/295/132 374/296/133 394/316/142
f 373/295/132 394/316/142 393/315/142
f 374/296/133 375/297/134 395/317/142
f 374/296/133 395/317/142 394/316/142
f 375/297/134 376/298/135 396/318/142
f 375/297/134 396/318/142 395/317/142
f 376/298/135 377/299/136 397/319/142
f 376/298/135 397/319/142 396/318/142
f 377/299/136 378/300/137 398/320/142
f 377/299/136 398/320/142 397/319/142
f 378/300/137 379/301/138 399/321/142
f 378/300/137 399/321/142 398/320/142
f 379/301/138 380/302/139 400/322/142
f 379/301/138 400/322/142 399/321/142
f 380/302/139 381/303/140 401/323/142
f 380/302/139 401/323/142 400/322/142
f 381/303/140 382/304/141 402/324/142
f 381/303/140 402/324/142 401/323/142
f 382/304/141 364/286/123 384/306/142
f 382/304/141 384/306/142 402/324/142
f 403/325/1 204/165/1 203/164/1
f 403/325/1 207/168/1 204/165/1
f 403/325/1 209/170/1 207/168/1
f 403/325/1 211/172/1 209/170/1
f 403/325/1 213/174/1 211/172/1
f 403/325/1 215/176/1 213/174/1
f 403/325/1 217/178/1 215/176/1
f 403/325/1 219/180/1 217/178/1
f 403/325/1 221/182/1 219/180/1
f 403/325/1 223/184/1 221/182/1
f 403/325/1 225/186/1 223/184/1
f 403/325/1 227/188/1 225/186/1
f 403/325/1 229/190/1 227/188/1
f 403/325/1 231/192/1 229/190/1
f 403/325/1 233/194/1 231/192/1
f 403/325/1 235/196/1 233/194/1
f 403/325/1 237/198/1 235/196/1
f 403/325/1 239/200/1 237/198/1
f 403/325/1 241/202/1 239/200/1
f 403/325/1 203/164/1 241/202/1
f 404/326/142 384/306/142 383/305/142
f 404/326/142 383/305/142 385/307/142
f 404/326/142 385/307/142 386/308/142
f 404/326/142 386/308/142 387/309/142
f 404/326/142 387/309/142 388/310/142
f 404/326/142 388/310/142 389/311/142
f 404/326/142 389/311/142 390/312/142
f 404/326/142 390/312/142 391/313/142
f 404/326/142 391/313/142 392/314/142
f 404/326/142 392/314/142 393/315/142
f 404/326/142 393/315/142 394/316/142
f 404/326/142 394/316/142 395/317/142
f 404/326/142 395/317/142 396/318/142
f 404/326/142 396/318/142 397/319/142
f 404/326/142 397/319/142 398/320/142
f 404/326/142 398/320/142 399/321/142
f 404/326/142 399/321/142 400/322/142
f 404/326/142 400/322/142 401/323/142
f 404/326/142 401/323/142 402/324/142
f 404/326/142 402/324/142 384/306/142
f 405/327/1 406/327/1 407/327/143
f 405/327/1 407/327/143 408/327/144
f 406/327/1 409/327/1 410/327/145
f 406/327/1 410/327/145 407/327/143
f 409/327/1 411/327/1 412/327/146
f 409/327/1 412/327/146 410/327/145
f 411/327/1 413/327/1 414/327/147
f 411/327/1 414/327/147 412/327/146
f 413/327/1 415/327/1 416/327/148
f 413/327/1 416/327/148 414/327/147
f 415/327/1 417/327/1 418/327/149
f 415/327/1 418/327/149 416/327/148
f 417/327/1 419/327/1 420/327/150
f 417/327/1 420/327/150 418/327/149
f 419/327/1 421/327/1 422/327/151
f 419/327/1 422/327/151 420/327/150
f 421/327/1 423/327/1 424/327/152
f 421/327/1 424/327/152 422/327/151
f 423/327/1 425/327/1 426/327/153
f 423/327/1 426/327/153 424/327/152
f 425/327/1 427/327/1 428/327/154
f 425/327/1 428/327/154 426/327/153
f 427/327/1 429/327/1 430/327/155
f 427/327/1 430/327/155 428/327/154
f 429/327/1 431/327/1 432/327/156
f 429/327/1 432/327/156 430/327/155
f 431/327/1 433/327/1 434/327/157
f 431/327/1 434/327/157 432/327/156
f 433/327/1 435/327/1 436/327/158
f 433/327/1 436/327/158 434/327/157
f 435/327/1 437/327/1 438/327/159
f 435/327/1 438/327/159 436/327/158
f 437/327/1 439/327/1 440/327/160
f 437/327/1 440/327/160 438/327/159
f 439/327/1 441/327/1 442/327/161
f 439/327/1 442/327/161 440/327/160
f 441/327/1 443/327/1 444/327/162
f 441/327/1 444/327/162 442/327/161
f 443/327/1 405/327/1 408/327/144
f 443/327/1 408/327/144 444/327/162
f 408/327/144 407/327/143 445/327/163
f 408/327/144 445/327/163 446/327/164
f 407/327/143 410/327/145 447/327/165
f 407/327/143 447/327/165 445/327/163
f 410/327/145 412/327/146 448/327/166
f 410/327/145 448/327/166 447/327/165
f 412/327/146 414/327/147 449/327/167
f 412/327/146 449/327/167 448/327/166
f 414/327/147 416/327/148 450/327/168
f 414/327/147 450/327/168 449/327/167
f 416/327/148 418/327/149 451/327/169
f 416/327/148 451/327/169 450/327/168
f 418/327/149 420/327/150 452/327/170
f 418/327/149 452/327/170 451/327/169
f 420/327/150 422/327/151 453/327/171
f 420/327/150 453/327/171 452/327/170
f 422/327/151 424/327/152 454/327/172
f 422/327/151 454/327/172 453/327/171
f 424/327/152 426/327/153 455/327/173
f 424/327/152 455/327/173 454/327/172
f 426/327/153 428/327/154 456/327/174
f 426/327/153 456/327/174 455/327/173
f 428/327/154 430/327/155 457/327/175
f 428/327/154 457/327/175 456/327/174
f 430/327/155 432/327/156 458/327/176
f 430/327/155 458/327/176 457/327/175
f 432/327/156 434/327/157 459/327/177
f 432/327/156 459/327/177 458/327/176
f 434/327/157 436/327/158 460/327/178
f 434/327/157 460/327/178 459/327/177
f 436/327/158 438/327/159 461/327/179
f 436/327/158 461/327/179 460/327/178
f 438/327/159 440/327/160 462/327/180
f 438/327/159 462/327/180 461/327/179
f 440/327/160 442/327/161 463/327/181
f 440/327/160 463/327/181 462/327/180
f 442/327/161 444/327/162 464/327/182
f 442/327/161 464/327/182 463/327/181
f 444/327/162 408/327/144 446/327/164
f 444/327/162 446/327/164 464/327/182
f 446/327/164 445/327/163 465/327/62
f 446/327/164 465/327/62 466/327/63
f 445/327/163 447/327/165 467/327/64
f 445/327/163 467/327/64 465/327/62
f 447/327/165 448/327/166 468/327/65
f 447/327/165 468/327/65 467/327/64
f 448/327/166 449/327/167 469/327/66
f 448/327/166 469/327/66 468/327/65
f 449/327/167 450/327/168 470/327/67
f 449/327/167 470/327/67 469/327/66
f 450/327/168 451/327/169 471/327/68
f 450/327/168 471/327/68 470/327/67
f 451/327/169 452/327/170 472/327/69
f 451/327/169 472/327/69 471/327/68
f 452/327/170 453/327/171 473/327/70
f 452/327/170 473/327/70 472/327/69
f 453/327/171 454/327/172 474/327/71
f 453/327/171 474/327/71 473/327/70
f 454/327/172 455/327/173 475/327/72
f 454/327/172 475/327/72 474/327/71
f 455/327/173 456/327/174 476/327/73
f 455/327/173 476/327/73 475/327/72
f 456/327/174 457/327/175 477/327/74
f 456/327/174 477/327/74 476/327/73
f 457/327/175 458/327/176 478/327/75
f 457/327/175 478/327/75 477/327/74
f 458/327/176 459/327/177 479/327/76
f 458/327/176 479/327/76 478/327/75
f 459/327/177 460/327/178 480/327/77
f 459/327/177 480/327/77 479/327/76
f 460/327/178 461/327/179 481/327/78
f 460/327/178 481/327/78 480/327/77
f 461/327/179 462/327/180 482/327/79
f 461/327/179 482/327/79 481/327/78
f 462/327/180 463/327/181 483/327/80
f 462/327/180 483/327/80 482/327/79
f 463/327/181 464/327/182 484/327/81
f 463/327/181 484/327/81 483/327/80
f 464/327/182 446/327/164 466/327/63
f 464/327/182 466/327/63 484/327/81
f 466/327/63 465/327/62 485/327/62
f 466/327/63 485/327/62 486/327/63
f 465/327/62 467/327/64 487/327/64
f 465/327/62 487/327/64 485/327/62
f 467/327/64 468/327/65 488/327/65
f 467/327/64 488/327/65 487/327/64
f 468/327/65 469/327/66 489/327/66
f 468/327/65 489/327/66 488/327/65
f 469/327/66 470/327/67 490/327/67
f 469/327/66 490/327/67 489/327/66
f 470/327/67 471/327/68 491/327/68
f 470/327/67 491/327/68 490/327/67
f 471/327/68 472/327/69 492/327/69
f 471/327/68 492/327/69 491/327/68
f 472/327/69 473/327/70 493/327/70
f 472/327/69 493/327/70 492/327/69
f 473/327/70 474/327/71 494/327/71
f 473/327/70 494/327/71 493/327/70
f 474/327/71 475/327/72 495/327/72
f 474/327/71 495/327/72 494/327/71
f 475/327/72 476/327/73 496/327/73
f 475/327/72 496/327/73 495/327/72
f 476/327/73 477/327/74 497/327/74
f 476/327/73 497/327/74 496/327/73
f 477/327/74 478/327/75 498/327/75
f 477/327/74 498/327/75 497/327/74
f 478/327/75 479/327/76 499/327/76
f 478/327/75 499/327/76 498/327/75
f 479/327/76 480/327/77 500/327/77
f 479/327/76 500/327/77 499/327/76
f 480/327/77 481/327/78 501/327/78
f 480/327/77 501/327/78 500/327/77
f 481/327/78 482/327/79 502/327/79
f 481/327/78 502/327/79 501/327/78
f 482/327/79 483/327/80 503/327/80
f 482/327/79 503/327/80 502/327/79
f 483/327/80 484/327/81 504/327/81
f 483/327/80 504/327/81 503/327/80
f 484/327/81 466/327/63 486/327/63
f 484/327/81 486/327/63 504/327/81
f 486/327/63 485/327/62 505/327/183
f 486/327/63 505/327/183 506/327/184
f 485/327/62 487/327/64 507/327/185
f 485/327/62 507/327/185 505/327/183
f 487/327/64 488/327/65 508/327/186
f 487/327/64 508/327/186 507/327/185
f 488/327/65 489/327/66 509/327/187
f 488/327/65 509/327/187 508/327/186
f 489/327/66 490/327/67 510/327/188
f 489/327/66 510/327/188 509/327/187
f 490/327/67 491/327/68 511/327/189
f 490/327/67 511/327/189 510/327/188
f 491/327/68 492/327/69 512/327/190
f 491/327/68 512/327/190 511/327/189
f 492/327/69 493/327/70 513/327/191
f 492/327/69 513/327/191 512/327/190
f 493/327/70 494/327/71 514/327/192
f 493/327/70 514/327/192 513/327/191
f 494/327/71 495/327/72 515/327/193
f 494/327/71 515/327/193 514/327/192
f 495/327/72 496/327/73 516/327/194
f 495/327/72 516/327/194 515/327/193
f 496/327/73 497/327/74 517/327/195
f 496/327/73 517/327/195 516/327/194
f 497/327/74 498/327/75 518/327/196
f 497/327/74 518/327/196 517/327/195
f 498/327/75 499/327/76 519/327/197
f 498/327/75 519/327/197 518/327/196
f 499/327/76 500/327/77 520/327/198
f 499/327/76 520/327/198 519/327/197
f 500/327/77 501/327/78 521/327/199
f 500/327/77 521/327/199 520/327/198
f 501/327/78 502/327/79 522/327/200
f 501/327/78 522/327/200 521/327/199
f 502/327/79 503/327/80 523/327/201
f 502/327/79 523/327/201 522/327/200
f 503/327/80 504/327/81 524/327/202
f 503/327/80 524/327/202 523/327/201
f 504/327/81 486/327/63 506/327/184
f 504/327/81 506/327/184 524/327/202
f 506/327/184 505/327/183 525/327/203
f 506/327/184 525/327/203 526/327/204
f 505/327/183 507/327/185 527/327/205
f 505/327/183 527/327/205 525/327/203
f 507/327/185 508/327/186 528/327/206
f 507/327/185 528/327/206 527/327/205
f 508/327/186 509/327/187 529/327/207
f 508/327/186 529/327/207 528/327/206
f 509/327/187 510/327/188 530/327/208
f 509/327/187 530/327/208 529/327/207
f 510/327/188 511/327/189 531/327/209
f 510/327/188 531/327/209 530/327/208
f 511/327/189 512/327/190 532/327/210
f 511/327/189 532/327/210 531/327/209
f 512/327/190 513/327/191 533/327/211
f 512/327/190 533/327/211 532/327/210
f 513/327/191 514/327/192 534/327/212
f 513/327/191 534/327/212 533/327/211
f 514/327/192 515/327/193 535/327/213
f 514/327/192 535/327/213 534/327/212
f 515/327/193 516/327/194 536/327/214
f 515/327/193 536/327/214 535/327/213
f 516/327/194 517/327/195 537/327/215
f 516/327/194 537/327/215 536/327/214
f 517/327/195 518/327/196 538/327/216
f 517/327/195 538/327/216 537/327/215
f 518/327/196 519/327/197 539/327/217
f 518/327/196 539/327/217 538/327/216
f 519/327/197 520/327/198 540/327/218
f 519/327/197 540/327/218 539/327/217
f 520/327/198 521/327/199 541/327/219
f 520/327/198 541/327/219 540/327/218
f 521/327/199 522/327/200 542/327/220
f 521/327/199 542/327/220 541/327/219
f 522/327/200 523/327/201 543/327/221
f 522/327/200 543/327/221 542/327/220
f 523/327/201 524/327/202 544/327/222
f 523/327/201 544/327/222 543/327/221
f 524/327/202 506/327/184 526/327/204
f 524/327/202 526/327/204 544/327/222
f 526/327/204 525/327/203 545/327/142
f 526/327/204 545/327/142 546/327/142
f 525/327/203 527/327/205 547/327/142
f 525/327/203 547/327/142 545/327/142
f 527/327/205 528/327/206 548/327/142
f 527/327/205 548/327/142 547/327/142
f 528/327/206 529/327/207 549/327/142
f 528/327/206 549/327/142 548/327/142
f 529/327/207 530/327/208 550/327/142
f 529/327/207 550/327/142 549/327/142
f 530/327/208 531/327/209 551/327/142
f 530/327/208 551/327/142 550/327/142
f 531/327/209 532/327/210 552/327/142
f 531/327/209 552/327/142 551/327/142
f 532/327/210 533/327/211 553/327/142
f 532/327/210 553/327/142 552/327/142
f 533/327/211 534/327/212 554/327/142
f 533/327/211 554/327/142 553/327/142
f 534/327/212 535/327/213 555/327/142
f 534/327/212 555/327/142 554/327/142
f 535/327/213 536/327/214 556/327/142
f 535/327/213 556/327/142 555/327/142
f 536/327/214 537/327/215 557/327/142
f 536/327/214 557/327/142 556/327/142
f 537/327/215 538/327/216 558/327/142
f 537/327/215 558/327/142 557/327/142
f 538/327/216 539/327/217 559/327/142
f 538/327/216 559/327/142 558/327/142
f 539/327/217 540/327/218 560/327/142
f 539/327/217 560/327/142 559/327/142
f 540/327/218 541/327/219 561/327/142
f 540/327/218 561/327/142 560/327/142
f 541/327/219 542/327/220 562/327/142
f 541/327/219 562/327/142 561/327/142
f 542/327/220 543/327/221 563/327/142
f 542/327/220 563/327/142 562/327/142
f 543/327/221 544/327/222 564/327/142
f 543/327/221 564/327/142 563/327/142
f 544/327/222 526/327/204 546/327/142
f 544/327/222 546/327/142 564/327/142
f 565/327/1 406/327/1 405/327/1
f 565/327/1 409/327/1 406/327/1
f 565/327/1 411/327/1 409/327/1
f 565/327/1 413/327/1 411/327/1
f 565/327/1 415/327/1 413/327/1
f 565/327/1 417/327/1 415/327/1
f 565/327/1 419/327/1 417/327/1
f 565/327/1 421/327/1 419/327/1
f 565/327/1 423/327/1 421/327/1
f 565/327/1 425/327/1 423/327/1
f 565/327/1 427/327/1 425/327/1
f 565/327/1 429/327/1 427/327/1
f 565/327/1 431/327/1 429/327/1
f 565/327/1 433/327/1 431/327/1
f 565/327/1 435/327/1 433/327/1
f 565/327/1 437/327/1 435/327/1
f 565/327/1 439/327/1 437/327/1
f 565/327/1 441/327/1 439/327/1
f 565/327/1 443/327/1 441/327/1
f 565/327/1 405/327/1 443/327/1
f 566/327/142 546/327/142 545/327/142
f 566/327/142 545/327/142 547/327/142
f 566/327/142 547/327/142 548/327/142
f 566/327/142 548/327/142 549/327/142
f 566/327/142 549/327/142 550/327/142
f 566/327/142 550/327/142 551/327/142
f 566/327/142 551/327/142 552/327/142
f 566/327/142 552/327/142 553/327/142
f 566/327/142 553/327/142 554/327/142
f 566/327/142 554/327/142 555/327/142
f 566/327/142 555/327/142 556/327/142
f 566/327/142 556/327/142 557/327/142
f 566/327/142 557/327/142 558/327/142
f 566/327/142 558/327/142 559/327/142
f 566/327/142 559/327/142 560/327/142
f 566/327/142 560/327/142 561/327/142
f 566/327/142 561/327/142 562/327/142
f 566/327/142 562/327/142 563/327/142
f 566/327/142 563/327/142 564/327/142
f 566/327/142 564/327/142 546/327/142
f 567/328/223 568/328/223 569/328/223
f 567/328/223 569/328/223 570/328/223
f 567/328/223 570/328/223 571/328/223
f 567/328/223 571/328/223 572/328/223
f 567/328/223 572/328/223 573/328/223
f 567/328/223 573/328/223 574/328/223
f 567/328/223 574/328/223 575/328/223
f 567/328/223 575/328/223 576/328/223
f 567/328/223 576/328/223 577/328/223
f 567/328/223 577/328/223 578/328/223
f 567/328/223 578/328/223 579/328/223
f 567/328/223 579/328/223 580/328/223
f 567/328/223 580/328/223 581/328/223
f 567/328/223 581/328/223 582/328/223
f 567/328/223 582/328/223 583/328/223
f 567/328/223 583/328/223 584/328/223
f 567/328/223 584/328/223 585/328/223
f 567/328/223 585/328/223 586/328/223
f 567/328/223 586/328/223 587/328/223
f 567/328/223 587/328/223 588/328/223
f 567/328/223 588/328/223 589/328/223
f 567/328/223 589/328/223 590/328/223
f 567/328/223 590/328/223 591/328/223
f 567/328/223 591/328/223 568/328/223
f 568/328/224 592/328/225 569/328/225
f 568/328/224 593/328/224 592/328/225
f 569/328/225 594/328/226 570/328/226
f 569/328/225 592/328/225 594/328/226
f 570/328/226 595/328/227 571/328/227
f 570/328/226 594/328/226 595/328/227
f 571/328/227 596/328/228 572/328/228
f 571/328/227 595/328/227 596/328/228
f 572/328/228 597/328/229 573/328/229
f 572/328/228 596/328/228 597/328/229
f 573/328/229 598/328/142 574/328/142
f 573/328/229 597/328/229 598/328/142
f 574/328/142 599/328/230 575/328/230
f 574/328/142 598/328/142 599/328/230
f 575/328/230 600/328/231 576/328/231
f 575/328/230 599/328/230 600/328/231
f 576/328/231 601/328/232 577/328/232
f 576/328/231 600/328/231 601/328/232
f 577/328/232 602/328/233 578/328/233
f 577/328/232 601/328/232 602/328/233
f 578/328/233 603/328/234 579/328/234
f 578/328/233 602/328/233 603/328/234
f 579/328/234 604/328/235 580/328/235
f 579/328/234 603/328/234 604/328/235
f 580/328/235 605/328/236 581/328/236
f 580/328/235 604/328/235 605/328/236
f 581/328/236 606/328/237 582/328/237
f 581/328/236 605/328/236 606/328/237
f 582/328/237 607/328/238 583/328/238
f 582/328/237 606/328/237 607/328/238
f 583/328/238 608/328/239 584/328/239
f 583/328/238 607/328/238 608/328/239
f 584/328/239 609/328/240 585/328/240
f 584/328/239 608/328/239 609/328/240
f 585/328/240 610/328/1 586/328/1
f 585/328/240 609/328/240 610/328/1
f 586/328/1 611/328/241 587/328/241
f 586/328/1 610/328/1 611/328/241
f 587/328/241 612/328/242 588/328/242
f 587/328/241 611/328/241 612/328/242
f 588/328/242 613/328/243 589/328/243
f 588/328/242 612/328/242 613/328/243
f 589/328/243 614/328/244 590/328/244
f 589/328/243 613/328/243 614/328/244
f 590/328/244 615/328/245 591/328/245
f 590/328/244 614/328/244 615/328/245
f 591/328/245 593/328/224 568/328/224
f 591/328/245 615/328/245 593/328/224
f 593/328/246 616/328/247 592/328/247
f 593/328/246 617/328/246 616/328/247
f 592/328/247 618/328/248 594/328/248
f 592/328/247 616/328/247 618/328/248
f 594/328/248 619/328/249 595/328/249
f 594/328/248 618/328/248 619/328/249
f 595/328/249 620/328/250 596/328/250
f 595/328/249 619/328/249 620/328/250
f 596/328/250 621/328/251 597/328/251
f 596/328/250 620/328/250 621/328/251
f 597/328/251 622/328/252 598/328/252
f 597/328/251 621/328/251 622/328/252
f 598/328/252 623/328/253 599/328/253
f 598/328/252 622/328/252 623/328/253
f 599/328/253 624/328/254 600/328/254
f 599/328/253 623/328/253 624/328/254
f 600/328/254 625/328/255 601/328/255
f 600/328/254 624/328/254 625/328/255
f 601/328/255 626/328/256 602/328/256
f 601/328/255 625/328/255 626/328/256
f 602/328/256 627/328/257 603/328/257
f 602/328/256 626/328/256 627/328/257
f 603/328/257 628/328/258 604/328/258
f 603/328/257 627/328/257 628/328/258
f 604/328/258 629/328/259 605/328/259
f 604/328/258 628/328/258 629/328/259
f 605/328/259 630/328/260 606/328/260
f 605/328/259 629/328/259 630/328/260
f 606/328/260 631/328/261 607/328/261
f 606/328/260 630/328/260 631/328/261
f 607/328/261 632/328/262 608/328/262
f 607/328/261 631/328/261 632/328/262
f 608/328/262 633/328/263 609/328/263
f 608/328/262 632/328/262 633/328/263
f 609/328/263 634/328/264 610/328/264
f 609/328/263 633/328/263 634/328/264
f 610/328/264 635/328/265 611/328/265
f 610/328/264 634/328/264 635/328/265
f 611/328/265 636/328/266 612/328/266
f 611/328/265 635/328/265 636/328/266
f 612/328/266 637/328/267 613/328/267
f 612/328/266 636/328/266 637/328/267
f 613/328/267 638/328/268 614/328/268
f 613/328/267 637/328/267 638/328/268
f 614/328/268 639/328/269 615/328/269
f 614/328/268 638/328/268 639/328/269
f 615/328/269 617/328/246 593/328/246
f 615/328/269 639/328/269 617/328/246
f 617/328/270 640/328/271 616/328/271
f 617/328/270 641/328/270 640/328/271
f 616/328/271 642/328/272 618/328/272
f 616/328/271 640/328/271 642/328/272
f 618/328/272 643/328/273 619/328/273
f 618/328/272 642/328/272 643/328/273
f 619/328/273 644/328/274 620/328/274
f 619/328/273 643/328/273 644/328/274
f 620/328/274 645/328/275 621/328/275
f 620/328/274 644/328/274 645/328/275
f 621/328/275 646/328/276 622/328/276
f 621/328/275 645/328/275 646/328/276
f 622/328/276 647/328/277 623/328/277
f 622/328/276 646/328/276 647/328/277
f 623/328/277 648/328/278 624/328/278
f 623/328/277 647/328/277 648/328/278
f 624/328/278 649/328/279 625/328/279
f 624/328/278 648/328/278 649/328/279
f 625/328/279 650/328/280 626/328/280
f 625/328/279 649/328/279 650/328/280
f 626/328/280 651/328/281 627/328/281
f 626/328/280 650/328/280 651/328/281
f 627/328/281 652/328/282 628/328/282
f 627/328/281 651/328/281 652/328/282
f 628/328/282 653/328/283 629/328/283
f 628/328/282 652/328/282 653/328/283
f 629/328/283 654/328/284 630/328/284
f 629/328/283 653/328/283 654/328/284
f 630/328/284 655/328/285 631/328/285
f 630/328/284 654/328/284 655/328/285
f 631/328/285 656/328/286 632/328/286
f 631/328/285 655/328/285 656/328/286
f 632/328/286 657/328/287 633/328/287
f 632/328/286 656/328/286 657/328/287
f 633/328/287 658/328/288 634/328/288
f 633/328/287 657/328/287 658/328/288
f 634/328/288 659/328/289 635/328/289
f 634/328/288 658/328/288 659/328/289
f 635/328/289 660/328/290 636/328/290
f 635/328/289 659/328/289 660/328/290
f 636/328/290 661/328/291 637/328/291
f 636/328/290 660/328/290 661/328/291
f 637/328/291 662/328/292 638/328/292
f 637/328/291 661/328/291 662/328/292
f 638/328/292 663/328/293 639/328/293
f 638/328/292 662/328/292 663/328/293
f 639/328/293 641/328/270 617/328/270
f 639/328/293 663/328/293 641/328/270
f 641/328/294 664/328/295 640/328/295
f 640/328/295 664/328/296 642/328/296
f 642/328/296 664/328/297 643/328/297
f 643/328/297 664/328/298 644/328/298
f 644/328/298 664/328/299 645/328/299
f 645/328/299 664/328/300 646/328/300
f 646/328/300 664/328/301 647/328/301
f 647/328/301 664/328/302 648/328/302
f 648/328/302 664/328/303 649/328/303
f 649/328/303 664/328/304 650/328/304
f 650/328/304 664/328/305 651/328/305
f 651/328/305 664/328/306 652/328/306
f 652/328/306 664/328/307 653/328/307
f 653/328/307 664/328/308 654/328/308
f 654/328/308 664/328/309 655/328/309
f 655/328/309 664/328/310 656/328/310
f 656/328/310 664/328/311 657/328/311
f 657/328/311 664/328/312 658/328/312
f 658/328/312 664/328/313 659/328/313
f 659/328/313 664/328/314 660/328/314
f 660/328/314 664/328/315 661/328/315
f 661/328/315 664/328/316 662/328/316
f 662/328/316 664/328/317 663/328/317
f 663/328/317 664/328/294 641/328/294
f 665/329/223 666/329/223 667/329/223
f 665/329/223 667/329/223 668/329/223
f 665/329/223 668/329/223 669/329/223
f 665/329/223 669/329/223 670/329/223
f 665/329/223 670/329/223 671/329/223
f 665/329/223 671/329/223 672/329/223
f 665/329/223 672/329/223 673/329/223
f 665/329/223 673/329/223 674/329/223
f 665/329/223 674/329/223 675/329/223
f 665/329/223 675/329/223 676/329/223
f 665/329/223 676/329/223 677/329/223
f 665/329/223 677/329/223 678/329/223
f 665/329/223 678/329/223 679/329/223
f 665/329/223 679/329/223 680/329/223
f 665/329/223 680/329/223 681/329/223
f 665/329/223 681/329/223 682/329/223
f 665/329/223 682/329/223 683/329/223
f 665/329/223 683/329/223 684/329/223
f 665/329/223 684/329/223 685/329/223
f 665/329/223 685/329/223 686/329/223
f 665/329/223 686/329/223 687/329/223
f 665/329/223 687/329/223 688/329/223
f 665/329/223 688/329/223 689/329/223
f 665/329/223 689/329/223 690/329/223
f 665/329/223 690/329/223 691/329/223
f 665/329/223 691/329/223 692/329/223
f 665/329/223 692/329/223 693/329/223
f 665/329/223 693/329/223 666/329/223
f 666/329/224 694/329/318 667/329/318
f 666/329/224 695/329/224 694/329/318
f 667/329/318 696/329/319 668/329/319
f 667/329/318 694/329/318 696/329/319
f 668/329/319 697/329/320 669/329/320
f 668/329/319 696/329/319 697/329/320
f 669/329/320 698/329/321 670/329/321
f 669/329/320 697/329/320 698/329/321
f 670/329/321 699/329/322 671/329/322
f 670/329/321 698/329/321 699/329/322
f 671/329/322 700/329/323 672/329/323
f 671/329/322 699/329/322 700/329/323
f 672/329/323 701/329/142 673/329/142
f 672/329/323 700/329/323 701/329/142
f 673/329/142 702/329/324 674/329/324
f 673/329/142 701/329/142 702/329/324
f 674/329/324 703/329/325 675/329/325
f 674/329/324 702/329/324 703/329/325
f 675/329/325 704/329/326 676/329/326
f 675/329/325 703/329/325 704/329/326
f 676/329/326 705/329/327 677/329/327
f 676/329/326 704/329/326 705/329/327
f 677/329/327 706/329/328 678/329/328
f 677/329/327 705/329/327 706/329/328
f 678/329/328 707/329/329 679/329/329
f 678/329/328 706/329/328 707/329/329
f 679/329/329 708/329/235 680/329/235
f 679/329/329 707/329/329 708/329/235
f 680/329/235 709/329/330 681/329/330
f 680/329/235 708/329/235 709/329/330
f 681/329/330 710/329/331 682/329/331
f 681/329/330 709/329/330 710/329/331
f 682/329/331 711/329/332 683/329/332
f 682/329/331 710/329/331 711/329/332
f 683/329/332 712/329/333 684/329/333
f 683/329/332 711/329/332 712/329/333
f 684/329/333 713/329/334 685/329/334
f 684/329/333 712/329/333 713/329/334
f 685/329/334 714/329/335 686/329/335
f 685/329/334 713/329/334 714/329/335
f 686/329/335 715/329/1 687/329/1
f 686/329/335 714/329/335 715/329/1
f 687/329/1 716/329/336 688/329/336
f 687/329/1 715/329/1 716/329/336
f 688/329/336 717/329/337 689/329/337
f 688/329/336 716/329/336 717/329/337
f 689/329/337 718/329/338 690/329/338
f 689/329/337 717/329/337 718/329/338
f 690/329/338 719/329/339 691/329/339
f 690/329/338 718/329/338 719/329/339
f 691/329/339 720/329/340 692/329/340
f 691/329/339 719/329/339 720/329/340
f 692/329/340 721/329/341 693/329/341
f 692/329/340 720/329/340 721/329/341
f 693/329/341 695/329/224 666/329/224
f 693/329/341 721/329/341 695/329/224
f 695/329/74 722/329/342 694/329/342
f 695/329/74 723/329/74 722/329/342
f 694/329/342 724/329/343 696/329/343
f 694/329/342 722/329/342 724/329/343
f 696/329/343 725/329/344 697/329/344
f 696/329/343 724/329/343 725/329/344
f 697/329/344 726/329/345 698/329/345
f 697/329/344 725/329/344 726/329/345
f 698/329/345 727/329/346 699/329/346
f 698/329/345 726/329/345 727/329/346
f 699/329/346 728/329/347 700/329/347
f 699/329/346 727/329/346 728/329/347
f 700/329/347 729/329/348 701/329/348
f 700/329/347 728/329/347 729/329/348
f 701/329/348 730/329/349 702/329/349
f 701/329/348 729/329/348 730/329/349
f 702/329/349 731/329/350 703/329/350
f 702/329/349 730/329/349 731/329/350
f 703/329/350 732/329/351 704/329/351
f 703/329/350 731/329/350 732/329/351
f 704/329/351 733/329/352 705/329/352
f 704/329/351 732/329/351 733/329/352
f 705/329/352 734/329/353 706/329/353
f 705/329/352 733/329/352 734/329/353
f 706/329/353 735/329/354 707/329/354
f 706/329/353 734/329/353 735/329/354
f 707/329/354 736/329/79 708/329/79
f 707/329/354 735/329/354 736/329/79
f 708/329/79 737/329/355 709/329/355
f 708/329/79 736/329/79 737/329/355
f 709/329/355 738/329/356 710/329/356
f 709/329/355 737/329/355 738/329/356
f 710/329/356 739/329/357 711/329/357
f 710/329/356 738/329/356 739/329/357
f 711/329/357 740/329/358 712/329/358
f 711/329/357 739/329/357 740/329/358
f 712/329/358 741/329/359 713/329/359
f 712/329/358 740/329/358 741/329/359
f 713/329/359 742/329/360 714/329/360
f 713/329/359 741/329/359 742/329/360
f 714/329/360 743/329/361 715/329/361
f 714/329/360 742/329/360 743/329/361
f 715/329/361 744/329/362 716/329/362
f 715/329/361 743/329/361 744/329/362
f 716/329/362 745/329/363 717/329/363
f 716/329/362 744/329/362 745/329/363
f 717/329/363 746/329/364 718/329/364
f 717/329/363 745/329/363 746/329/364
f 718/329/364 747/329/365 719/329/365
f 718/329/364 746/329/364 747/329/365
f 719/329/365 748/329/366 720/329/366
f 719/329/365 747/329/365 748/329/366
f 720/329/366 749/329/367 721/329/367
f 720/329/366 748/329/366 749/329/367
f 721/329/367 723/329/74 695/329/74
f 721/329/367 749/329/367 723/329/74
f 723/330/368 750/330/368 722/330/368
f 722/330/368 750/330/368 724/330/368
f 724/330/368 750/330/368 725/330/368
f 725/330/368 750/330/368 726/330/368
f 726/330/368 750/330/368 727/330/368
f 727/330/368 750/330/368 728/330/368
f 728/330/368 750/330/368 729/330/368
f 729/330/368 750/330/368 730/330/368
f 730/330/368 750/330/368 731/330/368
f 731/330/368 750/330/368 732/330/368
f 732/330/368 750/330/368 733/330/368
f 733/330/368 750/330/368 734/330/368
f 734/330/368 750/330/368 735/330/368
f 735/330/368 750/330/368 736/330/368
f 736/330/368 750/330/368 737/330/368
f 737/330/368 750/330/368 738/330/368
f 738/330/368 750/330/368 739/330/368
f 739/330/368 750/330/368 740/330/368
f 740/330/368 750/330/368 741/330/368
f 741/330/368 750/330/368 742/330/368
f 742/330/368 750/330/368 743/330/368
f 743/330/368 750/330/368 744/330/368
f 744/330/368 750/330/368 745/330/368
f 745/330/368 750/330/368 746/330/368
f 746/330/368 750/330/368 747/330/368
f 747/330/368 750/330/368 748/330/368
f 748/330/368 750/330/368 749/330/368
f 749/330/368 750/330/368 723/330/368
f 751/329/223 752/329/223 753/329/223
f 751/329/223 753/329/223 754/329/223
f 751/329/223 754/329/223 755/329/223
f 751/329/223 755/329/223 756/329/223
f 751/329/223 756/329/223 757/329/223
f 751/329/223 757/329/223 758/329/223
f 751/329/223 758/329/223 759/329/223
f 751/329/223 759/329/223 760/329/223
f 751/329/223 760/329/223 761/329/223
f 751/329/223 761/329/223 762/329/223
f 751/329/223 762/329/223 763/329/223
f 751/329/223 763/329/223 764/329/223
f 751/329/223 764/329/223 765/329/223
f 751/329/223 765/329/223 766/329/223
f 751/329/223 766/329/223 767/329/223
f 751/329/223 767/329/223 768/329/223
f 751/329/223 768/329/223 769/329/223
f 751/329/223 769/329/223 770/329/223
f 751/329/223 770/329/223 771/329/223
f 751/329/223 771/329/223 772/329/223
f 751/329/223 772/329/223 773/329/223
f 751/329/223 773/329/223 774/329/223
f 751/329/223 774/329/223 775/329/223
f 751/329/223 775/329/223 752/329/223
f 752/329/224 776/329/225 753/329/225
f 752/329/224 777/329/224 776/329/225
f 753/329/225 778/329/226 754/329/226
f 753/329/225 776/329/225 778/329/226
f 754/329/226 779/329/227 755/329/227
f 754/329/226 778/329/226 779/329/227
f 755/329/227 780/329/228 756/329/228
f 755/329/227 779/329/227 780/329/228
f 756/329/228 781/329/229 757/329/229
f 756/329/228 780/329/228 781/329/229
f 757/329/229 782/329/142 758/329/142
f 757/329/229 781/329/229 782/329/142
f 758/329/142 783/329/230 759/329/230
f 758/329/142 782/329/142 783/329/230
f 759/329/230 784/329/231 760/329/231
f 759/329/230 783/329/230 784/329/231
f 760/329/231 785/329/232 761/329/232
f 760/329/231 784/329/231 785/329/232
f 761/329/232 786/329/233 762/329/233
f 761/329/232 785/329/232 786/329/233
f 762/329/233 787/329/234 763/329/234
f 762/329/233 786/329/233 787/329/234
f 763/329/234 788/329/235 764/329/235
f 763/329/234 787/329/234 788/329/235
f 764/329/235 789/329/236 765/329/236
f 764/329/235 788/329/235 789/329/236
f 765/329/236 790/329/237 766/329/237
f 765/329/236 789/329/236 790/329/237
f 766/329/237 791/329/238 767/329/238
f 766/329/237 790/329/237 791/329/238
f 767/329/238 792/329/239 768/329/239
f 767/329/238 791/329/238 792/329/239
f 768/329/239 793/329/240 769/329/240
f 768/329/239 792/329/239 793/329/240
f 769/329/240 794/329/1 770/329/1
f 769/329/240 793/329/240 794/329/1
f 770/329/1 795/329/241 771/329/241
f 770/329/1 794/329/1 795/329/241
f 771/329/241 796/329/242 772/329/242
f 771/329/241 795/329/241 796/329/242
f 772/329/242 797/329/243 773/329/243
f 772/329/242 796/329/242 797/329/243
f 773/329/243 798/329/244 774/329/244
f 773/329/243 797/329/243 798/329/244
f 774/329/244 799/329/245 775/329/245
f 774/329/244 798/329/244 799/329/245
f 775/329/245 777/329/224 752/329/224
f 775/329/245 799/329/245 777/329/224
f 777/329/368 800/329/368 776/329/368
f 776/329/368 800/329/368 778/329/368
f 778/329/368 800/329/368 779/329/368
f 779/329/368 800/329/368 780/329/368
f 780/329/368 800/329/368 781/329/368
f 781/329/368 800/329/368 782/329/368
f 782/329/368 800/329/368 783/329/368
f 783/329/368 800/329/368 784/329/368
f 784/329/368 800/329/368 785/329/368
f 785/329/368 800/329/368 786/329/368
f 786/329/368 800/329/368 787/329/368
f 787/329/368 800/329/368 788/329/368
f 788/329/368 800/329/368 789/329/368
f 789/329/368 800/329/368 790/329/368
f 790/329/368 800/329/368 791/329/368
f 791/329/368 800/329/368 792/329/368
f 792/329/368 800/329/368 793/329/368
f 793/329/368 800/329/368 794/329/368
f 794/329/368 800/329/368 795/329/368
f 795/329/368 800/329/368 796/329/368
f 796/329/368 800/329/368 797/329/368
f 797/329/368 800/329/368 798/329/368
f 798/329/368 800/329/368 799/329/368
f 799/329/368 800/329/368 777/329/368
f 801/331/223 802/331/223 803/331/223
f 801/331/223 803/331/223 804/331/223
f 801/331/223 804/331/223 805/331/223
f 801/331/223 805/331/223 806/331/223
f 801/331/223 806/331/223 807/331/223
f 801/331/223 807/331/223 808/331/223
f 801/331/223 808/331/223 809/331/223
f 801/331/223 809/331/223 810/331/223
f 801/331/223 810/331/223 811/331/223
f 801/331/223 811/331/223 812/331/223
f 801/331/223 812/331/223 813/331/223
f 801/331/223 813/331/223 814/331/223
f 801/331/223 814/331/223 815/331/223
f 801/331/223 815/331/223 816/331/223
f 801/331/223 816/331/223 817/331/223
f 801/331/223 817/331/223 818/331/223
f 801/331/223 818/331/223 819/331/223
f 801/331/223 819/331/223 820/331/223
f 801/331/223 820/331/223 821/331/223
f 801/331/223 821/331/223 802/331/223
f 802/331/224 822/331/369 803/331/369
f 802/331/224 823/331/224 822/331/369
f 803/331/369 824/331/370 804/331/370
f 803/331/369 822/331/369 824/331/370
f 804/331/370 825/331/371 805/331/371
f 804/331/370 824/331/370 825/331/371
f 805/331/371 826/331/372 806/331/372
f 805/331/371 825/331/371 826/331/372
f 806/331/372 827/331/142 807/331/142
f 806/331/372 826/331/372 827/331/142
f 807/331/142 828/331/373 808/331/373
f 807/331/142 827/331/142 828/331/373
f 808/331/373 829/331/374 809/331/374
f 808/331/373 828/331/373 829/331/374
f 809/331/374 830/331/375 810/331/375
f 809/331/374 829/331/374 830/331/375
f 810/331/375 831/331/376 811/331/376
f 810/331/375 830/331/375 831/331/376
f 811/331/376 832/331/235 812/331/235
f 811/331/376 831/331/376 832/331/235
f 812/331/235 833/331/377 813/331/377
f 812/331/235 832/331/235 833/331/377
f 813/331/377 834/331/378 814/331/378
f 813/331/377 833/331/377 834/331/378
f 814/331/378 835/331/379 815/331/379
f 814/331/378 834/331/378 835/331/379
f 815/331/379 836/331/380 816/331/380
f 815/331/379 835/331/379 836/331/380
f 816/331/380 837/331/1 817/331/1
f 816/331/380 836/331/380 837/331/1
f 817/331/1 838/331/381 818/331/381
f 817/331/1 837/331/1 838/331/381
f 818/331/381 839/331/382 819/331/382
f 818/331/381 838/331/381 839/331/382
f 819/331/382 840/331/383 820/331/383
f 819/331/382 839/331/382 840/331/383
f 820/331/383 841/331/384 821/331/384
f 820/331/383 840/331/383 841/331/384
f 821/331/384 823/331/224 802/331/224
f 821/331/384 841/331/384 823/331/224
f 823/331/368 842/331/368 822/331/368
f 822/331/368 842/331/368 824/331/368
f 824/331/368 842/331/368 825/331/368
f 825/331/368 842/331/368 826/331/368
f 826/331/368 842/331/368 827/331/368
f 827/331/368 842/331/368 828/331/368
f 828/331/368 842/331/368 829/331/368
f 829/331/368 842/331/368 830/331/368
f 830/331/368 842/331/368 831/331/368
f 831/331/368 842/331/368 832/331/368
f 832/331/368 842/331/368 833/331/368
f 833/331/368 842/331/368 834/331/368
f 834/331/368 842/331/368 835/331/368
f 835/331/368 842/331/368 836/331/368
f 836/331/368 842/331/368 837/331/368
f 837/331/368 842/331/368 838/331/368
f 838/331/368 842/331/368 839/331/368
f 839/331/368 842/331/368 840/331/368
f 840/331/368 842/331/368 841/331/368
f 841/331/368 842/331/368 823/331/368
f 843/332/224 844/332/224 845/332/385
f 843/332/224 845/332/385 846/332/386
f 844/332/224 847/332/224 848/332/387
f 844/332/224 848/332/387 845/332/385
f 847/332/224 849/332/224 850/332/388
f 847/332/224 850/332/388 848/332/387
f 849/332/224 851/332/224 852/332/389
f 849/332/224 852/332/389 850/332/388
f 851/332/224 853/332/224 854/332/390
f 851/332/224 854/332/390 852/332/389
f 853/332/224 855/332/224 856/332/391
f 853/332/224 856/332/391 854/332/390
f 855/332/224 857/332/224 858/332/392
f 855/332/224 858/332/392 856/332/391
f 857/332/224 859/332/224 860/332/393
f 857/332/224 860/332/393 858/332/392
f 859/332/224 861/332/224 862/332/394
f 859/332/224 862/332/394 860/332/393
f 861/332/224 863/332/224 864/332/395
f 861/332/224 864/332/395 862/332/394
f 863/332/224 865/332/224 866/332/396
f 863/332/224 866/332/396 864/332/395
f 865/332/224 867/332/224 868/332/397
f 865/332/224 868/332/397 866/332/396
f 867/332/224 869/332/224 870/332/398
f 867/332/224 870/332/398 868/332/397
f 869/332/224 871/332/224 872/332/399
f 869/332/224 872/332/399 870/332/398
f 871/332/224 873/332/224 874/332/400
f 871/332/224 874/332/400 872/332/399
f 873/332/224 875/332/224 876/332/401
f 873/332/224 876/332/401 874/332/400
f 875/332/224 877/332/224 878/332/402
f 875/332/224 878/332/402 876/332/401
f 877/332/224 879/332/224 880/332/403
f 877/332/224 880/332/403 878/332/402
f 879/332/224 881/332/224 882/332/404
f 879/332/224 882/332/404 880/332/403
f 881/332/224 843/332/224 846/332/386
f 881/332/224 846/332/386 882/332/404
f 846/332/386 845/332/385 883/332/405
f 846/332/386 883/332/405 884/332/406
f 845/332/385 848/332/387 885/332/407
f 845/332/385 885/332/407 883/332/405
f 848/332/387 850/332/388 886/332/408
f 848/332/387 886/332/408 885/332/407
f 850/332/388 852/332/389 887/332/409
f 850/332/388 887/332/409 886/332/408
f 852/332/389 854/332/390 888/332/410
f 852/332/389 888/332/410 887/332/409
f 854/332/390 856/332/391 889/332/411
f 854/332/390 889/332/411 888/332/410
f 856/332/391 858/332/392 890/332/412
f 856/332/391 890/332/412 889/332/411
f 858/332/392 860/332/393 891/332/413
f 858/332/392 891/332/413 890/332/412
f 860/332/393 862/332/394 892/332/414
f 860/332/393 892/332/414 891/332/413
f 862/332/394 864/332/395 893/332/415
f 862/332/394 893/332/415 892/332/414
f 864/332/395 866/332/396 894/332/416
f 864/332/395 894/332/416 893/332/415
f 866/332/396 868/332/397 895/332/417
f 866/332/396 895/332/417 894/332/416
f 868/332/397 870/332/398 896/332/418
f 868/332/397 896/332/418 895/332/417
f 870/332/398 872/332/399 897/332/419
f 870/332/398 897/332/419 896/332/418
f 872/332/399 874/332/400 898/332/420
f 872/332/399 898/332/420 897/332/419
f 874/332/400 876/332/401 899/332/421
f 874/332/400 899/332/421 898/332/420
f 876/332/401 878/332/402 900/332/422
f 876/332/401 900/332/422 899/332/421
f 878/332/402 880/332/403 901/332/423
f 878/332/402 901/332/423 900/332/422
f 880/332/403 882/332/404 902/332/424
f 880/332/403 902/332/424 901/332/423
f 882/332/404 846/332/386 884/332/406
f 882/332/404 884/332/406 902/332/424
f 884/332/406 883/332/405 903/332/425
f 884/332/406 903/332/425 904/332/426
f 883/332/405 885/332/407 905/332/427
f 883/332/405 905/332/427 903/332/425
f 885/332/407 886/332/408 906/332/428
f 885/332/407 906/332/428 905/332/427
f 886/332/408 887/332/409 907/332/429
f 886/332/408 907/332/429 906/332/428
f 887/332/409 888/332/410 908/332/430
f 887/332/409 908/332/430 907/332/429
f 888/332/410 889/332/411 909/332/431
f 888/332/410 909/332/431 908/332/430
f 889/332/411 890/332/412 910/332/432
f 889/332/411 910/332/432 909/332/431
f 890/332/412 891/332/413 911/332/433
f 890/332/412 911/332/433 910/332/432
f 891/332/413 892/332/414 912/332/434
f 891/332/413 912/332/434 911/332/433
f 892/332/414 893/332/415 913/332/435
f 892/332/414 913/332/435 912/332/434
f 893/332/415 894/332/416 914/332/436
f 893/332/415 914/332/436 913/332/435
f 894/332/416 895/332/417 915/332/437
f 894/332/416 915/332/437 914/332/436
f 895/332/417 896/332/418 916/332/438
f 895/332/417 916/332/438 915/332/437
f 896/332/418 897/332/419 917/332/439
f 896/332/418 917/332/439 916/332/438
f 897/332/419 898/332/420 918/332/440
f 897/332/419 918/332/440 917/332/439
f 898/332/420 899/332/421 919/332/441
f 898/332/420 919/332/441 918/332/440
f 899/332/421 900/332/422 920/332/442
f 899/332/421 920/332/442 919/332/441
f 900/332/422 901/332/423 921/332/443
f 900/332/422 921/332/443 920/332/442
f 901/332/423 902/332/424 922/332/444
f 901/332/423 922/332/444 921/332/443
f 902/332/424 884/332/406 904/332/426
f 902/332/424 904/332/426 922/332/444
f 904/332/426 903/332/425 923/332/445
f 904/332/426 923/332/445 924/332/446
f 903/332/425 905/332/427 925/332/447
f 903/332/425 925/332/447 923/332/445
f 905/332/427 906/332/428 926/332/448
f 905/332/427 926/332/448 925/332/447
f 906/332/428 907/332/429 927/332/449
f 906/332/428 927/332/449 926/332/448
f 907/332/429 908/332/430 928/332/450
f 907/332/429 928/332/450 927/332/449
f 908/332/430 909/332/431 929/332/451
f 908/332/430 929/332/451 928/332/450
f 909/332/431 910/332/432 930/332/452
f 909/332/431 930/332/452 929/332/451
f 910/332/432 911/332/433 931/332/453
f 910/332/432 931/332/453 930/332/452
f 911/332/433 912/332/434 932/332/454
f 911/332/433 932/332/454 931/332/453
f 912/332/434 913/332/435 933/332/455
f 912/332/434 933/332/455 932/332/454
f 913/332/435 914/332/436 934/332/456
f 913/332/435 934/332/456 933/332/455
f 914/332/436 915/332/437 935/332/348
f 914/332/436 935/332/348 934/332/456
f 915/332/437 916/332/438 936/332/457
f 915/332/437 936/332/457 935/332/348
f 916/332/438 917/332/439 937/332/458
f 916/332/438 937/332/458 936/332/457
f 917/332/439 918/332/440 938/332/459
f 917/332/439 938/332/459 937/332/458
f 918/332/440 919/332/441 939/332/460
f 918/332/440 939/332/460 938/332/459
f 919/332/441 920/332/442 940/332/361
f 919/332/441 940/332/361 939/332/460
f 920/332/442 921/332/443 941/332/461
f 920/332/442 941/332/461 940/332/361
f 921/332/443 922/332/444 942/332/462
f 921/332/443 942/332/462 941/332/461
f 922/332/444 904/332/426 924/332/446
f 922/332/444 924/332/446 942/332/462
f 924/332/446 923/332/445 943/332/445
f 924/332/446 943/332/445 944/332/446
f 923/332/445 925/332/447 945/332/447
f 923/332/445 945/332/447 943/332/445
f 925/332/447 926/332/448 946/332/448
f 925/332/447 946/332/448 945/332/447
f 926/332/448 927/332/449 947/332/449
f 926/332/448 947/332/449 946/332/448
f 927/332/449 928/332/450 948/332/450
f 927/332/449 948/332/450 947/332/449
f 928/332/450 929/332/451 949/332/451
f 928/332/450 949/332/451 948/332/450
f 929/332/451 930/332/452 950/332/452
f 929/332/451 950/332/452 949/332/451
f 930/332/452 931/332/453 951/332/453
f 930/332/452 951/332/453 950/332/452
f 931/332/453 932/332/454 952/332/454
f 931/332/453 952/332/454 951/332/453
f 932/332/454 933/332/455 953/332/455
f 932/332/454 953/332/455 952/332/454
f 933/332/455 934/332/456 954/332/456
f 933/332/455 954/332/456 953/332/455
f 934/332/456 935/332/348 955/332/348
f 934/332/456 955/332/348 954/332/456
f 935/332/348 936/332/457 956/332/457
f 935/332/348 956/332/457 955/332/348
f 936/332/457 937/332/458 957/332/458
f 936/332/457 957/332/458 956/332/457
f 937/332/458 938/332/459 958/332/459
f 937/332/458 958/332/459 957/332/458
f 938/332/459 939/332/460 959/332/460
f 938/332/459 959/332/460 958/332/459
f 939/332/460 940/332/361 960/332/361
f 939/332/460 960/332/361 959/332/460
f 940/332/361 941/332/461 961/332/461
f 940/332/361 961/332/461 960/332/361
f 941/332/461 942/332/462 962/332/462
f 941/332/461 962/332/462 961/332/461
f 942/332/462 924/332/446 944/332/446
f 942/332/462 944/332/446 962/332/462
f 944/332/446 943/332/445 963/332/463
f 944/332/446 963/332/463 964/332/464
f 943/332/445 945/332/447 965/332/465
f 943/332/445 965/332/465 963/332/463
f 945/332/447 946/332/448 966/332/466
f 945/332/447 966/332/466 965/332/465
f 946/332/448 947/332/449 967/332/467
f 946/332/448 967/332/467 966/332/466
f 947/332/449 948/332/450 968/332/468
f 947/332/449 968/332/468 967/332/467
f 948/332/450 949/332/451 969/332/469
f 948/332/450 969/332/469 968/332/468
f 949/332/451 950/332/452 970/332/470
f 949/332/451 970/332/470 969/332/469
f 950/332/452 951/332/453 971/332/471
f 950/332/452 971/332/471 970/332/470
f 951/332/453 952/332/454 972/332/472
f 951/332/453 972/332/472 971/332/471
f 952/332/454 953/332/455 973/332/473
f 952/332/454 973/332/473 972/332/472
f 953/332/455 954/332/456 974/332/474
f 953/332/455 974/332/474 973/332/473
f 954/332/456 955/332/348 975/332/475
f 954/332/456 975/332/475 974/332/474
f 955/332/348 956/332/457 976/332/476
f 955/332/348 976/332/476 975/332/475
f 956/332/457 957/332/458 977/332/477
f 956/332/457 977/332/477 976/332/476
f 957/332/458 958/332/459 978/332/478
f 957/332/458 978/332/478 977/332/477
f 958/332/459 959/332/460 979/332/479
f 958/332/459 979/332/479 978/332/478
f 959/332/460 960/332/361 980/332/480
f 959/332/460 980/332/480 979/332/479
f 960/332/361 961/332/461 981/332/481
f 960/332/361 981/332/481 980/332/480
f 961/332/461 962/332/462 982/332/482
f 961/332/461 982/332/482 981/332/481
f 962/332/462 944/332/446 964/332/464
f 962/332/462 964/332/464 982/332/482
f 964/332/464 963/332/463 983/332/483
f 964/332/464 983/332/483 984/332/484
f 963/332/463 965/332/465 985/332/485
f 963/332/463 985/332/485 983/332/483
f 965/332/465 966/332/466 986/332/486
f 965/332/465 986/332/486 985/332/485
f 966/332/466 967/332/467 987/332/487
f 966/332/466 987/332/487 986/332/486
f 967/332/467 968/332/468 988/332/488
f 967/332/467 988/332/488 987/332/487
f 968/332/468 969/332/469 989/332/489
f 968/332/468 989/332/489 988/332/488
f 969/332/469 970/332/470 990/332/490
f 969/332/469 990/332/490 989/332/489
f 970/332/470 971/332/471 991/332/491
f 970/332/470 991/332/491 990/332/490
f 971/332/471 972/332/472 992/332/492
f 971/332/471 992/332/492 991/332/491
f 972/332/472 973/332/473 993/332/493
f 972/332/472 993/332/493 992/332/492
f 973/332/473 974/332/474 994/332/494
f 973/332/473 994/332/494 993/332/493
f 974/332/474 975/332/475 995/332/495
f 974/332/474 995/332/495 994/332/494
f 975/332/475 976/332/476 996/332/496
f 975/332/475 996/332/496 995/332/495
f 976/332/476 977/332/477 997/332/497
f 976/332/476 997/332/497 996/332/496
f 977/332/477 978/332/478 998/332/498
f 977/332/477 998/332/498 997/332/497
f 978/332/478 979/332/479 999/332/499
f 978/332/478 999/332/499 998/332/498
f 979/332/479 980/332/480 1000/332/500
f 979/332/479 1000/332/500 999/332/499
f 980/332/480 981/332/481 1001/332/501
f 980/332/480 1001/332/501 1000/332/500
f 981/332/481 982/332/482 1002/332/502
f 981/332/481 1002/332/502 1001/332/501
f 982/332/482 964/332/464 984/332/484
f 982/332/482 984/332/484 1002/332/502
f 984/332/484 983/332/483 1003/332/503
f 984/332/484 1003/332/503 1004/332/504
f 983/332/483 985/332/485 1005/332/505
f 983/332/483 1005/332/505 1003/332/503
f 985/332/485 986/332/486 1006/332/506
f 985/332/485 1006/332/506 1005/332/505
f 986/332/486 987/332/487 1007/332/507
f 986/332/486 1007/332/507 1006/332/506
f 987/332/487 988/332/488 1008/332/508
f 987/332/487 1008/332/508 1007/332/507
f 988/332/488 989/332/489 1009/332/509
f 988/332/488 1009/332/509 1008/332/508
f 989/332/489 990/332/490 1010/332/510
f 989/332/489 1010/332/510 1009/332/509
f 990/332/490 991/332/491 1011/332/511
f 990/332/490 1011/332/511 1010/332/510
f 991/332/491 992/332/492 1012/332/512
f 991/332/491 1012/332/512 1011/332/511
f 992/332/492 993/332/493 1013/332/513
f 992/332/492 1013/332/513 1012/332/512
f 993/332/493 994/332/494 1014/332/514
f 993/332/493 1014/332/514 1013/332/513
f 994/332/494 995/332/495 1015/332/515
f 994/332/494 1015/332/515 1014/332/514
f 995/332/495 996/332/496 1016/332/516
f 995/332/495 1016/332/516 1015/332/515
f 996/332/496 997/332/497 1017/332/517
f 996/332/496 1017/332/517 1016/332/516
f 997/332/497 998/332/498 1018/332/518
f 997/332/497 1018/332/518 1017/332/517
f 998/332/498 999/332/499 1019/332/519
f 998/332/498 1019/332/519 1018/332/518
f 999/332/499 1000/332/500 1020/332/520
f 999/332/499 1020/332/520 1019/332/519
f 1000/332/500 1001/332/501 1021/332/521
f 1000/332/500 1021/332/521 1020/332/520
f 1001/332/501 1002/332/502 1022/332/522
f 1001/332/501 1022/332/522 1021/332/521
f 1002/332/502 984/332/484 1004/332/504
f 1002/332/502 1004/332/504 1022/332/522
f 1004/332/504 1003/332/503 1023/332/235
f 1004/332/504 1023/332/235 1024/332/235
f 1003/332/503 1005/332/505 1025/332/235
f 1003/332/503 1025/332/235 1023/332/235
f 1005/332/505 1006/332/506 1026/332/235
f 1005/332/505 1026/332/235 1025/332/235
f 1006/332/506 1007/332/507 1027/332/235
f 1006/332/506 1027/332/235 1026/332/235
f 1007/332/507 1008/332/508 1028/332/235
f 1007/332/507 1028/332/235 1027/332/235
f 1008/332/508 1009/332/509 1029/332/235
f 1008/332/508 1029/332/235 1028/332/235
f 1009/332/509 1010/332/510 1030/332/235
f 1009/332/509 1030/332/235 1029/332/235
f 1010/332/510 1011/332/511 1031/332/235
f 1010/332/510 1031/332/235 1030/332/235
f 1011/332/511 1012/332/512 1032/332/235
f 1011/332/511 1032/332/235 1031/332/235
f 1012/332/512 1013/332/513 1033/332/235
f 1012/332/512 1033/332/235 1032/332/235
f 1013/332/513 1014/332/514 1034/332/235
f 1013/332/513 1034/332/235 1033/332/235
f 1014/332/514 1015/332/515 1035/332/235
f 1014/332/514 1035/332/235 1034/332/235
f 1015/332/515 1016/332/516 1036/332/235
f 1015/332/515 1036/332/235 1035/332/235
f 1016/332/516 1017/332/517 1037/332/235
f 1016/332/516 1037/332/235 1036/332/235
f 1017/332/517 1018/332/518 1038/332/235
f 1017/332/517 1038/332/235 1037/332/235
f 1018/332/518 1019/332/519 1039/332/235
f 1018/332/518 1039/332/235 1038/332/235
f 1019/332/519 1020/332/520 1040/332/235
f 1019/332/519 1040/332/235 1039/332/235
f 1020/332/520 1021/332/521 1041/332/235
f 1020/332/520 1041/332/235 1040/332/235
f 1021/332/521 1022/332/522 1042/332/235
f 1021/332/521 1042/332/235 1041/332/235
f 1022/332/522 1004/332/504 1024/332/235
f 1022/332/522 1024/332/235 1042/332/235
f 1043/332/224 844/332/224 843/332/224
f 1043/332/224 847/332/224 844/332/224
f 1043/332/224 849/332/224 847/332/224
f 1043/332/224 851/332/224 849/332/224
f 1043/332/224 853/332/224 851/332/224
f 1043/332/224 855/332/224 853/332/224
f 1043/332/224 857/332/224 855/332/224
f 1043/332/224 859/332/224 857/332/224
f 1043/332/224 861/332/224 859/332/224
f 1043/332/224 863/332/224 861/332/224
f 1043/332/224 865/332/224 863/332/224
f 1043/332/224 867/332/224 865/332/224
f 1043/332/224 869/332/224 867/332/224
f 1043/332/224 871/332/224 869/332/224
f 1043/332/224 873/332/224 871/332/224
f 1043/332/224 875/332/224 873/332/224
f 1043/332/224 877/332/224 875/332/224
f 1043/332/224 879/332/224 877/332/224
f 1043/332/224 881/332/224 879/332/224
f 1043/332/224 843/332/224 881/332/224
f 1044/332/235 1024/332/235 1023/332/235
f 1044/332/235 1023/332/235 1025/332/235
f 1044/332/235 1025/332/235 1026/332/235
f 1044/332/235 1026/332/235 1027/332/235
f 1044/332/235 1027/332/235 1028/332/235
f 1044/332/235 1028/332/235 1029/332/235
f 1044/332/235 1029/332/235 1030/332/235
f 1044/332/235 1030/332/235 1031/332/235
f 1044/332/235 1031/332/235 1032/332/235
f 1044/332/235 1032/332/235 1033/332/235
f 1044/332/235 1033/332/235 1034/332/235
f 1044/332/235 1034/332/235 1035/332/235
f 1044/332/235 1035/332/235 1036/332/235
f 1044/332/235 1036/332/235 1037/332/235
f 1044/332/235 1037/332/235 1038/332/235
f 1044/332/235 1038/332/235 1039/332/235
f 1044/332/235 1039/332/235 1040/332/235
f 1044/332/235 1040/332/235 1041/332/235
f 1044/332/235 1041/332/235 1042/332/235
f 1044/332/235 1042/332/235 1024/332/235
f 1045/333/224 1046/333/224 1047/333/385
f 1045/333/224 1047/333/385 1048/333/386
f 1046/333/224 1049/333/224 1050/333/387
f 1046/333/224 1050/333/387 1047/333/385
f 1049/333/224 1051/333/224 1052/333/388
f 1049/333/224 1052/333/388 1050/333/387
f 1051/333/224 1053/333/224 1054/333/389
f 1051/333/224 1054/333/389 1052/333/388
f 1053/333/224 1055/333/224 1056/333/390
f 1053/333/224 1056/333/390 1054/333/389
f 1055/333/224 1057/333/224 1058/333/391
f 1055/333/224 1058/333/391 1056/333/390
f 1057/333/224 1059/333/224 1060/333/392
f 1057/333/224 1060/333/392 1058/333/391
f 1059/333/224 1061/333/224 1062/333/393
f 1059/333/224 1062/333/393 1060/333/392
f 1061/333/224 1063/333/224 1064/333/394
f 1061/333/224 1064/333/394 1062/333/393
f 1063/333/224 1065/333/224 1066/333/395
f 1063/333/224 1066/333/395 1064/333/394
f 1065/333/224 1067/333/224 1068/333/396
f 1065/333/224 1068/333/396 1066/333/395
f 1067/333/224 1069/333/224 1070/333/397
f 1067/333/224 1070/333/397 1068/333/396
f 1069/333/224 1071/333/224 1072/333/398
f 1069/333/224 1072/333/398 1070/333/397
f 1071/333/224 1073/333/224 1074/333/399
f 1071/333/224 1074/333/399 1072/333/398
f 1073/333/224 1075/333/224 1076/333/400
f 1073/333/224 1076/333/400 1074/333/399
f 1075/333/224 1077/333/224 1078/333/401
f 1075/333/224 1078/333/401 1076/333/400
f 1077/333/224 1079/333/224 1080/333/402
f 1077/333/224 1080/333/402 1078/333/401
f 1079/333/224 1081/333/224 1082/333/403
f 1079/333/224 1082/333/403 1080/333/402
f 1081/333/224 1083/333/224 1084/333/404
f 1081/333/224 1084/333/404 1082/333/403
f 1083/333/224 1045/333/224 1048/333/386
f 1083/333/224 1048/333/386 1084/333/404
f 1048/333/386 1047/333/385 1085/333/405
f 1048/333/386 1085/333/405 1086/333/406
f 1047/333/385 1050/333/387 1087/333/407
f 1047/333/385 1087/333/407 1085/333/405
f 1050/333/387 1052/333/388 1088/333/408
f 1050/333/387 1088/333/408 1087/333/407
f 1052/333/388 1054/333/389 1089/333/409
f 1052/333/388 1089/333/409 1088/333/408
f 1054/333/389 1056/333/390 1090/333/410
f 1054/333/389 1090/333/410 1089/333/409
f 1056/333/390 1058/333/391 1091/333/411
f 1056/333/390 1091/333/411 1090/333/410
f 1058/333/391 1060/333/392 1092/333/412
f 1058/333/391 1092/333/412 1091/333/411
f 1060/333/392 1062/333/393 1093/333/413
f 1060/333/392 1093/333/413 1092/333/412
f 1062/333/393 1064/333/394 1094/333/414
f 1062/333/393 1094/333/414 1093/333/413
f 1064/333/394 1066/333/395 1095/333/415
f 1064/333/394 1095/333/415 1094/333/414
f 1066/333/395 1068/333/396 1096/333/416
f 1066/333/395 1096/333/416 1095/333/415
f 1068/333/396 1070/333/397 1097/333/417
f 1068/333/396 1097/333/417 1096/333/416
f 1070/333/397 1072/333/398 1098/333/418
f 1070/333/397 1098/333/418 1097/333/417
f 1072/333/398 1074/333/399 1099/333/419
f 1072/333/398 1099/333/419 1098/333/418
f 1074/333/399 1076/333/400 1100/333/420
f 1074/333/399 1100/333/420 1099/333/419
f 1076/333/400 1078/333/401 1101/333/421
f 1076/333/400 1101/333/421 1100/333/420
f 1078/333/401 1080/333/402 1102/333/422
f 1078/333/401 1102/333/422 1101/333/421
f 1080/333/402 1082/333/403 1103/333/423
f 1080/333/402 1103/333/423 1102/333/422
f 1082/333/403 1084/333/404 1104/333/424
f 1082/333/403 1104/333/424 1103/333/423
f 1084/333/404 1048/333/386 1086/333/406
f 1084/333/404 1086/333/406 1104/333/424
f 1086/333/406 1085/333/405 1105/333/425
f 1086/333/406 1105/333/425 1106/333/426
f 1085/333/405 1087/333/407 1107/333/427
f 1085/333/405 1107/333/427 1105/333/425
f 1087/333/407 1088/333/408 1108/333/428
f 1087/333/407 1108/333/428 1107/333/427
f 1088/333/408 1089/333/409 1109/333/429
f 1088/333/408 1109/333/429 1108/333/428
f 1089/333/409 1090/333/410 1110/333/430
f 1089/333/409 1110/333/430 1109/333/429
f 1090/333/410 1091/333/411 1111/333/431
f 1090/333/410 1111/333/431 1110/333/430
f 1091/333/411 1092/333/412 1112/333/432
f 1091/333/411 1112/333/432 1111/333/431
f 1092/333/412 1093/333/413 1113/333/433
f 1092/333/412 1113/333/433 1112/333/432
f 1093/333/413 1094/333/414 1114/333/434
f 1093/333/413 1114/333/434 1113/333/433
f 1094/333/414 1095/333/415 1115/333/435
f 1094/333/414 1115/333/435 1114/333/434
f 1095/333/415 1096/333/416 1116/333/436
f 1095/333/415 1116/333/436 1115/333/435
f 1096/333/416 1097/333/417 1117/333/437
f 1096/333/416 1117/333/437 1116/333/436
f 1097/333/417 1098/333/418 1118/333/438
f 1097/333/417 1118/333/438 1117/333/437
f 1098/333/418 1099/333/419 1119/333/439
f 1098/333/418 1119/333/439 1118/333/438
f 1099/333/419 1100/333/420 1120/333/440
f 1099/333/419 1120/333/440 1119/333/439
f 1100/333/420 1101/333/421 1121/333/441
f 1100/333/420 1121/333/441 1120/333/440
f 1101/333/421 1102/333/422 1122/333/442
f 1101/333/421 1122/333/442 1121/333/441
f 1102/333/422 1103/333/423 1123/333/443
f 1102/333/422 1123/333/443 1122/333/442
f 1103/333/423 1104/333/424 1124/333/444
f 1103/333/423 1124/333/444 1123/333/443
f 1104/333/424 1086/333/406 1106/333/426
f 1104/333/424 1106/333/426 1124/333/444
f 1106/333/426 1105/333/425 1125/333/445
f 1106/333/426 1125/333/445 1126/333/446
f 1105/333/425 1107/333/427 1127/333/447
f 1105/333/425 1127/333/447 1125/333/445
f 1107/333/427 1108/333/428 1128/333/448
f 1107/333/427 1128/333/448 1127/333/447
f 1108/333/428 1109/333/429 1129/333/449
f 1108/333/428 1129/333/449 1128/333/448
f 1109/333/429 1110/333/430 1130/333/450
f 1109/333/429 1130/333/450 1129/333/449
f 1110/333/430 1111/333/431 1131/333/451
f 1110/333/430 1131/333/451 1130/333/450
f 1111/333/431 1112/333/432 1132/333/452
f 1111/333/431 1132/333/452 1131/333/451
f 1112/333/432 1113/333/433 1133/333/453
f 1112/333/432 1133/333/453 1132/333/452
f 1113/333/433 1114/333/434 1134/333/454
f 1113/333/433 1134/333/454 1133/333/453
f 1114/333/434 1115/333/435 1135/333/455
f 1114/333/434 1135/333/455 1134/333/454
f 1115/333/435 1116/333/436 1136/333/456
f 1115/333/435 1136/333/456 1135/333/455
f 1116/333/436 1117/333/437 1137/333/348
f 1116/333/436 1137/333/348 1136/333/456
f 1117/333/437 1118/333/438 1138/333/457
f 1117/333/437 1138/333/457 1137/333/348
f 1118/333/438 1119/333/439 1139/333/458
f 1118/333/438 1139/333/458 1138/333/457
f 1119/333/439 1120/333/440 1140/333/459
f 1119/333/439 1140/333/459 1139/333/458
f 1120/333/440 1121/333/441 1141/333/460
f 1120/333/440 1141/333/460 1140/333/459
f 1121/333/441 1122/333/442 1142/333/361
f 1121/333/441 1142/333/361 1141/333/460
f 1122/333/442 1123/333/443 1143/333/461
f 1122/333/442 1143/333/461 1142/333/361
f 1123/333/443 1124/333/444 1144/333/462
f 1123/333/443 1144/333/462 1143/333/461
f 1124/333/444 1106/333/426 1126/333/446
f 1124/333/444 1126/333/446 1144/333/462
f 1126/333/446 1125/333/445 1145/333/445
f 1126/333/446 1145/333/445 1146/333/446
f 1125/333/445 1127/333/447 1147/333/447
f 1125/333/445 1147/333/447 1145/333/445
f 1127/333/447 1128/333/448 1148/333/448
f 1127/333/447 1148/333/448 1147/333/447
f 1128/333/448 1129/333/449 1149/333/449
f 1128/333/448 1149/333/449 1148/333/448
f 1129/333/449 1130/333/450 1150/333/450
f 1129/333/449 1150/333/450 1149/333/449
f 1130/333/450 1131/333/451 1151/333/451
f 1130/333/450 1151/333/451 1150/333/450
f 1131/333/451 1132/333/452 1152/333/452
f 1131/333/451 1152/333/452 1151/333/451
f 1132/333/452 1133/333/453 1153/333/453
f 1132/333/452 1153/333/453 1152/333/452
f 1133/333/453 1134/333/454 1154/333/454
f 1133/333/453 1154/333/454 1153/333/453
f 1134/333/454 1135/333/455 1155/333/455
f 1134/333/454 1155/333/455 1154/333/454
f 1135/333/455 1136/333/456 1156/333/456
f 1135/333/455 1156/333/456 1155/333/455
f 1136/333/456 1137/333/348 1157/333/348
f 1136/333/456 1157/333/348 1156/333/456
f 1137/333/348 1138/333/457 1158/333/457
f 1137/333/348 1158/333/457 1157/333/348
f 1138/333/457 1139/333/458 1159/333/458
f 1138/333/457 1159/333/458 1158/333/457
f 1139/333/458 1140/333/459 1160/333/459
f 1139/333/458 1160/333/459 1159/333/458
f 1140/333/459 1141/333/460 1161/333/460
f 1140/333/459 1161/333/460 1160/333/459
f 1141/333/460 1142/333/361 1162/333/361
f 1141/333/460 1162/333/361 1161/333/460
f 1142/333/361 1143/333/461 1163/333/461
f 1142/333/361 1163/333/461 1162/333/361
f 1143/333/461 1144/333/462 1164/333/462
f 1143/333/461 1164/333/462 1163/333/461
f 1144/333/462 1126/333/446 1146/333/446
f 1144/333/462 1146/333/446 1164/333/462
f 1146/333/446 1145/333/445 1165/333/463
f 1146/333/446 1165/333/463 1166/333/464
f 1145/333/445 1147/333/447 1167/333/465
f 1145/333/445 1167/333/465 1165/333/463
f 1147/333/447 1148/333/448 1168/333/466
f 1147/333/447 1168/333/466 1167/333/465
f 1148/333/448 1149/333/449 1169/333/467
f 1148/333/448 1169/333/467 1168/333/466
f 1149/333/449 1150/333/450 1170/333/468
f 1149/333/449 1170/333/468 1169/333/467
f 1150/333/450 1151/333/451 1171/333/469
f 1150/333/450 1171/333/469 1170/333/468
f 1151/333/451 1152/333/452 1172/333/470
f 1151/333/451 1172/333/470 1171/333/469
f 1152/333/452 1153/333/453 1173/333/471
f 1152/333/452 1173/333/471 1172/333/470
f 1153/333/453 1154/333/454 1174/333/472
f 1153/333/453 1174/333/472 1173/333/471
f 1154/333/454 1155/333/455 1175/333/473
f 1154/333/454 1175/333/473 1174/333/472
f 1155/333/455 1156/333/456 1176/333/474
f 1155/333/455 1176/333/474 1175/333/473
f 1156/333/456 1157/333/348 1177/333/475
f 1156/333/456 1177/333/475 1176/333/474
f 1157/333/348 1158/333/457 1178/333/476
f 1157/333/348 1178/333/476 1177/333/475
f 1158/333/457 1159/333/458 1179/333/477
f 1158/333/457 1179/333/477 1178/333/476
f 1159/333/458 1160/333/459 1180/333/478
f 1159/333/458 1180/333/478 1179/333/477
f 1160/333/459 1161/333/460 1181/333/479
f 1160/333/459 1181/333/479 1180/333/478
f 1161/333/460 1162/333/361 1182/333/480
f 1161/333/460 1182/333/480 1181/333/479
f 1162/333/361 1163/333/461 1183/333/481
f 1162/333/361 1183/333/481 1182/333/480
f 1163/333/461 1164/333/462 1184/333/482
f 1163/333/461 1184/333/482 1183/333/481
f 1164/333/462 1146/333/446 1166/333/464
f 1164/333/462 1166/333/464 1184/333/482
f 1166/333/464 1165/333/463 1185/333/483
f 1166/333/464 1185/333/483 1186/333/484
f 1165/333/463 1167/333/465 1187/333/485
f 1165/333/463 1187/333/485 1185/333/483
f 1167/333/465 1168/333/466 1188/333/486
f 1167/333/465 1188/333/486 1187/333/485
f 1168/333/466 1169/333/467 1189/333/487
f 1168/333/466 1189/333/487 1188/333/486
f 1169/333/467 1170/333/468 1190/333/488
f 1169/333/467 1190/333/488 1189/333/487
f 1170/333/468 1171/333/469 1191/333/489
f 1170/333/468 1191/333/489 1190/333/488
f 1171/333/469 1172/333/470 1192/333/490
f 1171/333/469 1192/333/490 1191/333/489
f 1172/333/470 1173/333/471 1193/333/491
f 1172/333/470 1193/333/491 1192/333/490
f 1173/333/471 1174/333/472 1194/333/492
f 1173/333/471 1194/333/492 1193/333/491
f 1174/333/472 1175/333/473 1195/333/493
f 1174/333/472 1195/333/493 1194/333/492
f 1175/333/473 1176/333/474 1196/333/494
f 1175/333/473 1196/333/494 1195/333/493
f 1176/333/474 1177/333/475 1197/333/495
f 1176/333/474 1197/333/495 1196/333/494
f 1177/333/475 1178/333/476 1198/333/496
f 1177/333/475 1198/333/496 1197/333/495
f 1178/333/476 1179/333/477 1199/333/497
f 1178/333/476 1199/333/497 1198/333/496
f 1179/333/477 1180/333/478 1200/333/498
f 1179/333/477 1200/333/498 1199/333/497
f 1180/333/478 1181/333/479 1201/333/499
f 1180/333/478 1201/333/499 1200/333/498
f 1181/333/479 1182/333/480 1202/333/500
f 1181/333/479 1202/333/500 1201/333/499
f 1182/333/480 1183/333/481 1203/333/501
f 1182/333/480 1203/333/501 1202/333/500
f 1183/333/481 1184/333/482 1204/333/502
f 1183/333/481 1204/333/502 1203/333/501
f 1184/333/482 1166/333/464 1186/333/484
f 1184/333/482 1186/333/484 1204/333/502
f 1186/333/484 1185/333/483 1205/333/503
f 1186/333/484 1205/333/503 1206/333/504
f 1185/333/483 1187/333/485 1207/333/505
f 1185/333/483 1207/333/505 1205/333/503
f 1187/333/485 1188/333/486 1208/333/506
f 1187/333/485 1208/333/506 1207/333/505
f 1188/333/486 1189/333/487 1209/333/507
f 1188/333/486 1209/333/507 1208/333/506
f 1189/333/487 1190/333/488 1210/333/508
f 1189/333/487 1210/333/508 1209/333/507
f 1190/333/488 1191/333/489 1211/333/509
f 1190/333/488 1211/333/509 1210/333/508
f 1191/333/489 1192/333/490 1212/333/510
f 1191/333/489 1212/333/510 1211/333/509
f 1192/333/490 1193/333/491 1213/333/511
f 1192/333/490 1213/333/511 1212/333/510
f 1193/333/491 1194/333/492 1214/333/512
f 1193/333/491 1214/333/512 1213/333/511
f 1194/333/492 1195/333/493 1215/333/513
f 1194/333/492 1215/333/513 1214/333/512
f 1195/333/493 1196/333/494 1216/333/514
f 1195/333/493 1216/333/514 1215/333/513
f 1196/333/494 1197/333/495 1217/333/515
f 1196/333/494 1217/333/515 1216/333/514
f 1197/333/495 1198/333/496 1218/333/516
f 1197/333/495 1218/333/516 1217/333/515
f 1198/333/496 1199/333/497 1219/333/517
f 1198/333/496 1219/333/517 1218/333/516
f 1199/333/497 1200/333/498 1220/333/518
f 1199/333/497 1220/333/518 1219/333/517
f 1200/333/498 1201/333/499 1221/333/519
f 1200/333/498 1221/333/519 1220/333/518
f 1201/333/499 1202/333/500 1222/333/520
f 1201/333/499 1222/333/520 1221/333/519
f 1202/333/500 1203/333/501 1223/333/521
f 1202/333/500 1223/333/521 1222/333/520
f 1203/333/501 1204/333/502 1224/333/522
f 1203/333/501 1224/333/522 1223/333/521
f 1204/333/502 1186/333/484 1206/333/504
f 1204/333/502 1206/333/504 1224/333/522
f 1206/333/504 1205/333/503 1225/333/235
f 1206/333/504 1225/333/235 1226/333/235
f 1205/333/503 1207/333/505 1227/333/235
f 1205/333/503 1227/333/235 1225/333/235
f 1207/333/505 1208/333/506 1228/333/235
f 1207/333/505 1228/333/235 1227/333/235
f 1208/333/506 1209/333/507 1229/333/235
f 1208/333/506 1229/333/235 1228/333/235
f 1209/333/507 1210/333/508 1230/333/235
f 1209/333/507 1230/333/235 1229/333/235
f 1210/333/508 1211/333/509 1231/333/235
f 1210/333/508 1231/333/235 1230/333/235
f 1211/333/509 1212/333/510 1232/333/235
f 1211/333/509 1232/333/235 1231/333/235
f 1212/333/510 1213/333/511 1233/333/235
f 1212/333/510 1233/333/235 1232/333/235
f 1213/333/511 1214/333/512 1234/333/235
f 1213/333/511 1234/333/235 1233/333/235
f 1214/333/512 1215/333/513 1235/333/235
f 1214/333/512 1235/333/235 1234/333/235
f 1215/333/513 1216/333/514 1236/333/235
f 1215/333/513 1236/333/235 1235/333/235
f 1216/333/514 1217/333/515 1237/333/235
f 1216/333/514 1237/333/235 1236/333/235
f 1217/333/515 1218/333/516 1238/333/235
f 1217/333/515 1238/333/235 1237/333/235
f 1218/333/516 1219/333/517 1239/333/235
f 1218/333/516 1239/333/235 1238/333/235
f 1219/333/517 1220/333/518 1240/333/235
f 1219/333/517 1240/333/235 1239/333/235
f 1220/333/518 1221/333/519 1241/333/235
f 1220/333/518 1241/333/235 1240/333/235
f 1221/333/519 1222/333/520 1242/333/235
f 1221/333/519 1242/333/235 1241/333/235
f 1222/333/520 1223/333/521 1243/333/235
f 1222/333/520 1243/333/235 1242/333/235
f 1223/333/521 1224/333/522 1244/333/235
f 1223/333/521 1244/333/235 1243/333/235
f 1224/333/522 1206/333/504 1226/333/235
f 1224/333/522 1226/333/235 1244/333/235
f 1245/333/224 1046/333/224 1045/333/224
f 1245/333/224 1049/333/224 1046/333/224
f 1245/333/224 1051/333/224 1049/333/224
f 1245/333/224 1053/333/224 1051/333/224
f 1245/333/224 1055/333/224 1053/333/224
f 1245/333/224 1057/333/224 1055/333/224
f 1245/333/224 1059/333/224 1057/333/224
f 1245/333/224 1061/333/224 1059/333/224
f 1245/333/224 1063/333/224 1061/333/224
f 1245/333/224 1065/333/224 1063/333/224
f 1245/333/224 1067/333/224 1065/333/224
f 1245/333/224 1069/333/224 1067/333/224
f 1245/333/224 1071/333/224 1069/333/224
f 1245/333/224 1073/333/224 1071/333/224
f 1245/333/224 1075/333/224 1073/333/224
f 1245/333/224 1077/333/224 1075/333/224
f 1245/333/224 1079/333/224 1077/333/224
f 1245/333/224 1081/333/224 1079/333/224
f 1245/333/224 1083/333/224 1081/333/224
f 1245/333/224 1045/333/224 1083/333/224
f 1246/333/235 1226/333/235 1225/333/235
f 1246/333/235 1225/333/235 1227/333/235
f 1246/333/235 1227/333/235 1228/333/235
f 1246/333/235 1228/333/235 1229/333/235
f 1246/333/235 1229/333/235 1230/333/235
f 1246/333/235 1230/333/235 1231/333/235
f 1246/333/235 1231/333/235 1232/333/235
f 1246/333/235 1232/333/235 1233/333/235
f 1246/333/235 1233/333/235 1234/333/235
f 1246/333/235 1234/333/235 1235/333/235
f 1246/333/235 1235/333/235 1236/333/235
f 1246/333/235 1236/333/235 1237/333/235
f 1246/333/235 1237/333/235 1238/333/235
f 1246/333/235 1238/333/235 1239/333/235
f 1246/333/235 1239/333/235 1240/333/235
f 1246/333/235 1240/333/235 1241/333/235
f 1246/333/235 1241/333/235 1242/333/235
f 1246/333/235 1242/333/235 1243/333/235
f 1246/333/235 1243/333/235 1244/333/235
f 1246/333/235 1244/333/235 1226/333/235
f 1247/333/224 1248/333/224 1249/333/385
f 1247/333/224 1249/333/385 1250/333/386
f 1248/333/224 1251/333/224 1252/333/387
f 1248/333/224 1252/333/387 1249/333/385
f 1251/333/224 1253/333/224 1254/333/388
f 1251/333/224 1254/333/388 1252/333/387
f 1253/333/224 1255/333/224 1256/333/389
f 1253/333/224 1256/333/389 1254/333/388
f 1255/333/224 1257/333/224 1258/333/390
f 1255/333/224 1258/333/390 1256/333/389
f 1257/333/224 1259/333/224 1260/333/391
f 1257/333/224 1260/333/391 1258/333/390
f 1259/333/224 1261/333/224 1262/333/392
f 1259/333/224 1262/333/392 1260/333/391
f 1261/333/224 1263/333/224 1264/333/393
f 1261/333/224 1264/333/393 1262/333/392
f 1263/333/224 1265/333/224 1266/333/394
f 1263/333/224 1266/333/394 1264/333/393
f 1265/333/224 1267/333/224 1268/333/395
f 1265/333/224 1268/333/395 1266/333/394
f 1267/333/224 1269/333/224 1270/333/396
f 1267/333/224 1270/333/396 1268/333/395
f 1269/333/224 1271/333/224 1272/333/397
f 1269/333/224 1272/333/397 1270/333/396
f 1271/333/224 1273/333/224 1274/333/398
f 1271/333/224 1274/333/398 1272/333/397
f 1273/333/224 1275/333/224 1276/333/399
f 1273/333/224 1276/333/399 1274/333/398
f 1275/333/224 1277/333/224 1278/333/400
f 1275/333/224 1278/333/400 1276/333/399
f 1277/333/224 1279/333/224 1280/333/401
f 1277/333/224 1280/333/401 1278/333/400
f 1279/333/224 1281/333/224 1282/333/402
f 1279/333/224 1282/333/402 1280/333/401
f 1281/333/224 1283/333/224 1284/333/403
f 1281/333/224 1284/333/403 1282/333/402
f 1283/333/224 1285/333/224 1286/333/404
f 1283/333/224 1286/333/404 1284/333/403
f 1285/333/224 1247/333/224 1250/333/386
f 1285/333/224 1250/333/386 1286/333/404
f 1250/333/386 1249/333/385 1287/333/405
f 1250/333/386 1287/333/405 1288/333/406
f 1249/333/385 1252/333/387 1289/333/407
f 1249/333/385 1289/333/407 1287/333/405
f 1252/333/387 1254/333/388 1290/333/408
f 1252/333/387 1290/333/408 1289/333/407
f 1254/333/388 1256/333/389 1291/333/409
f 1254/333/388 1291/333/409 1290/333/408
f 1256/333/389 1258/333/390 1292/333/410
f 1256/333/389 1292/333/410 1291/333/409
f 1258/333/390 1260/333/391 1293/333/411
f 1258/333/390 1293/333/411 1292/333/410
f 1260/333/391 1262/333/392 1294/333/412
f 1260/333/391 1294/333/412 1293/333/411
f 1262/333/392 1264/333/393 1295/333/413
f 1262/333/392 1295/333/413 1294/333/412
f 1264/333/393 1266/333/394 1296/333/414
f 1264/333/393 1296/333/414 1295/333/413
f 1266/333/394 1268/333/395 1297/333/415
f 1266/333/394 1297/333/415 1296/333/414
f 1268/333/395 1270/333/396 1298/333/416
f 1268/333/395 1298/333/416 1297/333/415
f 1270/333/396 1272/333/397 1299/333/417
f 1270/333/396 1299/333/417 1298/333/416
f 1272/333/397 1274/333/398 1300/333/418
f 1272/333/397 1300/333/418 1299/333/417
f 1274/333/398 1276/333/399 1301/333/419
f 1274/333/398 1301/333/419 1300/333/418
f 1276/333/399 1278/333/400 1302/333/420
f 1276/333/399 1302/333/420 1301/333/419
f 1278/333/400 1280/333/401 1303/333/421
f 1278/333/400 1303/333/421 1302/333/420
f 1280/333/401 1282/333/402 1304/333/422
f 1280/333/401 1304/333/422 1303/333/421
f 1282/333/402 1284/333/403 1305/333/423
f 1282/333/402 1305/333/423 1304/333/422
f 1284/333/403 1286/333/404 1306/333/424
f 1284/333/403 1306/333/424 1305/333/423
f 1286/333/404 1250/333/386 1288/333/406
f 1286/333/404 1288/333/406 1306/333/424
f 1288/333/406 1287/333/405 1307/333/425
f 1288/333/406 1307/333/425 1308/333/426
f 1287/333/405 1289/333/407 1309/333/427
f 1287/333/405 1309/333/427 1307/333/425
f 1289/333/407 1290/333/408 1310/333/428
f 1289/333/407 1310/333/428 1309/333/427
f 1290/333/408 1291/333/409 1311/333/429
f 1290/333/408 1311/333/429 1310/333/428
f 1291/333/409 1292/333/410 1312/333/430
f 1291/333/409 1312/333/430 1311/333/429
f 1292/333/410 1293/333/411 1313/333/431
f 1292/333/410 1313/333/431 1312/333/430
f 1293/333/411 1294/333/412 1314/333/432
f 1293/333/411 1314/333/432 1313/333/431
f 1294/333/412 1295/333/413 1315/333/433
f 1294/333/412 1315/333/433 1314/333/432
f 1295/333/413 1296/333/414 1316/333/434
f 1295/333/413 1316/333/434 1315/333/433
f 1296/333/414 1297/333/415 1317/333/435
f 1296/333/414 1317/333/435 1316/333/434
f 1297/333/415 1298/333/416 1318/333/436
f 1297/333/415 1318/333/436 1317/333/435
f 1298/333/416 1299/333/417 1319/333/437
f 1298/333/416 1319/333/437 1318/333/436
f 1299/333/417 1300/333/418 1320/333/438
f 1299/333/417 1320/333/438 1319/333/437
f 1300/333/418 1301/333/419 1321/333/439
f 1300/333/418 1321/333/439 1320/333/438
f 1301/333/419 1302/333/420 1322/333/440
f 1301/333/419 1322/333/440 1321/333/439
f 1302/333/420 1303/333/421 1323/333/441
f 1302/333/420 1323/333/441 1322/333/440
f 1303/333/421 1304/333/422 1324/333/442
f 1303/333/421 1324/333/442 1323/333/441
f 1304/333/422 1305/333/423 1325/333/443
f 1304/333/422 1325/333/443 1324/333/442
f 1305/333/423 1306/333/424 1326/333/444
f 1305/333/423 1326/333/444 1325/333/443
f 1306/333/424 1288/333/406 1308/333/426
f 1306/333/424 1308/333/426 1326/333/444
f 1308/333/426 1307/333/425 1327/333/445
f 1308/333/426 1327/333/445 1328/333/446
f 1307/333/425 1309/333/427 1329/333/447
f 1307/333/425 1329/333/447 1327/333/445
f 1309/333/427 1310/333/428 1330/333/448
f 1309/333/427 1330/333/448 1329/333/447
f 1310/333/428 1311/333/429 1331/333/449
f 1310/333/428 1331/333/449 1330/333/448
f 1311/333/429 1312/333/430 1332/333/450
f 1311/333/429 1332/333/450 1331/333/449
f 1312/333/430 1313/333/431 1333/333/451
f 1312/333/430 1333/333/451 1332/333/450
f 1313/333/431 1314/333/432 1334/333/452
f 1313/333/431 1334/333/452 1333/333/451
f 1314/333/432 1315/333/433 1335/333/453
f 1314/333/432 1335/333/453 1334/333/452
f 1315/333/433 1316/333/434 1336/333/454
f 1315/333/433 1336/333/454 1335/333/453
f 1316/333/434 1317/333/435 1337/333/455
f 1316/333/434 1337/333/455 1336/333/454
f 1317/333/435 1318/333/436 1338/333/456
f 1317/333/435 1338/333/456 1337/333/455
f 1318/333/436 1319/333/437 1339/333/348
f 1318/333/436 1339/333/348 1338/333/456
f 1319/333/437 1320/333/438 1340/333/457
f 1319/333/437 1340/333/457 1339/333/348
f 1320/333/438 1321/333/439 1341/333/458
f 1320/333/438 1341/333/458 1340/333/457
f 1321/333/439 1322/333/440 1342/333/459
f 1321/333/439 1342/333/459 1341/333/458
f 1322/333/440 1323/333/441 1343/333/460
f 1322/333/440 1343/333/460 1342/333/459
f 1323/333/441 1324/333/442 1344/333/361
f 1323/333/441 1344/333/361 1343/333/460
f 1324/333/442 1325/333/443 1345/333/461
f 1324/333/442 1345/333/461 1344/333/361
f 1325/333/443 1326/333/444 1346/333/462
f 1325/333/443 1346/333/462 1345/333/461
f 1326/333/444 1308/333/426 1328/333/446
f 1326/333/444 1328/333/446 1346/333/462
f 1328/333/446 1327/333/445 1347/333/445
f 1328/333/446 1347/333/445 1348/333/446
f 1327/333/445 1329/333/447 1349/333/447
f 1327/333/445 1349/333/447 1347/333/445
f 1329/333/447 1330/333/448 1350/333/448
f 1329/333/447 1350/333/448 1349/333/447
f 1330/333/448 1331/333/449 1351/333/449
f 1330/333/448 1351/333/449 1350/333/448
f 1331/333/449 1332/333/450 1352/333/450
f 1331/333/449 1352/333/450 1351/333/449
f 1332/333/450 1333/333/451 1353/333/451
f 1332/333/450 1353/333/451 1352/333/450
f 1333/333/451 1334/333/452 1354/333/452
f 1333/333/451 1354/333/452 1353/333/451
f 1334/333/452 1335/333/453 1355/333/453
f 1334/333/452 1355/333/453 1354/333/452
f 1335/333/453 1336/333/454 1356/333/454
f 1335/333/453 1356/333/454 1355/333/453
f 1336/333/454 1337/333/455 1357/333/455
f 1336/333/454 1357/333/455 1356/333/454
f 1337/333/455 1338/333/456 1358/333/456
f 1337/333/455 1358/333/456 1357/333/455
f 1338/333/456 1339/333/348 1359/333/348
f 1338/333/456 1359/333/348 1358/333/456
f 1339/333/348 1340/333/457 1360/333/457
f 1339/333/348 1360/333/457 1359/333/348
f 1340/333/457 1341/333/458 1361/333/458
f 1340/333/457 1361/333/458 1360/333/457
f 1341/333/458 1342/333/459 1362/333/459
f 1341/333/458 1362/333/459 1361/333/458
f 1342/333/459 1343/333/460 1363/333/460
f 1342/333/459 1363/333/460 1362/333/459
f 1343/333/460 1344/333/361 1364/333/361
f 1343/333/460 1364/333/361 1363/333/460
f 1344/333/361 1345/333/461 1365/333/461
f 1344/333/361 1365/333/461 1364/333/361
f 1345/333/461 1346/333/462 1366/333/462
f 1345/333/461 1366/333/462 1365/333/461
f 1346/333/462 1328/333/446 1348/333/446
f 1346/333/462 1348/333/446 1366/333/462
f 1348/333/446 1347/333/445 1367/333/463
f 1348/333/446 1367/333/463 1368/333/464
f 1347/333/445 1349/333/447 1369/333/465
f 1347/333/445 1369/333/465 1367/333/463
f 1349/333/447 1350/333/448 1370/333/466
f 1349/333/447 1370/333/466 1369/333/465
f 1350/333/448 1351/333/449 1371/333/467
f 1350/333/448 1371/333/467 1370/333/466
f 1351/333/449 1352/333/450 1372/333/468
f 1351/333/449 1372/333/468 1371/333/467
f 1352/333/450 1353/333/451 1373/333/469
f 1352/333/450 1373/333/469 1372/333/468
f 1353/333/451 1354/333/452 1374/333/470
f 1353/333/451 1374/333/470 1373/333/469
f 1354/333/452 1355/333/453 1375/333/471
f 1354/333/452 1375/333/471 1374/333/470
f 1355/333/453 1356/333/454 1376/333/472
f 1355/333/453 1376/333/472 1375/333/471
f 1356/333/454 1357/333/455 1377/333/473
f 1356/333/454 1377/333/473 1376/333/472
f 1357/333/455 1358/333/456 1378/333/474
f 1357/333/455 1378/333/474 1377/333/473
f 1358/333/456 1359/333/348 1379/333/475
f 1358/333/456 1379/333/475 1378/333/474
f 1359/333/348 1360/333/457 1380/333/476
f 1359/333/348 1380/333/476 1379/333/475
f 1360/333/457 1361/333/458 1381/333/477
f 1360/333/457 1381/333/477 1380/333/476
f 1361/333/458 1362/333/459 1382/333/478
f 1361/333/458 1382/333/478 1381/333/477
f 1362/333/459 1363/333/460 1383/333/479
f 1362/333/459 1383/333/479 1382/333/478
f 1363/333/460 1364/333/361 1384/333/480
f 1363/333/460 1384/333/480 1383/333/479
f 1364/333/361 1365/333/461 1385/333/481
f 1364/333/361 1385/333/481 1384/333/480
f 1365/333/461 1366/333/462 1386/333/482
f 1365/333/461 1386/333/482 1385/333/481
f 1366/333/462 1348/333/446 1368/333/464
f 1366/333/462 1368/333/464 1386/333/482
f 1368/333/464 1367/333/463 1387/333/483
f 1368/333/464 1387/333/483 1388/333/484
f 1367/333/463 1369/333/465 1389/333/485
f 1367/333/463 1389/333/485 1387/333/483
f 1369/333/465 1370/333/466 1390/333/486
f 1369/333/465 1390/333/486 1389/333/485
f 1370/333/466 1371/333/467 1391/333/487
f 1370/333/466 1391/333/487 1390/333/486
f 1371/333/467 1372/333/468 1392/333/488
f 1371/333/467 1392/333/488 1391/333/487
f 1372/333/468 1373/333/469 1393/333/489
f 1372/333/468 1393/333/489 1392/333/488
f 1373/333/469 1374/333/470 1394/333/490
f 1373/333/469 1394/333/490 1393/333/489
f 1374/333/470 1375/333/471 1395/333/491
f 1374/333/470 1395/333/491 1394/333/490
f 1375/333/471 1376/333/472 1396/333/492
f 1375/333/471 1396/333/492 1395/333/491
f 1376/333/472 1377/333/473 1397/333/493
f 1376/333/472 1397/333/493 1396/333/492
f 1377/333/473 1378/333/474 1398/333/494
f 1377/333/473 1398/333/494 1397/333/493
f 1378/333/474 1379/333/475 1399/333/495
f 1378/333/474 1399/333/495 1398/333/494
f 1379/333/475 1380/333/476 1400/333/496
f 1379/333/475 1400/333/496 1399/333/495
f 1380/333/476 1381/333/477 1401/333/497
f 1380/333/476 1401/333/497 1400/333/496
f 1381/333/477 1382/333/478 1402/333/498
f 1381/333/477 1402/333/498 1401/333/497
f 1382/333/478 1383/333/479 1403/333/499
f 1382/333/478 1403/333/499 1402/333/498
f 1383/333/479 1384/333/480 1404/333/500
f 1383/333/479 1404/333/500 1403/333/499
f 1384/333/480 1385/333/481 1405/333/501
f 1384/333/480 1405/333/501 1404/333/500
f 1385/333/481 1386/333/482 1406/333/502
f 1385/333/481 1406/333/502 1405/333/501
f 1386/333/482 1368/333/464 1388/333/484
f 1386/333/482 1388/333/484 1406/333/502
f 1388/333/484 1387/333/483 1407/333/503
f 1388/333/484 1407/333/503 1408/333/504
f 1387/333/483 1389/333/485 1409/333/505
f 1387/333/483 1409/333/505 1407/333/503
f 1389/333/485 1390/333/486 1410/333/506
f 1389/333/485 1410/333/506 1409/333/505
f 1390/333/486 1391/333/487 1411/333/507
f 1390/333/486 1411/333/507 1410/333/506
f 1391/333/487 1392/333/488 1412/333/508
f 1391/333/487 1412/333/508 1411/333/507
f 1392/333/488 1393/333/489 1413/333/509
f 1392/333/488 1413/333/509 1412/333/508
f 1393/333/489 1394/333/490 1414/333/510
f 1393/333/489 1414/333/510 1413/333/509
f 1394/333/490 1395/333/491 1415/333/511
f 1394/333/490 1415/333/511 1414/333/510
f 1395/333/491 1396/333/492 1416/333/512
f 1395/333/491 1416/333/512 1415/333/511
f 1396/333/492 1397/333/493 1417/333/513
f 1396/333/492 1417/333/513 1416/333/512
f 1397/333/493 1398/333/494 1418/333/514
f 1397/333/493 1418/333/514 1417/333/513
f 1398/333/494 1399/333/495 1419/333/515
f 1398/333/494 1419/333/515 1418/333/514
f 1399/333/495 1400/333/496 1420/333/516
f 1399/333/495 1420/333/516 1419/333/515
f 1400/333/496 1401/333/497 1421/333/517
f 1400/333/496 1421/333/517 1420/333/516
f 1401/333/497 1402/333/498 1422/333/518
f 1401/333/497 1422/333/518 1421/333/517
f 1402/333/498 1403/333/499 1423/333/519
f 1402/333/498 1423/333/519 1422/333/518
f 1403/333/499 1404/333/500 1424/333/520
f 1403/333/499 1424/333/520 1423/333/519
f 1404/333/500 1405/333/501 1425/333/521
f 1404/333/500 1425/333/521 1424/333/520
f 1405/333/501 1406/333/502 1426/333/522
f 1405/333/501 1426/333/522 1425/333/521
f 1406/333/502 1388/333/484 1408/333/504
f 1406/333/502 1408/333/504 1426/333/522
f 1408/333/504 1407/333/503 1427/333/235
f 1408/333/504 1427/333/235 1428/333/235
f 1407/333/503 1409/333/505 1429/333/235
f 1407/333/503 1429/333/235 1427/333/235
f 1409/333/505 1410/333/506 1430/333/235
f 1409/333/505 1430/333/235 1429/333/235
f 1410/333/506 1411/333/507 1431/333/235
f 1410/333/506 1431/333/235 1430/333/235
f 1411/333/507 1412/333/508 1432/333/235
f 1411/333/507 1432/333/235 1431/333/235
f 1412/333/508 1413/333/509 1433/333/235
f 1412/333/508 1433/333/235 1432/333/235
f 1413/333/509 1414/333/510 1434/333/235
f 1413/333/509 1434/333/235 1433/333/235
f 1414/333/510 1415/333/511 1435/333/235
f 1414/333/510 1435/333/235 1434/333/235
f 1415/333/511 1416/333/512 1436/333/235
f 1415/333/511 1436/333/235 1435/333/235
f 1416/333/512 1417/333/513 1437/333/235
f 1416/333/512 1437/333/235 1436/333/235
f 1417/333/513 1418/333/514 1438/333/235
f 1417/333/513 1438/333/235 1437/333/235
f 1418/333/514 1419/333/515 1439/333/235
f 1418/333/514 1439/333/235 1438/333/235
f 1419/333/515 1420/333/516 1440/333/235
f 1419/333/515 1440/333/235 1439/333/235
f 1420/333/516 1421/333/517 1441/333/235
f 1420/333/516 1441/333/235 1440/333/235
f 1421/333/517 1422/333/518 1442/333/235
f 1421/333/517 1442/333/235 1441/333/235
f 1422/333/518 1423/333/519 1443/333/235
f 1422/333/518 1443/333/235 1442/333/235
f 1423/333/519 1424/333/520 1444/333/235
f 1423/333/519 1444/333/235 1443/333/235
f 1424/333/520 1425/333/521 1445/333/235
f 1424/333/520 1445/333/235 1444/333/235
f 1425/333/521 1426/333/522 1446/333/235
f 1425/333/521 1446/333/235 1445/333/235
f 1426/333/522 1408/333/504 1428/333/235
f 1426/333/522 1428/333/235 1446/333/235
f 1447/333/224 1248/333/224 1247/333/224
f 1447/333/224 1251/333/224 1248/333/224
f 1447/333/224 1253/333/224 1251/333/224
f 1447/333/224 1255/333/224 1253/333/224
f 1447/333/224 1257/333/224 1255/333/224
f 1447/333/224 1259/333/224 1257/333/224
f 1447/333/224 1261/333/224 1259/333/224
f 1447/333/224 1263/333/224 1261/333/224
f 1447/333/224 1265/333/224 1263/333/224
f 1447/333/224 1267/333/224 1265/333/224
f 1447/333/224 1269/333/224 1267/333/224
f 1447/333/224 1271/333/224 1269/333/224
f 1447/333/224 1273/333/224 1271/333/224
f 1447/333/224 1275/333/224 1273/333/224
f 1447/333/224 1277/333/224 1275/333/224
f 1447/333/224 1279/333/224 1277/333/224
f 1447/333/224 1281/333/224 1279/333/224
f 1447/333/224 1283/333/224 1281/333/224
f 1447/333/224 1285/333/224 1283/333/224
f 1447/333/224 1247/333/224 1285/333/224
f 1448/333/235 1428/333/235 1427/333/235
f 1448/333/235 1427/333/235 1429/333/235
f 1448/333/235 1429/333/235 1430/333/235
f 1448/333/235 1430/333/235 1431/333/235
f 1448/333/235 1431/333/235 1432/333/235
f 1448/333/235 1432/333/235 1433/333/235
f 1448/333/235 1433/333/235 1434/333/235
f 1448/333/235 1434/333/235 1435/333/235
f 1448/333/235 1435/333/235 1436/333/235
f 1448/333/235 1436/333/235 1437/333/235
f 1448/333/235 1437/333/235 1438/333/235
f 1448/333/235 1438/333/235 1439/333/235
f 1448/333/235 1439/333/235 1440/333/235
f 1448/333/235 1440/333/235 1441/333/235
f 1448/333/235 1441/333/235 1442/333/235
f 1448/333/235 1442/333/235 1443/333/235
f 1448/333/235 1443/333/235 1444/333/235
f 1448/333/235 1444/333/235 1445/333/235
f 1448/333/235 1445/333/235 1446/333/235
f 1448/333/235 1446/333/235 1428/333/235
