# taser mesh, units=1/16 block
v 1.103 1.3525 5.8
v 1.1002 1.3111 5.8
v 0.8674 1.2718 5.8457
v 0.8757 1.3948 5.8457
v 0.8981 1.1996 5.8457
v 1.0881 1.3396 5.8
v 0.958 1.1489 5.8457
v 1.0644 1.3596 5.8
v 1.1048 1.35 5.8
v 1.0778 1.1204 5.8457
v 4.8349 1.35 5.8
v 4.8532 1.1204 5.8457
v 4.8647 1.3548 5.8
v 4.9373 1.1339 5.8457
v 4.9864 1.1592 5.8457
v 4.8485 1.3464 5.8
v 5.0252 1.1986 5.8457
v 4.8357 1.3334 5.8
v 4.8491 1.3604 5.8
v 5.063 1.275 5.8457
v 5.713 4.1475 5.8
v 5.9404 4.1052 5.8457
v 5.7158 4.1889 5.8
v 5.9486 4.2282 5.8457
v 5.9179 4.3004 5.8457
v 5.7279 4.1604 5.8
v 5.858 4.3511 5.8457
v 5.7516 4.1404 5.8
v 5.7112 4.15 5.8
v 5.7382 4.3796 5.8457
v 1.9811 4.15 5.8
v 1.9628 4.3796 5.8457
v 1.9513 4.1452 5.8
v 1.8787 4.3661 5.8457
v 1.8296 4.3408 5.8457
v 1.9675 4.1536 5.8
v 1.7908 4.3014 5.8457
v 1.9803 4.1666 5.8
v 1.9669 4.1396 5.8
v 1.753 4.225 5.8457
v 0.6701 1.2385 5.9757
v 0.683 1.4305 5.9757
v 0.737 1.0809 5.9757
v 0.8678 0.9703 5.9757
v 1.055 0.9257 5.9757
v 4.8687 0.9257 5.9757
v 4.9988 0.9466 5.9757
v 5.1034 1.0005 5.9757
v 5.1859 1.0844 5.9757
v 5.2443 1.2025 5.9757
v 6.133 4.0695 5.9757
v 6.1459 4.2615 5.9757
v 6.079 4.4191 5.9757
v 5.9482 4.5297 5.9757
v 5.761 4.5743 5.9757
v 1.9473 4.5743 5.9757
v 1.8172 4.5534 5.9757
v 1.7126 4.4995 5.9757
v 1.6301 4.4156 5.9757
v 1.5717 4.2975 5.9757
v 0.5383 1.2163 6.1704
v 0.5542 1.4545 6.1704
v 0.6294 1.0016 6.1704
v 0.8075 0.851 6.1704
v 1.0397 0.7957 6.1704
v 4.879 0.7957 6.1704
v 5.04 0.8214 6.1704
v 5.1815 0.8945 6.1704
v 5.2932 1.0081 6.1704
v 5.3655 1.1541 6.1704
v 6.2618 4.0455 6.1704
v 6.2777 4.2837 6.1704
v 6.1866 4.4984 6.1704
v 6.0085 4.649 6.1704
v 5.7763 4.7043 6.1704
v 1.937 4.7043 6.1704
v 1.776 4.6786 6.1704
v 1.6345 4.6055 6.1704
v 1.5228 4.4919 6.1704
v 1.4505 4.3459 6.1704
v 0.492 1.2084 6.4
v 0.509 1.4629 6.4
v 0.5916 0.9737 6.4
v 0.7863 0.8091 6.4
v 1.0343 0.75 6.4
v 4.8827 0.75 6.4
v 5.0544 0.7775 6.4
v 5.209 0.8572 6.4
v 5.3309 0.9813 6.4
v 5.408 1.1371 6.4
v 6.307 4.0371 6.4
v 6.324 4.2916 6.4
v 6.2244 4.5263 6.4
v 6.0297 4.6909 6.4
v 5.7817 4.75 6.4
v 1.9333 4.75 6.4
v 1.7616 4.7225 6.4
v 1.607 4.6428 6.4
v 1.4851 4.5187 6.4
v 1.408 4.3629 6.4
v 0.492 1.2084 9.6
v 0.509 1.4629 9.6
v 0.5916 0.9737 9.6
v 0.7863 0.8091 9.6
v 1.0343 0.75 9.6
v 4.8827 0.75 9.6
v 5.0544 0.7775 9.6
v 5.209 0.8572 9.6
v 5.3309 0.9813 9.6
v 5.408 1.1371 9.6
v 6.307 4.0371 9.6
v 6.324 4.2916 9.6
v 6.2244 4.5263 9.6
v 6.0297 4.6909 9.6
v 5.7817 4.75 9.6
v 1.9333 4.75 9.6
v 1.7616 4.7225 9.6
v 1.607 4.6428 9.6
v 1.4851 4.5187 9.6
v 1.408 4.3629 9.6
v 0.5383 1.2163 9.8296
v 0.5542 1.4545 9.8296
v 0.6294 1.0016 9.8296
v 0.8075 0.851 9.8296
v 1.0397 0.7957 9.8296
v 4.879 0.7957 9.8296
v 5.04 0.8214 9.8296
v 5.1815 0.8945 9.8296
v 5.2932 1.0081 9.8296
v 5.3655 1.1541 9.8296
v 6.2618 4.0455 9.8296
v 6.2777 4.2837 9.8296
v 6.1866 4.4984 9.8296
v 6.0085 4.649 9.8296
v 5.7763 4.7043 9.8296
v 1.937 4.7043 9.8296
v 1.776 4.6786 9.8296
v 1.6345 4.6055 9.8296
v 1.5228 4.4919 9.8296
v 1.4505 4.3459 9.8296
v 0.6701 1.2385 10.0243
v 0.683 1.4305 10.0243
v 0.737 1.0809 10.0243
v 0.8678 0.9703 10.0243
v 1.055 0.9257 10.0243
v 4.8687 0.9257 10.0243
v 4.9988 0.9466 10.0243
v 5.1034 1.0005 10.0243
v 5.1859 1.0844 10.0243
v 5.2443 1.2025 10.0243
v 6.133 4.0695 10.0243
v 6.1459 4.2615 10.0243
v 6.079 4.4191 10.0243
v 5.9482 4.5297 10.0243
v 5.761 4.5743 10.0243
v 1.9473 4.5743 10.0243
v 1.8172 4.5534 10.0243
v 1.7126 4.4995 10.0243
v 1.6301 4.4156 10.0243
v 1.5717 4.2975 10.0243
v 0.8674 1.2718 10.1543
v 0.8757 1.3948 10.1543
v 0.8981 1.1996 10.1543
v 0.958 1.1489 10.1543
v 1.0778 1.1204 10.1543
v 4.8532 1.1204 10.1543
v 4.9373 1.1339 10.1543
v 4.9864 1.1592 10.1543
v 5.0252 1.1986 10.1543
v 5.063 1.275 10.1543
v 5.9404 4.1052 10.1543
v 5.9486 4.2282 10.1543
v 5.9179 4.3004 10.1543
v 5.858 4.3511 10.1543
v 5.7382 4.3796 10.1543
v 1.9628 4.3796 10.1543
v 1.8787 4.3661 10.1543
v 1.8296 4.3408 10.1543
v 1.7908 4.3014 10.1543
v 1.753 4.225 10.1543
v 1.1002 1.3111 10.2
v 1.103 1.3525 10.2
v 1.0881 1.3396 10.2
v 1.0644 1.3596 10.2
v 1.1048 1.35 10.2
v 4.8349 1.35 10.2
v 4.8647 1.3548 10.2
v 4.8485 1.3464 10.2
v 4.8357 1.3334 10.2
v 4.8491 1.3604 10.2
v 5.713 4.1475 10.2
v 5.7158 4.1889 10.2
v 5.7279 4.1604 10.2
v 5.7516 4.1404 10.2
v 5.7112 4.15 10.2
v 1.9811 4.15 10.2
v 1.9513 4.1452 10.2
v 1.9675 4.1536 10.2
v 1.9803 4.1666 10.2
v 1.9669 4.1396 10.2
v 3.408 2.75 5.8
v 3.408 2.75 10.2
v 3.5214 5.0508 6
v 3.2146 5.0513 6.0609
v 3.5249 5.1035 6
v 3.2184 5.1073 6.0609
v 3.2132 5.0546 6.0609
v 3.4666 5.2412 6
v 3.2105 5.0569 6.0609
v 3.3525 5.3377 6
v 3.2651 5.0439 6.0609
v 3.301 5.35 6
v 4.7962 5.35 6
v 4.8205 5.0439 6.0609
v 4.8598 5.0501 6.0609
v 4.763 5.3447 6
v 4.8597 5.0501 6.0609
v 4.6759 5.2998 6
v 4.6071 5.2299 6
v 4.8773 5.0857 6.0609
v 4.5922 5.1998 6
v 6.5346 11.4492 6
v 6.8376 11.3927 6.0609
v 6.8414 11.4487 6.0609
v 6.5311 11.3965 6
v 6.8428 11.4454 6.0609
v 6.5894 11.2588 6
v 6.8455 11.4431 6.0609
v 6.7035 11.1623 6
v 6.791 11.4561 6.0609
v 6.755 11.15 6
v 5.2598 11.15 6
v 5.2355 11.4561 6.0609
v 5.1962 11.4499 6.0609
v 5.293 11.1553 6
v 5.1963 11.4499 6.0609
v 5.3801 11.2002 6
v 5.4489 11.2701 6
v 5.1787 11.4143 6.0609
v 5.4638 11.3002 6
v 2.9515 5.007 6.2343
v 2.9615 5.1552 6.2343
v 2.9983 4.8964 6.2343
v 3.0901 4.8187 6.2343
v 3.2345 4.7843 6.2343
v 4.8412 4.7843 6.2343
v 4.9418 4.8004 6.2343
v 5.0156 4.8385 6.2343
v 5.0738 4.8976 6.2343
v 5.1191 4.9889 6.2343
v 7.0945 11.3448 6.2343
v 7.1045 11.493 6.2343
v 7.0577 11.6036 6.2343
v 6.9659 11.6813 6.2343
v 6.8215 11.7157 6.2343
v 5.2148 11.7157 6.2343
v 5.1142 11.6996 6.2343
v 5.0404 11.6615 6.2343
v 4.9822 11.6024 6.2343
v 4.9369 11.5111 6.2343
v 2.7757 4.9774 6.4939
v 2.7898 5.1872 6.4939
v 2.8548 4.7906 6.4939
v 3.0097 4.6596 6.4939
v 3.2142 4.6109 6.4939
v 4.855 4.6109 6.4939
v 4.9966 4.6336 6.4939
v 5.1197 4.697 6.4939
v 5.2169 4.7958 6.4939
v 5.2806 4.9243 6.4939
v 7.2662 11.3128 6.4939
v 7.2803 11.5226 6.4939
v 7.2012 11.7094 6.4939
v 7.0463 11.8404 6.4939
v 6.8418 11.8891 6.4939
v 5.201 11.8891 6.4939
v 5.0594 11.8664 6.4939
v 4.9363 11.803 6.4939
v 4.8391 11.7042 6.4939
v 4.7754 11.5757 6.4939
v 2.7139 4.967 6.8
v 2.7295 5.1984 6.8
v 2.8044 4.7535 6.8
v 2.9814 4.6038 6.8
v 3.207 4.55 6.8
v 4.8598 4.55 6.8
v 5.0158 4.575 6.8
v 5.1563 4.6474 6.8
v 5.2671 4.76 6.8
v 5.3373 4.9016 6.8
v 7.3265 11.3016 6.8
v 7.3421 11.533 6.8
v 7.2516 11.7465 6.8
v 7.0746 11.8962 6.8
v 6.849 11.95 6.8
v 5.1962 11.95 6.8
v 5.0402 11.925 6.8
v 4.8997 11.8526 6.8
v 4.7889 11.74 6.8
v 4.7187 11.5984 6.8
v 2.7139 4.967 9.2
v 2.7295 5.1984 9.2
v 2.8044 4.7535 9.2
v 2.9814 4.6038 9.2
v 3.207 4.55 9.2
v 4.8598 4.55 9.2
v 5.0158 4.575 9.2
v 5.1563 4.6474 9.2
v 5.2671 4.76 9.2
v 5.3373 4.9016 9.2
v 7.3265 11.3016 9.2
v 7.3421 11.533 9.2
v 7.2516 11.7465 9.2
v 7.0746 11.8962 9.2
v 6.849 11.95 9.2
v 5.1962 11.95 9.2
v 5.0402 11.925 9.2
v 4.8997 11.8526 9.2
v 4.7889 11.74 9.2
v 4.7187 11.5984 9.2
v 2.7757 4.9774 9.5061
v 2.7898 5.1872 9.5061
v 2.8548 4.7906 9.5061
v 3.0097 4.6596 9.5061
v 3.2142 4.6109 9.5061
v 4.855 4.6109 9.5061
v 4.9966 4.6336 9.5061
v 5.1197 4.697 9.5061
v 5.2169 4.7958 9.5061
v 5.2806 4.9243 9.5061
v 7.2662 11.3128 9.5061
v 7.2803 11.5226 9.5061
v 7.2012 11.7094 9.5061
v 7.0463 11.8404 9.5061
v 6.8418 11.8891 9.5061
v 5.201 11.8891 9.5061
v 5.0594 11.8664 9.5061
v 4.9363 11.803 9.5061
v 4.8391 11.7042 9.5061
v 4.7754 11.5757 9.5061
v 2.9515 5.007 9.7657
v 2.9615 5.1552 9.7657
v 2.9983 4.8964 9.7657
v 3.0901 4.8187 9.7657
v 3.2345 4.7843 9.7657
v 4.8412 4.7843 9.7657
v 4.9418 4.8004 9.7657
v 5.0156 4.8385 9.7657
v 5.0738 4.8976 9.7657
v 5.1191 4.9889 9.7657
v 7.0945 11.3448 9.7657
v 7.1045 11.493 9.7657
v 7.0577 11.6036 9.7657
v 6.9659 11.6813 9.7657
v 6.8215 11.7157 9.7657
v 5.2148 11.7157 9.7657
v 5.1142 11.6996 9.7657
v 5.0404 11.6615 9.7657
v 4.9822 11.6024 9.7657
v 4.9369 11.5111 9.7657
v 3.2146 5.0513 9.9391
v 3.2184 5.1073 9.9391
v 3.2132 5.0546 9.9391
v 3.2105 5.0569 9.9391
v 3.2651 5.0439 9.9391
v 4.8205 5.0439 9.9391
v 4.8598 5.0501 9.9391
v 4.8597 5.0501 9.9391
v 4.8773 5.0857 9.9391
v 6.8376 11.3927 9.9391
v 6.8414 11.4487 9.9391
v 6.8428 11.4454 9.9391
v 6.8455 11.4431 9.9391
v 6.791 11.4561 9.9391
v 5.2355 11.4561 9.9391
v 5.1962 11.4499 9.9391
v 5.1963 11.4499 9.9391
v 5.1787 11.4143 9.9391
v 3.5249 5.1035 10
v 3.5214 5.0508 10
v 3.4666 5.2412 10
v 3.3525 5.3377 10
v 3.301 5.35 10
v 4.7962 5.35 10
v 4.763 5.3447 10
v 4.6759 5.2998 10
v 4.6071 5.2299 10
v 4.5922 5.1998 10
v 6.5346 11.4492 10
v 6.5311 11.3965 10
v 6.5894 11.2588 10
v 6.7035 11.1623 10
v 6.755 11.15 10
v 5.2598 11.15 10
v 5.293 11.1553 10
v 5.3801 11.2002 10
v 5.4489 11.2701 10
v 5.4638 11.3002 10
v 5.028 8.25 6
v 5.028 8.25 10
v 2.7748 11.8307 5.9
v 2.5936 11.7196 5.9419
v 2.7725 11.8359 5.9
v 2.5748 11.7627 5.9419
v 2.606 11.7061 5.9419
v 2.7373 11.8743 5.9
v 2.6222 11.6973 5.9419
v 2.6916 11.8991 5.9
v 2.6685 11.6895 5.9419
v 2.686 11.9 5.9
v 7.6738 11.9 5.9
v 7.6946 11.6895 5.9419
v 7.7486 11.7003 5.9419
v 7.6665 11.8985 5.9
v 7.7661 11.7119 5.9419
v 7.6143 11.8637 5.9
v 7.7777 11.7294 5.9419
v 7.5795 11.8115 5.9
v 7.7885 11.7834 5.9419
v 7.578 11.8042 5.9
v 7.578 14.2958 5.9
v 7.7885 14.3166 5.9419
v 7.7777 14.3706 5.9419
v 7.5795 14.2885 5.9
v 7.7661 14.3881 5.9419
v 7.6143 14.2363 5.9
v 7.7486 14.3997 5.9419
v 7.6665 14.2015 5.9
v 7.6946 14.4105 5.9419
v 7.6738 14.2 5.9
v 3.2599 14.2 5.9
v 3.2477 14.4105 5.9419
v 3.2146 14.4066 5.9419
v 3.2633 14.2004 5.9
v 3.202 14.402 5.9419
v 3.2967 14.2125 5.9
v 3.1907 14.3947 5.9419
v 3.3265 14.232 5.9
v 3.1678 14.3705 5.9419
v 3.3289 14.2345 5.9
v 2.6613 13.3444 5.9
v 2.4878 13.4639 5.9419
v 2.4754 13.4442 5.9419
v 2.6624 13.3462 5.9
v 2.4717 13.4354 5.9419
v 2.672 13.3687 5.9
v 2.4694 13.4262 5.9419
v 2.6778 13.3924 5.9
v 2.4675 13.403 5.9419
v 2.678 13.3945 5.9
v 2.678 12.2077 5.9
v 2.4675 12.2044 5.9419
v 2.4678 12.1956 5.9419
v 2.678 12.2084 5.9
v 2.4681 12.1919 5.9419
v 2.6771 12.2176 5.9
v 2.4687 12.1882 5.9419
v 2.6757 12.2267 5.9
v 2.4706 12.1795 5.9419
v 2.6756 12.2275 5.9
v 2.4419 11.621 6.0611
v 2.4053 11.705 6.0611
v 2.4947 11.5635 6.0611
v 2.5633 11.5262 6.0611
v 2.6537 11.5111 6.0611
v 7.7121 11.5111 6.0611
v 7.8182 11.5322 6.0611
v 7.8947 11.5833 6.0611
v 7.9458 11.6598 6.0611
v 7.9669 11.7659 6.0611
v 7.9669 14.3341 6.0611
v 7.9458 14.4402 6.0611
v 7.8947 14.5167 6.0611
v 7.8182 14.5678 6.0611
v 7.7121 14.5889 6.0611
v 3.2373 14.5889 6.0611
v 3.1734 14.5815 6.0611
v 3.1216 14.5627 6.0611
v 3.0756 14.5326 6.0611
v 3.0313 14.4859 6.0611
v 2.3408 13.5652 6.0611
v 2.3168 13.5273 6.0611
v 2.3018 13.4921 6.0611
v 2.2927 13.4549 6.0611
v 2.2891 13.4102 6.0611
v 2.2891 12.2017 6.0611
v 2.2896 12.1846 6.0611
v 2.291 12.1701 6.0611
v 2.2932 12.1556 6.0611
v 2.2968 12.1389 6.0611
v 2.3405 11.5551 6.2395
v 2.292 11.6665 6.2395
v 2.4203 11.4682 6.2395
v 2.524 11.4119 6.2395
v 2.6438 11.3919 6.2395
v 7.7239 11.3919 6.2395
v 7.8647 11.4199 6.2395
v 7.9807 11.4973 6.2395
v 8.0581 11.6133 6.2395
v 8.0861 11.7541 6.2395
v 8.0861 14.3459 6.2395
v 8.0581 14.4867 6.2395
v 7.9807 14.6027 6.2395
v 7.8647 14.6801 6.2395
v 7.7239 14.7081 6.2395
v 3.2304 14.7081 6.2395
v 3.1458 14.6983 6.2395
v 3.068 14.6701 6.2395
v 2.9987 14.6247 6.2395
v 2.94 14.5629 6.2395
v 2.2425 13.6329 6.2395
v 2.2109 13.5828 6.2395
v 2.1884 13.5299 6.2395
v 2.1746 13.474 6.2395
v 2.1699 13.415 6.2395
v 2.1699 12.1999 6.2395
v 2.1706 12.1773 6.2395
v 2.1726 12.1555 6.2395
v 2.1759 12.1338 6.2395
v 2.1807 12.1118 6.2395
v 2.3049 11.532 6.45
v 2.2523 11.653 6.45
v 2.3941 11.4347 6.45
v 2.5101 11.3718 6.45
v 2.6403 11.35 6.45
v 7.728 11.35 6.45
v 7.8811 11.3804 6.45
v 8.0108 11.4672 6.45
v 8.0976 11.5969 6.45
v 8.128 11.75 6.45
v 8.128 14.35 6.45
v 8.0976 14.5031 6.45
v 8.0108 14.6328 6.45
v 7.8811 14.7196 6.45
v 7.728 14.75 6.45
v 3.228 14.75 6.45
v 3.1361 14.7393 6.45
v 3.0491 14.7078 6.45
v 2.9717 14.6571 6.45
v 2.908 14.59 6.45
v 2.208 13.6567 6.45
v 2.1737 13.6023 6.45
v 2.1485 13.5432 6.45
v 2.1332 13.4807 6.45
v 2.128 13.4167 6.45
v 2.128 12.1992 6.45
v 2.1288 12.1748 6.45
v 2.131 12.1504 6.45
v 2.1347 12.1262 6.45
v 2.1399 12.1022 6.45
v 2.3049 11.532 9.55
v 2.2523 11.653 9.55
v 2.3941 11.4347 9.55
v 2.5101 11.3718 9.55
v 2.6403 11.35 9.55
v 7.728 11.35 9.55
v 7.8811 11.3804 9.55
v 8.0108 11.4672 9.55
v 8.0976 11.5969 9.55
v 8.128 11.75 9.55
v 8.128 14.35 9.55
v 8.0976 14.5031 9.55
v 8.0108 14.6328 9.55
v 7.8811 14.7196 9.55
v 7.728 14.75 9.55
v 3.228 14.75 9.55
v 3.1361 14.7393 9.55
v 3.0491 14.7078 9.55
v 2.9717 14.6571 9.55
v 2.908 14.59 9.55
v 2.208 13.6567 9.55
v 2.1737 13.6023 9.55
v 2.1485 13.5432 9.55
v 2.1332 13.4807 9.55
v 2.128 13.4167 9.55
v 2.128 12.1992 9.55
v 2.1288 12.1748 9.55
v 2.131 12.1504 9.55
v 2.1347 12.1262 9.55
v 2.1399 12.1022 9.55
v 2.3405 11.5551 9.7605
v 2.292 11.6665 9.7605
v 2.4203 11.4682 9.7605
v 2.524 11.4119 9.7605
v 2.6438 11.3919 9.7605
v 7.7239 11.3919 9.7605
v 7.8647 11.4199 9.7605
v 7.9807 11.4973 9.7605
v 8.0581 11.6133 9.7605
v 8.0861 11.7541 9.7605
v 8.0861 14.3459 9.7605
v 8.0581 14.4867 9.7605
v 7.9807 14.6027 9.7605
v 7.8647 14.6801 9.7605
v 7.7239 14.7081 9.7605
v 3.2304 14.7081 9.7605
v 3.1458 14.6983 9.7605
v 3.068 14.6701 9.7605
v 2.9987 14.6247 9.7605
v 2.94 14.5629 9.7605
v 2.2425 13.6329 9.7605
v 2.2109 13.5828 9.7605
v 2.1884 13.5299 9.7605
v 2.1746 13.474 9.7605
v 2.1699 13.415 9.7605
v 2.1699 12.1999 9.7605
v 2.1706 12.1773 9.7605
v 2.1726 12.1555 9.7605
v 2.1759 12.1338 9.7605
v 2.1807 12.1118 9.7605
v 2.4419 11.621 9.9389
v 2.4053 11.705 9.9389
v 2.4947 11.5635 9.9389
v 2.5633 11.5262 9.9389
v 2.6537 11.5111 9.9389
v 7.7121 11.5111 9.9389
v 7.8182 11.5322 9.9389
v 7.8947 11.5833 9.9389
v 7.9458 11.6598 9.9389
v 7.9669 11.7659 9.9389
v 7.9669 14.3341 9.9389
v 7.9458 14.4402 9.9389
v 7.8947 14.5167 9.9389
v 7.8182 14.5678 9.9389
v 7.7121 14.5889 9.9389
v 3.2373 14.5889 9.9389
v 3.1734 14.5815 9.9389
v 3.1216 14.5627 9.9389
v 3.0756 14.5326 9.9389
v 3.0313 14.4859 9.9389
v 2.3408 13.5652 9.9389
v 2.3168 13.5273 9.9389
v 2.3018 13.4921 9.9389
v 2.2927 13.4549 9.9389
v 2.2891 13.4102 9.9389
v 2.2891 12.2017 9.9389
v 2.2896 12.1846 9.9389
v 2.291 12.1701 9.9389
v 2.2932 12.1556 9.9389
v 2.2968 12.1389 9.9389
v 2.5936 11.7196 10.0581
v 2.5748 11.7627 10.0581
v 2.606 11.7061 10.0581
v 2.6222 11.6973 10.0581
v 2.6685 11.6895 10.0581
v 7.6946 11.6895 10.0581
v 7.7486 11.7003 10.0581
v 7.7661 11.7119 10.0581
v 7.7777 11.7294 10.0581
v 7.7885 11.7834 10.0581
v 7.7885 14.3166 10.0581
v 7.7777 14.3706 10.0581
v 7.7661 14.3881 10.0581
v 7.7486 14.3997 10.0581
v 7.6946 14.4105 10.0581
v 3.2477 14.4105 10.0581
v 3.2146 14.4066 10.0581
v 3.202 14.402 10.0581
v 3.1907 14.3947 10.0581
v 3.1678 14.3705 10.0581
v 2.4878 13.4639 10.0581
v 2.4754 13.4442 10.0581
v 2.4717 13.4354 10.0581
v 2.4694 13.4262 10.0581
v 2.4675 13.403 10.0581
v 2.4675 12.2044 10.0581
v 2.4678 12.1956 10.0581
v 2.4681 12.1919 10.0581
v 2.4687 12.1882 10.0581
v 2.4706 12.1795 10.0581
v 2.7725 11.8359 10.1
v 2.7748 11.8307 10.1
v 2.7373 11.8743 10.1
v 2.6916 11.8991 10.1
v 2.686 11.9 10.1
v 7.6738 11.9 10.1
v 7.6665 11.8985 10.1
v 7.6143 11.8637 10.1
v 7.5795 11.8115 10.1
v 7.578 11.8042 10.1
v 7.578 14.2958 10.1
v 7.5795 14.2885 10.1
v 7.6143 14.2363 10.1
v 7.6665 14.2015 10.1
v 7.6738 14.2 10.1
v 3.2599 14.2 10.1
v 3.2633 14.2004 10.1
v 3.2967 14.2125 10.1
v 3.3265 14.232 10.1
v 3.3289 14.2345 10.1
v 2.6613 13.3444 10.1
v 2.6624 13.3462 10.1
v 2.672 13.3687 10.1
v 2.6778 13.3924 10.1
v 2.678 13.3945 10.1
v 2.678 12.2077 10.1
v 2.678 12.2084 10.1
v 2.6771 12.2176 10.1
v 2.6757 12.2267 10.1
v 2.6756 12.2275 10.1
v 4.4366 12.9618 5.9
v 4.4366 12.9618 10.1
v 7.0525 8.071 7.3
v 6.9396 8.0467 7.3228
v 7.0512 8.0831 7.3
v 6.937 8.0709 7.3228
v 6.9418 8.0428 7.3228
v 7.029 8.1215 7.3
v 6.9454 8.0402 7.3228
v 6.9931 8.1475 7.3
v 6.9692 8.0352 7.3228
v 6.9813 8.15 7.3
v 7.32 8.15 7.3
v 7.3306 8.0352 7.3228
v 7.3518 8.0391 7.3228
v 7.3099 8.1481 7.3
v 7.3554 8.0414 7.3228
v 7.2772 8.1281 7.3
v 7.358 8.0447 7.3228
v 7.2539 8.0976 7.3
v 7.3641 8.0654 7.3228
v 7.251 8.0877 7.3
v 7.5035 10.529 7.3
v 7.619 10.5291 7.3228
v 7.6164 10.5533 7.3228
v 7.5048 10.5169 7.3
v 7.6142 10.5572 7.3228
v 7.527 10.4785 7.3
v 7.6106 10.5598 7.3228
v 7.5629 10.4525 7.3
v 7.5868 10.5648 7.3228
v 7.5747 10.45 7.3
v 7.236 10.45 7.3
v 7.2254 10.5648 7.3228
v 7.2042 10.5609 7.3228
v 7.2461 10.4519 7.3
v 7.2006 10.5586 7.3228
v 7.2788 10.4719 7.3
v 7.198 10.5553 7.3228
v 7.3021 10.5024 7.3
v 7.1919 10.5346 7.3228
v 7.305 10.5123 7.3
v 6.845 8.0158 7.3879
v 6.8392 8.0707 7.3879
v 6.8679 7.9762 7.3879
v 6.905 7.9493 7.3879
v 6.959 7.9379 7.3879
v 7.3395 7.9379 7.3879
v 7.3873 7.9467 7.3879
v 7.4217 7.9678 7.3879
v 7.4463 7.9999 7.3879
v 7.46 8.0465 7.3879
v 7.7168 10.5293 7.3879
v 7.711 10.5842 7.3879
v 7.6881 10.6238 7.3879
v 7.651 10.6507 7.3879
v 7.597 10.6621 7.3879
v 7.2165 10.6621 7.3879
v 7.1687 10.6533 7.3879
v 7.1343 10.6322 7.3879
v 7.1097 10.6001 7.3879
v 7.096 10.5535 7.3879
v 6.7818 7.9952 7.4852
v 6.7738 8.0706 7.4852
v 6.8186 7.9317 7.4852
v 6.878 7.8886 7.4852
v 6.9522 7.8728 7.4852
v 7.3455 7.8728 7.4852
v 7.411 7.885 7.4852
v 7.466 7.9187 7.4852
v 7.5052 7.9699 7.4852
v 7.5241 8.0339 7.4852
v 7.7822 10.5294 7.4852
v 7.7742 10.6048 7.4852
v 7.7374 10.6683 7.4852
v 7.678 10.7114 7.4852
v 7.6038 10.7272 7.4852
v 7.2105 10.7272 7.4852
v 7.145 10.715 7.4852
v 7.09 10.6813 7.4852
v 7.0508 10.6301 7.4852
v 7.0319 10.5661 7.4852
v 6.7596 7.988 7.6
v 6.7508 8.0706 7.6
v 6.8012 7.9161 7.6
v 6.8685 7.8673 7.6
v 6.9498 7.85 7.6
v 7.3476 7.85 7.6
v 7.4194 7.8633 7.6
v 7.4816 7.9015 7.6
v 7.5259 7.9594 7.6
v 7.5466 8.0294 7.6
v 7.8052 10.5294 7.6
v 7.7964 10.612 7.6
v 7.7548 10.6839 7.6
v 7.6875 10.7327 7.6
v 7.6062 10.75 7.6
v 7.2084 10.75 7.6
v 7.1366 10.7367 7.6
v 7.0744 10.6985 7.6
v 7.0301 10.6406 7.6
v 7.0094 10.5706 7.6
v 6.7596 7.988 8.4
v 6.7508 8.0706 8.4
v 6.8012 7.9161 8.4
v 6.8685 7.8673 8.4
v 6.9498 7.85 8.4
v 7.3476 7.85 8.4
v 7.4194 7.8633 8.4
v 7.4816 7.9015 8.4
v 7.5259 7.9594 8.4
v 7.5466 8.0294 8.4
v 7.8052 10.5294 8.4
v 7.7964 10.612 8.4
v 7.7548 10.6839 8.4
v 7.6875 10.7327 8.4
v 7.6062 10.75 8.4
v 7.2084 10.75 8.4
v 7.1366 10.7367 8.4
v 7.0744 10.6985 8.4
v 7.0301 10.6406 8.4
v 7.0094 10.5706 8.4
v 6.7818 7.9952 8.5148
v 6.7738 8.0706 8.5148
v 6.8186 7.9317 8.5148
v 6.878 7.8886 8.5148
v 6.9522 7.8728 8.5148
v 7.3455 7.8728 8.5148
v 7.411 7.885 8.5148
v 7.466 7.9187 8.5148
v 7.5052 7.9699 8.5148
v 7.5241 8.0339 8.5148
v 7.7822 10.5294 8.5148
v 7.7742 10.6048 8.5148
v 7.7374 10.6683 8.5148
v 7.678 10.7114 8.5148
v 7.6038 10.7272 8.5148
v 7.2105 10.7272 8.5148
v 7.145 10.715 8.5148
v 7.09 10.6813 8.5148
v 7.0508 10.6301 8.5148
v 7.0319 10.5661 8.5148
v 6.845 8.0158 8.6121
v 6.8392 8.0707 8.6121
v 6.8679 7.9762 8.6121
v 6.905 7.9493 8.6121
v 6.959 7.9379 8.6121
v 7.3395 7.9379 8.6121
v 7.3873 7.9467 8.6121
v 7.4217 7.9678 8.6121
v 7.4463 7.9999 8.6121
v 7.46 8.0465 8.6121
v 7.7168 10.5293 8.6121
v 7.711 10.5842 8.6121
v 7.6881 10.6238 8.6121
v 7.651 10.6507 8.6121
v 7.597 10.6621 8.6121
v 7.2165 10.6621 8.6121
v 7.1687 10.6533 8.6121
v 7.1343 10.6322 8.6121
v 7.1097 10.6001 8.6121
v 7.096 10.5535 8.6121
v 6.9396 8.0467 8.6772
v 6.937 8.0709 8.6772
v 6.9418 8.0428 8.6772
v 6.9454 8.0402 8.6772
v 6.9692 8.0352 8.6772
v 7.3306 8.0352 8.6772
v 7.3518 8.0391 8.6772
v 7.3554 8.0414 8.6772
v 7.358 8.0447 8.6772
v 7.3641 8.0654 8.6772
v 7.619 10.5291 8.6772
v 7.6164 10.5533 8.6772
v 7.6142 10.5572 8.6772
v 7.6106 10.5598 8.6772
v 7.5868 10.5648 8.6772
v 7.2254 10.5648 8.6772
v 7.2042 10.5609 8.6772
v 7.2006 10.5586 8.6772
v 7.198 10.5553 8.6772
v 7.1919 10.5346 8.6772
v 7.0512 8.0831 8.7
v 7.0525 8.071 8.7
v 7.029 8.1215 8.7
v 6.9931 8.1475 8.7
v 6.9813 8.15 8.7
v 7.32 8.15 8.7
v 7.3099 8.1481 8.7
v 7.2772 8.1281 8.7
v 7.2539 8.0976 8.7
v 7.251 8.0877 8.7
v 7.5035 10.529 8.7
v 7.5048 10.5169 8.7
v 7.527 10.4785 8.7
v 7.5629 10.4525 8.7
v 7.5747 10.45 8.7
v 7.236 10.45 8.7
v 7.2461 10.4519 8.7
v 7.2788 10.4719 8.7
v 7.3021 10.5024 8.7
v 7.305 10.5123 8.7
v 7.278 9.3 7.3
v 7.278 9.3 8.7
v 8.528 9.1848 5.3
v 8.533 9.1239 5.3
v 8.2678 9.08 5.3533
v 8.2601 9.1738 5.3533
v 8.5409 9.0925 5.3
v 8.2864 9.0059 5.3533
v 8.5538 9.0628 5.3
v 8.3169 8.9359 5.3533
v 8.587 9.0114 5.3
v 8.368 8.8568 5.3533
v 9.0882 8.3598 5.3
v 8.8852 8.1843 5.3533
v 9.1473 8.2988 5.3
v 8.9765 8.0903 5.3533
v 9.1848 8.2747 5.3
v 9.0657 8.0328 5.3533
v 9.2269 8.2597 5.3
v 9.1657 7.9971 5.3533
v 9.3112 8.25 5.3
v 9.2959 7.9821 5.3533
v 11.9869 8.25 5.3
v 12.001 7.9821 5.3533
v 12.0649 8.2583 5.3
v 12.1213 7.9949 5.3533
v 12.1042 8.2711 5.3
v 12.2145 8.0254 5.3533
v 12.1399 8.2919 5.3
v 12.2992 8.0748 5.3533
v 12.1979 8.3448 5.3
v 12.3887 8.1562 5.3533
v 12.4563 8.6355 5.3
v 12.6647 8.4667 5.3533
v 12.4966 8.69 5.3
v 12.7266 8.5506 5.3533
v 12.5122 8.7221 5.3
v 12.7637 8.6265 5.3533
v 12.5219 8.7566 5.3
v 12.7864 8.708 5.3533
v 12.528 8.824 5.3
v 12.7959 8.8118 5.3533
v 12.528 13.1811 5.3
v 12.7959 13.2074 5.3533
v 12.5001 13.3213 5.3
v 12.7524 13.4258 5.3533
v 12.4597 13.3817 5.3
v 12.6529 13.5749 5.3533
v 12.3993 13.4221 5.3
v 12.5038 13.6744 5.3533
v 12.2591 13.45 5.3
v 12.2854 13.7179 5.3533
v 8.7969 13.45 5.3
v 8.7706 13.7179 5.3533
v 8.6567 13.4221 5.3
v 8.5522 13.6744 5.3533
v 8.5963 13.3817 5.3
v 8.4031 13.5749 5.3533
v 8.5559 13.3213 5.3
v 8.3036 13.4258 5.3533
v 8.528 13.1811 5.3
v 8.2601 13.2074 5.3533
v 8.043 9.0428 5.505
v 8.033 9.1645 5.505
v 8.0707 8.9325 5.505
v 8.116 8.8283 5.505
v 8.1823 8.7257 5.505
v 8.7132 8.0356 5.505
v 8.8316 7.9134 5.505
v 8.9648 7.8277 5.505
v 9.1139 7.7744 5.505
v 9.2829 7.755 5.505
v 12.013 7.755 5.505
v 12.1692 7.7716 5.505
v 12.3081 7.8171 5.505
v 12.4344 7.8906 5.505
v 12.5505 7.9964 5.505
v 12.8412 8.3235 5.505
v 12.9216 8.4323 5.505
v 12.9768 8.5455 5.505
v 13.0107 8.6668 5.505
v 13.023 8.8015 5.505
v 13.023 13.2298 5.505
v 12.9664 13.5144 5.505
v 12.8166 13.7386 5.505
v 12.5924 13.8884 5.505
v 12.3078 13.945 5.505
v 8.7482 13.945 5.505
v 8.4636 13.8884 5.505
v 8.2394 13.7386 5.505
v 8.0896 13.5144 5.505
v 8.033 13.2298 5.505
v 7.8928 9.018 5.7321
v 7.8813 9.1583 5.7321
v 7.9266 8.8835 5.7321
v 7.9818 8.7564 5.7321
v 8.0582 8.6381 5.7321
v 8.5982 7.9362 5.7321
v 8.7348 7.7953 5.7321
v 8.8973 7.6907 5.7321
v 9.0792 7.6257 5.7321
v 9.2742 7.6033 5.7321
v 12.021 7.6033 5.7321
v 12.2011 7.6224 5.7321
v 12.3706 7.6779 5.7321
v 12.5246 7.7676 5.7321
v 12.6586 7.8896 5.7321
v 12.9592 8.2278 5.7321
v 13.0519 8.3534 5.7321
v 13.1192 8.4914 5.7321
v 13.1606 8.6392 5.7321
v 13.1747 8.7946 5.7321
v 13.1747 13.2448 5.7321
v 13.1093 13.5736 5.7321
v 12.926 13.848 5.7321
v 12.6516 14.0313 5.7321
v 12.3228 14.0967 5.7321
v 8.7333 14.0967 5.7321
v 8.4044 14.0313 5.7321
v 8.13 13.848 5.7321
v 7.9467 13.5736 5.7321
v 7.8813 13.2448 5.7321
v 7.8401 9.0092 6
v 7.828 9.1561 6
v 7.8759 8.8663 6
v 7.9347 8.7311 6
v 8.0146 8.6074 6
v 8.5578 7.9013 6
v 8.7008 7.7538 6
v 8.8736 7.6426 6
v 9.0671 7.5734 6
v 9.2712 7.55 6
v 12.0238 7.55 6
v 12.2124 7.57 6
v 12.3925 7.629 6
v 12.5563 7.7244 6
v 12.6965 7.8521 6
v 13.0007 8.1943 6
v 13.0976 8.3256 6
v 13.1693 8.4723 6
v 13.2132 8.6296 6
v 13.228 8.7922 6
v 13.228 13.25 6
v 13.1595 13.5944 6
v 12.9644 13.8864 6
v 12.6724 14.0815 6
v 12.328 14.15 6
v 8.728 14.15 6
v 8.3836 14.0815 6
v 8.0916 13.8864 6
v 7.8965 13.5944 6
v 7.828 13.25 6
v 7.8401 9.0092 10
v 7.828 9.1561 10
v 7.8759 8.8663 10
v 7.9347 8.7311 10
v 8.0146 8.6074 10
v 8.5578 7.9013 10
v 8.7008 7.7538 10
v 8.8736 7.6426 10
v 9.0671 7.5734 10
v 9.2712 7.55 10
v 12.0238 7.55 10
v 12.2124 7.57 10
v 12.3925 7.629 10
v 12.5563 7.7244 10
v 12.6965 7.8521 10
v 13.0007 8.1943 10
v 13.0976 8.3256 10
v 13.1693 8.4723 10
v 13.2132 8.6296 10
v 13.228 8.7922 10
v 13.228 13.25 10
v 13.1595 13.5944 10
v 12.9644 13.8864 10
v 12.6724 14.0815 10
v 12.328 14.15 10
v 8.728 14.15 10
v 8.3836 14.0815 10
v 8.0916 13.8864 10
v 7.8965 13.5944 10
v 7.828 13.25 10
v 7.8928 9.018 10.2679
v 7.8813 9.1583 10.2679
v 7.9266 8.8835 10.2679
v 7.9818 8.7564 10.2679
v 8.0582 8.6381 10.2679
v 8.5982 7.9362 10.2679
v 8.7348 7.7953 10.2679
v 8.8973 7.6907 10.2679
v 9.0792 7.6257 10.2679
v 9.2742 7.6033 10.2679
v 12.021 7.6033 10.2679
v 12.2011 7.6224 10.2679
v 12.3706 7.6779 10.2679
v 12.5246 7.7676 10.2679
v 12.6586 7.8896 10.2679
v 12.9592 8.2278 10.2679
v 13.0519 8.3534 10.2679
v 13.1192 8.4914 10.2679
v 13.1606 8.6392 10.2679
v 13.1747 8.7946 10.2679
v 13.1747 13.2448 10.2679
v 13.1093 13.5736 10.2679
v 12.926 13.848 10.2679
v 12.6516 14.0313 10.2679
v 12.3228 14.0967 10.2679
v 8.7333 14.0967 10.2679
v 8.4044 14.0313 10.2679
v 8.13 13.848 10.2679
v 7.9467 13.5736 10.2679
v 7.8813 13.2448 10.2679
v 8.043 9.0428 10.495
v 8.033 9.1645 10.495
v 8.0707 8.9325 10.495
v 8.116 8.8283 10.495
v 8.1823 8.7257 10.495
v 8.7132 8.0356 10.495
v 8.8316 7.9134 10.495
v 8.9648 7.8277 10.495
v 9.1139 7.7744 10.495
v 9.2829 7.755 10.495
v 12.013 7.755 10.495
v 12.1692 7.7716 10.495
v 12.3081 7.8171 10.495
v 12.4344 7.8906 10.495
v 12.5505 7.9964 10.495
v 12.8412 8.3235 10.495
v 12.9216 8.4323 10.495
v 12.9768 8.5455 10.495
v 13.0107 8.6668 10.495
v 13.023 8.8015 10.495
v 13.023 13.2298 10.495
v 12.9664 13.5144 10.495
v 12.8166 13.7386 10.495
v 12.5924 13.8884 10.495
v 12.3078 13.945 10.495
v 8.7482 13.945 10.495
v 8.4636 13.8884 10.495
v 8.2394 13.7386 10.495
v 8.0896 13.5144 10.495
v 8.033 13.2298 10.495
v 8.2678 9.08 10.6467
v 8.2601 9.1738 10.6467
v 8.2864 9.0059 10.6467
v 8.3169 8.9359 10.6467
v 8.368 8.8568 10.6467
v 8.8852 8.1843 10.6467
v 8.9765 8.0903 10.6467
v 9.0657 8.0328 10.6467
v 9.1657 7.9971 10.6467
v 9.2959 7.9821 10.6467
v 12.001 7.9821 10.6467
v 12.1213 7.9949 10.6467
v 12.2145 8.0254 10.6467
v 12.2992 8.0748 10.6467
v 12.3887 8.1562 10.6467
v 12.6647 8.4667 10.6467
v 12.7266 8.5506 10.6467
v 12.7637 8.6265 10.6467
v 12.7864 8.708 10.6467
v 12.7959 8.8118 10.6467
v 12.7959 13.2074 10.6467
v 12.7524 13.4258 10.6467
v 12.6529 13.5749 10.6467
v 12.5038 13.6744 10.6467
v 12.2854 13.7179 10.6467
v 8.7706 13.7179 10.6467
v 8.5522 13.6744 10.6467
v 8.4031 13.5749 10.6467
v 8.3036 13.4258 10.6467
v 8.2601 13.2074 10.6467
v 8.533 9.1239 10.7
v 8.528 9.1848 10.7
v 8.5409 9.0925 10.7
v 8.5538 9.0628 10.7
v 8.587 9.0114 10.7
v 9.0882 8.3598 10.7
v 9.1473 8.2988 10.7
v 9.1848 8.2747 10.7
v 9.2269 8.2597 10.7
v 9.3112 8.25 10.7
v 11.9869 8.25 10.7
v 12.0649 8.2583 10.7
v 12.1042 8.2711 10.7
v 12.1399 8.2919 10.7
v 12.1979 8.3448 10.7
v 12.4563 8.6355 10.7
v 12.4966 8.69 10.7
v 12.5122 8.7221 10.7
v 12.5219 8.7566 10.7
v 12.528 8.824 10.7
v 12.528 13.1811 10.7
v 12.5001 13.3213 10.7
v 12.4597 13.3817 10.7
v 12.3993 13.4221 10.7
v 12.2591 13.45 10.7
v 8.7969 13.45 10.7
v 8.6567 13.4221 10.7
v 8.5963 13.3817 10.7
v 8.5559 13.3213 10.7
v 8.528 13.1811 10.7
v 10.5663 10.1825 5.3
v 10.5663 10.1825 10.7
v 13.378 11.4845 5.8
v 13.3958 11.3952 5.8
v 13.2696 11.343 5.8266
v 13.2441 11.4713 5.8266
v 13.4268 11.3488 5.8
v 13.3302 11.2522 5.8266
v 13.4732 11.3178 5.8
v 13.421 11.1916 5.8266
v 13.5625 11.3 5.8
v 13.5493 11.1661 5.8266
v 14.7935 11.3 5.8
v 14.8067 11.1661 5.8266
v 14.8828 11.3178 5.8
v 14.935 11.1916 5.8266
v 14.9292 11.3488 5.8
v 15.0258 11.2522 5.8266
v 14.9602 11.3952 5.8
v 15.0864 11.343 5.8266
v 14.978 11.4845 5.8
v 15.1119 11.4713 5.8266
v 14.978 13.6155 5.8
v 15.1119 13.6287 5.8266
v 14.9602 13.7048 5.8
v 15.0864 13.757 5.8266
v 14.9292 13.7512 5.8
v 15.0258 13.8478 5.8266
v 14.8828 13.7822 5.8
v 14.935 13.9084 5.8266
v 14.7935 13.8 5.8
v 14.8067 13.9339 5.8266
v 13.5625 13.8 5.8
v 13.5493 13.9339 5.8266
v 13.4732 13.7822 5.8
v 13.421 13.9084 5.8266
v 13.4268 13.7512 5.8
v 13.3302 13.8478 5.8266
v 13.3958 13.7048 5.8
v 13.2696 13.757 5.8266
v 13.378 13.6155 5.8
v 13.2441 13.6287 5.8266
v 13.1626 11.2987 5.9025
v 13.1305 11.4601 5.9025
v 13.2484 11.1704 5.9025
v 13.3767 11.0846 5.9025
v 13.5381 11.0525 5.9025
v 14.8179 11.0525 5.9025
v 14.9793 11.0846 5.9025
v 15.1076 11.1704 5.9025
v 15.1934 11.2987 5.9025
v 15.2255 11.4601 5.9025
v 15.2255 13.6399 5.9025
v 15.1934 13.8013 5.9025
v 15.1076 13.9296 5.9025
v 14.9793 14.0154 5.9025
v 14.8179 14.0475 5.9025
v 13.5381 14.0475 5.9025
v 13.3767 14.0154 5.9025
v 13.2484 13.9296 5.9025
v 13.1626 13.8013 5.9025
v 13.1305 13.6399 5.9025
v 13.0912 11.2691 6.0161
v 13.0546 11.4526 6.0161
v 13.1937 11.1157 6.0161
v 13.3471 11.0132 6.0161
v 13.5306 10.9766 6.0161
v 14.8254 10.9766 6.0161
v 15.0089 11.0132 6.0161
v 15.1623 11.1157 6.0161
v 15.2648 11.2691 6.0161
v 15.3014 11.4526 6.0161
v 15.3014 13.6474 6.0161
v 15.2648 13.8309 6.0161
v 15.1623 13.9843 6.0161
v 15.0089 14.0868 6.0161
v 14.8254 14.1234 6.0161
v 13.5306 14.1234 6.0161
v 13.3471 14.0868 6.0161
v 13.1937 13.9843 6.0161
v 13.0912 13.8309 6.0161
v 13.0546 13.6474 6.0161
v 13.0661 11.2587 6.15
v 13.028 11.45 6.15
v 13.1744 11.0964 6.15
v 13.3367 10.9881 6.15
v 13.528 10.95 6.15
v 14.828 10.95 6.15
v 15.0193 10.9881 6.15
v 15.1816 11.0964 6.15
v 15.2899 11.2587 6.15
v 15.328 11.45 6.15
v 15.328 13.65 6.15
v 15.2899 13.8413 6.15
v 15.1816 14.0036 6.15
v 15.0193 14.1119 6.15
v 14.828 14.15 6.15
v 13.528 14.15 6.15
v 13.3367 14.1119 6.15
v 13.1744 14.0036 6.15
v 13.0661 13.8413 6.15
v 13.028 13.65 6.15
v 13.0661 11.2587 9.85
v 13.028 11.45 9.85
v 13.1744 11.0964 9.85
v 13.3367 10.9881 9.85
v 13.528 10.95 9.85
v 14.828 10.95 9.85
v 15.0193 10.9881 9.85
v 15.1816 11.0964 9.85
v 15.2899 11.2587 9.85
v 15.328 11.45 9.85
v 15.328 13.65 9.85
v 15.2899 13.8413 9.85
v 15.1816 14.0036 9.85
v 15.0193 14.1119 9.85
v 14.828 14.15 9.85
v 13.528 14.15 9.85
v 13.3367 14.1119 9.85
v 13.1744 14.0036 9.85
v 13.0661 13.8413 9.85
v 13.028 13.65 9.85
v 13.0912 11.2691 9.9839
v 13.0546 11.4526 9.9839
v 13.1937 11.1157 9.9839
v 13.3471 11.0132 9.9839
v 13.5306 10.9766 9.9839
v 14.8254 10.9766 9.9839
v 15.0089 11.0132 9.9839
v 15.1623 11.1157 9.9839
v 15.2648 11.2691 9.9839
v 15.3014 11.4526 9.9839
v 15.3014 13.6474 9.9839
v 15.2648 13.8309 9.9839
v 15.1623 13.9843 9.9839
v 15.0089 14.0868 9.9839
v 14.8254 14.1234 9.9839
v 13.5306 14.1234 9.9839
v 13.3471 14.0868 9.9839
v 13.1937 13.9843 9.9839
v 13.0912 13.8309 9.9839
v 13.0546 13.6474 9.9839
v 13.1626 11.2987 10.0975
v 13.1305 11.4601 10.0975
v 13.2484 11.1704 10.0975
v 13.3767 11.0846 10.0975
v 13.5381 11.0525 10.0975
v 14.8179 11.0525 10.0975
v 14.9793 11.0846 10.0975
v 15.1076 11.1704 10.0975
v 15.1934 11.2987 10.0975
v 15.2255 11.4601 10.0975
v 15.2255 13.6399 10.0975
v 15.1934 13.8013 10.0975
v 15.1076 13.9296 10.0975
v 14.9793 14.0154 10.0975
v 14.8179 14.0475 10.0975
v 13.5381 14.0475 10.0975
v 13.3767 14.0154 10.0975
v 13.2484 13.9296 10.0975
v 13.1626 13.8013 10.0975
v 13.1305 13.6399 10.0975
v 13.2696 11.343 10.1734
v 13.2441 11.4713 10.1734
v 13.3302 11.2522 10.1734
v 13.421 11.1916 10.1734
v 13.5493 11.1661 10.1734
v 14.8067 11.1661 10.1734
v 14.935 11.1916 10.1734
v 15.0258 11.2522 10.1734
v 15.0864 11.343 10.1734
v 15.1119 11.4713 10.1734
v 15.1119 13.6287 10.1734
v 15.0864 13.757 10.1734
v 15.0258 13.8478 10.1734
v 14.935 13.9084 10.1734
v 14.8067 13.9339 10.1734
v 13.5493 13.9339 10.1734
v 13.421 13.9084 10.1734
v 13.3302 13.8478 10.1734
v 13.2696 13.757 10.1734
v 13.2441 13.6287 10.1734
v 13.3958 11.3952 10.2
v 13.378 11.4845 10.2
v 13.4268 11.3488 10.2
v 13.4732 11.3178 10.2
v 13.5625 11.3 10.2
v 14.7935 11.3 10.2
v 14.8828 11.3178 10.2
v 14.9292 11.3488 10.2
v 14.9602 11.3952 10.2
v 14.978 11.4845 10.2
v 14.978 13.6155 10.2
v 14.9602 13.7048 10.2
v 14.9292 13.7512 10.2
v 14.8828 13.7822 10.2
v 14.7935 13.8 10.2
v 13.5625 13.8 10.2
v 13.4732 13.7822 10.2
v 13.4268 13.7512 10.2
v 13.3958 13.7048 10.2
v 13.378 13.6155 10.2
v 14.178 12.55 5.8
v 14.178 12.55 10.2
v 13.378 8.2845 5.8
v 13.3958 8.1952 5.8
v 13.2696 8.143 5.8266
v 13.2441 8.2713 5.8266
v 13.4268 8.1488 5.8
v 13.3302 8.0522 5.8266
v 13.4732 8.1178 5.8
v 13.421 7.9916 5.8266
v 13.5625 8.1 5.8
v 13.5493 7.9661 5.8266
v 14.7935 8.1 5.8
v 14.8067 7.9661 5.8266
v 14.8828 8.1178 5.8
v 14.935 7.9916 5.8266
v 14.9292 8.1488 5.8
v 15.0258 8.0522 5.8266
v 14.9602 8.1952 5.8
v 15.0864 8.143 5.8266
v 14.978 8.2845 5.8
v 15.1119 8.2713 5.8266
v 14.978 10.3155 5.8
v 15.1119 10.3287 5.8266
v 14.9602 10.4048 5.8
v 15.0864 10.457 5.8266
v 14.9292 10.4512 5.8
v 15.0258 10.5478 5.8266
v 14.8828 10.4822 5.8
v 14.935 10.6084 5.8266
v 14.7935 10.5 5.8
v 14.8067 10.6339 5.8266
v 13.5625 10.5 5.8
v 13.5493 10.6339 5.8266
v 13.4732 10.4822 5.8
v 13.421 10.6084 5.8266
v 13.4268 10.4512 5.8
v 13.3302 10.5478 5.8266
v 13.3958 10.4048 5.8
v 13.2696 10.457 5.8266
v 13.378 10.3155 5.8
v 13.2441 10.3287 5.8266
v 13.1626 8.0987 5.9025
v 13.1305 8.2601 5.9025
v 13.2484 7.9704 5.9025
v 13.3767 7.8846 5.9025
v 13.5381 7.8525 5.9025
v 14.8179 7.8525 5.9025
v 14.9793 7.8846 5.9025
v 15.1076 7.9704 5.9025
v 15.1934 8.0987 5.9025
v 15.2255 8.2601 5.9025
v 15.2255 10.3399 5.9025
v 15.1934 10.5013 5.9025
v 15.1076 10.6296 5.9025
v 14.9793 10.7154 5.9025
v 14.8179 10.7475 5.9025
v 13.5381 10.7475 5.9025
v 13.3767 10.7154 5.9025
v 13.2484 10.6296 5.9025
v 13.1626 10.5013 5.9025
v 13.1305 10.3399 5.9025
v 13.0912 8.0691 6.0161
v 13.0546 8.2526 6.0161
v 13.1937 7.9157 6.0161
v 13.3471 7.8132 6.0161
v 13.5306 7.7766 6.0161
v 14.8254 7.7766 6.0161
v 15.0089 7.8132 6.0161
v 15.1623 7.9157 6.0161
v 15.2648 8.0691 6.0161
v 15.3014 8.2526 6.0161
v 15.3014 10.3474 6.0161
v 15.2648 10.5309 6.0161
v 15.1623 10.6843 6.0161
v 15.0089 10.7868 6.0161
v 14.8254 10.8234 6.0161
v 13.5306 10.8234 6.0161
v 13.3471 10.7868 6.0161
v 13.1937 10.6843 6.0161
v 13.0912 10.5309 6.0161
v 13.0546 10.3474 6.0161
v 13.0661 8.0587 6.15
v 13.028 8.25 6.15
v 13.1744 7.8964 6.15
v 13.3367 7.7881 6.15
v 13.528 7.75 6.15
v 14.828 7.75 6.15
v 15.0193 7.7881 6.15
v 15.1816 7.8964 6.15
v 15.2899 8.0587 6.15
v 15.328 8.25 6.15
v 15.328 10.35 6.15
v 15.2899 10.5413 6.15
v 15.1816 10.7036 6.15
v 15.0193 10.8119 6.15
v 14.828 10.85 6.15
v 13.528 10.85 6.15
v 13.3367 10.8119 6.15
v 13.1744 10.7036 6.15
v 13.0661 10.5413 6.15
v 13.028 10.35 6.15
v 13.0661 8.0587 9.85
v 13.028 8.25 9.85
v 13.1744 7.8964 9.85
v 13.3367 7.7881 9.85
v 13.528 7.75 9.85
v 14.828 7.75 9.85
v 15.0193 7.7881 9.85
v 15.1816 7.8964 9.85
v 15.2899 8.0587 9.85
v 15.328 8.25 9.85
v 15.328 10.35 9.85
v 15.2899 10.5413 9.85
v 15.1816 10.7036 9.85
v 15.0193 10.8119 9.85
v 14.828 10.85 9.85
v 13.528 10.85 9.85
v 13.3367 10.8119 9.85
v 13.1744 10.7036 9.85
v 13.0661 10.5413 9.85
v 13.028 10.35 9.85
v 13.0912 8.0691 9.9839
v 13.0546 8.2526 9.9839
v 13.1937 7.9157 9.9839
v 13.3471 7.8132 9.9839
v 13.5306 7.7766 9.9839
v 14.8254 7.7766 9.9839
v 15.0089 7.8132 9.9839
v 15.1623 7.9157 9.9839
v 15.2648 8.0691 9.9839
v 15.3014 8.2526 9.9839
v 15.3014 10.3474 9.9839
v 15.2648 10.5309 9.9839
v 15.1623 10.6843 9.9839
v 15.0089 10.7868 9.9839
v 14.8254 10.8234 9.9839
v 13.5306 10.8234 9.9839
v 13.3471 10.7868 9.9839
v 13.1937 10.6843 9.9839
v 13.0912 10.5309 9.9839
v 13.0546 10.3474 9.9839
v 13.1626 8.0987 10.0975
v 13.1305 8.2601 10.0975
v 13.2484 7.9704 10.0975
v 13.3767 7.8846 10.0975
v 13.5381 7.8525 10.0975
v 14.8179 7.8525 10.0975
v 14.9793 7.8846 10.0975
v 15.1076 7.9704 10.0975
v 15.1934 8.0987 10.0975
v 15.2255 8.2601 10.0975
v 15.2255 10.3399 10.0975
v 15.1934 10.5013 10.0975
v 15.1076 10.6296 10.0975
v 14.9793 10.7154 10.0975
v 14.8179 10.7475 10.0975
v 13.5381 10.7475 10.0975
v 13.3767 10.7154 10.0975
v 13.2484 10.6296 10.0975
v 13.1626 10.5013 10.0975
v 13.1305 10.3399 10.0975
v 13.2696 8.143 10.1734
v 13.2441 8.2713 10.1734
v 13.3302 8.0522 10.1734
v 13.421 7.9916 10.1734
v 13.5493 7.9661 10.1734
v 14.8067 7.9661 10.1734
v 14.935 7.9916 10.1734
v 15.0258 8.0522 10.1734
v 15.0864 8.143 10.1734
v 15.1119 8.2713 10.1734
v 15.1119 10.3287 10.1734
v 15.0864 10.457 10.1734
v 15.0258 10.5478 10.1734
v 14.935 10.6084 10.1734
v 14.8067 10.6339 10.1734
v 13.5493 10.6339 10.1734
v 13.421 10.6084 10.1734
v 13.3302 10.5478 10.1734
v 13.2696 10.457 10.1734
v 13.2441 10.3287 10.1734
v 13.3958 8.1952 10.2
v 13.378 8.2845 10.2
v 13.4268 8.1488 10.2
v 13.4732 8.1178 10.2
v 13.5625 8.1 10.2
v 14.7935 8.1 10.2
v 14.8828 8.1178 10.2
v 14.9292 8.1488 10.2
v 14.9602 8.1952 10.2
v 14.978 8.2845 10.2
v 14.978 10.3155 10.2
v 14.9602 10.4048 10.2
v 14.9292 10.4512 10.2
v 14.8828 10.4822 10.2
v 14.7935 10.5 10.2
v 13.5625 10.5 10.2
v 13.4732 10.4822 10.2
v 13.4268 10.4512 10.2
v 13.3958 10.4048 10.2
v 13.378 10.3155 10.2
v 14.178 9.3 5.8
v 14.178 9.3 10.2
v 8.328 14.2497 5.9
v 8.3301 14.2392 5.9
v 8.258 14.2093 5.9152
v 8.2515 14.2422 5.9152
v 8.2697 14.1917 5.9152
v 8.3249 14.2469 5.9
v 8.2873 14.18 5.9152
v 8.3172 14.2521 5.9
v 8.3277 14.25 5.9
v 8.3202 14.1735 5.9152
v 12.5283 14.25 5.9
v 12.5358 14.1735 5.9152
v 12.5388 14.2521 5.9
v 12.5687 14.18 5.9152
v 12.5863 14.1917 5.9152
v 12.5311 14.2469 5.9
v 12.598 14.2093 5.9152
v 12.5259 14.2392 5.9
v 12.528 14.2497 5.9
v 12.6045 14.2422 5.9152
v 12.528 14.2503 5.9
v 12.6045 14.2578 5.9152
v 12.5259 14.2608 5.9
v 12.598 14.2907 5.9152
v 12.5863 14.3083 5.9152
v 12.5311 14.2531 5.9
v 12.5687 14.32 5.9152
v 12.5388 14.2479 5.9
v 12.5358 14.3265 5.9152
v 8.3202 14.3265 5.9152
v 8.3172 14.2479 5.9
v 8.2873 14.32 5.9152
v 8.2697 14.3083 5.9152
v 8.3249 14.2531 5.9
v 8.258 14.2907 5.9152
v 8.3301 14.2608 5.9
v 8.328 14.2503 5.9
v 8.2515 14.2578 5.9152
v 8.1969 14.184 5.9586
v 8.1866 14.2358 5.9586
v 8.223 14.145 5.9586
v 8.262 14.1189 5.9586
v 8.3138 14.1086 5.9586
v 12.5422 14.1086 5.9586
v 12.594 14.1189 5.9586
v 12.633 14.145 5.9586
v 12.6591 14.184 5.9586
v 12.6694 14.2358 5.9586
v 12.6694 14.2642 5.9586
v 12.6591 14.316 5.9586
v 12.633 14.355 5.9586
v 12.594 14.3811 5.9586
v 12.5422 14.3914 5.9586
v 8.3138 14.3914 5.9586
v 8.262 14.3811 5.9586
v 8.223 14.355 5.9586
v 8.1969 14.316 5.9586
v 8.1866 14.2642 5.9586
v 8.156 14.1671 6.0235
v 8.1432 14.2315 6.0235
v 8.1917 14.1137 6.0235
v 8.2451 14.078 6.0235
v 8.3095 14.0652 6.0235
v 12.5465 14.0652 6.0235
v 12.6109 14.078 6.0235
v 12.6643 14.1137 6.0235
v 12.7 14.1671 6.0235
v 12.7128 14.2315 6.0235
v 12.7128 14.2685 6.0235
v 12.7 14.3329 6.0235
v 12.6643 14.3863 6.0235
v 12.6109 14.422 6.0235
v 12.5465 14.4348 6.0235
v 8.3095 14.4348 6.0235
v 8.2451 14.422 6.0235
v 8.1917 14.3863 6.0235
v 8.156 14.3329 6.0235
v 8.1432 14.2685 6.0235
v 8.1417 14.1611 6.1
v 8.128 14.23 6.1
v 8.1807 14.1027 6.1
v 8.2391 14.0637 6.1
v 8.308 14.05 6.1
v 12.548 14.05 6.1
v 12.6169 14.0637 6.1
v 12.6753 14.1027 6.1
v 12.7143 14.1611 6.1
v 12.728 14.23 6.1
v 12.728 14.27 6.1
v 12.7143 14.3389 6.1
v 12.6753 14.3973 6.1
v 12.6169 14.4363 6.1
v 12.548 14.45 6.1
v 8.308 14.45 6.1
v 8.2391 14.4363 6.1
v 8.1807 14.3973 6.1
v 8.1417 14.3389 6.1
v 8.128 14.27 6.1
v 8.1417 14.1611 9.9
v 8.128 14.23 9.9
v 8.1807 14.1027 9.9
v 8.2391 14.0637 9.9
v 8.308 14.05 9.9
v 12.548 14.05 9.9
v 12.6169 14.0637 9.9
v 12.6753 14.1027 9.9
v 12.7143 14.1611 9.9
v 12.728 14.23 9.9
v 12.728 14.27 9.9
v 12.7143 14.3389 9.9
v 12.6753 14.3973 9.9
v 12.6169 14.4363 9.9
v 12.548 14.45 9.9
v 8.308 14.45 9.9
v 8.2391 14.4363 9.9
v 8.1807 14.3973 9.9
v 8.1417 14.3389 9.9
v 8.128 14.27 9.9
v 8.156 14.1671 9.9765
v 8.1432 14.2315 9.9765
v 8.1917 14.1137 9.9765
v 8.2451 14.078 9.9765
v 8.3095 14.0652 9.9765
v 12.5465 14.0652 9.9765
v 12.6109 14.078 9.9765
v 12.6643 14.1137 9.9765
v 12.7 14.1671 9.9765
v 12.7128 14.2315 9.9765
v 12.7128 14.2685 9.9765
v 12.7 14.3329 9.9765
v 12.6643 14.3863 9.9765
v 12.6109 14.422 9.9765
v 12.5465 14.4348 9.9765
v 8.3095 14.4348 9.9765
v 8.2451 14.422 9.9765
v 8.1917 14.3863 9.9765
v 8.156 14.3329 9.9765
v 8.1432 14.2685 9.9765
v 8.1969 14.184 10.0414
v 8.1866 14.2358 10.0414
v 8.223 14.145 10.0414
v 8.262 14.1189 10.0414
v 8.3138 14.1086 10.0414
v 12.5422 14.1086 10.0414
v 12.594 14.1189 10.0414
v 12.633 14.145 10.0414
v 12.6591 14.184 10.0414
v 12.6694 14.2358 10.0414
v 12.6694 14.2642 10.0414
v 12.6591 14.316 10.0414
v 12.633 14.355 10.0414
v 12.594 14.3811 10.0414
v 12.5422 14.3914 10.0414
v 8.3138 14.3914 10.0414
v 8.262 14.3811 10.0414
v 8.223 14.355 10.0414
v 8.1969 14.316 10.0414
v 8.1866 14.2642 10.0414
v 8.258 14.2093 10.0848
v 8.2515 14.2422 10.0848
v 8.2697 14.1917 10.0848
v 8.2873 14.18 10.0848
v 8.3202 14.1735 10.0848
v 12.5358 14.1735 10.0848
v 12.5687 14.18 10.0848
v 12.5863 14.1917 10.0848
v 12.598 14.2093 10.0848
v 12.6045 14.2422 10.0848
v 12.6045 14.2578 10.0848
v 12.598 14.2907 10.0848
v 12.5863 14.3083 10.0848
v 12.5687 14.32 10.0848
v 12.5358 14.3265 10.0848
v 8.3202 14.3265 10.0848
v 8.2873 14.32 10.0848
v 8.2697 14.3083 10.0848
v 8.258 14.2907 10.0848
v 8.2515 14.2578 10.0848
v 8.3301 14.2392 10.1
v 8.328 14.2497 10.1
v 8.3249 14.2469 10.1
v 8.3172 14.2521 10.1
v 8.3277 14.25 10.1
v 12.5283 14.25 10.1
v 12.5388 14.2521 10.1
v 12.5311 14.2469 10.1
v 12.5259 14.2392 10.1
v 12.528 14.2497 10.1
v 12.528 14.2503 10.1
v 12.5259 14.2608 10.1
v 12.5311 14.2531 10.1
v 12.5388 14.2479 10.1
v 8.3172 14.2479 10.1
v 8.3249 14.2531 10.1
v 8.3301 14.2608 10.1
v 8.328 14.2503 10.1
v 10.428 14.25 5.9
v 10.428 14.25 10.1
v 10.678 12.0648 10.55
v 10.6921 11.9937 10.55
v 10.6381 11.9713 10.5614
v 10.6206 12.0591 10.5614
v 10.724 11.946 10.55
v 10.6826 11.9046 10.5614
v 10.7717 11.9141 10.55
v 10.7493 11.8601 10.5614
v 10.8428 11.9 10.55
v 10.8371 11.8426 10.5614
v 11.8132 11.9 10.55
v 11.8189 11.8426 10.5614
v 11.8843 11.9141 10.55
v 11.9067 11.8601 10.5614
v 11.932 11.946 10.55
v 11.9734 11.9046 10.5614
v 11.9639 11.9937 10.55
v 12.0179 11.9713 10.5614
v 11.978 12.0648 10.55
v 12.0354 12.0591 10.5614
v 11.978 13.5352 10.55
v 12.0354 13.5409 10.5614
v 11.9639 13.6063 10.55
v 12.0179 13.6287 10.5614
v 11.932 13.654 10.55
v 11.9734 13.6954 10.5614
v 11.8843 13.6859 10.55
v 11.9067 13.7399 10.5614
v 11.8132 13.7 10.55
v 11.8189 13.7574 10.5614
v 10.8428 13.7 10.55
v 10.8371 13.7574 10.5614
v 10.7717 13.6859 10.55
v 10.7493 13.7399 10.5614
v 10.724 13.654 10.55
v 10.6826 13.6954 10.5614
v 10.6921 13.6063 10.55
v 10.6381 13.6287 10.5614
v 10.678 13.5352 10.55
v 10.6206 13.5409 10.5614
v 10.5922 11.9523 10.5939
v 10.5719 12.0543 10.5939
v 10.6475 11.8695 10.5939
v 10.7303 11.8142 10.5939
v 10.8323 11.7939 10.5939
v 11.8237 11.7939 10.5939
v 11.9257 11.8142 10.5939
v 12.0085 11.8695 10.5939
v 12.0638 11.9523 10.5939
v 12.0841 12.0543 10.5939
v 12.0841 13.5457 10.5939
v 12.0638 13.6477 10.5939
v 12.0085 13.7305 10.5939
v 11.9257 13.7858 10.5939
v 11.8237 13.8061 10.5939
v 10.8323 13.8061 10.5939
v 10.7303 13.7858 10.5939
v 10.6475 13.7305 10.5939
v 10.5922 13.6477 10.5939
v 10.5719 13.5457 10.5939
v 10.5616 11.9397 10.6426
v 10.5394 12.0511 10.6426
v 10.6241 11.8461 10.6426
v 10.7177 11.7836 10.6426
v 10.8291 11.7614 10.6426
v 11.8269 11.7614 10.6426
v 11.9384 11.7836 10.6426
v 12.0319 11.8461 10.6426
v 12.0944 11.9397 10.6426
v 12.1166 12.0511 10.6426
v 12.1166 13.5489 10.6426
v 12.0944 13.6603 10.6426
v 12.0319 13.7539 10.6426
v 11.9384 13.8164 10.6426
v 11.8269 13.8386 10.6426
v 10.8291 13.8386 10.6426
v 10.7177 13.8164 10.6426
v 10.6241 13.7539 10.6426
v 10.5616 13.6603 10.6426
v 10.5394 13.5489 10.6426
v 10.5508 11.9352 10.7
v 10.528 12.05 10.7
v 10.6159 11.8379 10.7
v 10.7132 11.7728 10.7
v 10.828 11.75 10.7
v 11.828 11.75 10.7
v 11.9428 11.7728 10.7
v 12.0401 11.8379 10.7
v 12.1052 11.9352 10.7
v 12.128 12.05 10.7
v 12.128 13.55 10.7
v 12.1052 13.6648 10.7
v 12.0401 13.7621 10.7
v 11.9428 13.8272 10.7
v 11.828 13.85 10.7
v 10.828 13.85 10.7
v 10.7132 13.8272 10.7
v 10.6159 13.7621 10.7
v 10.5508 13.6648 10.7
v 10.528 13.55 10.7
v 10.5508 11.9352 10.75
v 10.528 12.05 10.75
v 10.6159 11.8379 10.75
v 10.7132 11.7728 10.75
v 10.828 11.75 10.75
v 11.828 11.75 10.75
v 11.9428 11.7728 10.75
v 12.0401 11.8379 10.75
v 12.1052 11.9352 10.75
v 12.128 12.05 10.75
v 12.128 13.55 10.75
v 12.1052 13.6648 10.75
v 12.0401 13.7621 10.75
v 11.9428 13.8272 10.75
v 11.828 13.85 10.75
v 10.828 13.85 10.75
v 10.7132 13.8272 10.75
v 10.6159 13.7621 10.75
v 10.5508 13.6648 10.75
v 10.528 13.55 10.75
v 10.5616 11.9397 10.8074
v 10.5394 12.0511 10.8074
v 10.6241 11.8461 10.8074
v 10.7177 11.7836 10.8074
v 10.8291 11.7614 10.8074
v 11.8269 11.7614 10.8074
v 11.9384 11.7836 10.8074
v 12.0319 11.8461 10.8074
v 12.0944 11.9397 10.8074
v 12.1166 12.0511 10.8074
v 12.1166 13.5489 10.8074
v 12.0944 13.6603 10.8074
v 12.0319 13.7539 10.8074
v 11.9384 13.8164 10.8074
v 11.8269 13.8386 10.8074
v 10.8291 13.8386 10.8074
v 10.7177 13.8164 10.8074
v 10.6241 13.7539 10.8074
v 10.5616 13.6603 10.8074
v 10.5394 13.5489 10.8074
v 10.5922 11.9523 10.8561
v 10.5719 12.0543 10.8561
v 10.6475 11.8695 10.8561
v 10.7303 11.8142 10.8561
v 10.8323 11.7939 10.8561
v 11.8237 11.7939 10.8561
v 11.9257 11.8142 10.8561
v 12.0085 11.8695 10.8561
v 12.0638 11.9523 10.8561
v 12.0841 12.0543 10.8561
v 12.0841 13.5457 10.8561
v 12.0638 13.6477 10.8561
v 12.0085 13.7305 10.8561
v 11.9257 13.7858 10.8561
v 11.8237 13.8061 10.8561
v 10.8323 13.8061 10.8561
v 10.7303 13.7858 10.8561
v 10.6475 13.7305 10.8561
v 10.5922 13.6477 10.8561
v 10.5719 13.5457 10.8561
v 10.6381 11.9713 10.8886
v 10.6206 12.0591 10.8886
v 10.6826 11.9046 10.8886
v 10.7493 11.8601 10.8886
v 10.8371 11.8426 10.8886
v 11.8189 11.8426 10.8886
v 11.9067 11.8601 10.8886
v 11.9734 11.9046 10.8886
v 12.0179 11.9713 10.8886
v 12.0354 12.0591 10.8886
v 12.0354 13.5409 10.8886
v 12.0179 13.6287 10.8886
v 11.9734 13.6954 10.8886
v 11.9067 13.7399 10.8886
v 11.8189 13.7574 10.8886
v 10.8371 13.7574 10.8886
v 10.7493 13.7399 10.8886
v 10.6826 13.6954 10.8886
v 10.6381 13.6287 10.8886
v 10.6206 13.5409 10.8886
v 10.6921 11.9937 10.9
v 10.678 12.0648 10.9
v 10.724 11.946 10.9
v 10.7717 11.9141 10.9
v 10.8428 11.9 10.9
v 11.8132 11.9 10.9
v 11.8843 11.9141 10.9
v 11.932 11.946 10.9
v 11.9639 11.9937 10.9
v 11.978 12.0648 10.9
v 11.978 13.5352 10.9
v 11.9639 13.6063 10.9
v 11.932 13.654 10.9
v 11.8843 13.6859 10.9
v 11.8132 13.7 10.9
v 10.8428 13.7 10.9
v 10.7717 13.6859 10.9
v 10.724 13.654 10.9
v 10.6921 13.6063 10.9
v 10.678 13.5352 10.9
v 11.328 12.8 10.55
v 11.328 12.8 10.9
v 10.678 12.0648 5.1
v 10.6921 11.9937 5.1
v 10.6381 11.9713 5.1114
v 10.6206 12.0591 5.1114
v 10.724 11.946 5.1
v 10.6826 11.9046 5.1114
v 10.7717 11.9141 5.1
v 10.7493 11.8601 5.1114
v 10.8428 11.9 5.1
v 10.8371 11.8426 5.1114
v 11.8132 11.9 5.1
v 11.8189 11.8426 5.1114
v 11.8843 11.9141 5.1
v 11.9067 11.8601 5.1114
v 11.932 11.946 5.1
v 11.9734 11.9046 5.1114
v 11.9639 11.9937 5.1
v 12.0179 11.9713 5.1114
v 11.978 12.0648 5.1
v 12.0354 12.0591 5.1114
v 11.978 13.5352 5.1
v 12.0354 13.5409 5.1114
v 11.9639 13.6063 5.1
v 12.0179 13.6287 5.1114
v 11.932 13.654 5.1
v 11.9734 13.6954 5.1114
v 11.8843 13.6859 5.1
v 11.9067 13.7399 5.1114
v 11.8132 13.7 5.1
v 11.8189 13.7574 5.1114
v 10.8428 13.7 5.1
v 10.8371 13.7574 5.1114
v 10.7717 13.6859 5.1
v 10.7493 13.7399 5.1114
v 10.724 13.654 5.1
v 10.6826 13.6954 5.1114
v 10.6921 13.6063 5.1
v 10.6381 13.6287 5.1114
v 10.678 13.5352 5.1
v 10.6206 13.5409 5.1114
v 10.5922 11.9523 5.1439
v 10.5719 12.0543 5.1439
v 10.6475 11.8695 5.1439
v 10.7303 11.8142 5.1439
v 10.8323 11.7939 5.1439
v 11.8237 11.7939 5.1439
v 11.9257 11.8142 5.1439
v 12.0085 11.8695 5.1439
v 12.0638 11.9523 5.1439
v 12.0841 12.0543 5.1439
v 12.0841 13.5457 5.1439
v 12.0638 13.6477 5.1439
v 12.0085 13.7305 5.1439
v 11.9257 13.7858 5.1439
v 11.8237 13.8061 5.1439
v 10.8323 13.8061 5.1439
v 10.7303 13.7858 5.1439
v 10.6475 13.7305 5.1439
v 10.5922 13.6477 5.1439
v 10.5719 13.5457 5.1439
v 10.5616 11.9397 5.1926
v 10.5394 12.0511 5.1926
v 10.6241 11.8461 5.1926
v 10.7177 11.7836 5.1926
v 10.8291 11.7614 5.1926
v 11.8269 11.7614 5.1926
v 11.9384 11.7836 5.1926
v 12.0319 11.8461 5.1926
v 12.0944 11.9397 5.1926
v 12.1166 12.0511 5.1926
v 12.1166 13.5489 5.1926
v 12.0944 13.6603 5.1926
v 12.0319 13.7539 5.1926
v 11.9384 13.8164 5.1926
v 11.8269 13.8386 5.1926
v 10.8291 13.8386 5.1926
v 10.7177 13.8164 5.1926
v 10.6241 13.7539 5.1926
v 10.5616 13.6603 5.1926
v 10.5394 13.5489 5.1926
v 10.5508 11.9352 5.25
v 10.528 12.05 5.25
v 10.6159 11.8379 5.25
v 10.7132 11.7728 5.25
v 10.828 11.75 5.25
v 11.828 11.75 5.25
v 11.9428 11.7728 5.25
v 12.0401 11.8379 5.25
v 12.1052 11.9352 5.25
v 12.128 12.05 5.25
v 12.128 13.55 5.25
v 12.1052 13.6648 5.25
v 12.0401 13.7621 5.25
v 11.9428 13.8272 5.25
v 11.828 13.85 5.25
v 10.828 13.85 5.25
v 10.7132 13.8272 5.25
v 10.6159 13.7621 5.25
v 10.5508 13.6648 5.25
v 10.528 13.55 5.25
v 10.5508 11.9352 5.3
v 10.528 12.05 5.3
v 10.6159 11.8379 5.3
v 10.7132 11.7728 5.3
v 10.828 11.75 5.3
v 11.828 11.75 5.3
v 11.9428 11.7728 5.3
v 12.0401 11.8379 5.3
v 12.1052 11.9352 5.3
v 12.128 12.05 5.3
v 12.128 13.55 5.3
v 12.1052 13.6648 5.3
v 12.0401 13.7621 5.3
v 11.9428 13.8272 5.3
v 11.828 13.85 5.3
v 10.828 13.85 5.3
v 10.7132 13.8272 5.3
v 10.6159 13.7621 5.3
v 10.5508 13.6648 5.3
v 10.528 13.55 5.3
v 10.5616 11.9397 5.3574
v 10.5394 12.0511 5.3574
v 10.6241 11.8461 5.3574
v 10.7177 11.7836 5.3574
v 10.8291 11.7614 5.3574
v 11.8269 11.7614 5.3574
v 11.9384 11.7836 5.3574
v 12.0319 11.8461 5.3574
v 12.0944 11.9397 5.3574
v 12.1166 12.0511 5.3574
v 12.1166 13.5489 5.3574
v 12.0944 13.6603 5.3574
v 12.0319 13.7539 5.3574
v 11.9384 13.8164 5.3574
v 11.8269 13.8386 5.3574
v 10.8291 13.8386 5.3574
v 10.7177 13.8164 5.3574
v 10.6241 13.7539 5.3574
v 10.5616 13.6603 5.3574
v 10.5394 13.5489 5.3574
v 10.5922 11.9523 5.4061
v 10.5719 12.0543 5.4061
v 10.6475 11.8695 5.4061
v 10.7303 11.8142 5.4061
v 10.8323 11.7939 5.4061
v 11.8237 11.7939 5.4061
v 11.9257 11.8142 5.4061
v 12.0085 11.8695 5.4061
v 12.0638 11.9523 5.4061
v 12.0841 12.0543 5.4061
v 12.0841 13.5457 5.4061
v 12.0638 13.6477 5.4061
v 12.0085 13.7305 5.4061
v 11.9257 13.7858 5.4061
v 11.8237 13.8061 5.4061
v 10.8323 13.8061 5.4061
v 10.7303 13.7858 5.4061
v 10.6475 13.7305 5.4061
v 10.5922 13.6477 5.4061
v 10.5719 13.5457 5.4061
v 10.6381 11.9713 5.4386
v 10.6206 12.0591 5.4386
v 10.6826 11.9046 5.4386
v 10.7493 11.8601 5.4386
v 10.8371 11.8426 5.4386
v 11.8189 11.8426 5.4386
v 11.9067 11.8601 5.4386
v 11.9734 11.9046 5.4386
v 12.0179 11.9713 5.4386
v 12.0354 12.0591 5.4386
v 12.0354 13.5409 5.4386
v 12.0179 13.6287 5.4386
v 11.9734 13.6954 5.4386
v 11.9067 13.7399 5.4386
v 11.8189 13.7574 5.4386
v 10.8371 13.7574 5.4386
v 10.7493 13.7399 5.4386
v 10.6826 13.6954 5.4386
v 10.6381 13.6287 5.4386
v 10.6206 13.5409 5.4386
v 10.6921 11.9937 5.45
v 10.678 12.0648 5.45
v 10.724 11.946 5.45
v 10.7717 11.9141 5.45
v 10.8428 11.9 5.45
v 11.8132 11.9 5.45
v 11.8843 11.9141 5.45
v 11.932 11.946 5.45
v 11.9639 11.9937 5.45
v 11.978 12.0648 5.45
v 11.978 13.5352 5.45
v 11.9639 13.6063 5.45
v 11.932 13.654 5.45
v 11.8843 13.6859 5.45
v 11.8132 13.7 5.45
v 10.8428 13.7 5.45
v 10.7717 13.6859 5.45
v 10.724 13.654 5.45
v 10.6921 13.6063 5.45
v 10.678 13.5352 5.45
v 11.328 12.8 5.1
v 11.328 12.8 5.45
v 4.348 14.7818 6.6
v 4.3502 14.7709 6.6
v 4.3069 14.753 6.6091
v 4.3021 14.7773 6.6091
v 4.3166 14.7386 6.6091
v 4.3497 14.7717 6.6
v 4.331 14.7289 6.6091
v 4.3489 14.7722 6.6
v 4.3598 14.77 6.6
v 4.3553 14.7241 6.6091
v 4.7962 14.77 6.6
v 4.8007 14.7241 6.6091
v 4.8071 14.7722 6.6
v 4.825 14.7289 6.6091
v 4.8394 14.7386 6.6091
v 4.8063 14.7717 6.6
v 4.8491 14.753 6.6091
v 4.8058 14.7709 6.6
v 4.808 14.7818 6.6
v 4.8539 14.7773 6.6091
v 4.808 15.1182 6.6
v 4.8539 15.1227 6.6091
v 4.8058 15.1291 6.6
v 4.8491 15.147 6.6091
v 4.8394 15.1614 6.6091
v 4.8063 15.1283 6.6
v 4.825 15.1711 6.6091
v 4.8071 15.1278 6.6
v 4.7962 15.13 6.6
v 4.8007 15.1759 6.6091
v 4.3598 15.13 6.6
v 4.3553 15.1759 6.6091
v 4.3489 15.1278 6.6
v 4.331 15.1711 6.6091
v 4.3166 15.1614 6.6091
v 4.3497 15.1283 6.6
v 4.3069 15.147 6.6091
v 4.3502 15.1291 6.6
v 4.348 15.1182 6.6
v 4.3021 15.1227 6.6091
v 4.2702 14.7378 6.6351
v 4.2631 14.7735 6.6351
v 4.2885 14.7105 6.6351
v 4.3158 14.6922 6.6351
v 4.3515 14.6851 6.6351
v 4.8045 14.6851 6.6351
v 4.8402 14.6922 6.6351
v 4.8675 14.7105 6.6351
v 4.8858 14.7378 6.6351
v 4.8929 14.7735 6.6351
v 4.8929 15.1265 6.6351
v 4.8858 15.1622 6.6351
v 4.8675 15.1895 6.6351
v 4.8402 15.2078 6.6351
v 4.8045 15.2149 6.6351
v 4.3515 15.2149 6.6351
v 4.3158 15.2078 6.6351
v 4.2885 15.1895 6.6351
v 4.2702 15.1622 6.6351
v 4.2631 15.1265 6.6351
v 4.2457 14.7276 6.6741
v 4.2371 14.7709 6.6741
v 4.2697 14.6917 6.6741
v 4.3056 14.6677 6.6741
v 4.3489 14.6591 6.6741
v 4.8071 14.6591 6.6741
v 4.8504 14.6677 6.6741
v 4.8863 14.6917 6.6741
v 4.9103 14.7276 6.6741
v 4.9189 14.7709 6.6741
v 4.9189 15.1291 6.6741
v 4.9103 15.1724 6.6741
v 4.8863 15.2083 6.6741
v 4.8504 15.2323 6.6741
v 4.8071 15.2409 6.6741
v 4.3489 15.2409 6.6741
v 4.3056 15.2323 6.6741
v 4.2697 15.2083 6.6741
v 4.2457 15.1724 6.6741
v 4.2371 15.1291 6.6741
v 4.2371 14.7241 6.72
v 4.228 14.77 6.72
v 4.2631 14.6851 6.72
v 4.3021 14.6591 6.72
v 4.348 14.65 6.72
v 4.808 14.65 6.72
v 4.8539 14.6591 6.72
v 4.8929 14.6851 6.72
v 4.9189 14.7241 6.72
v 4.928 14.77 6.72
v 4.928 15.13 6.72
v 4.9189 15.1759 6.72
v 4.8929 15.2149 6.72
v 4.8539 15.2409 6.72
v 4.808 15.25 6.72
v 4.348 15.25 6.72
v 4.3021 15.2409 6.72
v 4.2631 15.2149 6.72
v 4.2371 15.1759 6.72
v 4.228 15.13 6.72
v 4.2371 14.7241 7.48
v 4.228 14.77 7.48
v 4.2631 14.6851 7.48
v 4.3021 14.6591 7.48
v 4.348 14.65 7.48
v 4.808 14.65 7.48
v 4.8539 14.6591 7.48
v 4.8929 14.6851 7.48
v 4.9189 14.7241 7.48
v 4.928 14.77 7.48
v 4.928 15.13 7.48
v 4.9189 15.1759 7.48
v 4.8929 15.2149 7.48
v 4.8539 15.2409 7.48
v 4.808 15.25 7.48
v 4.348 15.25 7.48
v 4.3021 15.2409 7.48
v 4.2631 15.2149 7.48
v 4.2371 15.1759 7.48
v 4.228 15.13 7.48
v 4.2457 14.7276 7.5259
v 4.2371 14.7709 7.5259
v 4.2697 14.6917 7.5259
v 4.3056 14.6677 7.5259
v 4.3489 14.6591 7.5259
v 4.8071 14.6591 7.5259
v 4.8504 14.6677 7.5259
v 4.8863 14.6917 7.5259
v 4.9103 14.7276 7.5259
v 4.9189 14.7709 7.5259
v 4.9189 15.1291 7.5259
v 4.9103 15.1724 7.5259
v 4.8863 15.2083 7.5259
v 4.8504 15.2323 7.5259
v 4.8071 15.2409 7.5259
v 4.3489 15.2409 7.5259
v 4.3056 15.2323 7.5259
v 4.2697 15.2083 7.5259
v 4.2457 15.1724 7.5259
v 4.2371 15.1291 7.5259
v 4.2702 14.7378 7.5649
v 4.2631 14.7735 7.5649
v 4.2885 14.7105 7.5649
v 4.3158 14.6922 7.5649
v 4.3515 14.6851 7.5649
v 4.8045 14.6851 7.5649
v 4.8402 14.6922 7.5649
v 4.8675 14.7105 7.5649
v 4.8858 14.7378 7.5649
v 4.8929 14.7735 7.5649
v 4.8929 15.1265 7.5649
v 4.8858 15.1622 7.5649
v 4.8675 15.1895 7.5649
v 4.8402 15.2078 7.5649
v 4.8045 15.2149 7.5649
v 4.3515 15.2149 7.5649
v 4.3158 15.2078 7.5649
v 4.2885 15.1895 7.5649
v 4.2702 15.1622 7.5649
v 4.2631 15.1265 7.5649
v 4.3069 14.753 7.5909
v 4.3021 14.7773 7.5909
v 4.3166 14.7386 7.5909
v 4.331 14.7289 7.5909
v 4.3553 14.7241 7.5909
v 4.8007 14.7241 7.5909
v 4.825 14.7289 7.5909
v 4.8394 14.7386 7.5909
v 4.8491 14.753 7.5909
v 4.8539 14.7773 7.5909
v 4.8539 15.1227 7.5909
v 4.8491 15.147 7.5909
v 4.8394 15.1614 7.5909
v 4.825 15.1711 7.5909
v 4.8007 15.1759 7.5909
v 4.3553 15.1759 7.5909
v 4.331 15.1711 7.5909
v 4.3166 15.1614 7.5909
v 4.3069 15.147 7.5909
v 4.3021 15.1227 7.5909
v 4.3502 14.7709 7.6
v 4.348 14.7818 7.6
v 4.3497 14.7717 7.6
v 4.3489 14.7722 7.6
v 4.3598 14.77 7.6
v 4.7962 14.77 7.6
v 4.8071 14.7722 7.6
v 4.8063 14.7717 7.6
v 4.8058 14.7709 7.6
v 4.808 14.7818 7.6
v 4.808 15.1182 7.6
v 4.8058 15.1291 7.6
v 4.8063 15.1283 7.6
v 4.8071 15.1278 7.6
v 4.7962 15.13 7.6
v 4.3598 15.13 7.6
v 4.3489 15.1278 7.6
v 4.3497 15.1283 7.6
v 4.3502 15.1291 7.6
v 4.348 15.1182 7.6
v 4.578 14.95 6.6
v 4.578 14.95 7.6
v 4.348 14.7818 8.4
v 4.3502 14.7709 8.4
v 4.3069 14.753 8.4091
v 4.3021 14.7773 8.4091
v 4.3166 14.7386 8.4091
v 4.3497 14.7717 8.4
v 4.331 14.7289 8.4091
v 4.3489 14.7722 8.4
v 4.3598 14.77 8.4
v 4.3553 14.7241 8.4091
v 4.7962 14.77 8.4
v 4.8007 14.7241 8.4091
v 4.8071 14.7722 8.4
v 4.825 14.7289 8.4091
v 4.8394 14.7386 8.4091
v 4.8063 14.7717 8.4
v 4.8491 14.753 8.4091
v 4.8058 14.7709 8.4
v 4.808 14.7818 8.4
v 4.8539 14.7773 8.4091
v 4.808 15.1182 8.4
v 4.8539 15.1227 8.4091
v 4.8058 15.1291 8.4
v 4.8491 15.147 8.4091
v 4.8394 15.1614 8.4091
v 4.8063 15.1283 8.4
v 4.825 15.1711 8.4091
v 4.8071 15.1278 8.4
v 4.7962 15.13 8.4
v 4.8007 15.1759 8.4091
v 4.3598 15.13 8.4
v 4.3553 15.1759 8.4091
v 4.3489 15.1278 8.4
v 4.331 15.1711 8.4091
v 4.3166 15.1614 8.4091
v 4.3497 15.1283 8.4
v 4.3069 15.147 8.4091
v 4.3502 15.1291 8.4
v 4.348 15.1182 8.4
v 4.3021 15.1227 8.4091
v 4.2702 14.7378 8.4351
v 4.2631 14.7735 8.4351
v 4.2885 14.7105 8.4351
v 4.3158 14.6922 8.4351
v 4.3515 14.6851 8.4351
v 4.8045 14.6851 8.4351
v 4.8402 14.6922 8.4351
v 4.8675 14.7105 8.4351
v 4.8858 14.7378 8.4351
v 4.8929 14.7735 8.4351
v 4.8929 15.1265 8.4351
v 4.8858 15.1622 8.4351
v 4.8675 15.1895 8.4351
v 4.8402 15.2078 8.4351
v 4.8045 15.2149 8.4351
v 4.3515 15.2149 8.4351
v 4.3158 15.2078 8.4351
v 4.2885 15.1895 8.4351
v 4.2702 15.1622 8.4351
v 4.2631 15.1265 8.4351
v 4.2457 14.7276 8.4741
v 4.2371 14.7709 8.4741
v 4.2697 14.6917 8.4741
v 4.3056 14.6677 8.4741
v 4.3489 14.6591 8.4741
v 4.8071 14.6591 8.4741
v 4.8504 14.6677 8.4741
v 4.8863 14.6917 8.4741
v 4.9103 14.7276 8.4741
v 4.9189 14.7709 8.4741
v 4.9189 15.1291 8.4741
v 4.9103 15.1724 8.4741
v 4.8863 15.2083 8.4741
v 4.8504 15.2323 8.4741
v 4.8071 15.2409 8.4741
v 4.3489 15.2409 8.4741
v 4.3056 15.2323 8.4741
v 4.2697 15.2083 8.4741
v 4.2457 15.1724 8.4741
v 4.2371 15.1291 8.4741
v 4.2371 14.7241 8.52
v 4.228 14.77 8.52
v 4.2631 14.6851 8.52
v 4.3021 14.6591 8.52
v 4.348 14.65 8.52
v 4.808 14.65 8.52
v 4.8539 14.6591 8.52
v 4.8929 14.6851 8.52
v 4.9189 14.7241 8.52
v 4.928 14.77 8.52
v 4.928 15.13 8.52
v 4.9189 15.1759 8.52
v 4.8929 15.2149 8.52
v 4.8539 15.2409 8.52
v 4.808 15.25 8.52
v 4.348 15.25 8.52
v 4.3021 15.2409 8.52
v 4.2631 15.2149 8.52
v 4.2371 15.1759 8.52
v 4.228 15.13 8.52
v 4.2371 14.7241 9.28
v 4.228 14.77 9.28
v 4.2631 14.6851 9.28
v 4.3021 14.6591 9.28
v 4.348 14.65 9.28
v 4.808 14.65 9.28
v 4.8539 14.6591 9.28
v 4.8929 14.6851 9.28
v 4.9189 14.7241 9.28
v 4.928 14.77 9.28
v 4.928 15.13 9.28
v 4.9189 15.1759 9.28
v 4.8929 15.2149 9.28
v 4.8539 15.2409 9.28
v 4.808 15.25 9.28
v 4.348 15.25 9.28
v 4.3021 15.2409 9.28
v 4.2631 15.2149 9.28
v 4.2371 15.1759 9.28
v 4.228 15.13 9.28
v 4.2457 14.7276 9.3259
v 4.2371 14.7709 9.3259
v 4.2697 14.6917 9.3259
v 4.3056 14.6677 9.3259
v 4.3489 14.6591 9.3259
v 4.8071 14.6591 9.3259
v 4.8504 14.6677 9.3259
v 4.8863 14.6917 9.3259
v 4.9103 14.7276 9.3259
v 4.9189 14.7709 9.3259
v 4.9189 15.1291 9.3259
v 4.9103 15.1724 9.3259
v 4.8863 15.2083 9.3259
v 4.8504 15.2323 9.3259
v 4.8071 15.2409 9.3259
v 4.3489 15.2409 9.3259
v 4.3056 15.2323 9.3259
v 4.2697 15.2083 9.3259
v 4.2457 15.1724 9.3259
v 4.2371 15.1291 9.3259
v 4.2702 14.7378 9.3649
v 4.2631 14.7735 9.3649
v 4.2885 14.7105 9.3649
v 4.3158 14.6922 9.3649
v 4.3515 14.6851 9.3649
v 4.8045 14.6851 9.3649
v 4.8402 14.6922 9.3649
v 4.8675 14.7105 9.3649
v 4.8858 14.7378 9.3649
v 4.8929 14.7735 9.3649
v 4.8929 15.1265 9.3649
v 4.8858 15.1622 9.3649
v 4.8675 15.1895 9.3649
v 4.8402 15.2078 9.3649
v 4.8045 15.2149 9.3649
v 4.3515 15.2149 9.3649
v 4.3158 15.2078 9.3649
v 4.2885 15.1895 9.3649
v 4.2702 15.1622 9.3649
v 4.2631 15.1265 9.3649
v 4.3069 14.753 9.3909
v 4.3021 14.7773 9.3909
v 4.3166 14.7386 9.3909
v 4.331 14.7289 9.3909
v 4.3553 14.7241 9.3909
v 4.8007 14.7241 9.3909
v 4.825 14.7289 9.3909
v 4.8394 14.7386 9.3909
v 4.8491 14.753 9.3909
v 4.8539 14.7773 9.3909
v 4.8539 15.1227 9.3909
v 4.8491 15.147 9.3909
v 4.8394 15.1614 9.3909
v 4.825 15.1711 9.3909
v 4.8007 15.1759 9.3909
v 4.3553 15.1759 9.3909
v 4.331 15.1711 9.3909
v 4.3166 15.1614 9.3909
v 4.3069 15.147 9.3909
v 4.3021 15.1227 9.3909
v 4.3502 14.7709 9.4
v 4.348 14.7818 9.4
v 4.3497 14.7717 9.4
v 4.3489 14.7722 9.4
v 4.3598 14.77 9.4
v 4.7962 14.77 9.4
v 4.8071 14.7722 9.4
v 4.8063 14.7717 9.4
v 4.8058 14.7709 9.4
v 4.808 14.7818 9.4
v 4.808 15.1182 9.4
v 4.8058 15.1291 9.4
v 4.8063 15.1283 9.4
v 4.8071 15.1278 9.4
v 4.7962 15.13 9.4
v 4.3598 15.13 9.4
v 4.3489 15.1278 9.4
v 4.3497 15.1283 9.4
v 4.3502 15.1291 9.4
v 4.348 15.1182 9.4
v 4.578 14.95 8.4
v 4.578 14.95 9.4
v 12.128 14.2798 7.8
v 12.1313 14.2631 7.8
v 12.0953 14.2482 7.8076
v 12.0897 14.2761 7.8076
v 12.1352 14.2572 7.8
v 12.1077 14.2297 7.8076
v 12.1411 14.2533 7.8
v 12.1262 14.2173 7.8076
v 12.1579 14.25 7.8
v 12.1541 14.2117 7.8076
v 12.4982 14.25 7.8
v 12.5019 14.2117 7.8076
v 12.5149 14.2533 7.8
v 12.5298 14.2173 7.8076
v 12.5208 14.2572 7.8
v 12.5483 14.2297 7.8076
v 12.5247 14.2631 7.8
v 12.5607 14.2482 7.8076
v 12.528 14.2798 7.8
v 12.5663 14.2761 7.8076
v 12.528 14.7202 7.8
v 12.5663 14.7239 7.8076
v 12.5247 14.7369 7.8
v 12.5607 14.7518 7.8076
v 12.5208 14.7428 7.8
v 12.5483 14.7703 7.8076
v 12.5149 14.7467 7.8
v 12.5298 14.7827 7.8076
v 12.4982 14.75 7.8
v 12.5019 14.7883 7.8076
v 12.1579 14.75 7.8
v 12.1541 14.7883 7.8076
v 12.1411 14.7467 7.8
v 12.1262 14.7827 7.8076
v 12.1352 14.7428 7.8
v 12.1077 14.7703 7.8076
v 12.1313 14.7369 7.8
v 12.0953 14.7518 7.8076
v 12.128 14.7202 7.8
v 12.0897 14.7239 7.8076
v 12.0647 14.2355 7.8293
v 12.0573 14.2729 7.8293
v 12.0843 14.2063 7.8293
v 12.1135 14.1867 7.8293
v 12.1509 14.1793 7.8293
v 12.5051 14.1793 7.8293
v 12.5425 14.1867 7.8293
v 12.5717 14.2063 7.8293
v 12.5913 14.2355 7.8293
v 12.5987 14.2729 7.8293
v 12.5987 14.7271 7.8293
v 12.5913 14.7645 7.8293
v 12.5717 14.7937 7.8293
v 12.5425 14.8133 7.8293
v 12.5051 14.8207 7.8293
v 12.1509 14.8207 7.8293
v 12.1135 14.8133 7.8293
v 12.0843 14.7937 7.8293
v 12.0647 14.7645 7.8293
v 12.0573 14.7271 7.8293
v 12.0443 14.227 7.8617
v 12.0356 14.2707 7.8617
v 12.0686 14.1906 7.8617
v 12.1051 14.1663 7.8617
v 12.1488 14.1576 7.8617
v 12.5073 14.1576 7.8617
v 12.551 14.1663 7.8617
v 12.5874 14.1906 7.8617
v 12.6117 14.227 7.8617
v 12.6204 14.2707 7.8617
v 12.6204 14.7293 7.8617
v 12.6117 14.773 7.8617
v 12.5874 14.8094 7.8617
v 12.551 14.8337 7.8617
v 12.5073 14.8424 7.8617
v 12.1488 14.8424 7.8617
v 12.1051 14.8337 7.8617
v 12.0686 14.8094 7.8617
v 12.0443 14.773 7.8617
v 12.0356 14.7293 7.8617
v 12.0371 14.2241 7.9
v 12.028 14.27 7.9
v 12.0631 14.1851 7.9
v 12.1021 14.1591 7.9
v 12.148 14.15 7.9
v 12.508 14.15 7.9
v 12.5539 14.1591 7.9
v 12.5929 14.1851 7.9
v 12.6189 14.2241 7.9
v 12.628 14.27 7.9
v 12.628 14.73 7.9
v 12.6189 14.7759 7.9
v 12.5929 14.8149 7.9
v 12.5539 14.8409 7.9
v 12.508 14.85 7.9
v 12.148 14.85 7.9
v 12.1021 14.8409 7.9
v 12.0631 14.8149 7.9
v 12.0371 14.7759 7.9
v 12.028 14.73 7.9
v 12.0371 14.2241 8.1
v 12.028 14.27 8.1
v 12.0631 14.1851 8.1
v 12.1021 14.1591 8.1
v 12.148 14.15 8.1
v 12.508 14.15 8.1
v 12.5539 14.1591 8.1
v 12.5929 14.1851 8.1
v 12.6189 14.2241 8.1
v 12.628 14.27 8.1
v 12.628 14.73 8.1
v 12.6189 14.7759 8.1
v 12.5929 14.8149 8.1
v 12.5539 14.8409 8.1
v 12.508 14.85 8.1
v 12.148 14.85 8.1
v 12.1021 14.8409 8.1
v 12.0631 14.8149 8.1
v 12.0371 14.7759 8.1
v 12.028 14.73 8.1
v 12.0443 14.227 8.1383
v 12.0356 14.2707 8.1383
v 12.0686 14.1906 8.1383
v 12.1051 14.1663 8.1383
v 12.1488 14.1576 8.1383
v 12.5073 14.1576 8.1383
v 12.551 14.1663 8.1383
v 12.5874 14.1906 8.1383
v 12.6117 14.227 8.1383
v 12.6204 14.2707 8.1383
v 12.6204 14.7293 8.1383
v 12.6117 14.773 8.1383
v 12.5874 14.8094 8.1383
v 12.551 14.8337 8.1383
v 12.5073 14.8424 8.1383
v 12.1488 14.8424 8.1383
v 12.1051 14.8337 8.1383
v 12.0686 14.8094 8.1383
v 12.0443 14.773 8.1383
v 12.0356 14.7293 8.1383
v 12.0647 14.2355 8.1707
v 12.0573 14.2729 8.1707
v 12.0843 14.2063 8.1707
v 12.1135 14.1867 8.1707
v 12.1509 14.1793 8.1707
v 12.5051 14.1793 8.1707
v 12.5425 14.1867 8.1707
v 12.5717 14.2063 8.1707
v 12.5913 14.2355 8.1707
v 12.5987 14.2729 8.1707
v 12.5987 14.7271 8.1707
v 12.5913 14.7645 8.1707
v 12.5717 14.7937 8.1707
v 12.5425 14.8133 8.1707
v 12.5051 14.8207 8.1707
v 12.1509 14.8207 8.1707
v 12.1135 14.8133 8.1707
v 12.0843 14.7937 8.1707
v 12.0647 14.7645 8.1707
v 12.0573 14.7271 8.1707
v 12.0953 14.2482 8.1924
v 12.0897 14.2761 8.1924
v 12.1077 14.2297 8.1924
v 12.1262 14.2173 8.1924
v 12.1541 14.2117 8.1924
v 12.5019 14.2117 8.1924
v 12.5298 14.2173 8.1924
v 12.5483 14.2297 8.1924
v 12.5607 14.2482 8.1924
v 12.5663 14.2761 8.1924
v 12.5663 14.7239 8.1924
v 12.5607 14.7518 8.1924
v 12.5483 14.7703 8.1924
v 12.5298 14.7827 8.1924
v 12.5019 14.7883 8.1924
v 12.1541 14.7883 8.1924
v 12.1262 14.7827 8.1924
v 12.1077 14.7703 8.1924
v 12.0953 14.7518 8.1924
v 12.0897 14.7239 8.1924
v 12.1313 14.2631 8.2
v 12.128 14.2798 8.2
v 12.1352 14.2572 8.2
v 12.1411 14.2533 8.2
v 12.1579 14.25 8.2
v 12.4982 14.25 8.2
v 12.5149 14.2533 8.2
v 12.5208 14.2572 8.2
v 12.5247 14.2631 8.2
v 12.528 14.2798 8.2
v 12.528 14.7202 8.2
v 12.5247 14.7369 8.2
v 12.5208 14.7428 8.2
v 12.5149 14.7467 8.2
v 12.4982 14.75 8.2
v 12.1579 14.75 8.2
v 12.1411 14.7467 8.2
v 12.1352 14.7428 8.2
v 12.1313 14.7369 8.2
v 12.128 14.7202 8.2
v 12.328 14.5 7.8
v 12.328 14.5 8.2
v 12.248 14.57 7.85
v 12.458 14.57 7.85
v 12.478 14.55 7.87
v 12.228 14.55 7.87
v 12.458 14.78 7.85
v 12.478 14.8 7.87
v 12.248 14.78 7.85
v 12.228 14.8 7.87
v 12.478 14.55 8.13
v 12.228 14.55 8.13
v 12.478 14.8 8.13
v 12.228 14.8 8.13
v 12.458 14.57 8.15
v 12.248 14.57 8.15
v 12.458 14.78 8.15
v 12.248 14.78 8.15
v 12.353 14.675 7.85
v 12.353 14.675 8.15
v 8.978 7.3848 6.4
v 8.9784 7.3826 6.4
v 8.9244 7.3602 6.4114
v 8.9206 7.3791 6.4114
v 8.9299 7.3519 6.4114
v 8.9713 7.3933 6.4
v 8.9382 7.3464 6.4114
v 8.9606 7.4004 6.4
v 8.9628 7.4 6.4
v 8.9571 7.3426 6.4114
v 11.8932 7.4 6.4
v 11.8989 7.3426 6.4114
v 11.8954 7.4004 6.4
v 11.9178 7.3464 6.4114
v 11.9261 7.3519 6.4114
v 11.8847 7.3933 6.4
v 11.9316 7.3602 6.4114
v 11.8776 7.3826 6.4
v 11.878 7.3848 6.4
v 11.9354 7.3791 6.4114
v 11.878 7.6152 6.4
v 11.9354 7.6209 6.4114
v 11.8776 7.6174 6.4
v 11.9316 7.6398 6.4114
v 11.9261 7.6481 6.4114
v 11.8847 7.6067 6.4
v 11.9178 7.6536 6.4114
v 11.8954 7.5996 6.4
v 11.8932 7.6 6.4
v 11.8989 7.6574 6.4114
v 8.9628 7.6 6.4
v 8.9571 7.6574 6.4114
v 8.9606 7.5996 6.4
v 8.9382 7.6536 6.4114
v 8.9299 7.6481 6.4114
v 8.9713 7.6067 6.4
v 8.9244 7.6398 6.4114
v 8.9784 7.6174 6.4
v 8.978 7.6152 6.4
v 8.9206 7.6209 6.4114
v 8.8785 7.3412 6.4439
v 8.8719 7.3743 6.4439
v 8.8948 7.3168 6.4439
v 8.9192 7.3005 6.4439
v 8.9523 7.2939 6.4439
v 11.9037 7.2939 6.4439
v 11.9368 7.3005 6.4439
v 11.9612 7.3168 6.4439
v 11.9775 7.3412 6.4439
v 11.9841 7.3743 6.4439
v 11.9841 7.6257 6.4439
v 11.9775 7.6588 6.4439
v 11.9612 7.6832 6.4439
v 11.9368 7.6995 6.4439
v 11.9037 7.7061 6.4439
v 8.9523 7.7061 6.4439
v 8.9192 7.6995 6.4439
v 8.8948 7.6832 6.4439
v 8.8785 7.6588 6.4439
v 8.8719 7.6257 6.4439
v 8.8479 7.3285 6.4926
v 8.8394 7.3711 6.4926
v 8.8714 7.2934 6.4926
v 8.9065 7.2699 6.4926
v 8.9491 7.2614 6.4926
v 11.9069 7.2614 6.4926
v 11.9495 7.2699 6.4926
v 11.9846 7.2934 6.4926
v 12.0081 7.3285 6.4926
v 12.0166 7.3711 6.4926
v 12.0166 7.6289 6.4926
v 12.0081 7.6715 6.4926
v 11.9846 7.7066 6.4926
v 11.9495 7.7301 6.4926
v 11.9069 7.7386 6.4926
v 8.9491 7.7386 6.4926
v 8.9065 7.7301 6.4926
v 8.8714 7.7066 6.4926
v 8.8479 7.6715 6.4926
v 8.8394 7.6289 6.4926
v 8.8371 7.3241 6.55
v 8.828 7.37 6.55
v 8.8631 7.2851 6.55
v 8.9021 7.2591 6.55
v 8.948 7.25 6.55
v 11.908 7.25 6.55
v 11.9539 7.2591 6.55
v 11.9929 7.2851 6.55
v 12.0189 7.3241 6.55
v 12.028 7.37 6.55
v 12.028 7.63 6.55
v 12.0189 7.6759 6.55
v 11.9929 7.7149 6.55
v 11.9539 7.7409 6.55
v 11.908 7.75 6.55
v 8.948 7.75 6.55
v 8.9021 7.7409 6.55
v 8.8631 7.7149 6.55
v 8.8371 7.6759 6.55
v 8.828 7.63 6.55
v 8.8371 7.3241 9.45
v 8.828 7.37 9.45
v 8.8631 7.2851 9.45
v 8.9021 7.2591 9.45
v 8.948 7.25 9.45
v 11.908 7.25 9.45
v 11.9539 7.2591 9.45
v 11.9929 7.2851 9.45
v 12.0189 7.3241 9.45
v 12.028 7.37 9.45
v 12.028 7.63 9.45
v 12.0189 7.6759 9.45
v 11.9929 7.7149 9.45
v 11.9539 7.7409 9.45
v 11.908 7.75 9.45
v 8.948 7.75 9.45
v 8.9021 7.7409 9.45
v 8.8631 7.7149 9.45
v 8.8371 7.6759 9.45
v 8.828 7.63 9.45
v 8.8479 7.3285 9.5074
v 8.8394 7.3711 9.5074
v 8.8714 7.2934 9.5074
v 8.9065 7.2699 9.5074
v 8.9491 7.2614 9.5074
v 11.9069 7.2614 9.5074
v 11.9495 7.2699 9.5074
v 11.9846 7.2934 9.5074
v 12.0081 7.3285 9.5074
v 12.0166 7.3711 9.5074
v 12.0166 7.6289 9.5074
v 12.0081 7.6715 9.5074
v 11.9846 7.7066 9.5074
v 11.9495 7.7301 9.5074
v 11.9069 7.7386 9.5074
v 8.9491 7.7386 9.5074
v 8.9065 7.7301 9.5074
v 8.8714 7.7066 9.5074
v 8.8479 7.6715 9.5074
v 8.8394 7.6289 9.5074
v 8.8785 7.3412 9.5561
v 8.8719 7.3743 9.5561
v 8.8948 7.3168 9.5561
v 8.9192 7.3005 9.5561
v 8.9523 7.2939 9.5561
v 11.9037 7.2939 9.5561
v 11.9368 7.3005 9.5561
v 11.9612 7.3168 9.5561
v 11.9775 7.3412 9.5561
v 11.9841 7.3743 9.5561
v 11.9841 7.6257 9.5561
v 11.9775 7.6588 9.5561
v 11.9612 7.6832 9.5561
v 11.9368 7.6995 9.5561
v 11.9037 7.7061 9.5561
v 8.9523 7.7061 9.5561
v 8.9192 7.6995 9.5561
v 8.8948 7.6832 9.5561
v 8.8785 7.6588 9.5561
v 8.8719 7.6257 9.5561
v 8.9244 7.3602 9.5886
v 8.9206 7.3791 9.5886
v 8.9299 7.3519 9.5886
v 8.9382 7.3464 9.5886
v 8.9571 7.3426 9.5886
v 11.8989 7.3426 9.5886
v 11.9178 7.3464 9.5886
v 11.9261 7.3519 9.5886
v 11.9316 7.3602 9.5886
v 11.9354 7.3791 9.5886
v 11.9354 7.6209 9.5886
v 11.9316 7.6398 9.5886
v 11.9261 7.6481 9.5886
v 11.9178 7.6536 9.5886
v 11.8989 7.6574 9.5886
v 8.9571 7.6574 9.5886
v 8.9382 7.6536 9.5886
v 8.9299 7.6481 9.5886
v 8.9244 7.6398 9.5886
v 8.9206 7.6209 9.5886
v 8.9784 7.3826 9.6
v 8.978 7.3848 9.6
v 8.9713 7.3933 9.6
v 8.9606 7.4004 9.6
v 8.9628 7.4 9.6
v 11.8932 7.4 9.6
v 11.8954 7.4004 9.6
v 11.8847 7.3933 9.6
v 11.8776 7.3826 9.6
v 11.878 7.3848 9.6
v 11.878 7.6152 9.6
v 11.8776 7.6174 9.6
v 11.8847 7.6067 9.6
v 11.8954 7.5996 9.6
v 11.8932 7.6 9.6
v 8.9628 7.6 9.6
v 8.9606 7.5996 9.6
v 8.9713 7.6067 9.6
v 8.9784 7.6174 9.6
v 8.978 7.6152 9.6
v 10.428 7.5 6.4
v 10.428 7.5 9.6
v 9.288 7.06 6.6
v 9.568 7.06 6.6
v 9.6104 7.0176 6.6176
v 9.2456 7.0176 6.6176
v 9.568 7.24 6.6
v 9.6104 7.2824 6.6176
v 9.288 7.24 6.6
v 9.2456 7.2824 6.6176
v 9.628 7 6.66
v 9.228 7 6.66
v 9.628 7.3 6.66
v 9.228 7.3 6.66
v 9.628 7 9.34
v 9.228 7 9.34
v 9.628 7.3 9.34
v 9.228 7.3 9.34
v 9.6104 7.0176 9.3824
v 9.2456 7.0176 9.3824
v 9.6104 7.2824 9.3824
v 9.2456 7.2824 9.3824
v 9.568 7.06 9.4
v 9.288 7.06 9.4
v 9.568 7.24 9.4
v 9.288 7.24 9.4
v 9.428 7.15 6.6
v 9.428 7.15 9.4
v 10.288 7.06 6.6
v 10.568 7.06 6.6
v 10.6104 7.0176 6.6176
v 10.2456 7.0176 6.6176
v 10.568 7.24 6.6
v 10.6104 7.2824 6.6176
v 10.288 7.24 6.6
v 10.2456 7.2824 6.6176
v 10.628 7 6.66
v 10.228 7 6.66
v 10.628 7.3 6.66
v 10.228 7.3 6.66
v 10.628 7 9.34
v 10.228 7 9.34
v 10.628 7.3 9.34
v 10.228 7.3 9.34
v 10.6104 7.0176 9.3824
v 10.2456 7.0176 9.3824
v 10.6104 7.2824 9.3824
v 10.2456 7.2824 9.3824
v 10.568 7.06 9.4
v 10.288 7.06 9.4
v 10.568 7.24 9.4
v 10.288 7.24 9.4
v 10.428 7.15 6.6
v 10.428 7.15 9.4
v 11.288 7.06 6.6
v 11.568 7.06 6.6
v 11.6104 7.0176 6.6176
v 11.2456 7.0176 6.6176
v 11.568 7.24 6.6
v 11.6104 7.2824 6.6176
v 11.288 7.24 6.6
v 11.2456 7.2824 6.6176
v 11.628 7 6.66
v 11.228 7 6.66
v 11.628 7.3 6.66
v 11.228 7.3 6.66
v 11.628 7 9.34
v 11.228 7 9.34
v 11.628 7.3 9.34
v 11.228 7.3 9.34
v 11.6104 7.0176 9.3824
v 11.2456 7.0176 9.3824
v 11.6104 7.2824 9.3824
v 11.2456 7.2824 9.3824
v 11.568 7.06 9.4
v 11.288 7.06 9.4
v 11.568 7.24 9.4
v 11.288 7.24 9.4
v 11.428 7.15 6.6
v 11.428 7.15 9.4
v 5.988 9.95 8
v 5.9351 8.5868 8.8229
v 5.984 8.5955 8
v 5.9383 9.95 8.8229
v 5.8071 8.5641 9.3315
v 5.8083 9.95 9.3315
v 5.6489 8.5359 9.3315
v 5.6477 9.95 9.3315
v 5.5209 8.5132 8.8229
v 5.5177 9.95 8.8229
v 5.472 8.5045 8
v 5.468 9.95 8
v 5.5209 8.5132 7.1771
v 5.5177 9.95 7.1771
v 5.6489 8.5359 6.6685
v 5.6477 9.95 6.6685
v 5.8071 8.5641 6.6685
v 5.8083 9.95 6.6685
v 5.9351 8.5868 7.1771
v 5.9383 9.95 7.1771
v 6.2831 7.8421 8.8229
v 6.3197 7.8757 8
v 6.1872 7.7543 9.3315
v 6.0688 7.6457 9.3315
v 5.9729 7.5579 8.8229
v 5.9363 7.5243 8
v 5.9729 7.5579 7.1771
v 6.0688 7.6457 6.6685
v 6.1872 7.7543 6.6685
v 6.2831 7.8421 7.1771
v 6.873 7.5555 8.8229
v 6.8836 7.604 8
v 6.8452 7.4285 9.3315
v 6.8108 7.2715 9.3315
v 6.7831 7.1445 8.8229
v 6.7724 7.096 8
v 6.7831 7.1445 7.1771
v 6.8108 7.2715 6.6685
v 6.8452 7.4285 6.6685
v 6.873 7.5555 7.1771
v 7.6441 7.5429 8.8229
v 7.6243 7.5884 8
v 7.696 7.4237 9.3315
v 7.76 7.2763 9.3315
v 7.8119 7.1571 8.8229
v 7.8317 7.1116 8
v 7.8119 7.1571 7.1771
v 7.76 7.2763 6.6685
v 7.696 7.4237 6.6685
v 7.6441 7.5429 7.1771
v 7.7899 7.9441 8.8229
v 7.7455 7.9663 8
v 7.9061 7.8859 9.3315
v 8.0499 7.8141 9.3315
v 8.1661 7.7559 8.8229
v 8.2106 7.7337 8
v 8.1661 7.7559 7.1771
v 8.0499 7.8141 6.6685
v 7.9061 7.8859 6.6685
v 7.7899 7.9441 7.1771
v 15.028 11.75 7.1
v 15.508 11.7701 7.278
v 15.028 11.7701 7.278
v 15.508 11.75 7.1
v 15.508 11.8292 7.4471
v 15.028 11.8292 7.4471
v 15.508 11.9245 7.5988
v 15.028 11.9245 7.5988
v 15.508 12.0512 7.7255
v 15.028 12.0512 7.7255
v 15.508 12.2029 7.8208
v 15.028 12.2029 7.8208
v 15.508 12.372 7.8799
v 15.028 12.372 7.8799
v 15.508 12.55 7.9
v 15.028 12.55 7.9
v 15.508 12.728 7.8799
v 15.028 12.728 7.8799
v 15.508 12.8971 7.8208
v 15.028 12.8971 7.8208
v 15.508 13.0488 7.7255
v 15.028 13.0488 7.7255
v 15.508 13.1755 7.5988
v 15.028 13.1755 7.5988
v 15.508 13.2708 7.4471
v 15.028 13.2708 7.4471
v 15.508 13.3299 7.278
v 15.028 13.3299 7.278
v 15.508 13.35 7.1
v 15.028 13.35 7.1
v 15.508 13.3299 6.922
v 15.028 13.3299 6.922
v 15.508 13.2708 6.7529
v 15.028 13.2708 6.7529
v 15.508 13.1755 6.6012
v 15.028 13.1755 6.6012
v 15.508 13.0488 6.4745
v 15.028 13.0488 6.4745
v 15.508 12.8971 6.3792
v 15.028 12.8971 6.3792
v 15.508 12.728 6.3201
v 15.028 12.728 6.3201
v 15.508 12.55 6.3
v 15.028 12.55 6.3
v 15.508 12.372 6.3201
v 15.028 12.372 6.3201
v 15.508 12.2029 6.3792
v 15.028 12.2029 6.3792
v 15.508 12.0512 6.4745
v 15.028 12.0512 6.4745
v 15.508 11.9245 6.6012
v 15.028 11.9245 6.6012
v 15.508 11.8292 6.7529
v 15.028 11.8292 6.7529
v 15.508 11.7701 6.922
v 15.028 11.7701 6.922
v 15.508 12.043 7.2157
v 15.508 12.03 7.1
v 15.508 12.0815 7.3256
v 15.508 12.1434 7.4242
v 15.508 12.2258 7.5066
v 15.508 12.3244 7.5685
v 15.508 12.4343 7.607
v 15.508 12.55 7.62
v 15.508 12.6657 7.607
v 15.508 12.7756 7.5685
v 15.508 12.8742 7.5066
v 15.508 12.9566 7.4242
v 15.508 13.0185 7.3256
v 15.508 13.057 7.2157
v 15.508 13.07 7.1
v 15.508 13.057 6.9843
v 15.508 13.0185 6.8744
v 15.508 12.9566 6.7758
v 15.508 12.8742 6.6934
v 15.508 12.7756 6.6315
v 15.508 12.6657 6.593
v 15.508 12.55 6.58
v 15.508 12.4343 6.593
v 15.508 12.3244 6.6315
v 15.508 12.2258 6.6934
v 15.508 12.1434 6.7758
v 15.508 12.0815 6.8744
v 15.508 12.043 6.9843
v 15.028 12.043 7.2157
v 15.028 12.03 7.1
v 15.028 12.0815 7.3256
v 15.028 12.1434 7.4242
v 15.028 12.2258 7.5066
v 15.028 12.3244 7.5685
v 15.028 12.4343 7.607
v 15.028 12.55 7.62
v 15.028 12.6657 7.607
v 15.028 12.7756 7.5685
v 15.028 12.8742 7.5066
v 15.028 12.9566 7.4242
v 15.028 13.0185 7.3256
v 15.028 13.057 7.2157
v 15.028 13.07 7.1
v 15.028 13.057 6.9843
v 15.028 13.0185 6.8744
v 15.028 12.9566 6.7758
v 15.028 12.8742 6.6934
v 15.028 12.7756 6.6315
v 15.028 12.6657 6.593
v 15.028 12.55 6.58
v 15.028 12.4343 6.593
v 15.028 12.3244 6.6315
v 15.028 12.2258 6.6934
v 15.028 12.1434 6.7758
v 15.028 12.0815 6.8744
v 15.028 12.043 6.9843
v 15.278 12.55 7.1
v 15.278 12.03 7.1
v 15.278 12.043 7.2157
v 15.278 12.0815 7.3256
v 15.278 12.1434 7.4242
v 15.278 12.2258 7.5066
v 15.278 12.3244 7.5685
v 15.278 12.4343 7.607
v 15.278 12.55 7.62
v 15.278 12.6657 7.607
v 15.278 12.7756 7.5685
v 15.278 12.8742 7.5066
v 15.278 12.9566 7.4242
v 15.278 13.0185 7.3256
v 15.278 13.057 7.2157
v 15.278 13.07 7.1
v 15.278 13.057 6.9843
v 15.278 13.0185 6.8744
v 15.278 12.9566 6.7758
v 15.278 12.8742 6.6934
v 15.278 12.7756 6.6315
v 15.278 12.6657 6.593
v 15.278 12.55 6.58
v 15.278 12.4343 6.593
v 15.278 12.3244 6.6315
v 15.278 12.2258 6.6934
v 15.278 12.1434 6.7758
v 15.278 12.0815 6.8744
v 15.278 12.043 6.9843
v 15.278 12.35 7.1
v 15.028 12.3598 7.1618
v 15.278 12.3598 7.1618
v 15.028 12.35 7.1
v 15.028 12.3882 7.2176
v 15.278 12.3882 7.2176
v 15.028 12.4324 7.2618
v 15.278 12.4324 7.2618
v 15.028 12.4882 7.2902
v 15.278 12.4882 7.2902
v 15.028 12.55 7.3
v 15.278 12.55 7.3
v 15.028 12.6118 7.2902
v 15.278 12.6118 7.2902
v 15.028 12.6676 7.2618
v 15.278 12.6676 7.2618
v 15.028 12.7118 7.2176
v 15.278 12.7118 7.2176
v 15.028 12.7402 7.1618
v 15.278 12.7402 7.1618
v 15.028 12.75 7.1
v 15.278 12.75 7.1
v 15.028 12.7402 7.0382
v 15.278 12.7402 7.0382
v 15.028 12.7118 6.9824
v 15.278 12.7118 6.9824
v 15.028 12.6676 6.9382
v 15.278 12.6676 6.9382
v 15.028 12.6118 6.9098
v 15.278 12.6118 6.9098
v 15.028 12.55 6.9
v 15.278 12.55 6.9
v 15.028 12.4882 6.9098
v 15.278 12.4882 6.9098
v 15.028 12.4324 6.9382
v 15.278 12.4324 6.9382
v 15.028 12.3882 6.9824
v 15.278 12.3882 6.9824
v 15.028 12.3598 7.0382
v 15.278 12.3598 7.0382
v 15.028 12.55 7.1
v 15.028 11.75 8.9
v 15.508 11.7701 9.078
v 15.028 11.7701 9.078
v 15.508 11.75 8.9
v 15.508 11.8292 9.2471
v 15.028 11.8292 9.2471
v 15.508 11.9245 9.3988
v 15.028 11.9245 9.3988
v 15.508 12.0512 9.5255
v 15.028 12.0512 9.5255
v 15.508 12.2029 9.6208
v 15.028 12.2029 9.6208
v 15.508 12.372 9.6799
v 15.028 12.372 9.6799
v 15.508 12.55 9.7
v 15.028 12.55 9.7
v 15.508 12.728 9.6799
v 15.028 12.728 9.6799
v 15.508 12.8971 9.6208
v 15.028 12.8971 9.6208
v 15.508 13.0488 9.5255
v 15.028 13.0488 9.5255
v 15.508 13.1755 9.3988
v 15.028 13.1755 9.3988
v 15.508 13.2708 9.2471
v 15.028 13.2708 9.2471
v 15.508 13.3299 9.078
v 15.028 13.3299 9.078
v 15.508 13.35 8.9
v 15.028 13.35 8.9
v 15.508 13.3299 8.722
v 15.028 13.3299 8.722
v 15.508 13.2708 8.5529
v 15.028 13.2708 8.5529
v 15.508 13.1755 8.4012
v 15.028 13.1755 8.4012
v 15.508 13.0488 8.2745
v 15.028 13.0488 8.2745
v 15.508 12.8971 8.1792
v 15.028 12.8971 8.1792
v 15.508 12.728 8.1201
v 15.028 12.728 8.1201
v 15.508 12.55 8.1
v 15.028 12.55 8.1
v 15.508 12.372 8.1201
v 15.028 12.372 8.1201
v 15.508 12.2029 8.1792
v 15.028 12.2029 8.1792
v 15.508 12.0512 8.2745
v 15.028 12.0512 8.2745
v 15.508 11.9245 8.4012
v 15.028 11.9245 8.4012
v 15.508 11.8292 8.5529
v 15.028 11.8292 8.5529
v 15.508 11.7701 8.722
v 15.028 11.7701 8.722
v 15.508 12.043 9.0157
v 15.508 12.03 8.9
v 15.508 12.0815 9.1256
v 15.508 12.1434 9.2242
v 15.508 12.2258 9.3066
v 15.508 12.3244 9.3685
v 15.508 12.4343 9.407
v 15.508 12.55 9.42
v 15.508 12.6657 9.407
v 15.508 12.7756 9.3685
v 15.508 12.8742 9.3066
v 15.508 12.9566 9.2242
v 15.508 13.0185 9.1256
v 15.508 13.057 9.0157
v 15.508 13.07 8.9
v 15.508 13.057 8.7843
v 15.508 13.0185 8.6744
v 15.508 12.9566 8.5758
v 15.508 12.8742 8.4934
v 15.508 12.7756 8.4315
v 15.508 12.6657 8.393
v 15.508 12.55 8.38
v 15.508 12.4343 8.393
v 15.508 12.3244 8.4315
v 15.508 12.2258 8.4934
v 15.508 12.1434 8.5758
v 15.508 12.0815 8.6744
v 15.508 12.043 8.7843
v 15.028 12.043 9.0157
v 15.028 12.03 8.9
v 15.028 12.0815 9.1256
v 15.028 12.1434 9.2242
v 15.028 12.2258 9.3066
v 15.028 12.3244 9.3685
v 15.028 12.4343 9.407
v 15.028 12.55 9.42
v 15.028 12.6657 9.407
v 15.028 12.7756 9.3685
v 15.028 12.8742 9.3066
v 15.028 12.9566 9.2242
v 15.028 13.0185 9.1256
v 15.028 13.057 9.0157
v 15.028 13.07 8.9
v 15.028 13.057 8.7843
v 15.028 13.0185 8.6744
v 15.028 12.9566 8.5758
v 15.028 12.8742 8.4934
v 15.028 12.7756 8.4315
v 15.028 12.6657 8.393
v 15.028 12.55 8.38
v 15.028 12.4343 8.393
v 15.028 12.3244 8.4315
v 15.028 12.2258 8.4934
v 15.028 12.1434 8.5758
v 15.028 12.0815 8.6744
v 15.028 12.043 8.7843
v 15.278 12.55 8.9
v 15.278 12.03 8.9
v 15.278 12.043 9.0157
v 15.278 12.0815 9.1256
v 15.278 12.1434 9.2242
v 15.278 12.2258 9.3066
v 15.278 12.3244 9.3685
v 15.278 12.4343 9.407
v 15.278 12.55 9.42
v 15.278 12.6657 9.407
v 15.278 12.7756 9.3685
v 15.278 12.8742 9.3066
v 15.278 12.9566 9.2242
v 15.278 13.0185 9.1256
v 15.278 13.057 9.0157
v 15.278 13.07 8.9
v 15.278 13.057 8.7843
v 15.278 13.0185 8.6744
v 15.278 12.9566 8.5758
v 15.278 12.8742 8.4934
v 15.278 12.7756 8.4315
v 15.278 12.6657 8.393
v 15.278 12.55 8.38
v 15.278 12.4343 8.393
v 15.278 12.3244 8.4315
v 15.278 12.2258 8.4934
v 15.278 12.1434 8.5758
v 15.278 12.0815 8.6744
v 15.278 12.043 8.7843
v 15.278 12.35 8.9
v 15.028 12.3598 8.9618
v 15.278 12.3598 8.9618
v 15.028 12.35 8.9
v 15.028 12.3882 9.0176
v 15.278 12.3882 9.0176
v 15.028 12.4324 9.0618
v 15.278 12.4324 9.0618
v 15.028 12.4882 9.0902
v 15.278 12.4882 9.0902
v 15.028 12.55 9.1
v 15.278 12.55 9.1
v 15.028 12.6118 9.0902
v 15.278 12.6118 9.0902
v 15.028 12.6676 9.0618
v 15.278 12.6676 9.0618
v 15.028 12.7118 9.0176
v 15.278 12.7118 9.0176
v 15.028 12.7402 8.9618
v 15.278 12.7402 8.9618
v 15.028 12.75 8.9
v 15.278 12.75 8.9
v 15.028 12.7402 8.8382
v 15.278 12.7402 8.8382
v 15.028 12.7118 8.7824
v 15.278 12.7118 8.7824
v 15.028 12.6676 8.7382
v 15.278 12.6676 8.7382
v 15.028 12.6118 8.7098
v 15.278 12.6118 8.7098
v 15.028 12.55 8.7
v 15.278 12.55 8.7
v 15.028 12.4882 8.7098
v 15.278 12.4882 8.7098
v 15.028 12.4324 8.7382
v 15.278 12.4324 8.7382
v 15.028 12.3882 8.7824
v 15.278 12.3882 8.7824
v 15.028 12.3598 8.8382
v 15.278 12.3598 8.8382
v 15.028 12.55 8.9
v 15.028 8.55 7.1
v 15.508 8.5701 7.278
v 15.028 8.5701 7.278
v 15.508 8.55 7.1
v 15.508 8.6292 7.4471
v 15.028 8.6292 7.4471
v 15.508 8.7245 7.5988
v 15.028 8.7245 7.5988
v 15.508 8.8512 7.7255
v 15.028 8.8512 7.7255
v 15.508 9.0029 7.8208
v 15.028 9.0029 7.8208
v 15.508 9.172 7.8799
v 15.028 9.172 7.8799
v 15.508 9.35 7.9
v 15.028 9.35 7.9
v 15.508 9.528 7.8799
v 15.028 9.528 7.8799
v 15.508 9.6971 7.8208
v 15.028 9.6971 7.8208
v 15.508 9.8488 7.7255
v 15.028 9.8488 7.7255
v 15.508 9.9755 7.5988
v 15.028 9.9755 7.5988
v 15.508 10.0708 7.4471
v 15.028 10.0708 7.4471
v 15.508 10.1299 7.278
v 15.028 10.1299 7.278
v 15.508 10.15 7.1
v 15.028 10.15 7.1
v 15.508 10.1299 6.922
v 15.028 10.1299 6.922
v 15.508 10.0708 6.7529
v 15.028 10.0708 6.7529
v 15.508 9.9755 6.6012
v 15.028 9.9755 6.6012
v 15.508 9.8488 6.4745
v 15.028 9.8488 6.4745
v 15.508 9.6971 6.3792
v 15.028 9.6971 6.3792
v 15.508 9.528 6.3201
v 15.028 9.528 6.3201
v 15.508 9.35 6.3
v 15.028 9.35 6.3
v 15.508 9.172 6.3201
v 15.028 9.172 6.3201
v 15.508 9.0029 6.3792
v 15.028 9.0029 6.3792
v 15.508 8.8512 6.4745
v 15.028 8.8512 6.4745
v 15.508 8.7245 6.6012
v 15.028 8.7245 6.6012
v 15.508 8.6292 6.7529
v 15.028 8.6292 6.7529
v 15.508 8.5701 6.922
v 15.028 8.5701 6.922
v 15.508 8.843 7.2157
v 15.508 8.83 7.1
v 15.508 8.8815 7.3256
v 15.508 8.9434 7.4242
v 15.508 9.0258 7.5066
v 15.508 9.1244 7.5685
v 15.508 9.2343 7.607
v 15.508 9.35 7.62
v 15.508 9.4657 7.607
v 15.508 9.5756 7.5685
v 15.508 9.6742 7.5066
v 15.508 9.7566 7.4242
v 15.508 9.8185 7.3256
v 15.508 9.857 7.2157
v 15.508 9.87 7.1
v 15.508 9.857 6.9843
v 15.508 9.8185 6.8744
v 15.508 9.7566 6.7758
v 15.508 9.6742 6.6934
v 15.508 9.5756 6.6315
v 15.508 9.4657 6.593
v 15.508 9.35 6.58
v 15.508 9.2343 6.593
v 15.508 9.1244 6.6315
v 15.508 9.0258 6.6934
v 15.508 8.9434 6.7758
v 15.508 8.8815 6.8744
v 15.508 8.843 6.9843
v 15.028 8.843 7.2157
v 15.028 8.83 7.1
v 15.028 8.8815 7.3256
v 15.028 8.9434 7.4242
v 15.028 9.0258 7.5066
v 15.028 9.1244 7.5685
v 15.028 9.2343 7.607
v 15.028 9.35 7.62
v 15.028 9.4657 7.607
v 15.028 9.5756 7.5685
v 15.028 9.6742 7.5066
v 15.028 9.7566 7.4242
v 15.028 9.8185 7.3256
v 15.028 9.857 7.2157
v 15.028 9.87 7.1
v 15.028 9.857 6.9843
v 15.028 9.8185 6.8744
v 15.028 9.7566 6.7758
v 15.028 9.6742 6.6934
v 15.028 9.5756 6.6315
v 15.028 9.4657 6.593
v 15.028 9.35 6.58
v 15.028 9.2343 6.593
v 15.028 9.1244 6.6315
v 15.028 9.0258 6.6934
v 15.028 8.9434 6.7758
v 15.028 8.8815 6.8744
v 15.028 8.843 6.9843
v 15.278 9.35 7.1
v 15.278 8.83 7.1
v 15.278 8.843 7.2157
v 15.278 8.8815 7.3256
v 15.278 8.9434 7.4242
v 15.278 9.0258 7.5066
v 15.278 9.1244 7.5685
v 15.278 9.2343 7.607
v 15.278 9.35 7.62
v 15.278 9.4657 7.607
v 15.278 9.5756 7.5685
v 15.278 9.6742 7.5066
v 15.278 9.7566 7.4242
v 15.278 9.8185 7.3256
v 15.278 9.857 7.2157
v 15.278 9.87 7.1
v 15.278 9.857 6.9843
v 15.278 9.8185 6.8744
v 15.278 9.7566 6.7758
v 15.278 9.6742 6.6934
v 15.278 9.5756 6.6315
v 15.278 9.4657 6.593
v 15.278 9.35 6.58
v 15.278 9.2343 6.593
v 15.278 9.1244 6.6315
v 15.278 9.0258 6.6934
v 15.278 8.9434 6.7758
v 15.278 8.8815 6.8744
v 15.278 8.843 6.9843
v 15.278 9.15 7.1
v 15.028 9.1598 7.1618
v 15.278 9.1598 7.1618
v 15.028 9.15 7.1
v 15.028 9.1882 7.2176
v 15.278 9.1882 7.2176
v 15.028 9.2324 7.2618
v 15.278 9.2324 7.2618
v 15.028 9.2882 7.2902
v 15.278 9.2882 7.2902
v 15.028 9.35 7.3
v 15.278 9.35 7.3
v 15.028 9.4118 7.2902
v 15.278 9.4118 7.2902
v 15.028 9.4676 7.2618
v 15.278 9.4676 7.2618
v 15.028 9.5118 7.2176
v 15.278 9.5118 7.2176
v 15.028 9.5402 7.1618
v 15.278 9.5402 7.1618
v 15.028 9.55 7.1
v 15.278 9.55 7.1
v 15.028 9.5402 7.0382
v 15.278 9.5402 7.0382
v 15.028 9.5118 6.9824
v 15.278 9.5118 6.9824
v 15.028 9.4676 6.9382
v 15.278 9.4676 6.9382
v 15.028 9.4118 6.9098
v 15.278 9.4118 6.9098
v 15.028 9.35 6.9
v 15.278 9.35 6.9
v 15.028 9.2882 6.9098
v 15.278 9.2882 6.9098
v 15.028 9.2324 6.9382
v 15.278 9.2324 6.9382
v 15.028 9.1882 6.9824
v 15.278 9.1882 6.9824
v 15.028 9.1598 7.0382
v 15.278 9.1598 7.0382
v 15.028 9.35 7.1
v 15.028 8.55 8.9
v 15.508 8.5701 9.078
v 15.028 8.5701 9.078
v 15.508 8.55 8.9
v 15.508 8.6292 9.2471
v 15.028 8.6292 9.2471
v 15.508 8.7245 9.3988
v 15.028 8.7245 9.3988
v 15.508 8.8512 9.5255
v 15.028 8.8512 9.5255
v 15.508 9.0029 9.6208
v 15.028 9.0029 9.6208
v 15.508 9.172 9.6799
v 15.028 9.172 9.6799
v 15.508 9.35 9.7
v 15.028 9.35 9.7
v 15.508 9.528 9.6799
v 15.028 9.528 9.6799
v 15.508 9.6971 9.6208
v 15.028 9.6971 9.6208
v 15.508 9.8488 9.5255
v 15.028 9.8488 9.5255
v 15.508 9.9755 9.3988
v 15.028 9.9755 9.3988
v 15.508 10.0708 9.2471
v 15.028 10.0708 9.2471
v 15.508 10.1299 9.078
v 15.028 10.1299 9.078
v 15.508 10.15 8.9
v 15.028 10.15 8.9
v 15.508 10.1299 8.722
v 15.028 10.1299 8.722
v 15.508 10.0708 8.5529
v 15.028 10.0708 8.5529
v 15.508 9.9755 8.4012
v 15.028 9.9755 8.4012
v 15.508 9.8488 8.2745
v 15.028 9.8488 8.2745
v 15.508 9.6971 8.1792
v 15.028 9.6971 8.1792
v 15.508 9.528 8.1201
v 15.028 9.528 8.1201
v 15.508 9.35 8.1
v 15.028 9.35 8.1
v 15.508 9.172 8.1201
v 15.028 9.172 8.1201
v 15.508 9.0029 8.1792
v 15.028 9.0029 8.1792
v 15.508 8.8512 8.2745
v 15.028 8.8512 8.2745
v 15.508 8.7245 8.4012
v 15.028 8.7245 8.4012
v 15.508 8.6292 8.5529
v 15.028 8.6292 8.5529
v 15.508 8.5701 8.722
v 15.028 8.5701 8.722
v 15.508 8.843 9.0157
v 15.508 8.83 8.9
v 15.508 8.8815 9.1256
v 15.508 8.9434 9.2242
v 15.508 9.0258 9.3066
v 15.508 9.1244 9.3685
v 15.508 9.2343 9.407
v 15.508 9.35 9.42
v 15.508 9.4657 9.407
v 15.508 9.5756 9.3685
v 15.508 9.6742 9.3066
v 15.508 9.7566 9.2242
v 15.508 9.8185 9.1256
v 15.508 9.857 9.0157
v 15.508 9.87 8.9
v 15.508 9.857 8.7843
v 15.508 9.8185 8.6744
v 15.508 9.7566 8.5758
v 15.508 9.6742 8.4934
v 15.508 9.5756 8.4315
v 15.508 9.4657 8.393
v 15.508 9.35 8.38
v 15.508 9.2343 8.393
v 15.508 9.1244 8.4315
v 15.508 9.0258 8.4934
v 15.508 8.9434 8.5758
v 15.508 8.8815 8.6744
v 15.508 8.843 8.7843
v 15.028 8.843 9.0157
v 15.028 8.83 8.9
v 15.028 8.8815 9.1256
v 15.028 8.9434 9.2242
v 15.028 9.0258 9.3066
v 15.028 9.1244 9.3685
v 15.028 9.2343 9.407
v 15.028 9.35 9.42
v 15.028 9.4657 9.407
v 15.028 9.5756 9.3685
v 15.028 9.6742 9.3066
v 15.028 9.7566 9.2242
v 15.028 9.8185 9.1256
v 15.028 9.857 9.0157
v 15.028 9.87 8.9
v 15.028 9.857 8.7843
v 15.028 9.8185 8.6744
v 15.028 9.7566 8.5758
v 15.028 9.6742 8.4934
v 15.028 9.5756 8.4315
v 15.028 9.4657 8.393
v 15.028 9.35 8.38
v 15.028 9.2343 8.393
v 15.028 9.1244 8.4315
v 15.028 9.0258 8.4934
v 15.028 8.9434 8.5758
v 15.028 8.8815 8.6744
v 15.028 8.843 8.7843
v 15.278 9.35 8.9
v 15.278 8.83 8.9
v 15.278 8.843 9.0157
v 15.278 8.8815 9.1256
v 15.278 8.9434 9.2242
v 15.278 9.0258 9.3066
v 15.278 9.1244 9.3685
v 15.278 9.2343 9.407
v 15.278 9.35 9.42
v 15.278 9.4657 9.407
v 15.278 9.5756 9.3685
v 15.278 9.6742 9.3066
v 15.278 9.7566 9.2242
v 15.278 9.8185 9.1256
v 15.278 9.857 9.0157
v 15.278 9.87 8.9
v 15.278 9.857 8.7843
v 15.278 9.8185 8.6744
v 15.278 9.7566 8.5758
v 15.278 9.6742 8.4934
v 15.278 9.5756 8.4315
v 15.278 9.4657 8.393
v 15.278 9.35 8.38
v 15.278 9.2343 8.393
v 15.278 9.1244 8.4315
v 15.278 9.0258 8.4934
v 15.278 8.9434 8.5758
v 15.278 8.8815 8.6744
v 15.278 8.843 8.7843
v 15.278 9.15 8.9
v 15.028 9.1598 8.9618
v 15.278 9.1598 8.9618
v 15.028 9.15 8.9
v 15.028 9.1882 9.0176
v 15.278 9.1882 9.0176
v 15.028 9.2324 9.0618
v 15.278 9.2324 9.0618
v 15.028 9.2882 9.0902
v 15.278 9.2882 9.0902
v 15.028 9.35 9.1
v 15.278 9.35 9.1
v 15.028 9.4118 9.0902
v 15.278 9.4118 9.0902
v 15.028 9.4676 9.0618
v 15.278 9.4676 9.0618
v 15.028 9.5118 9.0176
v 15.278 9.5118 9.0176
v 15.028 9.5402 8.9618
v 15.278 9.5402 8.9618
v 15.028 9.55 8.9
v 15.278 9.55 8.9
v 15.028 9.5402 8.8382
v 15.278 9.5402 8.8382
v 15.028 9.5118 8.7824
v 15.278 9.5118 8.7824
v 15.028 9.4676 8.7382
v 15.278 9.4676 8.7382
v 15.028 9.4118 8.7098
v 15.278 9.4118 8.7098
v 15.028 9.35 8.7
v 15.278 9.35 8.7
v 15.028 9.2882 8.7098
v 15.278 9.2882 8.7098
v 15.028 9.2324 8.7382
v 15.278 9.2324 8.7382
v 15.028 9.1882 8.7824
v 15.278 9.1882 8.7824
v 15.028 9.1598 8.8382
v 15.278 9.1598 8.8382
v 15.028 9.35 8.9
vt 0.92451 0.21264
vt 0.92459 0.21037
vt 0.93095 0.20822
vt 0.93073 0.21495
vt 0.93011 0.20427
vt 0.92492 0.21193
vt 0.92848 0.2015
vt 0.92557 0.21303
vt 0.92446 0.2125
vt 0.9252 0.19994
vt 0.82247 0.2125
vt 0.82197 0.19994
vt 0.82165 0.21276
vt 0.81967 0.20068
vt 0.81832 0.20207
vt 0.8221 0.2123
vt 0.81726 0.20422
vt 0.82245 0.21159
vt 0.82208 0.21307
vt 0.81623 0.2084
vt 0.79846 0.36549
vt 0.79224 0.36318
vt 0.79838 0.36775
vt 0.79202 0.3699
vt 0.79285 0.37385
vt 0.79805 0.36619
vt 0.79449 0.37662
vt 0.7974 0.3651
vt 0.79851 0.36562
vt 0.79777 0.37818
vt 0.9005 0.36562
vt 0.901 0.37818
vt 0.90132 0.36536
vt 0.9033 0.37745
vt 0.90464 0.37606
vt 0.90087 0.36582
vt 0.9057 0.3739
vt 0.90052 0.36653
vt 0.90089 0.36506
vt 0.90674 0.36973
vt 0.93635 0.2064
vt 0.936 0.2169
vt 0.93452 0.19778
vt 0.93094 0.19174
vt 0.92583 0.1893
vt 0.82154 0.1893
vt 0.81798 0.19044
vt 0.81513 0.19339
vt 0.81287 0.19797
vt 0.81127 0.20444
vt 0.78697 0.36122
vt 0.78662 0.37172
vt 0.78845 0.38034
vt 0.79202 0.38639
vt 0.79714 0.38883
vt 0.90143 0.38883
vt 0.90498 0.38769
vt 0.90784 0.38474
vt 0.9101 0.38015
vt 0.9117 0.37369
vt 0.93995 0.20519
vt 0.00391 0.02344
vt 0.93746 0.19344
vt 0.93259 0.18521
vt 0.92624 0.18219
vt 0.82126 0.18219
vt 0.81686 0.18359
vt 0.81299 0.18759
vt 0.80994 0.1938
vt 0.80796 0.20179
vt 0.78345 0.35991
vt 0.78302 0.37294
vt 0.78551 0.38468
vt 0.79038 0.39291
vt 0.79673 0.39594
vt 0.90171 0.39594
vt 0.90611 0.39453
vt 0.90998 0.39054
vt 0.91303 0.38432
vt 0.91501 0.37634
vt 0.93952 0.21821
vt 0.04173 0.21821
vt 0.0449 0.2064
vt 0.04525 0.2169
vt 0.0413 0.20519
vt 0.04673 0.19778
vt 0.04379 0.19344
vt 0.05031 0.19174
vt 0.04866 0.18521
vt 0.05542 0.1893
vt 0.05501 0.18219
vt 0.15971 0.1893
vt 0.15999 0.18219
vt 0.16327 0.19044
vt 0.16439 0.18359
vt 0.16612 0.19339
vt 0.16826 0.18759
vt 0.16838 0.19797
vt 0.17131 0.1938
vt 0.16998 0.20444
vt 0.17329 0.20179
vt 0.19428 0.36122
vt 0.1978 0.35991
vt 0.19463 0.37172
vt 0.19823 0.37294
vt 0.1928 0.38034
vt 0.19574 0.38468
vt 0.18923 0.38639
vt 0.19087 0.39291
vt 0.18411 0.38883
vt 0.18452 0.39594
vt 0.07982 0.38883
vt 0.07954 0.39594
vt 0.07627 0.38769
vt 0.07514 0.39453
vt 0.07341 0.38474
vt 0.07127 0.39054
vt 0.07115 0.38015
vt 0.06822 0.38432
vt 0.06955 0.37369
vt 0.06624 0.37634
vt 0.0503 0.20822
vt 0.05052 0.21495
vt 0.05114 0.20427
vt 0.05277 0.2015
vt 0.05605 0.19994
vt 0.15928 0.19994
vt 0.16158 0.20068
vt 0.16293 0.20207
vt 0.16399 0.20422
vt 0.16502 0.2084
vt 0.18901 0.36318
vt 0.18923 0.3699
vt 0.1884 0.37385
vt 0.18676 0.37662
vt 0.18348 0.37818
vt 0.08025 0.37818
vt 0.07795 0.37745
vt 0.07661 0.37606
vt 0.07555 0.3739
vt 0.07451 0.36973
vt 0.05666 0.21037
vt 0.05674 0.21264
vt 0.05633 0.21193
vt 0.05568 0.21303
vt 0.05679 0.2125
vt 0.15878 0.2125
vt 0.1596 0.21276
vt 0.15915 0.2123
vt 0.1588 0.21159
vt 0.15917 0.21307
vt 0.18279 0.36549
vt 0.18287 0.36775
vt 0.1832 0.36619
vt 0.18385 0.3651
vt 0.18274 0.36562
vt 0.08075 0.36562
vt 0.07993 0.36536
vt 0.08038 0.36582
vt 0.08073 0.36653
vt 0.08036 0.36506
vt 0.86148 0.28906
vt 0.11977 0.28906
vt 0.85838 0.41489
vt 0.86677 0.41491
vt 0.85829 0.41777
vt 0.86667 0.41798
vt 0.86681 0.41509
vt 0.85988 0.4253
vt 0.86689 0.41522
vt 0.863 0.43058
vt 0.86539 0.41451
vt 0.86441 0.43125
vt 0.82353 0.43125
vt 0.82286 0.41451
vt 0.82179 0.41485
vt 0.82443 0.43096
vt 0.82682 0.4285
vt 0.8287 0.42468
vt 0.82131 0.41679
vt 0.8291 0.42303
vt 0.77599 0.7648
vt 0.76771 0.76171
vt 0.7676 0.76477
vt 0.77609 0.76192
vt 0.76756 0.76459
vt 0.77449 0.75439
vt 0.76749 0.76447
vt 0.77137 0.74911
vt 0.76898 0.76518
vt 0.76997 0.74844
vt 0.81085 0.74844
vt 0.81151 0.76518
vt 0.81259 0.76484
vt 0.80994 0.74873
vt 0.80756 0.75118
vt 0.80568 0.75501
vt 0.81307 0.76289
vt 0.80527 0.75665
vt 0.87397 0.41249
vt 0.87369 0.42059
vt 0.87269 0.40644
vt 0.87018 0.4022
vt 0.86623 0.40031
vt 0.8223 0.40031
vt 0.81954 0.40119
vt 0.81753 0.40328
vt 0.81593 0.40651
vt 0.8147 0.4115
vt 0.76068 0.75909
vt 0.76041 0.76719
vt 0.76169 0.77325
vt 0.7642 0.77749
vt 0.76815 0.77937
vt 0.81208 0.77937
vt 0.81483 0.77849
vt 0.81685 0.77641
vt 0.81844 0.77318
vt 0.81968 0.76818
vt 0.87877 0.41087
vt 0.01172 0.02344
vt 0.87661 0.40066
vt 0.87238 0.3935
vt 0.86678 0.39083
vt 0.82192 0.39083
vt 0.81805 0.39207
vt 0.81468 0.39554
vt 0.81202 0.40094
vt 0.81028 0.40797
vt 0.75599 0.75734
vt 0.7556 0.76881
vt 0.75776 0.77903
vt 0.762 0.78619
vt 0.76759 0.78886
vt 0.81246 0.78886
vt 0.81633 0.78762
vt 0.8197 0.78415
vt 0.82235 0.77875
vt 0.82409 0.77172
vt 0.87839 0.42234
vt 0.10286 0.42234
vt 0.10728 0.41249
vt 0.10756 0.42059
vt 0.10248 0.41087
vt 0.10856 0.40644
vt 0.10464 0.40066
vt 0.11107 0.4022
vt 0.10887 0.3935
vt 0.11502 0.40031
vt 0.11447 0.39083
vt 0.15895 0.40031
vt 0.15933 0.39083
vt 0.16171 0.40119
vt 0.1632 0.39207
vt 0.16372 0.40328
vt 0.16657 0.39554
vt 0.16532 0.40651
vt 0.16923 0.40094
vt 0.16655 0.4115
vt 0.17097 0.40797
vt 0.22057 0.75909
vt 0.22526 0.75734
vt 0.22084 0.76719
vt 0.22565 0.76881
vt 0.21956 0.77325
vt 0.22349 0.77903
vt 0.21705 0.77749
vt 0.21925 0.78619
vt 0.2131 0.77937
vt 0.21366 0.78886
vt 0.16917 0.77937
vt 0.16879 0.78886
vt 0.16642 0.77849
vt 0.16492 0.78762
vt 0.1644 0.77641
vt 0.16155 0.78415
vt 0.16281 0.77318
vt 0.1589 0.77875
vt 0.16157 0.76818
vt 0.15716 0.77172
vt 0.11448 0.41491
vt 0.11458 0.41798
vt 0.11444 0.41509
vt 0.11436 0.41522
vt 0.11586 0.41451
vt 0.15839 0.41451
vt 0.15946 0.41485
vt 0.15994 0.41679
vt 0.21354 0.76171
vt 0.21365 0.76477
vt 0.21369 0.76459
vt 0.21376 0.76447
vt 0.21227 0.76518
vt 0.16974 0.76518
vt 0.16866 0.76484
vt 0.16818 0.76289
vt 0.12296 0.41777
vt 0.12287 0.41489
vt 0.12137 0.4253
vt 0.11825 0.43058
vt 0.11684 0.43125
vt 0.15772 0.43125
vt 0.15682 0.43096
vt 0.15443 0.4285
vt 0.15255 0.42468
vt 0.15215 0.42303
vt 0.20526 0.7648
vt 0.20516 0.76192
vt 0.20676 0.75439
vt 0.20988 0.74911
vt 0.21128 0.74844
vt 0.1704 0.74844
vt 0.17131 0.74873
vt 0.17369 0.75118
vt 0.17557 0.75501
vt 0.17598 0.75665
vt 0.81719 0.58984
vt 0.16406 0.58984
vt 0.8788 0.78566
vt 0.88375 0.77959
vt 0.87886 0.78595
vt 0.88427 0.78194
vt 0.88341 0.77885
vt 0.87982 0.78805
vt 0.88297 0.77837
vt 0.88107 0.7894
vt 0.8817 0.77794
vt 0.88123 0.78945
vt 0.74484 0.78945
vt 0.74427 0.77794
vt 0.7428 0.77853
vt 0.74504 0.78937
vt 0.74232 0.77917
vt 0.74647 0.78747
vt 0.742 0.78012
vt 0.74742 0.78461
vt 0.74171 0.78308
vt 0.74746 0.78421
vt 0.74746 0.92048
vt 0.74171 0.92161
vt 0.742 0.92456
vt 0.74742 0.92007
vt 0.74232 0.92552
vt 0.74647 0.91722
vt 0.7428 0.92616
vt 0.74504 0.91531
vt 0.74427 0.92674
vt 0.74484 0.91523
vt 0.86553 0.91523
vt 0.86587 0.92674
vt 0.86677 0.92653
vt 0.86544 0.91526
vt 0.86712 0.92628
vt 0.86453 0.91592
vt 0.86743 0.92588
vt 0.86371 0.91698
vt 0.86805 0.92456
vt 0.86365 0.91712
vt 0.8819 0.86844
vt 0.88665 0.87498
vt 0.88698 0.8739
vt 0.88187 0.86854
vt 0.88709 0.87342
vt 0.88161 0.86977
vt 0.88715 0.87292
vt 0.88145 0.87107
vt 0.8872 0.87165
vt 0.88145 0.87119
vt 0.88145 0.80628
vt 0.8872 0.8061
vt 0.88719 0.80562
vt 0.88145 0.80632
vt 0.88718 0.80541
vt 0.88147 0.80682
vt 0.88717 0.80522
vt 0.88151 0.80732
vt 0.88712 0.80474
vt 0.88151 0.80736
vt 0.8879 0.7742
vt 0.8889 0.77879
vt 0.88646 0.77105
vt 0.88458 0.76901
vt 0.88211 0.76818
vt 0.74379 0.76818
vt 0.74089 0.76934
vt 0.7388 0.77213
vt 0.7374 0.77632
vt 0.73683 0.78212
vt 0.73683 0.92257
vt 0.7374 0.92837
vt 0.7388 0.93255
vt 0.74089 0.93535
vt 0.74379 0.9365
vt 0.86615 0.9365
vt 0.8679 0.9361
vt 0.86931 0.93507
vt 0.87057 0.93342
vt 0.87179 0.93087
vt 0.89067 0.88052
vt 0.89132 0.87845
vt 0.89173 0.87652
vt 0.89198 0.87448
vt 0.89208 0.87204
vt 0.89208 0.80595
vt 0.89207 0.80502
vt 0.89203 0.80422
vt 0.89197 0.80343
vt 0.89187 0.80252
vt 0.89067 0.77059
vt 0.01953 0.02344
vt 0.88849 0.76584
vt 0.88566 0.76276
vt 0.88238 0.76166
vt 0.74347 0.76166
vt 0.73962 0.7632
vt 0.73645 0.76743
vt 0.73433 0.77377
vt 0.73357 0.78148
vt 0.73357 0.92321
vt 0.73433 0.93092
vt 0.73645 0.93725
vt 0.73962 0.94149
vt 0.74347 0.94302
vt 0.86634 0.94302
vt 0.86865 0.94248
vt 0.87078 0.94094
vt 0.87268 0.93846
vt 0.87428 0.93508
vt 0.89335 0.88422
vt 0.89422 0.88148
vt 0.89483 0.87859
vt 0.89521 0.87553
vt 0.89534 0.8723
vt 0.89534 0.80585
vt 0.89532 0.80462
vt 0.89527 0.80343
vt 0.89517 0.80224
vt 0.89504 0.80103
vt 0.892 0.77668
vt 0.08925 0.77668
vt 0.09335 0.7742
vt 0.09235 0.77879
vt 0.09058 0.77059
vt 0.09479 0.77105
vt 0.09276 0.76584
vt 0.09667 0.76901
vt 0.09559 0.76276
vt 0.09914 0.76818
vt 0.09887 0.76166
vt 0.23746 0.76818
vt 0.23778 0.76166
vt 0.24036 0.76934
vt 0.24163 0.7632
vt 0.24245 0.77213
vt 0.2448 0.76743
vt 0.24385 0.77632
vt 0.24692 0.77377
vt 0.24442 0.78212
vt 0.24768 0.78148
vt 0.24442 0.92257
vt 0.24768 0.92321
vt 0.24385 0.92837
vt 0.24692 0.93092
vt 0.24245 0.93255
vt 0.2448 0.93725
vt 0.24036 0.93535
vt 0.24163 0.94149
vt 0.23746 0.9365
vt 0.23778 0.94302
vt 0.1151 0.9365
vt 0.11491 0.94302
vt 0.11335 0.9361
vt 0.1126 0.94248
vt 0.11194 0.93507
vt 0.11047 0.94094
vt 0.11068 0.93342
vt 0.10857 0.93846
vt 0.10946 0.93087
vt 0.10697 0.93508
vt 0.09058 0.88052
vt 0.0879 0.88422
vt 0.08993 0.87845
vt 0.08703 0.88148
vt 0.08952 0.87652
vt 0.08642 0.87859
vt 0.08927 0.87448
vt 0.08604 0.87553
vt 0.08917 0.87204
vt 0.08591 0.8723
vt 0.08917 0.80595
vt 0.08591 0.80585
vt 0.08918 0.80502
vt 0.08593 0.80462
vt 0.08922 0.80422
vt 0.08598 0.80343
vt 0.08928 0.80343
vt 0.08608 0.80224
vt 0.08938 0.80252
vt 0.08621 0.80103
vt 0.0975 0.77959
vt 0.09698 0.78194
vt 0.09784 0.77885
vt 0.09828 0.77837
vt 0.09955 0.77794
vt 0.23698 0.77794
vt 0.23845 0.77853
vt 0.23893 0.77917
vt 0.23925 0.78012
vt 0.23954 0.78308
vt 0.23954 0.92161
vt 0.23925 0.92456
vt 0.23893 0.92552
vt 0.23845 0.92616
vt 0.23698 0.92674
vt 0.11538 0.92674
vt 0.11448 0.92653
vt 0.11413 0.92628
vt 0.11382 0.92588
vt 0.1132 0.92456
vt 0.0946 0.87498
vt 0.09427 0.8739
vt 0.09416 0.87342
vt 0.0941 0.87292
vt 0.09405 0.87165
vt 0.09405 0.8061
vt 0.09406 0.80562
vt 0.09407 0.80541
vt 0.09408 0.80522
vt 0.09413 0.80474
vt 0.10239 0.78595
vt 0.10245 0.78566
vt 0.10143 0.78805
vt 0.10018 0.7894
vt 0.10002 0.78945
vt 0.23641 0.78945
vt 0.23621 0.78937
vt 0.23478 0.78747
vt 0.23383 0.78461
vt 0.23379 0.78421
vt 0.23379 0.92048
vt 0.23383 0.92007
vt 0.23478 0.91722
vt 0.23621 0.91531
vt 0.23641 0.91523
vt 0.11572 0.91523
vt 0.11581 0.91526
vt 0.11672 0.91592
vt 0.11754 0.91698
vt 0.1176 0.91712
vt 0.09935 0.86844
vt 0.09938 0.86854
vt 0.09964 0.86977
vt 0.0998 0.87107
vt 0.0998 0.87119
vt 0.0998 0.80628
vt 0.0998 0.80632
vt 0.09978 0.80682
vt 0.09974 0.80732
vt 0.09974 0.80736
vt 0.83336 0.84752
vt 0.14789 0.84752
vt 0.76183 0.58006
vt 0.76492 0.57873
vt 0.76187 0.58072
vt 0.76499 0.58005
vt 0.76486 0.57852
vt 0.76247 0.58281
vt 0.76476 0.57837
vt 0.76345 0.58424
vt 0.76411 0.5781
vt 0.76378 0.58437
vt 0.75451 0.58437
vt 0.75423 0.5781
vt 0.75365 0.57831
vt 0.75479 0.58427
vt 0.75355 0.57843
vt 0.75569 0.58318
vt 0.75348 0.57862
vt 0.75632 0.58151
vt 0.75331 0.57975
vt 0.7564 0.58097
vt 0.7495 0.71447
vt 0.74634 0.71448
vt 0.74641 0.71581
vt 0.74946 0.71382
vt 0.74647 0.71602
vt 0.74886 0.71172
vt 0.74657 0.71616
vt 0.74787 0.71029
vt 0.74722 0.71643
vt 0.74755 0.71016
vt 0.75681 0.71016
vt 0.7571 0.71643
vt 0.75768 0.71622
vt 0.75654 0.71026
vt 0.75778 0.7161
vt 0.75564 0.71136
vt 0.75785 0.71591
vt 0.75501 0.71302
vt 0.75802 0.71478
vt 0.75493 0.71356
vt 0.7675 0.57704
vt 0.76766 0.58004
vt 0.76688 0.57487
vt 0.76586 0.5734
vt 0.76439 0.57277
vt 0.75398 0.57277
vt 0.75268 0.57326
vt 0.75173 0.57441
vt 0.75106 0.57617
vt 0.75069 0.57871
vt 0.74366 0.71449
vt 0.74382 0.71749
vt 0.74445 0.71966
vt 0.74546 0.72113
vt 0.74694 0.72176
vt 0.75735 0.72176
vt 0.75865 0.72127
vt 0.75959 0.72012
vt 0.76026 0.71837
vt 0.76064 0.71582
vt 0.76923 0.57591
vt 0.02734 0.02344
vt 0.76823 0.57244
vt 0.7666 0.57008
vt 0.76457 0.56922
vt 0.75382 0.56922
vt 0.75203 0.56988
vt 0.75052 0.57173
vt 0.74945 0.57453
vt 0.74894 0.57802
vt 0.74188 0.7145
vt 0.7421 0.71862
vt 0.7431 0.7221
vt 0.74473 0.72445
vt 0.74675 0.72531
vt 0.75751 0.72531
vt 0.7593 0.72465
vt 0.76081 0.7228
vt 0.76188 0.72
vt 0.76239 0.71651
vt 0.76945 0.58003
vt 0.2118 0.58003
vt 0.21375 0.57704
vt 0.21359 0.58004
vt 0.21202 0.57591
vt 0.21437 0.57487
vt 0.21302 0.57244
vt 0.21539 0.5734
vt 0.21465 0.57008
vt 0.21686 0.57277
vt 0.21668 0.56922
vt 0.22727 0.57277
vt 0.22743 0.56922
vt 0.22857 0.57326
vt 0.22922 0.56988
vt 0.22952 0.57441
vt 0.23073 0.57173
vt 0.23019 0.57617
vt 0.2318 0.57453
vt 0.23056 0.57871
vt 0.23231 0.57802
vt 0.23759 0.71449
vt 0.23937 0.7145
vt 0.23743 0.71749
vt 0.23915 0.71862
vt 0.2368 0.71966
vt 0.23815 0.7221
vt 0.23579 0.72113
vt 0.23652 0.72445
vt 0.23431 0.72176
vt 0.2345 0.72531
vt 0.2239 0.72176
vt 0.22374 0.72531
vt 0.2226 0.72127
vt 0.22195 0.72465
vt 0.22166 0.72012
vt 0.22044 0.7228
vt 0.22099 0.71837
vt 0.21937 0.72
vt 0.22061 0.71582
vt 0.21886 0.71651
vt 0.21633 0.57873
vt 0.21626 0.58005
vt 0.21639 0.57852
vt 0.21649 0.57837
vt 0.21714 0.5781
vt 0.22702 0.5781
vt 0.2276 0.57831
vt 0.2277 0.57843
vt 0.22777 0.57862
vt 0.22794 0.57975
vt 0.23491 0.71448
vt 0.23484 0.71581
vt 0.23478 0.71602
vt 0.23468 0.71616
vt 0.23403 0.71643
vt 0.22415 0.71643
vt 0.22357 0.71622
vt 0.22347 0.7161
vt 0.2234 0.71591
vt 0.22323 0.71478
vt 0.21938 0.58072
vt 0.21942 0.58006
vt 0.21878 0.58281
vt 0.2178 0.58424
vt 0.21747 0.58437
vt 0.22674 0.58437
vt 0.22646 0.58427
vt 0.22556 0.58318
vt 0.22493 0.58151
vt 0.22485 0.58097
vt 0.23175 0.71447
vt 0.23179 0.71382
vt 0.23239 0.71172
vt 0.23338 0.71029
vt 0.2337 0.71016
vt 0.22444 0.71016
vt 0.22471 0.71026
vt 0.22561 0.71136
vt 0.22624 0.71302
vt 0.22632 0.71356
vt 0.75566 0.64727
vt 0.22559 0.64727
vt 0.72148 0.64097
vt 0.72135 0.63763
vt 0.7286 0.63523
vt 0.72881 0.64037
vt 0.72113 0.63592
vt 0.72809 0.63118
vt 0.72078 0.63429
vt 0.72726 0.62735
vt 0.71987 0.63148
vt 0.72586 0.62303
vt 0.70617 0.59585
vt 0.71172 0.58625
vt 0.70455 0.59252
vt 0.70922 0.58111
vt 0.70352 0.59119
vt 0.70678 0.57797
vt 0.70238 0.59037
vt 0.70405 0.57601
vt 0.70007 0.58984
vt 0.70049 0.57519
vt 0.62691 0.58984
vt 0.62652 0.57519
vt 0.62477 0.5903
vt 0.62323 0.57589
vt 0.6237 0.591
vt 0.62068 0.57756
vt 0.62272 0.59214
vt 0.61836 0.58026
vt 0.62114 0.59503
vt 0.61592 0.58471
vt 0.61407 0.61093
vt 0.60837 0.60169
vt 0.61297 0.61391
vt 0.60668 0.60628
vt 0.61254 0.61566
vt 0.60567 0.61044
vt 0.61228 0.61755
vt 0.60504 0.61489
vt 0.61211 0.62123
vt 0.60478 0.62057
vt 0.61211 0.85951
vt 0.60478 0.86095
vt 0.61287 0.86718
vt 0.60597 0.8729
vt 0.61398 0.87048
vt 0.6087 0.88105
vt 0.61563 0.87269
vt 0.61277 0.88649
vt 0.61946 0.87422
vt 0.61874 0.88887
vt 0.71413 0.87422
vt 0.71485 0.88887
vt 0.71796 0.87269
vt 0.72082 0.88649
vt 0.71962 0.87048
vt 0.7249 0.88105
vt 0.72072 0.86718
vt 0.72762 0.8729
vt 0.72148 0.85951
vt 0.72881 0.86095
vt 0.73475 0.6332
vt 0.73502 0.63986
vt 0.73399 0.62717
vt 0.73275 0.62147
vt 0.73094 0.61586
vt 0.71642 0.57812
vt 0.71318 0.57144
vt 0.70954 0.56675
vt 0.70546 0.56384
vt 0.70084 0.56277
vt 0.62619 0.56277
vt 0.62192 0.56368
vt 0.61812 0.56617
vt 0.61467 0.57019
vt 0.6115 0.57597
vt 0.60354 0.59386
vt 0.60135 0.59982
vt 0.59984 0.606
vt 0.59891 0.61264
vt 0.59857 0.62
vt 0.59857 0.86218
vt 0.60012 0.87774
vt 0.60422 0.89
vt 0.61035 0.89819
vt 0.61813 0.90129
vt 0.71546 0.90129
vt 0.72325 0.89819
vt 0.72938 0.89
vt 0.73347 0.87774
vt 0.73502 0.86218
vt 0.73885 0.63184
vt 0.73793 0.62449
vt 0.73642 0.61754
vt 0.73433 0.61107
vt 0.71957 0.57268
vt 0.71583 0.56498
vt 0.71139 0.55926
vt 0.70641 0.5557
vt 0.70108 0.55448
vt 0.62597 0.55448
vt 0.62105 0.55552
vt 0.61641 0.55856
vt 0.6122 0.56346
vt 0.60854 0.57013
vt 0.60032 0.58863
vt 0.59778 0.5955
vt 0.59594 0.60304
vt 0.59481 0.61113
vt 0.59443 0.61963
vt 0.59443 0.86299
vt 0.59621 0.88098
vt 0.60123 0.89598
vt 0.60873 0.90601
vt 0.61772 0.90959
vt 0.71587 0.90959
vt 0.72486 0.90601
vt 0.73237 0.89598
vt 0.73738 0.88098
vt 0.73917 0.86299
vt 0.73917 0.63952
vt 0.24208 0.63952
vt 0.2465 0.6332
vt 0.24623 0.63986
vt 0.2424 0.63184
vt 0.24726 0.62717
vt 0.24332 0.62449
vt 0.2485 0.62147
vt 0.24483 0.61754
vt 0.25031 0.61586
vt 0.24692 0.61107
vt 0.26483 0.57812
vt 0.26168 0.57268
vt 0.26807 0.57144
vt 0.26542 0.56498
vt 0.27171 0.56675
vt 0.26986 0.55926
vt 0.27579 0.56384
vt 0.27484 0.5557
vt 0.28041 0.56277
vt 0.28017 0.55448
vt 0.35506 0.56277
vt 0.35528 0.55448
vt 0.35933 0.56368
vt 0.3602 0.55552
vt 0.36313 0.56617
vt 0.36484 0.55856
vt 0.36658 0.57019
vt 0.36905 0.56346
vt 0.36975 0.57597
vt 0.37271 0.57013
vt 0.37771 0.59386
vt 0.38093 0.58863
vt 0.3799 0.59982
vt 0.38347 0.5955
vt 0.38141 0.606
vt 0.38531 0.60304
vt 0.38234 0.61264
vt 0.38644 0.61113
vt 0.38268 0.62
vt 0.38682 0.61963
vt 0.38268 0.86218
vt 0.38682 0.86299
vt 0.38113 0.87774
vt 0.38504 0.88098
vt 0.37703 0.89
vt 0.38002 0.89598
vt 0.3709 0.89819
vt 0.37252 0.90601
vt 0.36312 0.90129
vt 0.36353 0.90959
vt 0.26579 0.90129
vt 0.26538 0.90959
vt 0.258 0.89819
vt 0.25639 0.90601
vt 0.25187 0.89
vt 0.24888 0.89598
vt 0.24778 0.87774
vt 0.24387 0.88098
vt 0.24623 0.86218
vt 0.24208 0.86299
vt 0.25265 0.63523
vt 0.25244 0.64037
vt 0.25316 0.63118
vt 0.25399 0.62735
vt 0.25539 0.62303
vt 0.26953 0.58625
vt 0.27203 0.58111
vt 0.27447 0.57797
vt 0.2772 0.57601
vt 0.28076 0.57519
vt 0.35473 0.57519
vt 0.35802 0.57589
vt 0.36057 0.57756
vt 0.36289 0.58026
vt 0.36533 0.58471
vt 0.37288 0.60169
vt 0.37457 0.60628
vt 0.37558 0.61044
vt 0.37621 0.61489
vt 0.37647 0.62057
vt 0.37647 0.86095
vt 0.37528 0.8729
vt 0.37255 0.88105
vt 0.36848 0.88649
vt 0.36251 0.88887
vt 0.2664 0.88887
vt 0.26043 0.88649
vt 0.25635 0.88105
vt 0.25363 0.8729
vt 0.25244 0.86095
vt 0.2599 0.63763
vt 0.25977 0.64097
vt 0.26012 0.63592
vt 0.26047 0.63429
vt 0.26138 0.63148
vt 0.27508 0.59585
vt 0.2767 0.59252
vt 0.27773 0.59119
vt 0.27887 0.59037
vt 0.28118 0.58984
vt 0.35434 0.58984
vt 0.35648 0.5903
vt 0.35755 0.591
vt 0.35853 0.59214
vt 0.36011 0.59503
vt 0.36718 0.61093
vt 0.36828 0.61391
vt 0.36871 0.61566
vt 0.36897 0.61755
vt 0.36914 0.62123
vt 0.36914 0.85951
vt 0.36838 0.86718
vt 0.36727 0.87048
vt 0.36562 0.87269
vt 0.36179 0.87422
vt 0.26712 0.87422
vt 0.26329 0.87269
vt 0.26163 0.87048
vt 0.26053 0.86718
vt 0.25977 0.85951
vt 0.66575 0.69553
vt 0.3155 0.69553
vt 0.58887 0.76673
vt 0.58838 0.76185
vt 0.59183 0.75899
vt 0.59253 0.76601
vt 0.58753 0.75931
vt 0.59017 0.75403
vt 0.58626 0.75761
vt 0.58769 0.75071
vt 0.58382 0.75664
vt 0.58418 0.74932
vt 0.55016 0.75664
vt 0.5498 0.74932
vt 0.54772 0.75761
vt 0.54629 0.75071
vt 0.54645 0.75931
vt 0.54381 0.75403
vt 0.5456 0.76185
vt 0.54215 0.75899
vt 0.54512 0.76673
vt 0.54145 0.76601
vt 0.54512 0.88327
vt 0.54145 0.88399
vt 0.5456 0.88815
vt 0.54215 0.89101
vt 0.54645 0.89069
vt 0.54381 0.89597
vt 0.54772 0.89239
vt 0.54629 0.89929
vt 0.55016 0.89336
vt 0.5498 0.90068
vt 0.58382 0.89336
vt 0.58418 0.90068
vt 0.58626 0.89239
vt 0.58769 0.89929
vt 0.58753 0.89069
vt 0.59017 0.89597
vt 0.58838 0.88815
vt 0.59183 0.89101
vt 0.58887 0.88327
vt 0.59253 0.88399
vt 0.59476 0.75657
vt 0.59563 0.7654
vt 0.59241 0.74955
vt 0.5889 0.74486
vt 0.58449 0.74311
vt 0.54949 0.74311
vt 0.54508 0.74486
vt 0.54157 0.74955
vt 0.53923 0.75657
vt 0.53835 0.7654
vt 0.53835 0.8846
vt 0.53923 0.89343
vt 0.54157 0.90045
vt 0.54508 0.90514
vt 0.54949 0.90689
vt 0.58449 0.90689
vt 0.5889 0.90514
vt 0.59241 0.90045
vt 0.59476 0.89343
vt 0.59563 0.8846
vt 0.59671 0.75495
vt 0.59391 0.74656
vt 0.58971 0.74095
vt 0.58469 0.73896
vt 0.54929 0.73896
vt 0.54427 0.74095
vt 0.54008 0.74656
vt 0.53727 0.75495
vt 0.53628 0.76499
vt 0.53628 0.88501
vt 0.53727 0.89505
vt 0.54008 0.90344
vt 0.54427 0.90905
vt 0.54929 0.91104
vt 0.58469 0.91104
vt 0.58971 0.90905
vt 0.59391 0.90344
vt 0.59671 0.89505
vt 0.59771 0.88501
vt 0.59771 0.76499
vt 0.38354 0.76499
vt 0.38649 0.75657
vt 0.38562 0.7654
vt 0.38454 0.75495
vt 0.38884 0.74955
vt 0.38734 0.74656
vt 0.39235 0.74486
vt 0.39154 0.74095
vt 0.39676 0.74311
vt 0.39656 0.73896
vt 0.43176 0.74311
vt 0.43196 0.73896
vt 0.43617 0.74486
vt 0.43698 0.74095
vt 0.43968 0.74955
vt 0.44117 0.74656
vt 0.44202 0.75657
vt 0.44398 0.75495
vt 0.4429 0.7654
vt 0.44497 0.76499
vt 0.4429 0.8846
vt 0.44497 0.88501
vt 0.44202 0.89343
vt 0.44398 0.89505
vt 0.43968 0.90045
vt 0.44117 0.90344
vt 0.43617 0.90514
vt 0.43698 0.90905
vt 0.43176 0.90689
vt 0.43196 0.91104
vt 0.39676 0.90689
vt 0.39656 0.91104
vt 0.39235 0.90514
vt 0.39154 0.90905
vt 0.38884 0.90045
vt 0.38734 0.90344
vt 0.38649 0.89343
vt 0.38454 0.89505
vt 0.38562 0.8846
vt 0.38354 0.88501
vt 0.38942 0.75899
vt 0.38872 0.76601
vt 0.39108 0.75403
vt 0.39356 0.75071
vt 0.39707 0.74932
vt 0.43145 0.74932
vt 0.43496 0.75071
vt 0.43744 0.75403
vt 0.4391 0.75899
vt 0.4398 0.76601
vt 0.4398 0.88399
vt 0.4391 0.89101
vt 0.43744 0.89597
vt 0.43496 0.89929
vt 0.43145 0.90068
vt 0.39707 0.90068
vt 0.39356 0.89929
vt 0.39108 0.89597
vt 0.38942 0.89101
vt 0.38872 0.88399
vt 0.39287 0.76185
vt 0.39238 0.76673
vt 0.39372 0.75931
vt 0.39499 0.75761
vt 0.39743 0.75664
vt 0.43109 0.75664
vt 0.43353 0.75761
vt 0.4348 0.75931
vt 0.43565 0.76185
vt 0.43613 0.76673
vt 0.43613 0.88327
vt 0.43565 0.88815
vt 0.4348 0.89069
vt 0.43353 0.89239
vt 0.43109 0.89336
vt 0.39743 0.89336
vt 0.39499 0.89239
vt 0.39372 0.89069
vt 0.39287 0.88815
vt 0.39238 0.88327
vt 0.56699 0.825
vt 0.41426 0.825
vt 0.58887 0.59173
vt 0.58838 0.58685
vt 0.59183 0.58399
vt 0.59253 0.59101
vt 0.58753 0.58431
vt 0.59017 0.57903
vt 0.58626 0.58261
vt 0.58769 0.57571
vt 0.58382 0.58164
vt 0.58418 0.57432
vt 0.55016 0.58164
vt 0.5498 0.57432
vt 0.54772 0.58261
vt 0.54629 0.57571
vt 0.54645 0.58431
vt 0.54381 0.57903
vt 0.5456 0.58685
vt 0.54215 0.58399
vt 0.54512 0.59173
vt 0.54145 0.59101
vt 0.54512 0.7028
vt 0.54145 0.70352
vt 0.5456 0.70768
vt 0.54215 0.71054
vt 0.54645 0.71022
vt 0.54381 0.7155
vt 0.54772 0.71192
vt 0.54629 0.71882
vt 0.55016 0.71289
vt 0.5498 0.72022
vt 0.58382 0.71289
vt 0.58418 0.72022
vt 0.58626 0.71192
vt 0.58769 0.71882
vt 0.58753 0.71022
vt 0.59017 0.7155
vt 0.58838 0.70768
vt 0.59183 0.71054
vt 0.58887 0.7028
vt 0.59253 0.70352
vt 0.59476 0.58157
vt 0.59563 0.5904
vt 0.59241 0.57455
vt 0.5889 0.56986
vt 0.58449 0.56811
vt 0.54949 0.56811
vt 0.54508 0.56986
vt 0.54157 0.57455
vt 0.53923 0.58157
vt 0.53835 0.5904
vt 0.53835 0.70414
vt 0.53923 0.71296
vt 0.54157 0.71998
vt 0.54508 0.72467
vt 0.54949 0.72643
vt 0.58449 0.72643
vt 0.5889 0.72467
vt 0.59241 0.71998
vt 0.59476 0.71296
vt 0.59563 0.70414
vt 0.59671 0.57995
vt 0.59391 0.57156
vt 0.58971 0.56595
vt 0.58469 0.56396
vt 0.54929 0.56396
vt 0.54427 0.56595
vt 0.54008 0.57156
vt 0.53727 0.57995
vt 0.53628 0.58999
vt 0.53628 0.70454
vt 0.53727 0.71458
vt 0.54008 0.72297
vt 0.54427 0.72858
vt 0.54929 0.73057
vt 0.58469 0.73057
vt 0.58971 0.72858
vt 0.59391 0.72297
vt 0.59671 0.71458
vt 0.59771 0.70454
vt 0.59771 0.58999
vt 0.38354 0.58999
vt 0.38649 0.58157
vt 0.38562 0.5904
vt 0.38454 0.57995
vt 0.38884 0.57455
vt 0.38734 0.57156
vt 0.39235 0.56986
vt 0.39154 0.56595
vt 0.39676 0.56811
vt 0.39656 0.56396
vt 0.43176 0.56811
vt 0.43196 0.56396
vt 0.43617 0.56986
vt 0.43698 0.56595
vt 0.43968 0.57455
vt 0.44117 0.57156
vt 0.44202 0.58157
vt 0.44398 0.57995
vt 0.4429 0.5904
vt 0.44497 0.58999
vt 0.4429 0.70414
vt 0.44497 0.70454
vt 0.44202 0.71296
vt 0.44398 0.71458
vt 0.43968 0.71998
vt 0.44117 0.72297
vt 0.43617 0.72467
vt 0.43698 0.72858
vt 0.43176 0.72643
vt 0.43196 0.73057
vt 0.39676 0.72643
vt 0.39656 0.73057
vt 0.39235 0.72467
vt 0.39154 0.72858
vt 0.38884 0.71998
vt 0.38734 0.72297
vt 0.38649 0.71296
vt 0.38454 0.71458
vt 0.38562 0.70414
vt 0.38354 0.70454
vt 0.38942 0.58399
vt 0.38872 0.59101
vt 0.39108 0.57903
vt 0.39356 0.57571
vt 0.39707 0.57432
vt 0.43145 0.57432
vt 0.43496 0.57571
vt 0.43744 0.57903
vt 0.4391 0.58399
vt 0.4398 0.59101
vt 0.4398 0.70352
vt 0.4391 0.71054
vt 0.43744 0.7155
vt 0.43496 0.71882
vt 0.43145 0.72022
vt 0.39707 0.72022
vt 0.39356 0.71882
vt 0.39108 0.7155
vt 0.38942 0.71054
vt 0.38872 0.70352
vt 0.39287 0.58685
vt 0.39238 0.59173
vt 0.39372 0.58431
vt 0.39499 0.58261
vt 0.39743 0.58164
vt 0.43109 0.58164
vt 0.43353 0.58261
vt 0.4348 0.58431
vt 0.43565 0.58685
vt 0.43613 0.59173
vt 0.43613 0.7028
vt 0.43565 0.70768
vt 0.4348 0.71022
vt 0.43353 0.71192
vt 0.43109 0.71289
vt 0.39743 0.71289
vt 0.39499 0.71192
vt 0.39372 0.71022
vt 0.39287 0.70768
vt 0.39238 0.7028
vt 0.56699 0.64727
vt 0.41426 0.64727
vt 0.72695 0.91795
vt 0.7269 0.91738
vt 0.72887 0.91574
vt 0.72905 0.91754
vt 0.72855 0.91478
vt 0.72704 0.9178
vt 0.72807 0.91414
vt 0.72725 0.91808
vt 0.72696 0.91797
vt 0.72717 0.91378
vt 0.6121 0.91797
vt 0.6119 0.91378
vt 0.61181 0.91808
vt 0.611 0.91414
vt 0.61052 0.91478
vt 0.61202 0.9178
vt 0.6102 0.91574
vt 0.61217 0.91738
vt 0.61211 0.91795
vt 0.61002 0.91754
vt 0.61211 0.91799
vt 0.61002 0.9184
vt 0.61217 0.91856
vt 0.6102 0.9202
vt 0.61052 0.92116
vt 0.61202 0.91814
vt 0.611 0.9218
vt 0.61181 0.91785
vt 0.6119 0.92215
vt 0.72717 0.92215
vt 0.72725 0.91785
vt 0.72807 0.9218
vt 0.72855 0.92116
vt 0.72704 0.91814
vt 0.72887 0.9202
vt 0.7269 0.91856
vt 0.72695 0.91799
vt 0.72905 0.9184
vt 0.73054 0.91436
vt 0.73082 0.91719
vt 0.72983 0.91222
vt 0.72876 0.9108
vt 0.72734 0.91023
vt 0.61172 0.91023
vt 0.6103 0.9108
vt 0.60924 0.91222
vt 0.60852 0.91436
vt 0.60824 0.91719
vt 0.60824 0.91875
vt 0.60852 0.92158
vt 0.60924 0.92371
vt 0.6103 0.92514
vt 0.61172 0.9257
vt 0.72734 0.9257
vt 0.72876 0.92514
vt 0.72983 0.92371
vt 0.73054 0.92158
vt 0.73082 0.91875
vt 0.73166 0.91343
vt 0.03516 0.02344
vt 0.73068 0.91051
vt 0.72922 0.90856
vt 0.72746 0.90786
vt 0.6116 0.90786
vt 0.60984 0.90856
vt 0.60838 0.91051
vt 0.60741 0.91343
vt 0.60706 0.91696
vt 0.60706 0.91898
vt 0.60741 0.9225
vt 0.60838 0.92542
vt 0.60984 0.92737
vt 0.6116 0.92807
vt 0.72746 0.92807
vt 0.72922 0.92737
vt 0.73068 0.92542
vt 0.73166 0.9225
vt 0.73201 0.91898
vt 0.73201 0.91696
vt 0.24924 0.91696
vt 0.25071 0.91436
vt 0.25043 0.91719
vt 0.24959 0.91343
vt 0.25142 0.91222
vt 0.25057 0.91051
vt 0.25249 0.9108
vt 0.25203 0.90856
vt 0.25391 0.91023
vt 0.25379 0.90786
vt 0.36953 0.91023
vt 0.36965 0.90786
vt 0.37095 0.9108
vt 0.37141 0.90856
vt 0.37201 0.91222
vt 0.37287 0.91051
vt 0.37273 0.91436
vt 0.37384 0.91343
vt 0.37301 0.91719
vt 0.37419 0.91696
vt 0.37301 0.91875
vt 0.37419 0.91898
vt 0.37273 0.92158
vt 0.37384 0.9225
vt 0.37201 0.92371
vt 0.37287 0.92542
vt 0.37095 0.92514
vt 0.37141 0.92737
vt 0.36953 0.9257
vt 0.36965 0.92807
vt 0.25391 0.9257
vt 0.25379 0.92807
vt 0.25249 0.92514
vt 0.25203 0.92737
vt 0.25142 0.92371
vt 0.25057 0.92542
vt 0.25071 0.92158
vt 0.24959 0.9225
vt 0.25043 0.91875
vt 0.24924 0.91898
vt 0.25238 0.91574
vt 0.2522 0.91754
vt 0.2527 0.91478
vt 0.25318 0.91414
vt 0.25408 0.91378
vt 0.36935 0.91378
vt 0.37025 0.91414
vt 0.37073 0.91478
vt 0.37105 0.91574
vt 0.37123 0.91754
vt 0.37123 0.9184
vt 0.37105 0.9202
vt 0.37073 0.92116
vt 0.37025 0.9218
vt 0.36935 0.92215
vt 0.25408 0.92215
vt 0.25318 0.9218
vt 0.2527 0.92116
vt 0.25238 0.9202
vt 0.2522 0.9184
vt 0.25435 0.91738
vt 0.2543 0.91795
vt 0.25421 0.9178
vt 0.254 0.91808
vt 0.25429 0.91797
vt 0.36915 0.91797
vt 0.36944 0.91808
vt 0.36923 0.9178
vt 0.36908 0.91738
vt 0.36914 0.91795
vt 0.36914 0.91799
vt 0.36908 0.91856
vt 0.36923 0.91814
vt 0.36944 0.91785
vt 0.254 0.91785
vt 0.25421 0.91814
vt 0.25435 0.91856
vt 0.2543 0.91799
vt 0.66953 0.91797
vt 0.31172 0.91797
vt 0.6627 0.79846
vt 0.66231 0.79458
vt 0.66379 0.79335
vt 0.66426 0.79816
vt 0.66144 0.79197
vt 0.66257 0.78971
vt 0.66013 0.79023
vt 0.66075 0.78727
vt 0.65819 0.78945
vt 0.65834 0.78631
vt 0.63165 0.78945
vt 0.6315 0.78631
vt 0.62971 0.79023
vt 0.6291 0.78727
vt 0.62841 0.79197
vt 0.62727 0.78971
vt 0.62753 0.79458
vt 0.62606 0.79335
vt 0.62715 0.79846
vt 0.62558 0.79816
vt 0.62715 0.87888
vt 0.62558 0.87919
vt 0.62753 0.88277
vt 0.62606 0.88399
vt 0.62841 0.88537
vt 0.62727 0.88764
vt 0.62971 0.88712
vt 0.6291 0.89007
vt 0.63165 0.88789
vt 0.6315 0.89103
vt 0.65819 0.88789
vt 0.65834 0.89103
vt 0.66013 0.88712
vt 0.66075 0.89007
vt 0.66144 0.88537
vt 0.66257 0.88764
vt 0.66231 0.88277
vt 0.66379 0.88399
vt 0.6627 0.87888
vt 0.66426 0.87919
vt 0.66504 0.79232
vt 0.6656 0.79789
vt 0.66353 0.78779
vt 0.66126 0.78476
vt 0.65848 0.78365
vt 0.63137 0.78365
vt 0.62858 0.78476
vt 0.62632 0.78779
vt 0.6248 0.79232
vt 0.62425 0.79789
vt 0.62425 0.87945
vt 0.6248 0.88503
vt 0.62632 0.88956
vt 0.62858 0.89258
vt 0.63137 0.89369
vt 0.65848 0.89369
vt 0.66126 0.89258
vt 0.66353 0.88956
vt 0.66504 0.88503
vt 0.6656 0.87945
vt 0.66588 0.79162
vt 0.66417 0.78651
vt 0.66161 0.78309
vt 0.65856 0.78187
vt 0.63128 0.78187
vt 0.62823 0.78309
vt 0.62567 0.78651
vt 0.62397 0.79162
vt 0.62336 0.79772
vt 0.62336 0.87963
vt 0.62397 0.88572
vt 0.62567 0.89084
vt 0.62823 0.89426
vt 0.63128 0.89547
vt 0.65856 0.89547
vt 0.66161 0.89426
vt 0.66417 0.89084
vt 0.66588 0.88572
vt 0.66648 0.87963
vt 0.66648 0.79772
vt 0.31477 0.79772
vt 0.31621 0.79232
vt 0.31565 0.79789
vt 0.31537 0.79162
vt 0.31772 0.78779
vt 0.31708 0.78651
vt 0.31999 0.78476
vt 0.31964 0.78309
vt 0.32277 0.78365
vt 0.32269 0.78187
vt 0.34988 0.78365
vt 0.34997 0.78187
vt 0.35267 0.78476
vt 0.35302 0.78309
vt 0.35493 0.78779
vt 0.35558 0.78651
vt 0.35645 0.79232
vt 0.35728 0.79162
vt 0.357 0.79789
vt 0.35789 0.79772
vt 0.357 0.87945
vt 0.35789 0.87963
vt 0.35645 0.88503
vt 0.35728 0.88572
vt 0.35493 0.88956
vt 0.35558 0.89084
vt 0.35267 0.89258
vt 0.35302 0.89426
vt 0.34988 0.89369
vt 0.34997 0.89547
vt 0.32277 0.89369
vt 0.32269 0.89547
vt 0.31999 0.89258
vt 0.31964 0.89426
vt 0.31772 0.88956
vt 0.31708 0.89084
vt 0.31621 0.88503
vt 0.31537 0.88572
vt 0.31565 0.87945
vt 0.31477 0.87963
vt 0.31746 0.79335
vt 0.31699 0.79816
vt 0.31868 0.78971
vt 0.3205 0.78727
vt 0.32291 0.78631
vt 0.34975 0.78631
vt 0.35215 0.78727
vt 0.35398 0.78971
vt 0.35519 0.79335
vt 0.35567 0.79816
vt 0.35567 0.87919
vt 0.35519 0.88399
vt 0.35398 0.88764
vt 0.35215 0.89007
vt 0.34975 0.89103
vt 0.32291 0.89103
vt 0.3205 0.89007
vt 0.31868 0.88764
vt 0.31746 0.88399
vt 0.31699 0.87919
vt 0.31894 0.79458
vt 0.31855 0.79846
vt 0.31981 0.79197
vt 0.32112 0.79023
vt 0.32306 0.78945
vt 0.3496 0.78945
vt 0.35154 0.79023
vt 0.35284 0.79197
vt 0.35372 0.79458
vt 0.3541 0.79846
vt 0.3541 0.87888
vt 0.35372 0.88277
vt 0.35284 0.88537
vt 0.35154 0.88712
vt 0.3496 0.88789
vt 0.32306 0.88789
vt 0.32112 0.88712
vt 0.31981 0.88537
vt 0.31894 0.88277
vt 0.31855 0.87888
vt 0.64492 0.83867
vt 0.33633 0.83867
vt 0.04297 0.02344
vt 0.05078 0.02344
vt 0.05859 0.02344
vt 0.06641 0.02344
vt 0.07422 0.02344
vt 0.08203 0.02344
vn -0 0 -1
vn -0.377 -0.064 -0.924
vn -0.376 0.07 -0.924
vn -0.308 -0.227 -0.924
vn -0.173 -0.342 -0.924
vn -0.045 -0.38 -0.924
vn 0.03 -0.381 -0.924
vn 0.119 -0.364 -0.924
vn 0.227 -0.308 -0.924
vn 0.312 -0.222 -0.924
vn 0.355 -0.142 -0.924
vn 0.376 -0.07 -0.924
vn 0.377 0.064 -0.924
vn 0.308 0.227 -0.924
vn 0.173 0.342 -0.924
vn 0.045 0.38 -0.924
vn -0.03 0.381 -0.924
vn -0.119 0.364 -0.924
vn -0.227 0.308 -0.924
vn -0.312 0.222 -0.924
vn -0.355 0.142 -0.924
vn -0.697 -0.118 -0.707
vn -0.695 0.129 -0.707
vn -0.569 -0.419 -0.707
vn -0.319 -0.631 -0.707
vn -0.083 -0.702 -0.707
vn 0.056 -0.705 -0.707
vn 0.221 -0.672 -0.707
vn 0.419 -0.569 -0.707
vn 0.576 -0.41 -0.707
vn 0.657 -0.262 -0.707
vn 0.695 -0.129 -0.707
vn 0.697 0.118 -0.707
vn 0.569 0.419 -0.707
vn 0.319 0.631 -0.707
vn 0.083 0.702 -0.707
vn -0.056 0.705 -0.707
vn -0.221 0.672 -0.707
vn -0.419 0.569 -0.707
vn -0.576 0.41 -0.707
vn -0.657 0.262 -0.707
vn -0.911 -0.154 -0.383
vn -0.908 0.169 -0.383
vn -0.744 -0.548 -0.383
vn -0.417 -0.825 -0.383
vn -0.108 -0.918 -0.383
vn 0.073 -0.921 -0.383
vn 0.288 -0.878 -0.383
vn 0.548 -0.744 -0.383
vn 0.753 -0.535 -0.383
vn 0.858 -0.343 -0.383
vn 0.908 -0.169 -0.383
vn 0.911 0.154 -0.383
vn 0.744 0.548 -0.383
vn 0.417 0.825 -0.383
vn 0.108 0.918 -0.383
vn -0.073 0.921 -0.383
vn -0.288 0.878 -0.383
vn -0.548 0.744 -0.383
vn -0.753 0.535 -0.383
vn -0.858 0.343 -0.383
vn -0.986 -0.166 -0
vn -0.983 0.183 -0
vn -0.805 -0.593 -0
vn -0.451 -0.893 -0
vn -0.117 -0.993 -0
vn 0.079 -0.997 -0
vn 0.312 -0.95 -0
vn 0.593 -0.805 -0
vn 0.815 -0.58 -0
vn 0.929 -0.371 -0
vn 0.983 -0.183 -0
vn 0.986 0.166 -0
vn 0.805 0.593 -0
vn 0.451 0.893 -0
vn 0.117 0.993 -0
vn -0.079 0.997 -0
vn -0.312 0.95 -0
vn -0.593 0.805 -0
vn -0.815 0.58 -0
vn -0.929 0.371 -0
vn -0.911 -0.154 0.383
vn -0.908 0.169 0.383
vn -0.744 -0.548 0.383
vn -0.417 -0.825 0.383
vn -0.108 -0.918 0.383
vn 0.073 -0.921 0.383
vn 0.288 -0.878 0.383
vn 0.548 -0.744 0.383
vn 0.753 -0.535 0.383
vn 0.858 -0.343 0.383
vn 0.908 -0.169 0.383
vn 0.911 0.154 0.383
vn 0.744 0.548 0.383
vn 0.417 0.825 0.383
vn 0.108 0.918 0.383
vn -0.073 0.921 0.383
vn -0.288 0.878 0.383
vn -0.548 0.744 0.383
vn -0.753 0.535 0.383
vn -0.858 0.343 0.383
vn -0.697 -0.118 0.707
vn -0.695 0.129 0.707
vn -0.569 -0.419 0.707
vn -0.319 -0.631 0.707
vn -0.083 -0.702 0.707
vn 0.056 -0.705 0.707
vn 0.221 -0.672 0.707
vn 0.419 -0.569 0.707
vn 0.576 -0.41 0.707
vn 0.657 -0.262 0.707
vn 0.695 -0.129 0.707
vn 0.697 0.118 0.707
vn 0.569 0.419 0.707
vn 0.319 0.631 0.707
vn 0.083 0.702 0.707
vn -0.056 0.705 0.707
vn -0.221 0.672 0.707
vn -0.419 0.569 0.707
vn -0.576 0.41 0.707
vn -0.657 0.262 0.707
vn -0.377 -0.064 0.924
vn -0.376 0.07 0.924
vn -0.308 -0.227 0.924
vn -0.173 -0.342 0.924
vn -0.045 -0.38 0.924
vn 0.03 -0.381 0.924
vn 0.119 -0.364 0.924
vn 0.227 -0.308 0.924
vn 0.312 -0.222 0.924
vn 0.355 -0.142 0.924
vn 0.376 -0.07 0.924
vn 0.377 0.064 0.924
vn 0.308 0.227 0.924
vn 0.173 0.342 0.924
vn 0.045 0.38 0.924
vn -0.03 0.381 0.924
vn -0.119 0.364 0.924
vn -0.227 0.308 0.924
vn -0.312 0.222 0.924
vn -0.355 0.142 0.924
vn -0 -0 1
vn -0.377 -0.063 -0.924
vn 0.377 0.063 -0.924
vn -0.697 -0.117 -0.707
vn -0.695 0.13 -0.707
vn 0.656 -0.263 -0.707
vn 0.695 -0.13 -0.707
vn 0.697 0.117 -0.707
vn -0.656 0.263 -0.707
vn -0.911 -0.153 -0.383
vn 0.753 -0.536 -0.383
vn 0.911 0.153 -0.383
vn -0.753 0.536 -0.383
vn -0.451 -0.892 -0
vn 0.928 -0.372 -0
vn 0.451 0.892 -0
vn -0.928 0.372 -0
vn -0.911 -0.153 0.383
vn 0.753 -0.536 0.383
vn 0.911 0.153 0.383
vn -0.753 0.536 0.383
vn -0.697 -0.117 0.707
vn -0.695 0.13 0.707
vn 0.656 -0.263 0.707
vn 0.695 -0.13 0.707
vn 0.697 0.117 0.707
vn -0.656 0.263 0.707
vn -0.377 -0.063 0.924
vn 0.377 0.063 0.924
vn -0.321 -0.209 -0.924
vn -0.362 -0.123 -0.924
vn -0.236 -0.302 -0.924
vn -0.125 -0.362 -0.924
vn -0.032 -0.381 -0.924
vn 0.038 -0.381 -0.924
vn 0.146 -0.354 -0.924
vn 0.271 -0.271 -0.924
vn 0.354 -0.146 -0.924
vn 0.381 -0.038 -0.924
vn 0.381 0.038 -0.924
vn 0.354 0.146 -0.924
vn 0.271 0.271 -0.924
vn 0.146 0.354 -0.924
vn 0.038 0.381 -0.924
vn -0.022 0.382 -0.924
vn -0.088 0.372 -0.924
vn -0.171 0.342 -0.924
vn -0.245 0.294 -0.924
vn -0.292 0.247 -0.924
vn -0.315 0.217 -0.924
vn -0.339 0.178 -0.924
vn -0.363 0.121 -0.924
vn -0.378 0.061 -0.924
vn -0.382 0.015 -0.924
vn -0.383 -0.006 -0.924
vn -0.382 -0.023 -0.924
vn -0.38 -0.047 -0.924
vn -0.376 -0.07 -0.924
vn -0.373 -0.087 -0.924
vn -0.593 -0.385 -0.707
vn -0.669 -0.228 -0.707
vn -0.435 -0.557 -0.707
vn -0.23 -0.669 -0.707
vn -0.059 -0.705 -0.707
vn 0.069 -0.704 -0.707
vn 0.271 -0.653 -0.707
vn 0.5 -0.5 -0.707
vn 0.653 -0.271 -0.707
vn 0.704 -0.069 -0.707
vn 0.704 0.069 -0.707
vn 0.653 0.271 -0.707
vn 0.5 0.5 -0.707
vn 0.271 0.653 -0.707
vn 0.069 0.704 -0.707
vn -0.041 0.706 -0.707
vn -0.162 0.688 -0.707
vn -0.316 0.632 -0.707
vn -0.453 0.543 -0.707
vn -0.54 0.456 -0.707
vn -0.582 0.401 -0.707
vn -0.626 0.328 -0.707
vn -0.671 0.224 -0.707
vn -0.698 0.113 -0.707
vn -0.707 0.028 -0.707
vn -0.707 -0.011 -0.707
vn -0.706 -0.043 -0.707
vn -0.702 -0.086 -0.707
vn -0.695 -0.129 -0.707
vn -0.689 -0.161 -0.707
vn -0.775 -0.504 -0.383
vn -0.875 -0.297 -0.383
vn -0.569 -0.728 -0.383
vn -0.301 -0.874 -0.383
vn -0.076 -0.921 -0.383
vn 0.091 -0.919 -0.383
vn 0.354 -0.854 -0.383
vn 0.653 -0.653 -0.383
vn 0.854 -0.354 -0.383
vn 0.919 -0.091 -0.383
vn 0.919 0.091 -0.383
vn 0.854 0.354 -0.383
vn 0.653 0.653 -0.383
vn 0.354 0.854 -0.383
vn 0.091 0.919 -0.383
vn -0.054 0.922 -0.383
vn -0.212 0.899 -0.383
vn -0.413 0.826 -0.383
vn -0.592 0.709 -0.383
vn -0.706 0.596 -0.383
vn -0.761 0.524 -0.383
vn -0.818 0.429 -0.383
vn -0.876 0.292 -0.383
vn -0.912 0.148 -0.383
vn -0.923 0.037 -0.383
vn -0.924 -0.014 -0.383
vn -0.922 -0.057 -0.383
vn -0.917 -0.113 -0.383
vn -0.908 -0.169 -0.383
vn -0.9 -0.21 -0.383
vn -0.838 -0.545 -0
vn -0.947 -0.322 -0
vn -0.615 -0.788 -0
vn -0.325 -0.946 -0
vn -0.083 -0.997 -0
vn 0.098 -0.995 -0
vn 0.383 -0.924 -0
vn 0.707 -0.707 -0
vn 0.924 -0.383 -0
vn 0.995 -0.098 -0
vn 0.995 0.098 -0
vn 0.924 0.383 -0
vn 0.707 0.707 -0
vn 0.383 0.924 -0
vn 0.098 0.995 -0
vn -0.058 0.998 -0
vn -0.23 0.973 -0
vn -0.447 0.894 -0
vn -0.641 0.768 -0
vn -0.764 0.645 -0
vn -0.823 0.567 -0
vn -0.886 0.464 -0
vn -0.949 0.316 -0
vn -0.987 0.16 -0
vn -0.999 0.04 -0
vn -1 -0.015 -0
vn -0.998 -0.061 -0
vn -0.993 -0.122 -0
vn -0.983 -0.183 -0
vn -0.974 -0.228 -0
vn -0.775 -0.504 0.383
vn -0.875 -0.297 0.383
vn -0.569 -0.728 0.383
vn -0.301 -0.874 0.383
vn -0.076 -0.921 0.383
vn 0.091 -0.919 0.383
vn 0.354 -0.854 0.383
vn 0.653 -0.653 0.383
vn 0.854 -0.354 0.383
vn 0.919 -0.091 0.383
vn 0.919 0.091 0.383
vn 0.854 0.354 0.383
vn 0.653 0.653 0.383
vn 0.354 0.854 0.383
vn 0.091 0.919 0.383
vn -0.054 0.922 0.383
vn -0.212 0.899 0.383
vn -0.413 0.826 0.383
vn -0.592 0.709 0.383
vn -0.706 0.596 0.383
vn -0.761 0.524 0.383
vn -0.818 0.429 0.383
vn -0.876 0.292 0.383
vn -0.912 0.148 0.383
vn -0.923 0.037 0.383
vn -0.924 -0.014 0.383
vn -0.922 -0.057 0.383
vn -0.917 -0.113 0.383
vn -0.908 -0.169 0.383
vn -0.9 -0.21 0.383
vn -0.593 -0.385 0.707
vn -0.669 -0.228 0.707
vn -0.435 -0.557 0.707
vn -0.23 -0.669 0.707
vn -0.059 -0.705 0.707
vn 0.069 -0.704 0.707
vn 0.271 -0.653 0.707
vn 0.5 -0.5 0.707
vn 0.653 -0.271 0.707
vn 0.704 -0.069 0.707
vn 0.704 0.069 0.707
vn 0.653 0.271 0.707
vn 0.5 0.5 0.707
vn 0.271 0.653 0.707
vn 0.069 0.704 0.707
vn -0.041 0.706 0.707
vn -0.162 0.688 0.707
vn -0.316 0.632 0.707
vn -0.453 0.543 0.707
vn -0.54 0.456 0.707
vn -0.582 0.401 0.707
vn -0.626 0.328 0.707
vn -0.671 0.224 0.707
vn -0.698 0.113 0.707
vn -0.707 0.028 0.707
vn -0.707 -0.011 0.707
vn -0.706 -0.043 0.707
vn -0.702 -0.086 0.707
vn -0.695 -0.129 0.707
vn -0.689 -0.161 0.707
vn -0.321 -0.209 0.924
vn -0.362 -0.123 0.924
vn -0.236 -0.302 0.924
vn -0.125 -0.362 0.924
vn -0.032 -0.381 0.924
vn 0.038 -0.381 0.924
vn 0.146 -0.354 0.924
vn 0.271 -0.271 0.924
vn 0.354 -0.146 0.924
vn 0.381 -0.038 0.924
vn 0.381 0.038 0.924
vn 0.354 0.146 0.924
vn 0.271 0.271 0.924
vn 0.146 0.354 0.924
vn 0.038 0.381 0.924
vn -0.022 0.382 0.924
vn -0.088 0.372 0.924
vn -0.171 0.342 0.924
vn -0.245 0.294 0.924
vn -0.292 0.247 0.924
vn -0.315 0.217 0.924
vn -0.339 0.178 0.924
vn -0.363 0.121 0.924
vn -0.378 0.061 0.924
vn -0.382 0.015 0.924
vn -0.383 -0.006 0.924
vn -0.382 -0.023 0.924
vn -0.38 -0.047 0.924
vn -0.376 -0.07 0.924
vn -0.373 -0.087 0.924
vn -0.364 -0.119 -0.924
vn -0.383 -0.001 -0.924
vn -0.284 -0.256 -0.924
vn -0.156 -0.35 -0.924
vn -0.04 -0.381 -0.924
vn 0.035 -0.381 -0.924
vn 0.137 -0.357 -0.924
vn 0.256 -0.284 -0.924
vn 0.341 -0.173 -0.924
vn 0.375 -0.074 -0.924
vn 0.383 0.001 -0.924
vn 0.364 0.119 -0.924
vn 0.284 0.256 -0.924
vn 0.156 0.35 -0.924
vn 0.04 0.381 -0.924
vn -0.035 0.381 -0.924
vn -0.137 0.357 -0.924
vn -0.256 0.284 -0.924
vn -0.341 0.173 -0.924
vn -0.375 0.074 -0.924
vn -0.672 -0.219 -0.707
vn -0.707 -0.001 -0.707
vn -0.525 -0.474 -0.707
vn -0.287 -0.646 -0.707
vn -0.074 -0.703 -0.707
vn 0.065 -0.704 -0.707
vn 0.254 -0.66 -0.707
vn 0.474 -0.525 -0.707
vn 0.63 -0.32 -0.707
vn 0.694 -0.137 -0.707
vn 0.707 0.001 -0.707
vn 0.672 0.219 -0.707
vn 0.525 0.474 -0.707
vn 0.287 0.646 -0.707
vn 0.074 0.703 -0.707
vn -0.065 0.704 -0.707
vn -0.254 0.66 -0.707
vn -0.474 0.525 -0.707
vn -0.63 0.32 -0.707
vn -0.694 0.137 -0.707
vn -0.878 -0.287 -0.383
vn -0.924 -0.001 -0.383
vn -0.686 -0.619 -0.383
vn -0.375 -0.844 -0.383
vn -0.096 -0.919 -0.383
vn 0.085 -0.92 -0.383
vn 0.331 -0.862 -0.383
vn 0.619 -0.686 -0.383
vn 0.824 -0.418 -0.383
vn 0.906 -0.179 -0.383
vn 0.924 0.001 -0.383
vn 0.878 0.287 -0.383
vn 0.686 0.619 -0.383
vn 0.375 0.844 -0.383
vn 0.096 0.919 -0.383
vn -0.085 0.92 -0.383
vn -0.331 0.862 -0.383
vn -0.619 0.686 -0.383
vn -0.824 0.418 -0.383
vn -0.906 0.179 -0.383
vn -0.951 -0.31 -0
vn -1 -0.002 -0
vn -0.743 -0.67 -0
vn -0.406 -0.914 -0
vn -0.104 -0.995 -0
vn 0.092 -0.996 -0
vn 0.359 -0.933 -0
vn 0.67 -0.743 -0
vn 0.892 -0.453 -0
vn 0.981 -0.194 -0
vn 1 0.002 -0
vn 0.951 0.31 -0
vn 0.743 0.67 -0
vn 0.406 0.914 -0
vn 0.104 0.995 -0
vn -0.092 0.996 -0
vn -0.359 0.933 -0
vn -0.67 0.743 -0
vn -0.892 0.453 -0
vn -0.981 0.194 -0
vn -0.878 -0.287 0.383
vn -0.924 -0.001 0.383
vn -0.686 -0.619 0.383
vn -0.375 -0.844 0.383
vn -0.096 -0.919 0.383
vn 0.085 -0.92 0.383
vn 0.331 -0.862 0.383
vn 0.619 -0.686 0.383
vn 0.824 -0.418 0.383
vn 0.906 -0.179 0.383
vn 0.924 0.001 0.383
vn 0.878 0.287 0.383
vn 0.686 0.619 0.383
vn 0.375 0.844 0.383
vn 0.096 0.919 0.383
vn -0.085 0.92 0.383
vn -0.331 0.862 0.383
vn -0.619 0.686 0.383
vn -0.824 0.418 0.383
vn -0.906 0.179 0.383
vn -0.672 -0.219 0.707
vn -0.707 -0.001 0.707
vn -0.525 -0.474 0.707
vn -0.287 -0.646 0.707
vn -0.074 -0.703 0.707
vn 0.065 -0.704 0.707
vn 0.254 -0.66 0.707
vn 0.474 -0.525 0.707
vn 0.63 -0.32 0.707
vn 0.694 -0.137 0.707
vn 0.707 0.001 0.707
vn 0.672 0.219 0.707
vn 0.525 0.474 0.707
vn 0.287 0.646 0.707
vn 0.074 0.703 0.707
vn -0.065 0.704 0.707
vn -0.254 0.66 0.707
vn -0.474 0.525 0.707
vn -0.63 0.32 0.707
vn -0.694 0.137 0.707
vn -0.364 -0.119 0.924
vn -0.383 -0.001 0.924
vn -0.284 -0.256 0.924
vn -0.156 -0.35 0.924
vn -0.04 -0.381 0.924
vn 0.035 -0.381 0.924
vn 0.137 -0.357 0.924
vn 0.256 -0.284 0.924
vn 0.341 -0.173 0.924
vn 0.375 -0.074 0.924
vn 0.383 0.001 0.924
vn 0.364 0.119 0.924
vn 0.284 0.256 0.924
vn 0.156 0.35 0.924
vn 0.04 0.381 0.924
vn -0.035 0.381 0.924
vn -0.137 0.357 0.924
vn -0.256 0.284 0.924
vn -0.341 0.173 0.924
vn -0.375 0.074 0.924
vn -0.378 -0.062 -0.924
vn -0.382 -0.016 -0.924
vn -0.337 -0.181 -0.924
vn -0.313 -0.221 -0.924
vn -0.289 -0.25 -0.924
vn -0.243 -0.296 -0.924
vn -0.169 -0.343 -0.924
vn -0.087 -0.373 -0.924
vn -0.022 -0.382 -0.924
vn 0.02 -0.382 -0.924
vn 0.08 -0.374 -0.924
vn 0.157 -0.349 -0.924
vn 0.226 -0.309 -0.924
vn 0.272 -0.269 -0.924
vn 0.297 -0.241 -0.924
vn 0.327 -0.198 -0.924
vn 0.358 -0.136 -0.924
vn 0.376 -0.069 -0.924
vn 0.382 -0.017 -0.924
vn -0.038 0.381 -0.924
vn -0.146 0.354 -0.924
vn -0.271 0.271 -0.924
vn -0.354 0.146 -0.924
vn -0.381 0.038 -0.924
vn -0.698 -0.115 -0.707
vn -0.707 -0.029 -0.707
vn -0.623 -0.334 -0.707
vn -0.578 -0.408 -0.707
vn -0.535 -0.462 -0.707
vn -0.448 -0.547 -0.707
vn -0.312 -0.634 -0.707
vn -0.16 -0.689 -0.707
vn -0.04 -0.706 -0.707
vn 0.037 -0.706 -0.707
vn 0.148 -0.691 -0.707
vn 0.29 -0.645 -0.707
vn 0.418 -0.57 -0.707
vn 0.503 -0.497 -0.707
vn 0.549 -0.445 -0.707
vn 0.605 -0.367 -0.707
vn 0.661 -0.251 -0.707
vn 0.695 -0.128 -0.707
vn 0.706 -0.032 -0.707
vn -0.069 0.704 -0.707
vn -0.271 0.653 -0.707
vn -0.5 0.5 -0.707
vn -0.653 0.271 -0.707
vn -0.704 0.069 -0.707
vn -0.911 -0.151 -0.383
vn -0.923 -0.038 -0.383
vn -0.814 -0.436 -0.383
vn -0.755 -0.533 -0.383
vn -0.699 -0.604 -0.383
vn -0.585 -0.715 -0.383
vn -0.408 -0.829 -0.383
vn -0.21 -0.9 -0.383
vn -0.053 -0.922 -0.383
vn 0.049 -0.923 -0.383
vn 0.194 -0.903 -0.383
vn 0.378 -0.843 -0.383
vn 0.547 -0.745 -0.383
vn 0.657 -0.649 -0.383
vn 0.718 -0.582 -0.383
vn 0.79 -0.479 -0.383
vn 0.864 -0.328 -0.383
vn 0.909 -0.167 -0.383
vn 0.923 -0.042 -0.383
vn -0.091 0.919 -0.383
vn -0.354 0.854 -0.383
vn -0.653 0.653 -0.383
vn -0.854 0.354 -0.383
vn -0.919 0.091 -0.383
vn -0.987 -0.163 -0
vn -0.999 -0.041 -0
vn -0.881 -0.472 -0
vn -0.817 -0.577 -0
vn -0.756 -0.654 -0
vn -0.634 -0.774 -0
vn -0.442 -0.897 -0
vn -0.227 -0.974 -0
vn -0.057 -0.998 -0
vn 0.053 -0.999 -0
vn 0.209 -0.978 -0
vn 0.41 -0.912 -0
vn 0.592 -0.806 -0
vn 0.711 -0.703 -0
vn 0.777 -0.63 -0
vn 0.855 -0.518 -0
vn 0.935 -0.355 -0
vn 0.984 -0.181 -0
vn 0.999 -0.045 -0
vn -0.098 0.995 -0
vn -0.383 0.924 -0
vn -0.707 0.707 -0
vn -0.924 0.383 -0
vn -0.995 0.098 -0
vn -0.911 -0.151 0.383
vn -0.923 -0.038 0.383
vn -0.814 -0.436 0.383
vn -0.755 -0.533 0.383
vn -0.699 -0.604 0.383
vn -0.585 -0.715 0.383
vn -0.408 -0.829 0.383
vn -0.21 -0.9 0.383
vn -0.053 -0.922 0.383
vn 0.049 -0.923 0.383
vn 0.194 -0.903 0.383
vn 0.378 -0.843 0.383
vn 0.547 -0.745 0.383
vn 0.657 -0.649 0.383
vn 0.718 -0.582 0.383
vn 0.79 -0.479 0.383
vn 0.864 -0.328 0.383
vn 0.909 -0.167 0.383
vn 0.923 -0.042 0.383
vn -0.091 0.919 0.383
vn -0.354 0.854 0.383
vn -0.653 0.653 0.383
vn -0.854 0.354 0.383
vn -0.919 0.091 0.383
vn -0.698 -0.115 0.707
vn -0.707 -0.029 0.707
vn -0.623 -0.334 0.707
vn -0.578 -0.408 0.707
vn -0.535 -0.462 0.707
vn -0.448 -0.547 0.707
vn -0.312 -0.634 0.707
vn -0.16 -0.689 0.707
vn -0.04 -0.706 0.707
vn 0.037 -0.706 0.707
vn 0.148 -0.691 0.707
vn 0.29 -0.645 0.707
vn 0.418 -0.57 0.707
vn 0.503 -0.497 0.707
vn 0.549 -0.445 0.707
vn 0.605 -0.367 0.707
vn 0.661 -0.251 0.707
vn 0.695 -0.128 0.707
vn 0.706 -0.032 0.707
vn -0.069 0.704 0.707
vn -0.271 0.653 0.707
vn -0.5 0.5 0.707
vn -0.653 0.271 0.707
vn -0.704 0.069 0.707
vn -0.378 -0.062 0.924
vn -0.382 -0.016 0.924
vn -0.337 -0.181 0.924
vn -0.313 -0.221 0.924
vn -0.289 -0.25 0.924
vn -0.243 -0.296 0.924
vn -0.169 -0.343 0.924
vn -0.087 -0.373 0.924
vn -0.022 -0.382 0.924
vn 0.02 -0.382 0.924
vn 0.08 -0.374 0.924
vn 0.157 -0.349 0.924
vn 0.226 -0.309 0.924
vn 0.272 -0.269 0.924
vn 0.297 -0.241 0.924
vn 0.327 -0.198 0.924
vn 0.358 -0.136 0.924
vn 0.376 -0.069 0.924
vn 0.382 -0.017 0.924
vn -0.038 0.381 0.924
vn -0.146 0.354 0.924
vn -0.271 0.271 0.924
vn -0.354 0.146 0.924
vn -0.381 0.038 0.924
vn -0.354 -0.146 -0.924
vn -0.381 -0.038 -0.924
vn -0.271 -0.271 -0.924
vn -0.146 -0.354 -0.924
vn -0.038 -0.381 -0.924
vn -0.653 -0.271 -0.707
vn -0.704 -0.069 -0.707
vn -0.5 -0.5 -0.707
vn -0.271 -0.653 -0.707
vn -0.069 -0.704 -0.707
vn -0.854 -0.354 -0.383
vn -0.919 -0.091 -0.383
vn -0.653 -0.653 -0.383
vn -0.354 -0.854 -0.383
vn -0.091 -0.919 -0.383
vn -0.924 -0.383 -0
vn -0.995 -0.098 -0
vn -0.707 -0.707 -0
vn -0.383 -0.924 -0
vn -0.098 -0.995 -0
vn -0.854 -0.354 0.383
vn -0.919 -0.091 0.383
vn -0.653 -0.653 0.383
vn -0.354 -0.854 0.383
vn -0.091 -0.919 0.383
vn -0.653 -0.271 0.707
vn -0.704 -0.069 0.707
vn -0.5 -0.5 0.707
vn -0.271 -0.653 0.707
vn -0.069 -0.704 0.707
vn -0.354 -0.146 0.924
vn -0.381 -0.038 0.924
vn -0.271 -0.271 0.924
vn -0.146 -0.354 0.924
vn -0.038 -0.381 0.924
vn 1 0 0
vn 0.976 0.173 0.134
vn 0.985 0.175 0
vn 0.991 0 0.134
vn 0.855 0.152 0.496
vn 0.868 0 0.496
vn -0.855 -0.152 0.496
vn -0.868 0 0.496
vn -0.976 -0.173 0.134
vn -0.991 0 0.134
vn -0.985 -0.175 0
vn -1 0 0
vn -0.976 -0.173 -0.134
vn -0.991 -0 -0.134
vn -0.855 -0.152 -0.496
vn -0.868 -0 -0.496
vn 0.855 0.152 -0.496
vn 0.868 0 -0.496
vn 0.976 0.173 -0.134
vn 0.991 0 -0.134
vn 0.731 0.67 0.134
vn 0.737 0.676 0
vn 0.64 0.587 0.496
vn -0.64 -0.587 0.496
vn -0.731 -0.67 0.134
vn -0.737 -0.676 0
vn -0.731 -0.67 -0.134
vn -0.64 -0.587 -0.496
vn 0.64 0.587 -0.496
vn 0.731 0.67 -0.134
vn 0.212 0.968 0.134
vn 0.214 0.977 0
vn 0.186 0.848 0.496
vn -0.186 -0.848 0.496
vn -0.212 -0.968 0.134
vn -0.214 -0.977 0
vn -0.212 -0.968 -0.134
vn -0.186 -0.848 -0.496
vn 0.186 0.848 -0.496
vn 0.212 0.968 -0.134
vn -0.395 0.909 0.134
vn -0.399 0.917 0
vn -0.346 0.796 0.496
vn 0.346 -0.796 0.496
vn 0.395 -0.909 0.134
vn 0.399 -0.917 0
vn 0.395 -0.909 -0.134
vn 0.346 -0.796 -0.496
vn -0.346 0.796 -0.496
vn -0.395 0.909 -0.134
vn -0.886 0.443 0.134
vn -0.894 0.447 0
vn -0.777 0.388 0.496
vn 0.777 -0.388 0.496
vn 0.886 -0.443 0.134
vn 0.894 -0.447 0
vn 0.886 -0.443 -0.134
vn 0.777 -0.388 -0.496
vn -0.777 0.388 -0.496
vn -0.886 0.443 -0.134
vn 0 -1 0
vn 0 -0.975 0.223
vn 0 -0.901 0.434
vn 0 -0.782 0.623
vn 0 -0.623 0.782
vn 0 -0.434 0.901
vn 0 -0.223 0.975
vn -0 0.223 0.975
vn -0 0.434 0.901
vn -0 0.623 0.782
vn -0 0.782 0.623
vn -0 0.901 0.434
vn -0 0.975 0.223
vn -0 1 0
vn -0 0.975 -0.223
vn -0 0.901 -0.434
vn -0 0.782 -0.623
vn -0 0.623 -0.782
vn -0 0.434 -0.901
vn -0 0.223 -0.975
vn 0 -0.223 -0.975
vn 0 -0.434 -0.901
vn 0 -0.623 -0.782
vn 0 -0.782 -0.623
vn 0 -0.901 -0.434
vn 0 -0.975 -0.223
vn -0 0.951 -0.309
vn -0 0.809 -0.588
vn -0 0.588 -0.809
vn -0 0.309 -0.951
vn 0 -0.309 -0.951
vn 0 -0.588 -0.809
vn 0 -0.809 -0.588
vn 0 -0.951 -0.309
vn 0 -0.951 0.309
vn 0 -0.809 0.588
vn 0 -0.588 0.809
vn 0 -0.309 0.951
vn -0 0.309 0.951
vn -0 0.588 0.809
vn -0 0.809 0.588
vn -0 0.951 0.309
f 1/1/1 2/2/1 3/3/2
f 1/1/1 3/3/2 4/4/3
f 2/2/1 5/5/4 6/6/1
f 2/2/1 5/5/4 3/3/2
f 6/6/1 7/7/5 8/8/1
f 6/6/1 7/7/5 5/5/4
f 8/8/1 9/9/1 10/10/6
f 8/8/1 10/10/6 7/7/5
f 9/9/1 11/11/1 12/12/7
f 9/9/1 12/12/7 10/10/6
f 11/11/1 13/13/1 14/14/8
f 11/11/1 14/14/8 12/12/7
f 13/13/1 15/15/9 16/16/1
f 13/13/1 15/15/9 14/14/8
f 16/16/1 17/17/10 18/18/1
f 16/16/1 17/17/10 15/15/9
f 18/18/1 19/19/1 20/20/11
f 18/18/1 20/20/11 17/17/10
f 19/19/1 21/21/1 22/22/12
f 19/19/1 22/22/12 20/20/11
f 21/21/1 23/23/1 24/24/13
f 21/21/1 24/24/13 22/22/12
f 23/23/1 25/25/14 26/26/1
f 23/23/1 25/25/14 24/24/13
f 26/26/1 27/27/15 28/28/1
f 26/26/1 27/27/15 25/25/14
f 28/28/1 29/29/1 30/30/16
f 28/28/1 30/30/16 27/27/15
f 29/29/1 31/31/1 32/32/17
f 29/29/1 32/32/17 30/30/16
f 31/31/1 33/33/1 34/34/18
f 31/31/1 34/34/18 32/32/17
f 33/33/1 35/35/19 36/36/1
f 33/33/1 35/35/19 34/34/18
f 36/36/1 37/37/20 38/38/1
f 36/36/1 37/37/20 35/35/19
f 38/38/1 39/39/1 40/40/21
f 38/38/1 40/40/21 37/37/20
f 39/39/1 1/1/1 4/4/3
f 39/39/1 4/4/3 40/40/21
f 4/4/3 3/3/2 41/41/22
f 4/4/3 41/41/22 42/42/23
f 3/3/2 5/5/4 43/43/24
f 3/3/2 43/43/24 41/41/22
f 5/5/4 7/7/5 44/44/25
f 5/5/4 44/44/25 43/43/24
f 7/7/5 10/10/6 45/45/26
f 7/7/5 45/45/26 44/44/25
f 10/10/6 12/12/7 46/46/27
f 10/10/6 46/46/27 45/45/26
f 12/12/7 14/14/8 47/47/28
f 12/12/7 47/47/28 46/46/27
f 14/14/8 15/15/9 48/48/29
f 14/14/8 48/48/29 47/47/28
f 15/15/9 17/17/10 49/49/30
f 15/15/9 49/49/30 48/48/29
f 17/17/10 20/20/11 50/50/31
f 17/17/10 50/50/31 49/49/30
f 20/20/11 22/22/12 51/51/32
f 20/20/11 51/51/32 50/50/31
f 22/22/12 24/24/13 52/52/33
f 22/22/12 52/52/33 51/51/32
f 24/24/13 25/25/14 53/53/34
f 24/24/13 53/53/34 52/52/33
f 25/25/14 27/27/15 54/54/35
f 25/25/14 54/54/35 53/53/34
f 27/27/15 30/30/16 55/55/36
f 27/27/15 55/55/36 54/54/35
f 30/30/16 32/32/17 56/56/37
f 30/30/16 56/56/37 55/55/36
f 32/32/17 34/34/18 57/57/38
f 32/32/17 57/57/38 56/56/37
f 34/34/18 35/35/19 58/58/39
f 34/34/18 58/58/39 57/57/38
f 35/35/19 37/37/20 59/59/40
f 35/35/19 59/59/40 58/58/39
f 37/37/20 40/40/21 60/60/41
f 37/37/20 60/60/41 59/59/40
f 40/40/21 4/4/3 42/42/23
f 40/40/21 42/42/23 60/60/41
f 42/42/23 41/41/22 61/61/42
f 42/62/23 61/62/42 62/62/43
f 41/41/22 43/43/24 63/63/44
f 41/62/22 63/62/44 61/62/42
f 43/43/24 44/44/25 64/64/45
f 43/62/24 64/62/45 63/62/44
f 44/44/25 45/45/26 65/65/46
f 44/62/25 65/62/46 64/62/45
f 45/45/26 46/46/27 66/66/47
f 45/62/26 66/62/47 65/62/46
f 46/46/27 47/47/28 67/67/48
f 46/62/27 67/62/48 66/62/47
f 47/47/28 48/48/29 68/68/49
f 47/62/28 68/62/49 67/62/48
f 48/48/29 49/49/30 69/69/50
f 48/62/29 69/62/50 68/62/49
f 49/49/30 50/50/31 70/70/51
f 49/62/30 70/62/51 69/62/50
f 50/50/31 51/51/32 71/71/52
f 50/62/31 71/62/52 70/62/51
f 51/51/32 52/52/33 72/72/53
f 51/62/32 72/62/53 71/62/52
f 52/52/33 53/53/34 73/73/54
f 52/62/33 73/62/54 72/62/53
f 53/53/34 54/54/35 74/74/55
f 53/62/34 74/62/55 73/62/54
f 54/54/35 55/55/36 75/75/56
f 54/62/35 75/62/56 74/62/55
f 55/55/36 56/56/37 76/76/57
f 55/62/36 76/62/57 75/62/56
f 56/56/37 57/57/38 77/77/58
f 56/62/37 77/62/58 76/62/57
f 57/57/38 58/58/39 78/78/59
f 57/62/38 78/62/59 77/62/58
f 58/58/39 59/59/40 79/79/60
f 58/62/39 79/62/60 78/62/59
f 59/59/40 60/60/41 80/80/61
f 59/62/40 80/62/61 79/62/60
f 60/60/41 42/42/23 62/81/43
f 60/62/41 62/62/43 80/62/61
f 62/62/43 61/62/42 81/62/62
f 62/62/43 81/62/62 82/62/63
f 61/62/42 63/62/44 83/62/64
f 61/62/42 83/62/64 81/62/62
f 63/62/44 64/62/45 84/62/65
f 63/62/44 84/62/65 83/62/64
f 64/62/45 65/62/46 85/62/66
f 64/62/45 85/62/66 84/62/65
f 65/62/46 66/62/47 86/62/67
f 65/62/46 86/62/67 85/62/66
f 66/62/47 67/62/48 87/62/68
f 66/62/47 87/62/68 86/62/67
f 67/62/48 68/62/49 88/62/69
f 67/62/48 88/62/69 87/62/68
f 68/62/49 69/62/50 89/62/70
f 68/62/49 89/62/70 88/62/69
f 69/62/50 70/62/51 90/62/71
f 69/62/50 90/62/71 89/62/70
f 70/62/51 71/62/52 91/62/72
f 70/62/51 91/62/72 90/62/71
f 71/62/52 72/62/53 92/62/73
f 71/62/52 92/62/73 91/62/72
f 72/62/53 73/62/54 93/62/74
f 72/62/53 93/62/74 92/62/73
f 73/62/54 74/62/55 94/62/75
f 73/62/54 94/62/75 93/62/74
f 74/62/55 75/62/56 95/62/76
f 74/62/55 95/62/76 94/62/75
f 75/62/56 76/62/57 96/62/77
f 75/62/56 96/62/77 95/62/76
f 76/62/57 77/62/58 97/62/78
f 76/62/57 97/62/78 96/62/77
f 77/62/58 78/62/59 98/62/79
f 77/62/58 98/62/79 97/62/78
f 78/62/59 79/62/60 99/62/80
f 78/62/59 99/62/80 98/62/79
f 79/62/60 80/62/61 100/62/81
f 79/62/60 100/62/81 99/62/80
f 80/62/61 62/62/43 82/62/63
f 80/62/61 82/62/63 100/62/81
f 82/62/63 81/62/62 101/62/62
f 82/62/63 101/62/62 102/62/63
f 81/62/62 83/62/64 103/62/64
f 81/62/62 103/62/64 101/62/62
f 83/62/64 84/62/65 104/62/65
f 83/62/64 104/62/65 103/62/64
f 84/62/65 85/62/66 105/62/66
f 84/62/65 105/62/66 104/62/65
f 85/62/66 86/62/67 106/62/67
f 85/62/66 106/62/67 105/62/66
f 86/62/67 87/62/68 107/62/68
f 86/62/67 107/62/68 106/62/67
f 87/62/68 88/62/69 108/62/69
f 87/62/68 108/62/69 107/62/68
f 88/62/69 89/62/70 109/62/70
f 88/62/69 109/62/70 108/62/69
f 89/62/70 90/62/71 110/62/71
f 89/62/70 110/62/71 109/62/70
f 90/62/71 91/62/72 111/62/72
f 90/62/71 111/62/72 110/62/71
f 91/62/72 92/62/73 112/62/73
f 91/62/72 112/62/73 111/62/72
f 92/62/73 93/62/74 113/62/74
f 92/62/73 113/62/74 112/62/73
f 93/62/74 94/62/75 114/62/75
f 93/62/74 114/62/75 113/62/74
f 94/62/75 95/62/76 115/62/76
f 94/62/75 115/62/76 114/62/75
f 95/62/76 96/62/77 116/62/77
f 95/62/76 116/62/77 115/62/76
f 96/62/77 97/62/78 117/62/78
f 96/62/77 117/62/78 116/62/77
f 97/62/78 98/62/79 118/62/79
f 97/62/78 118/62/79 117/62/78
f 98/62/79 99/62/80 119/62/80
f 98/62/79 119/62/80 118/62/79
f 99/62/80 100/62/81 120/62/81
f 99/62/80 120/62/81 119/62/80
f 100/62/81 82/62/63 102/62/63
f 100/62/81 102/62/63 120/62/81
f 102/62/63 101/62/62 121/62/82
f 102/62/63 121/62/82 122/62/83
f 101/62/62 103/62/64 123/62/84
f 101/62/62 123/62/84 121/62/82
f 103/62/64 104/62/65 124/62/85
f 103/62/64 124/62/85 123/62/84
f 104/62/65 105/62/66 125/62/86
f 104/62/65 125/62/86 124/62/85
f 105/62/66 106/62/67 126/62/87
f 105/62/66 126/62/87 125/62/86
f 106/62/67 107/62/68 127/62/88
f 106/62/67 127/62/88 126/62/87
f 107/62/68 108/62/69 128/62/89
f 107/62/68 128/62/89 127/62/88
f 108/62/69 109/62/70 129/62/90
f 108/62/69 129/62/90 128/62/89
f 109/62/70 110/62/71 130/62/91
f 109/62/70 130/62/91 129/62/90
f 110/62/71 111/62/72 131/62/92
f 110/62/71 131/62/92 130/62/91
f 111/62/72 112/62/73 132/62/93
f 111/62/72 132/62/93 131/62/92
f 112/62/73 113/62/74 133/62/94
f 112/62/73 133/62/94 132/62/93
f 113/62/74 114/62/75 134/62/95
f 113/62/74 134/62/95 133/62/94
f 114/62/75 115/62/76 135/62/96
f 114/62/75 135/62/96 134/62/95
f 115/62/76 116/62/77 136/62/97
f 115/62/76 136/62/97 135/62/96
f 116/62/77 117/62/78 137/62/98
f 116/62/77 137/62/98 136/62/97
f 117/62/78 118/62/79 138/62/99
f 117/62/78 138/62/99 137/62/98
f 118/62/79 119/62/80 139/62/100
f 118/62/79 139/62/100 138/62/99
f 119/62/80 120/62/81 140/62/101
f 119/62/80 140/62/101 139/62/100
f 120/62/81 102/62/63 122/62/83
f 120/62/81 122/62/83 140/62/101
f 122/62/83 121/62/82 141/62/102
f 122/82/83 141/83/102 142/84/103
f 121/62/82 123/62/84 143/62/104
f 121/85/82 143/86/104 141/83/102
f 123/62/84 124/62/85 144/62/105
f 123/87/84 144/88/105 143/86/104
f 124/62/85 125/62/86 145/62/106
f 124/89/85 145/90/106 144/88/105
f 125/62/86 126/62/87 146/62/107
f 125/91/86 146/92/107 145/90/106
f 126/62/87 127/62/88 147/62/108
f 126/93/87 147/94/108 146/92/107
f 127/62/88 128/62/89 148/62/109
f 127/95/88 148/96/109 147/94/108
f 128/62/89 129/62/90 149/62/110
f 128/97/89 149/98/110 148/96/109
f 129/62/90 130/62/91 150/62/111
f 129/99/90 150/100/111 149/98/110
f 130/62/91 131/62/92 151/62/112
f 130/101/91 151/102/112 150/100/111
f 131/62/92 132/62/93 152/62/113
f 131/103/92 152/104/113 151/102/112
f 132/62/93 133/62/94 153/62/114
f 132/105/93 153/106/114 152/104/113
f 133/62/94 134/62/95 154/62/115
f 133/107/94 154/108/115 153/106/114
f 134/62/95 135/62/96 155/62/116
f 134/109/95 155/110/116 154/108/115
f 135/62/96 136/62/97 156/62/117
f 135/111/96 156/112/117 155/110/116
f 136/62/97 137/62/98 157/62/118
f 136/113/97 157/114/118 156/112/117
f 137/62/98 138/62/99 158/62/119
f 137/115/98 158/116/119 157/114/118
f 138/62/99 139/62/100 159/62/120
f 138/117/99 159/118/120 158/116/119
f 139/62/100 140/62/101 160/62/121
f 139/119/100 160/120/121 159/118/120
f 140/62/101 122/62/83 142/62/103
f 140/121/101 142/84/103 160/120/121
f 142/84/103 141/83/102 161/122/122
f 142/84/103 161/122/122 162/123/123
f 141/83/102 143/86/104 163/124/124
f 141/83/102 163/124/124 161/122/122
f 143/86/104 144/88/105 164/125/125
f 143/86/104 164/125/125 163/124/124
f 144/88/105 145/90/106 165/126/126
f 144/88/105 165/126/126 164/125/125
f 145/90/106 146/92/107 166/127/127
f 145/90/106 166/127/127 165/126/126
f 146/92/107 147/94/108 167/128/128
f 146/92/107 167/128/128 166/127/127
f 147/94/108 148/96/109 168/129/129
f 147/94/108 168/129/129 167/128/128
f 148/96/109 149/98/110 169/130/130
f 148/96/109 169/130/130 168/129/129
f 149/98/110 150/100/111 170/131/131
f 149/98/110 170/131/131 169/130/130
f 150/100/111 151/102/112 171/132/132
f 150/100/111 171/132/132 170/131/131
f 151/102/112 152/104/113 172/133/133
f 151/102/112 172/133/133 171/132/132
f 152/104/113 153/106/114 173/134/134
f 152/104/113 173/134/134 172/133/133
f 153/106/114 154/108/115 174/135/135
f 153/106/114 174/135/135 173/134/134
f 154/108/115 155/110/116 175/136/136
f 154/108/115 175/136/136 174/135/135
f 155/110/116 156/112/117 176/137/137
f 155/110/116 176/137/137 175/136/136
f 156/112/117 157/114/118 177/138/138
f 156/112/117 177/138/138 176/137/137
f 157/114/118 158/116/119 178/139/139
f 157/114/118 178/139/139 177/138/138
f 158/116/119 159/118/120 179/140/140
f 158/116/119 179/140/140 178/139/139
f 159/118/120 160/120/121 180/141/141
f 159/118/120 180/141/141 179/140/140
f 160/120/121 142/84/103 162/123/123
f 160/120/121 162/123/123 180/141/141
f 162/123/123 161/122/122 181/142/142
f 162/123/123 181/142/142 182/143/142
f 161/122/122 163/124/124 183/144/142
f 161/122/122 181/142/142 183/144/142
f 163/124/124 164/125/125 184/145/142
f 163/124/124 183/144/142 184/145/142
f 164/125/125 165/126/126 185/146/142
f 164/125/125 185/146/142 184/145/142
f 165/126/126 166/127/127 186/147/142
f 165/126/126 186/147/142 185/146/142
f 166/127/127 167/128/128 187/148/142
f 166/127/127 187/148/142 186/147/142
f 167/128/128 168/129/129 188/149/142
f 167/128/128 187/148/142 188/149/142
f 168/129/129 169/130/130 189/150/142
f 168/129/129 188/149/142 189/150/142
f 169/130/130 170/131/131 190/151/142
f 169/130/130 190/151/142 189/150/142
f 170/131/131 171/132/132 191/152/142
f 170/131/131 191/152/142 190/151/142
f 171/132/132 172/133/133 192/153/142
f 171/132/132 192/153/142 191/152/142
f 172/133/133 173/134/134 193/154/142
f 172/133/133 192/153/142 193/154/142
f 173/134/134 174/135/135 194/155/142
f 173/134/134 193/154/142 194/155/142
f 174/135/135 175/136/136 195/156/142
f 174/135/135 195/156/142 194/155/142
f 175/136/136 176/137/137 196/157/142
f 175/136/136 196/157/142 195/156/142
f 176/137/137 177/138/138 197/158/142
f 176/137/137 197/158/142 196/157/142
f 177/138/138 178/139/139 198/159/142
f 177/138/138 197/158/142 198/159/142
f 178/139/139 179/140/140 199/160/142
f 178/139/139 198/159/142 199/160/142
f 179/140/140 180/141/141 200/161/142
f 179/140/140 200/161/142 199/160/142
f 180/141/141 162/123/123 182/143/142
f 180/141/141 182/143/142 200/161/142
f 201/162/1 2/2/1 1/1/1
f 201/162/1 2/2/1 6/6/1
f 201/162/1 6/6/1 8/8/1
f 201/162/1 9/9/1 8/8/1
f 201/162/1 11/11/1 9/9/1
f 201/162/1 13/13/1 11/11/1
f 201/162/1 13/13/1 16/16/1
f 201/162/1 16/16/1 18/18/1
f 201/162/1 19/19/1 18/18/1
f 201/162/1 21/21/1 19/19/1
f 201/162/1 23/23/1 21/21/1
f 201/162/1 23/23/1 26/26/1
f 201/162/1 26/26/1 28/28/1
f 201/162/1 29/29/1 28/28/1
f 201/162/1 31/31/1 29/29/1
f 201/162/1 33/33/1 31/31/1
f 201/162/1 33/33/1 36/36/1
f 201/162/1 36/36/1 38/38/1
f 201/162/1 39/39/1 38/38/1
f 201/162/1 1/1/1 39/39/1
f 202/163/142 182/143/142 181/142/142
f 202/163/142 183/144/142 181/142/142
f 202/163/142 184/145/142 183/144/142
f 202/163/142 184/145/142 185/146/142
f 202/163/142 185/146/142 186/147/142
f 202/163/142 186/147/142 187/148/142
f 202/163/142 188/149/142 187/148/142
f 202/163/142 189/150/142 188/149/142
f 202/163/142 189/150/142 190/151/142
f 202/163/142 190/151/142 191/152/142
f 202/163/142 191/152/142 192/153/142
f 202/163/142 193/154/142 192/153/142
f 202/163/142 194/155/142 193/154/142
f 202/163/142 194/155/142 195/156/142
f 202/163/142 195/156/142 196/157/142
f 202/163/142 196/157/142 197/158/142
f 202/163/142 198/159/142 197/158/142
f 202/163/142 199/160/142 198/159/142
f 202/163/142 199/160/142 200/161/142
f 202/163/142 200/161/142 182/143/142
f 203/164/1 204/165/143 205/166/1
f 203/164/1 204/165/143 206/167/3
f 205/166/1 207/168/4 208/169/1
f 205/166/1 204/165/143 207/168/4
f 208/169/1 209/170/5 210/171/1
f 208/169/1 207/168/4 209/170/5
f 210/171/1 211/172/6 212/173/1
f 210/171/1 211/172/6 209/170/5
f 212/173/1 213/174/1 214/175/7
f 212/173/1 214/175/7 211/172/6
f 213/174/1 215/176/8 216/177/1
f 213/174/1 215/176/8 214/175/7
f 216/177/1 217/176/9 218/178/1
f 216/177/1 215/176/8 217/176/9
f 218/178/1 217/176/10 219/179/1
f 218/178/1 217/176/9 217/176/10
f 219/179/1 220/180/11 221/181/1
f 219/179/1 220/180/11 217/176/10
f 221/181/1 222/182/1 223/183/12
f 221/181/1 223/183/12 220/180/11
f 222/182/1 224/184/144 225/185/1
f 222/182/1 224/184/144 223/183/12
f 225/185/1 226/186/14 227/187/1
f 225/185/1 224/184/144 226/186/14
f 227/187/1 228/188/15 229/189/1
f 227/187/1 226/186/14 228/188/15
f 229/189/1 230/190/16 231/191/1
f 229/189/1 230/190/16 228/188/15
f 231/191/1 232/192/1 233/193/17
f 231/191/1 233/193/17 230/190/16
f 232/192/1 234/194/18 235/195/1
f 232/192/1 234/194/18 233/193/17
f 235/195/1 236/194/19 237/196/1
f 235/195/1 234/194/18 236/194/19
f 237/196/1 236/194/20 238/197/1
f 237/196/1 236/194/19 236/194/20
f 238/197/1 239/198/21 240/199/1
f 238/197/1 239/198/21 236/194/20
f 240/199/1 203/164/1 206/167/3
f 240/199/1 206/167/3 239/198/21
f 206/167/3 204/165/143 241/200/145
f 206/167/3 241/200/145 242/201/146
f 204/165/143 243/202/24 207/168/4
f 204/165/143 243/202/24 241/200/145
f 207/168/4 244/203/25 209/170/5
f 207/168/4 244/203/25 243/202/24
f 209/170/5 211/172/6 245/204/26
f 209/170/5 245/204/26 244/203/25
f 211/172/6 214/175/7 246/205/27
f 211/172/6 246/205/27 245/204/26
f 214/175/7 215/176/8 247/206/28
f 214/175/7 247/206/28 246/205/27
f 215/176/8 248/207/29 217/176/9
f 215/176/8 248/207/29 247/206/28
f 217/176/9 249/208/30 217/176/10
f 217/176/9 249/208/30 248/207/29
f 217/176/10 220/180/11 250/209/147
f 217/176/10 250/209/147 249/208/30
f 220/180/11 223/183/12 251/210/148
f 220/180/11 251/210/148 250/209/147
f 223/183/12 224/184/144 252/211/149
f 223/183/12 252/211/149 251/210/148
f 224/184/144 253/212/34 226/186/14
f 224/184/144 253/212/34 252/211/149
f 226/186/14 254/213/35 228/188/15
f 226/186/14 254/213/35 253/212/34
f 228/188/15 230/190/16 255/214/36
f 228/188/15 255/214/36 254/213/35
f 230/190/16 233/193/17 256/215/37
f 230/190/16 256/215/37 255/214/36
f 233/193/17 234/194/18 257/216/38
f 233/193/17 257/216/38 256/215/37
f 234/194/18 258/217/39 236/194/19
f 234/194/18 258/217/39 257/216/38
f 236/194/19 259/218/40 236/194/20
f 236/194/19 259/218/40 258/217/39
f 236/194/20 239/198/21 260/219/150
f 236/194/20 260/219/150 259/218/40
f 239/198/21 206/167/3 242/201/146
f 239/198/21 242/201/146 260/219/150
f 242/201/146 241/200/145 261/220/151
f 242/221/146 261/221/151 262/221/43
f 241/200/145 243/202/24 263/222/44
f 241/221/145 263/221/44 261/221/151
f 243/202/24 244/203/25 264/223/45
f 243/221/24 264/221/45 263/221/44
f 244/203/25 245/204/26 265/224/46
f 244/221/25 265/221/46 264/221/45
f 245/204/26 246/205/27 266/225/47
f 245/221/26 266/221/47 265/221/46
f 246/205/27 247/206/28 267/226/48
f 246/221/27 267/221/48 266/221/47
f 247/206/28 248/207/29 268/227/49
f 247/221/28 268/221/49 267/221/48
f 248/207/29 249/208/30 269/228/152
f 248/221/29 269/221/152 268/221/49
f 249/208/30 250/209/147 270/229/51
f 249/221/30 270/221/51 269/221/152
f 250/209/147 251/210/148 271/230/52
f 250/221/147 271/221/52 270/221/51
f 251/210/148 252/211/149 272/231/153
f 251/221/148 272/221/153 271/221/52
f 252/211/149 253/212/34 273/232/54
f 252/221/149 273/221/54 272/221/153
f 253/212/34 254/213/35 274/233/55
f 253/221/34 274/221/55 273/221/54
f 254/213/35 255/214/36 275/234/56
f 254/221/35 275/221/56 274/221/55
f 255/214/36 256/215/37 276/235/57
f 255/221/36 276/221/57 275/221/56
f 256/215/37 257/216/38 277/236/58
f 256/221/37 277/221/58 276/221/57
f 257/216/38 258/217/39 278/237/59
f 257/221/38 278/221/59 277/221/58
f 258/217/39 259/218/40 279/238/154
f 258/221/39 279/221/154 278/221/59
f 259/218/40 260/219/150 280/239/61
f 259/221/40 280/221/61 279/221/154
f 260/219/150 242/201/146 262/240/43
f 260/221/150 262/221/43 280/221/61
f 262/221/43 261/221/151 281/221/62
f 262/221/43 281/221/62 282/221/63
f 261/221/151 263/221/44 283/221/64
f 261/221/151 283/221/64 281/221/62
f 263/221/44 264/221/45 284/221/155
f 263/221/44 284/221/155 283/221/64
f 264/221/45 265/221/46 285/221/66
f 264/221/45 285/221/66 284/221/155
f 265/221/46 266/221/47 286/221/67
f 265/221/46 286/221/67 285/221/66
f 266/221/47 267/221/48 287/221/68
f 266/221/47 287/221/68 286/221/67
f 267/221/48 268/221/49 288/221/69
f 267/221/48 288/221/69 287/221/68
f 268/221/49 269/221/152 289/221/70
f 268/221/49 289/221/70 288/221/69
f 269/221/152 270/221/51 290/221/156
f 269/221/152 290/221/156 289/221/70
f 270/221/51 271/221/52 291/221/72
f 270/221/51 291/221/72 290/221/156
f 271/221/52 272/221/153 292/221/73
f 271/221/52 292/221/73 291/221/72
f 272/221/153 273/221/54 293/221/74
f 272/221/153 293/221/74 292/221/73
f 273/221/54 274/221/55 294/221/157
f 273/221/54 294/221/157 293/221/74
f 274/221/55 275/221/56 295/221/76
f 274/221/55 295/221/76 294/221/157
f 275/221/56 276/221/57 296/221/77
f 275/221/56 296/221/77 295/221/76
f 276/221/57 277/221/58 297/221/78
f 276/221/57 297/221/78 296/221/77
f 277/221/58 278/221/59 298/221/79
f 277/221/58 298/221/79 297/221/78
f 278/221/59 279/221/154 299/221/80
f 278/221/59 299/221/80 298/221/79
f 279/221/154 280/221/61 300/221/158
f 279/221/154 300/221/158 299/221/80
f 280/221/61 262/221/43 282/221/63
f 280/221/61 282/221/63 300/221/158
f 282/221/63 281/221/62 301/221/62
f 282/221/63 301/221/62 302/221/63
f 281/221/62 283/221/64 303/221/64
f 281/221/62 303/221/64 301/221/62
f 283/221/64 284/221/155 304/221/155
f 283/221/64 304/221/155 303/221/64
f 284/221/155 285/221/66 305/221/66
f 284/221/155 305/221/66 304/221/155
f 285/221/66 286/221/67 306/221/67
f 285/221/66 306/221/67 305/221/66
f 286/221/67 287/221/68 307/221/68
f 286/221/67 307/221/68 306/221/67
f 287/221/68 288/221/69 308/221/69
f 287/221/68 308/221/69 307/221/68
f 288/221/69 289/221/70 309/221/70
f 288/221/69 309/221/70 308/221/69
f 289/221/70 290/221/156 310/221/156
f 289/221/70 310/221/156 309/221/70
f 290/221/156 291/221/72 311/221/72
f 290/221/156 311/221/72 310/221/156
f 291/221/72 292/221/73 312/221/73
f 291/221/72 312/221/73 311/221/72
f 292/221/73 293/221/74 313/221/74
f 292/221/73 313/221/74 312/221/73
f 293/221/74 294/221/157 314/221/157
f 293/221/74 314/221/157 313/221/74
f 294/221/157 295/221/76 315/221/76
f 294/221/157 315/221/76 314/221/157
f 295/221/76 296/221/77 316/221/77
f 295/221/76 316/221/77 315/221/76
f 296/221/77 297/221/78 317/221/78
f 296/221/77 317/221/78 316/221/77
f 297/221/78 298/221/79 318/221/79
f 297/221/78 318/221/79 317/221/78
f 298/221/79 299/221/80 319/221/80
f 298/221/79 319/221/80 318/221/79
f 299/221/80 300/221/158 320/221/158
f 299/221/80 320/221/158 319/221/80
f 300/221/158 282/221/63 302/221/63
f 300/221/158 302/221/63 320/221/158
f 302/221/63 301/221/62 321/221/159
f 302/221/63 321/221/159 322/221/83
f 301/221/62 303/221/64 323/221/84
f 301/221/62 323/221/84 321/221/159
f 303/221/64 304/221/155 324/221/85
f 303/221/64 324/221/85 323/221/84
f 304/221/155 305/221/66 325/221/86
f 304/221/155 325/221/86 324/221/85
f 305/221/66 306/221/67 326/221/87
f 305/221/66 326/221/87 325/221/86
f 306/221/67 307/221/68 327/221/88
f 306/221/67 327/221/88 326/221/87
f 307/221/68 308/221/69 328/221/89
f 307/221/68 328/221/89 327/221/88
f 308/221/69 309/221/70 329/221/160
f 308/221/69 329/221/160 328/221/89
f 309/221/70 310/221/156 330/221/91
f 309/221/70 330/221/91 329/221/160
f 310/221/156 311/221/72 331/221/92
f 310/221/156 331/221/92 330/221/91
f 311/221/72 312/221/73 332/221/161
f 311/221/72 332/221/161 331/221/92
f 312/221/73 313/221/74 333/221/94
f 312/221/73 333/221/94 332/221/161
f 313/221/74 314/221/157 334/221/95
f 313/221/74 334/221/95 333/221/94
f 314/221/157 315/221/76 335/221/96
f 314/221/157 335/221/96 334/221/95
f 315/221/76 316/221/77 336/221/97
f 315/221/76 336/221/97 335/221/96
f 316/221/77 317/221/78 337/221/98
f 316/221/77 337/221/98 336/221/97
f 317/221/78 318/221/79 338/221/99
f 317/221/78 338/221/99 337/221/98
f 318/221/79 319/221/80 339/221/162
f 318/221/79 339/221/162 338/221/99
f 319/221/80 320/221/158 340/221/101
f 319/221/80 340/221/101 339/221/162
f 320/221/158 302/221/63 322/221/83
f 320/221/158 322/221/83 340/221/101
f 322/221/83 321/221/159 341/221/163
f 322/241/83 341/242/163 342/243/164
f 321/221/159 323/221/84 343/221/104
f 321/244/159 343/245/104 341/242/163
f 323/221/84 324/221/85 344/221/105
f 323/246/84 344/247/105 343/245/104
f 324/221/85 325/221/86 345/221/106
f 324/248/85 345/249/106 344/247/105
f 325/221/86 326/221/87 346/221/107
f 325/250/86 346/251/107 345/249/106
f 326/221/87 327/221/88 347/221/108
f 326/252/87 347/253/108 346/251/107
f 327/221/88 328/221/89 348/221/109
f 327/254/88 348/255/109 347/253/108
f 328/221/89 329/221/160 349/221/110
f 328/256/89 349/257/110 348/255/109
f 329/221/160 330/221/91 350/221/165
f 329/258/160 350/259/165 349/257/110
f 330/221/91 331/221/92 351/221/166
f 330/260/91 351/261/166 350/259/165
f 331/221/92 332/221/161 352/221/167
f 331/262/92 352/263/167 351/261/166
f 332/221/161 333/221/94 353/221/114
f 332/264/161 353/265/114 352/263/167
f 333/221/94 334/221/95 354/221/115
f 333/266/94 354/267/115 353/265/114
f 334/221/95 335/221/96 355/221/116
f 334/268/95 355/269/116 354/267/115
f 335/221/96 336/221/97 356/221/117
f 335/270/96 356/271/117 355/269/116
f 336/221/97 337/221/98 357/221/118
f 336/272/97 357/273/118 356/271/117
f 337/221/98 338/221/99 358/221/119
f 337/274/98 358/275/119 357/273/118
f 338/221/99 339/221/162 359/221/120
f 338/276/99 359/277/120 358/275/119
f 339/221/162 340/221/101 360/221/168
f 339/278/162 360/279/168 359/277/120
f 340/221/101 322/221/83 342/221/164
f 340/280/101 342/243/164 360/279/168
f 342/243/164 341/242/163 361/281/169
f 342/243/164 361/281/169 362/282/123
f 341/242/163 343/245/104 363/283/124
f 341/242/163 361/281/169 363/283/124
f 343/245/104 344/247/105 364/284/125
f 343/245/104 363/283/124 364/284/125
f 344/247/105 345/249/106 365/285/126
f 344/247/105 365/285/126 364/284/125
f 345/249/106 346/251/107 366/286/127
f 345/249/106 366/286/127 365/285/126
f 346/251/107 347/253/108 367/287/128
f 346/251/107 367/287/128 366/286/127
f 347/253/108 348/255/109 368/287/129
f 347/253/108 367/287/128 368/287/129
f 348/255/109 349/257/110 368/287/130
f 348/255/109 368/287/129 368/287/130
f 349/257/110 350/259/165 369/288/131
f 349/257/110 369/288/131 368/287/130
f 350/259/165 351/261/166 370/289/132
f 350/259/165 370/289/132 369/288/131
f 351/261/166 352/263/167 371/290/170
f 351/261/166 371/290/170 370/289/132
f 352/263/167 353/265/114 372/291/134
f 352/263/167 371/290/170 372/291/134
f 353/265/114 354/267/115 373/292/135
f 353/265/114 372/291/134 373/292/135
f 354/267/115 355/269/116 374/293/136
f 354/267/115 374/293/136 373/292/135
f 355/269/116 356/271/117 375/294/137
f 355/269/116 375/294/137 374/293/136
f 356/271/117 357/273/118 376/295/138
f 356/271/117 376/295/138 375/294/137
f 357/273/118 358/275/119 377/295/139
f 357/273/118 376/295/138 377/295/139
f 358/275/119 359/277/120 377/295/140
f 358/275/119 377/295/139 377/295/140
f 359/277/120 360/279/168 378/296/141
f 359/277/120 378/296/141 377/295/140
f 360/279/168 342/243/164 362/282/123
f 360/279/168 362/282/123 378/296/141
f 362/282/123 361/281/169 379/297/142
f 362/282/123 380/298/142 379/297/142
f 361/281/169 381/299/142 363/283/124
f 361/281/169 379/297/142 381/299/142
f 363/283/124 382/300/142 364/284/125
f 363/283/124 381/299/142 382/300/142
f 364/284/125 365/285/126 383/301/142
f 364/284/125 382/300/142 383/301/142
f 365/285/126 366/286/127 384/302/142
f 365/285/126 384/302/142 383/301/142
f 366/286/127 367/287/128 385/303/142
f 366/286/127 384/302/142 385/303/142
f 367/287/128 386/304/142 368/287/129
f 367/287/128 385/303/142 386/304/142
f 368/287/129 387/305/142 368/287/130
f 368/287/129 386/304/142 387/305/142
f 368/287/130 369/288/131 388/306/142
f 368/287/130 387/305/142 388/306/142
f 369/288/131 370/289/132 389/307/142
f 369/288/131 389/307/142 388/306/142
f 370/289/132 371/290/170 390/308/142
f 370/289/132 389/307/142 390/308/142
f 371/290/170 391/309/142 372/291/134
f 371/290/170 390/308/142 391/309/142
f 372/291/134 392/310/142 373/292/135
f 372/291/134 391/309/142 392/310/142
f 373/292/135 374/293/136 393/311/142
f 373/292/135 392/310/142 393/311/142
f 374/293/136 375/294/137 394/312/142
f 374/293/136 394/312/142 393/311/142
f 375/294/137 376/295/138 395/313/142
f 375/294/137 394/312/142 395/313/142
f 376/295/138 396/314/142 377/295/139
f 376/295/138 395/313/142 396/314/142
f 377/295/139 397/315/142 377/295/140
f 377/295/139 396/314/142 397/315/142
f 377/295/140 378/296/141 398/316/142
f 377/295/140 397/315/142 398/316/142
f 378/296/141 362/282/123 380/298/142
f 378/296/141 380/298/142 398/316/142
f 399/317/1 203/164/1 205/166/1
f 399/317/1 205/166/1 208/169/1
f 399/317/1 208/169/1 210/171/1
f 399/317/1 210/171/1 212/173/1
f 399/317/1 213/174/1 212/173/1
f 399/317/1 213/174/1 216/177/1
f 399/317/1 216/177/1 218/178/1
f 399/317/1 218/178/1 219/179/1
f 399/317/1 219/179/1 221/181/1
f 399/317/1 222/182/1 221/181/1
f 399/317/1 222/182/1 225/185/1
f 399/317/1 225/185/1 227/187/1
f 399/317/1 227/187/1 229/189/1
f 399/317/1 229/189/1 231/191/1
f 399/317/1 232/192/1 231/191/1
f 399/317/1 232/192/1 235/195/1
f 399/317/1 235/195/1 237/196/1
f 399/317/1 237/196/1 238/197/1
f 399/317/1 238/197/1 240/199/1
f 399/317/1 203/164/1 240/199/1
f 400/318/142 379/297/142 380/298/142
f 400/318/142 381/299/142 379/297/142
f 400/318/142 382/300/142 381/299/142
f 400/318/142 383/301/142 382/300/142
f 400/318/142 383/301/142 384/302/142
f 400/318/142 385/303/142 384/302/142
f 400/318/142 386/304/142 385/303/142
f 400/318/142 387/305/142 386/304/142
f 400/318/142 388/306/142 387/305/142
f 400/318/142 388/306/142 389/307/142
f 400/318/142 390/308/142 389/307/142
f 400/318/142 391/309/142 390/308/142
f 400/318/142 392/310/142 391/309/142
f 400/318/142 393/311/142 392/310/142
f 400/318/142 393/311/142 394/312/142
f 400/318/142 395/313/142 394/312/142
f 400/318/142 396/314/142 395/313/142
f 400/318/142 397/315/142 396/314/142
f 400/318/142 398/316/142 397/315/142
f 400/318/142 398/316/142 380/298/142
f 401/319/1 402/320/171 403/321/1
f 401/319/1 402/320/171 404/322/172
f 403/321/1 405/323/173 406/324/1
f 403/321/1 405/323/173 402/320/171
f 406/324/1 407/325/174 408/326/1
f 406/324/1 407/325/174 405/323/173
f 408/326/1 409/327/175 410/328/1
f 408/326/1 409/327/175 407/325/174
f 410/328/1 411/329/1 412/330/176
f 410/328/1 412/330/176 409/327/175
f 411/329/1 413/331/177 414/332/1
f 411/329/1 413/331/177 412/330/176
f 414/332/1 415/333/178 416/334/1
f 414/332/1 415/333/178 413/331/177
f 416/334/1 417/335/179 418/336/1
f 416/334/1 417/335/179 415/333/178
f 418/336/1 419/337/180 420/338/1
f 418/336/1 419/337/180 417/335/179
f 420/338/1 421/339/1 422/340/181
f 420/338/1 422/340/181 419/337/180
f 421/339/1 423/341/182 424/342/1
f 421/339/1 423/341/182 422/340/181
f 424/342/1 425/343/183 426/344/1
f 424/342/1 425/343/183 423/341/182
f 426/344/1 427/345/184 428/346/1
f 426/344/1 427/345/184 425/343/183
f 428/346/1 429/347/185 430/348/1
f 428/346/1 429/347/185 427/345/184
f 430/348/1 431/349/1 432/350/186
f 430/348/1 432/350/186 429/347/185
f 431/349/1 433/351/187 434/352/1
f 431/349/1 433/351/187 432/350/186
f 434/352/1 435/353/188 436/354/1
f 434/352/1 435/353/188 433/351/187
f 436/354/1 437/355/189 438/356/1
f 436/354/1 437/355/189 435/353/188
f 438/356/1 439/357/190 440/358/1
f 438/356/1 439/357/190 437/355/189
f 440/358/1 441/359/1 442/360/191
f 440/358/1 442/360/191 439/357/190
f 441/359/1 443/361/192 444/362/1
f 441/359/1 443/361/192 442/360/191
f 444/362/1 445/363/193 446/364/1
f 444/362/1 445/363/193 443/361/192
f 446/364/1 447/365/194 448/366/1
f 446/364/1 447/365/194 445/363/193
f 448/366/1 449/367/195 450/368/1
f 448/366/1 449/367/195 447/365/194
f 450/368/1 451/369/1 452/370/196
f 450/368/1 452/370/196 449/367/195
f 451/369/1 453/371/197 454/372/1
f 451/369/1 453/371/197 452/370/196
f 454/372/1 455/373/198 456/374/1
f 454/372/1 455/373/198 453/371/197
f 456/374/1 457/375/199 458/376/1
f 456/374/1 457/375/199 455/373/198
f 458/376/1 459/377/200 460/378/1
f 458/376/1 459/377/200 457/375/199
f 460/378/1 401/319/1 404/322/172
f 460/378/1 404/322/172 459/377/200
f 404/322/172 402/320/171 461/379/201
f 404/322/172 461/379/201 462/380/202
f 402/320/171 405/323/173 463/381/203
f 402/320/171 463/381/203 461/379/201
f 405/323/173 407/325/174 464/382/204
f 405/323/173 464/382/204 463/381/203
f 407/325/174 409/327/175 465/383/205
f 407/325/174 465/383/205 464/382/204
f 409/327/175 412/330/176 466/384/206
f 409/327/175 466/384/206 465/383/205
f 412/330/176 413/331/177 467/385/207
f 412/330/176 467/385/207 466/384/206
f 413/331/177 415/333/178 468/386/208
f 413/331/177 468/386/208 467/385/207
f 415/333/178 417/335/179 469/387/209
f 415/333/178 469/387/209 468/386/208
f 417/335/179 419/337/180 470/388/210
f 417/335/179 470/388/210 469/387/209
f 419/337/180 422/340/181 471/389/211
f 419/337/180 471/389/211 470/388/210
f 422/340/181 423/341/182 472/390/212
f 422/340/181 472/390/212 471/389/211
f 423/341/182 425/343/183 473/391/213
f 423/341/182 473/391/213 472/390/212
f 425/343/183 427/345/184 474/392/214
f 425/343/183 474/392/214 473/391/213
f 427/345/184 429/347/185 475/393/215
f 427/345/184 475/393/215 474/392/214
f 429/347/185 432/350/186 476/394/216
f 429/347/185 476/394/216 475/393/215
f 432/350/186 433/351/187 477/395/217
f 432/350/186 477/395/217 476/394/216
f 433/351/187 435/353/188 478/396/218
f 433/351/187 478/396/218 477/395/217
f 435/353/188 437/355/189 479/397/219
f 435/353/188 479/397/219 478/396/218
f 437/355/189 439/357/190 480/398/220
f 437/355/189 480/398/220 479/397/219
f 439/357/190 442/360/191 481/399/221
f 439/357/190 481/399/221 480/398/220
f 442/360/191 443/361/192 482/400/222
f 442/360/191 482/400/222 481/399/221
f 443/361/192 445/363/193 483/401/223
f 443/361/192 483/401/223 482/400/222
f 445/363/193 447/365/194 484/402/224
f 445/363/193 484/402/224 483/401/223
f 447/365/194 449/367/195 485/403/225
f 447/365/194 485/403/225 484/402/224
f 449/367/195 452/370/196 486/404/226
f 449/367/195 486/404/226 485/403/225
f 452/370/196 453/371/197 487/405/227
f 452/370/196 487/405/227 486/404/226
f 453/371/197 455/373/198 488/406/228
f 453/371/197 488/406/228 487/405/227
f 455/373/198 457/375/199 489/407/229
f 455/373/198 489/407/229 488/406/228
f 457/375/199 459/377/200 490/408/230
f 457/375/199 490/408/230 489/407/229
f 459/377/200 404/322/172 462/380/202
f 459/377/200 462/380/202 490/408/230
f 462/380/202 461/379/201 491/409/231
f 462/410/202 491/410/231 492/410/232
f 461/379/201 463/381/203 493/411/233
f 461/410/201 493/410/233 491/410/231
f 463/381/203 464/382/204 494/412/234
f 463/410/203 494/410/234 493/410/233
f 464/382/204 465/383/205 495/413/235
f 464/410/204 495/410/235 494/410/234
f 465/383/205 466/384/206 496/414/236
f 465/410/205 496/410/236 495/410/235
f 466/384/206 467/385/207 497/415/237
f 466/410/206 497/410/237 496/410/236
f 467/385/207 468/386/208 498/416/238
f 467/410/207 498/410/238 497/410/237
f 468/386/208 469/387/209 499/417/239
f 468/410/208 499/410/239 498/410/238
f 469/387/209 470/388/210 500/418/240
f 469/410/209 500/410/240 499/410/239
f 470/388/210 471/389/211 501/419/241
f 470/410/210 501/410/241 500/410/240
f 471/389/211 472/390/212 502/420/242
f 471/410/211 502/410/242 501/410/241
f 472/390/212 473/391/213 503/421/243
f 472/410/212 503/410/243 502/410/242
f 473/391/213 474/392/214 504/422/244
f 473/410/213 504/410/244 503/410/243
f 474/392/214 475/393/215 505/423/245
f 474/410/214 505/410/245 504/410/244
f 475/393/215 476/394/216 506/424/246
f 475/410/215 506/410/246 505/410/245
f 476/394/216 477/395/217 507/425/247
f 476/410/216 507/410/247 506/410/246
f 477/395/217 478/396/218 508/426/248
f 477/410/217 508/410/248 507/410/247
f 478/396/218 479/397/219 509/427/249
f 478/410/218 509/410/249 508/410/248
f 479/397/219 480/398/220 510/428/250
f 479/410/219 510/410/250 509/410/249
f 480/398/220 481/399/221 511/429/251
f 480/410/220 511/410/251 510/410/250
f 481/399/221 482/400/222 512/430/252
f 481/410/221 512/410/252 511/410/251
f 482/400/222 483/401/223 513/431/253
f 482/410/222 513/410/253 512/410/252
f 483/401/223 484/402/224 514/432/254
f 483/410/223 514/410/254 513/410/253
f 484/402/224 485/403/225 515/433/255
f 484/410/224 515/410/255 514/410/254
f 485/403/225 486/404/226 516/434/256
f 485/410/225 516/410/256 515/410/255
f 486/404/226 487/405/227 517/435/257
f 486/410/226 517/410/257 516/410/256
f 487/405/227 488/406/228 518/436/258
f 487/410/227 518/410/258 517/410/257
f 488/406/228 489/407/229 519/437/259
f 488/410/228 519/410/259 518/410/258
f 489/407/229 490/408/230 520/438/260
f 489/410/229 520/410/260 519/410/259
f 490/408/230 462/380/202 492/439/232
f 490/410/230 492/410/232 520/410/260
f 492/410/232 491/410/231 521/410/261
f 492/410/232 521/410/261 522/410/262
f 491/410/231 493/410/233 523/410/263
f 491/410/231 523/410/263 521/410/261
f 493/410/233 494/410/234 524/410/264
f 493/410/233 524/410/264 523/410/263
f 494/410/234 495/410/235 525/410/265
f 494/410/234 525/410/265 524/410/264
f 495/410/235 496/410/236 526/410/266
f 495/410/235 526/410/266 525/410/265
f 496/410/236 497/410/237 527/410/267
f 496/410/236 527/410/267 526/410/266
f 497/410/237 498/410/238 528/410/268
f 497/410/237 528/410/268 527/410/267
f 498/410/238 499/410/239 529/410/269
f 498/410/238 529/410/269 528/410/268
f 499/410/239 500/410/240 530/410/270
f 499/410/239 530/410/270 529/410/269
f 500/410/240 501/410/241 531/410/271
f 500/410/240 531/410/271 530/410/270
f 501/410/241 502/410/242 532/410/272
f 501/410/241 532/410/272 531/410/271
f 502/410/242 503/410/243 533/410/273
f 502/410/242 533/410/273 532/410/272
f 503/410/243 504/410/244 534/410/274
f 503/410/243 534/410/274 533/410/273
f 504/410/244 505/410/245 535/410/275
f 504/410/244 535/410/275 534/410/274
f 505/410/245 506/410/246 536/410/276
f 505/410/245 536/410/276 535/410/275
f 506/410/246 507/410/247 537/410/277
f 506/410/246 537/410/277 536/410/276
f 507/410/247 508/410/248 538/410/278
f 507/410/247 538/410/278 537/410/277
f 508/410/248 509/410/249 539/410/279
f 508/410/248 539/410/279 538/410/278
f 509/410/249 510/410/250 540/410/280
f 509/410/249 540/410/280 539/410/279
f 510/410/250 511/410/251 541/410/281
f 510/410/250 541/410/281 540/410/280
f 511/410/251 512/410/252 542/410/282
f 511/410/251 542/410/282 541/410/281
f 512/410/252 513/410/253 543/410/283
f 512/410/252 543/410/283 542/410/282
f 513/410/253 514/410/254 544/410/284
f 513/410/253 544/410/284 543/410/283
f 514/410/254 515/410/255 545/410/285
f 514/410/254 545/410/285 544/410/284
f 515/410/255 516/410/256 546/410/286
f 515/410/255 546/410/286 545/410/285
f 516/410/256 517/410/257 547/410/287
f 516/410/256 547/410/287 546/410/286
f 517/410/257 518/410/258 548/410/288
f 517/410/257 548/410/288 547/410/287
f 518/410/258 519/410/259 549/410/289
f 518/410/258 549/410/289 548/410/288
f 519/410/259 520/410/260 550/410/290
f 519/410/259 550/410/290 549/410/289
f 520/410/260 492/410/232 522/410/262
f 520/410/260 522/410/262 550/410/290
f 522/410/262 521/410/261 551/410/261
f 522/410/262 551/410/261 552/410/262
f 521/410/261 523/410/263 553/410/263
f 521/410/261 553/410/263 551/410/261
f 523/410/263 524/410/264 554/410/264
f 523/410/263 554/410/264 553/410/263
f 524/410/264 525/410/265 555/410/265
f 524/410/264 555/410/265 554/410/264
f 525/410/265 526/410/266 556/410/266
f 525/410/265 556/410/266 555/410/265
f 526/410/266 527/410/267 557/410/267
f 526/410/266 557/410/267 556/410/266
f 527/410/267 528/410/268 558/410/268
f 527/410/267 558/410/268 557/410/267
f 528/410/268 529/410/269 559/410/269
f 528/410/268 559/410/269 558/410/268
f 529/410/269 530/410/270 560/410/270
f 529/410/269 560/410/270 559/410/269
f 530/410/270 531/410/271 561/410/271
f 530/410/270 561/410/271 560/410/270
f 531/410/271 532/410/272 562/410/272
f 531/410/271 562/410/272 561/410/271
f 532/410/272 533/410/273 563/410/273
f 532/410/272 563/410/273 562/410/272
f 533/410/273 534/410/274 564/410/274
f 533/410/273 564/410/274 563/410/273
f 534/410/274 535/410/275 565/410/275
f 534/410/274 565/410/275 564/410/274
f 535/410/275 536/410/276 566/410/276
f 535/410/275 566/410/276 565/410/275
f 536/410/276 537/410/277 567/410/277
f 536/410/276 567/410/277 566/410/276
f 537/410/277 538/410/278 568/410/278
f 537/410/277 568/410/278 567/410/277
f 538/410/278 539/410/279 569/410/279
f 538/410/278 569/410/279 568/410/278
f 539/410/279 540/410/280 570/410/280
f 539/410/279 570/410/280 569/410/279
f 540/410/280 541/410/281 571/410/281
f 540/410/280 571/410/281 570/410/280
f 541/410/281 542/410/282 572/410/282
f 541/410/281 572/410/282 571/410/281
f 542/410/282 543/410/283 573/410/283
f 542/410/282 573/410/283 572/410/282
f 543/410/283 544/410/284 574/410/284
f 543/410/283 574/410/284 573/410/283
f 544/410/284 545/410/285 575/410/285
f 544/410/284 575/410/285 574/410/284
f 545/410/285 546/410/286 576/410/286
f 545/410/285 576/410/286 575/410/285
f 546/410/286 547/410/287 577/410/287
f 546/410/286 577/410/287 576/410/286
f 547/410/287 548/410/288 578/410/288
f 547/410/287 578/410/288 577/410/287
f 548/410/288 549/410/289 579/410/289
f 548/410/288 579/410/289 578/410/288
f 549/410/289 550/410/290 580/410/290
f 549/410/289 580/410/290 579/410/289
f 550/410/290 522/410/262 552/410/262
f 550/410/290 552/410/262 580/410/290
f 552/410/262 551/410/261 581/410/291
f 552/410/262 581/410/291 582/410/292
f 551/410/261 553/410/263 583/410/293
f 551/410/261 583/410/293 581/410/291
f 553/410/263 554/410/264 584/410/294
f 553/410/263 584/410/294 583/410/293
f 554/410/264 555/410/265 585/410/295
f 554/410/264 585/410/295 584/410/294
f 555/410/265 556/410/266 586/410/296
f 555/410/265 586/410/296 585/410/295
f 556/410/266 557/410/267 587/410/297
f 556/410/266 587/410/297 586/410/296
f 557/410/267 558/410/268 588/410/298
f 557/410/267 588/410/298 587/410/297
f 558/410/268 559/410/269 589/410/299
f 558/410/268 589/410/299 588/410/298
f 559/410/269 560/410/270 590/410/300
f 559/410/269 590/410/300 589/410/299
f 560/410/270 561/410/271 591/410/301
f 560/410/270 591/410/301 590/410/300
f 561/410/271 562/410/272 592/410/302
f 561/410/271 592/410/302 591/410/301
f 562/410/272 563/410/273 593/410/303
f 562/410/272 593/410/303 592/410/302
f 563/410/273 564/410/274 594/410/304
f 563/410/273 594/410/304 593/410/303
f 564/410/274 565/410/275 595/410/305
f 564/410/274 595/410/305 594/410/304
f 565/410/275 566/410/276 596/410/306
f 565/410/275 596/410/306 595/410/305
f 566/410/276 567/410/277 597/410/307
f 566/410/276 597/410/307 596/410/306
f 567/410/277 568/410/278 598/410/308
f 567/410/277 598/410/308 597/410/307
f 568/410/278 569/410/279 599/410/309
f 568/410/278 599/410/309 598/410/308
f 569/410/279 570/410/280 600/410/310
f 569/410/279 600/410/310 599/410/309
f 570/410/280 571/410/281 601/410/311
f 570/410/280 601/410/311 600/410/310
f 571/410/281 572/410/282 602/410/312
f 571/410/281 602/410/312 601/410/311
f 572/410/282 573/410/283 603/410/313
f 572/410/282 603/410/313 602/410/312
f 573/410/283 574/410/284 604/410/314
f 573/410/283 604/410/314 603/410/313
f 574/410/284 575/410/285 605/410/315
f 574/410/284 605/410/315 604/410/314
f 575/410/285 576/410/286 606/410/316
f 575/410/285 606/410/316 605/410/315
f 576/410/286 577/410/287 607/410/317
f 576/410/286 607/410/317 606/410/316
f 577/410/287 578/410/288 608/410/318
f 577/410/287 608/410/318 607/410/317
f 578/410/288 579/410/289 609/410/319
f 578/410/288 609/410/319 608/410/318
f 579/410/289 580/410/290 610/410/320
f 579/410/289 610/410/320 609/410/319
f 580/410/290 552/410/262 582/410/292
f 580/410/290 582/410/292 610/410/320
f 582/410/292 581/410/291 611/410/321
f 582/440/292 611/441/321 612/442/322
f 581/410/291 583/410/293 613/410/323
f 581/443/291 613/444/323 611/441/321
f 583/410/293 584/410/294 614/410/324
f 583/445/293 614/446/324 613/444/323
f 584/410/294 585/410/295 615/410/325
f 584/447/294 615/448/325 614/446/324
f 585/410/295 586/410/296 616/410/326
f 585/449/295 616/450/326 615/448/325
f 586/410/296 587/410/297 617/410/327
f 586/451/296 617/452/327 616/450/326
f 587/410/297 588/410/298 618/410/328
f 587/453/297 618/454/328 617/452/327
f 588/410/298 589/410/299 619/410/329
f 588/455/298 619/456/329 618/454/328
f 589/410/299 590/410/300 620/410/330
f 589/457/299 620/458/330 619/456/329
f 590/410/300 591/410/301 621/410/331
f 590/459/300 621/460/331 620/458/330
f 591/410/301 592/410/302 622/410/332
f 591/461/301 622/462/332 621/460/331
f 592/410/302 593/410/303 623/410/333
f 592/463/302 623/464/333 622/462/332
f 593/410/303 594/410/304 624/410/334
f 593/465/303 624/466/334 623/464/333
f 594/410/304 595/410/305 625/410/335
f 594/467/304 625/468/335 624/466/334
f 595/410/305 596/410/306 626/410/336
f 595/469/305 626/470/336 625/468/335
f 596/410/306 597/410/307 627/410/337
f 596/471/306 627/472/337 626/470/336
f 597/410/307 598/410/308 628/410/338
f 597/473/307 628/474/338 627/472/337
f 598/410/308 599/410/309 629/410/339
f 598/475/308 629/476/339 628/474/338
f 599/410/309 600/410/310 630/410/340
f 599/477/309 630/478/340 629/476/339
f 600/410/310 601/410/311 631/410/341
f 600/479/310 631/480/341 630/478/340
f 601/410/311 602/410/312 632/410/342
f 601/481/311 632/482/342 631/480/341
f 602/410/312 603/410/313 633/410/343
f 602/483/312 633/484/343 632/482/342
f 603/410/313 604/410/314 634/410/344
f 603/485/313 634/486/344 633/484/343
f 604/410/314 605/410/315 635/410/345
f 604/487/314 635/488/345 634/486/344
f 605/410/315 606/410/316 636/410/346
f 605/489/315 636/490/346 635/488/345
f 606/410/316 607/410/317 637/410/347
f 606/491/316 637/492/347 636/490/346
f 607/410/317 608/410/318 638/410/348
f 607/493/317 638/494/348 637/492/347
f 608/410/318 609/410/319 639/410/349
f 608/495/318 639/496/349 638/494/348
f 609/410/319 610/410/320 640/410/350
f 609/497/319 640/498/350 639/496/349
f 610/410/320 582/410/292 612/410/322
f 610/499/320 612/442/322 640/498/350
f 612/442/322 611/441/321 641/500/351
f 612/442/322 641/500/351 642/501/352
f 611/441/321 613/444/323 643/502/353
f 611/441/321 643/502/353 641/500/351
f 613/444/323 614/446/324 644/503/354
f 613/444/323 644/503/354 643/502/353
f 614/446/324 615/448/325 645/504/355
f 614/446/324 645/504/355 644/503/354
f 615/448/325 616/450/326 646/505/356
f 615/448/325 646/505/356 645/504/355
f 616/450/326 617/452/327 647/506/357
f 616/450/326 647/506/357 646/505/356
f 617/452/327 618/454/328 648/507/358
f 617/452/327 648/507/358 647/506/357
f 618/454/328 619/456/329 649/508/359
f 618/454/328 649/508/359 648/507/358
f 619/456/329 620/458/330 650/509/360
f 619/456/329 650/509/360 649/508/359
f 620/458/330 621/460/331 651/510/361
f 620/458/330 651/510/361 650/509/360
f 621/460/331 622/462/332 652/511/362
f 621/460/331 652/511/362 651/510/361
f 622/462/332 623/464/333 653/512/363
f 622/462/332 653/512/363 652/511/362
f 623/464/333 624/466/334 654/513/364
f 623/464/333 654/513/364 653/512/363
f 624/466/334 625/468/335 655/514/365
f 624/466/334 655/514/365 654/513/364
f 625/468/335 626/470/336 656/515/366
f 625/468/335 656/515/366 655/514/365
f 626/470/336 627/472/337 657/516/367
f 626/470/336 657/516/367 656/515/366
f 627/472/337 628/474/338 658/517/368
f 627/472/337 658/517/368 657/516/367
f 628/474/338 629/476/339 659/518/369
f 628/474/338 659/518/369 658/517/368
f 629/476/339 630/478/340 660/519/370
f 629/476/339 660/519/370 659/518/369
f 630/478/340 631/480/341 661/520/371
f 630/478/340 661/520/371 660/519/370
f 631/480/341 632/482/342 662/521/372
f 631/480/341 662/521/372 661/520/371
f 632/482/342 633/484/343 663/522/373
f 632/482/342 663/522/373 662/521/372
f 633/484/343 634/486/344 664/523/374
f 633/484/343 664/523/374 663/522/373
f 634/486/344 635/488/345 665/524/375
f 634/486/344 665/524/375 664/523/374
f 635/488/345 636/490/346 666/525/376
f 635/488/345 666/525/376 665/524/375
f 636/490/346 637/492/347 667/526/377
f 636/490/346 667/526/377 666/525/376
f 637/492/347 638/494/348 668/527/378
f 637/492/347 668/527/378 667/526/377
f 638/494/348 639/496/349 669/528/379
f 638/494/348 669/528/379 668/527/378
f 639/496/349 640/498/350 670/529/380
f 639/496/349 670/529/380 669/528/379
f 640/498/350 612/442/322 642/501/352
f 640/498/350 642/501/352 670/529/380
f 642/501/352 641/500/351 671/530/142
f 642/501/352 672/531/142 671/530/142
f 641/500/351 643/502/353 673/532/142
f 641/500/351 671/530/142 673/532/142
f 643/502/353 644/503/354 674/533/142
f 643/502/353 673/532/142 674/533/142
f 644/503/354 645/504/355 675/534/142
f 644/503/354 674/533/142 675/534/142
f 645/504/355 646/505/356 676/535/142
f 645/504/355 676/535/142 675/534/142
f 646/505/356 647/506/357 677/536/142
f 646/505/356 676/535/142 677/536/142
f 647/506/357 648/507/358 678/537/142
f 647/506/357 677/536/142 678/537/142
f 648/507/358 649/508/359 679/538/142
f 648/507/358 678/537/142 679/538/142
f 649/508/359 650/509/360 680/539/142
f 649/508/359 679/538/142 680/539/142
f 650/509/360 651/510/361 681/540/142
f 650/509/360 681/540/142 680/539/142
f 651/510/361 652/511/362 682/541/142
f 651/510/361 681/540/142 682/541/142
f 652/511/362 653/512/363 683/542/142
f 652/511/362 682/541/142 683/542/142
f 653/512/363 654/513/364 684/543/142
f 653/512/363 683/542/142 684/543/142
f 654/513/364 655/514/365 685/544/142
f 654/513/364 684/543/142 685/544/142
f 655/514/365 656/515/366 686/545/142
f 655/514/365 686/545/142 685/544/142
f 656/515/366 657/516/367 687/546/142
f 656/515/366 686/545/142 687/546/142
f 657/516/367 658/517/368 688/547/142
f 657/516/367 687/546/142 688/547/142
f 658/517/368 659/518/369 689/548/142
f 658/517/368 688/547/142 689/548/142
f 659/518/369 660/519/370 690/549/142
f 659/518/369 689/548/142 690/549/142
f 660/519/370 661/520/371 691/550/142
f 660/519/370 691/550/142 690/549/142
f 661/520/371 662/521/372 692/551/142
f 661/520/371 691/550/142 692/551/142
f 662/521/372 663/522/373 693/552/142
f 662/521/372 692/551/142 693/552/142
f 663/522/373 664/523/374 694/553/142
f 663/522/373 693/552/142 694/553/142
f 664/523/374 665/524/375 695/554/142
f 664/523/374 694/553/142 695/554/142
f 665/524/375 666/525/376 696/555/142
f 665/524/375 696/555/142 695/554/142
f 666/525/376 667/526/377 697/556/142
f 666/525/376 696/555/142 697/556/142
f 667/526/377 668/527/378 698/557/142
f 667/526/377 697/556/142 698/557/142
f 668/527/378 669/528/379 699/558/142
f 668/527/378 698/557/142 699/558/142
f 669/528/379 670/529/380 700/559/142
f 669/528/379 699/558/142 700/559/142
f 670/529/380 642/501/352 672/531/142
f 670/529/380 672/531/142 700/559/142
f 701/560/1 401/319/1 403/321/1
f 701/560/1 403/321/1 406/324/1
f 701/560/1 406/324/1 408/326/1
f 701/560/1 408/326/1 410/328/1
f 701/560/1 411/329/1 410/328/1
f 701/560/1 411/329/1 414/332/1
f 701/560/1 414/332/1 416/334/1
f 701/560/1 416/334/1 418/336/1
f 701/560/1 418/336/1 420/338/1
f 701/560/1 421/339/1 420/338/1
f 701/560/1 421/339/1 424/342/1
f 701/560/1 424/342/1 426/344/1
f 701/560/1 426/344/1 428/346/1
f 701/560/1 428/346/1 430/348/1
f 701/560/1 431/349/1 430/348/1
f 701/560/1 431/349/1 434/352/1
f 701/560/1 434/352/1 436/354/1
f 701/560/1 436/354/1 438/356/1
f 701/560/1 438/356/1 440/358/1
f 701/560/1 441/359/1 440/358/1
f 701/560/1 441/359/1 444/362/1
f 701/560/1 444/362/1 446/364/1
f 701/560/1 446/364/1 448/366/1
f 701/560/1 448/366/1 450/368/1
f 701/560/1 451/369/1 450/368/1
f 701/560/1 451/369/1 454/372/1
f 701/560/1 454/372/1 456/374/1
f 701/560/1 456/374/1 458/376/1
f 701/560/1 458/376/1 460/378/1
f 701/560/1 401/319/1 460/378/1
f 702/561/142 671/530/142 672/531/142
f 702/561/142 673/532/142 671/530/142
f 702/561/142 674/533/142 673/532/142
f 702/561/142 675/534/142 674/533/142
f 702/561/142 675/534/142 676/535/142
f 702/561/142 677/536/142 676/535/142
f 702/561/142 678/537/142 677/536/142
f 702/561/142 679/538/142 678/537/142
f 702/561/142 680/539/142 679/538/142
f 702/561/142 680/539/142 681/540/142
f 702/561/142 682/541/142 681/540/142
f 702/561/142 683/542/142 682/541/142
f 702/561/142 684/543/142 683/542/142
f 702/561/142 685/544/142 684/543/142
f 702/561/142 685/544/142 686/545/142
f 702/561/142 687/546/142 686/545/142
f 702/561/142 688/547/142 687/546/142
f 702/561/142 689/548/142 688/547/142
f 702/561/142 690/549/142 689/548/142
f 702/561/142 690/549/142 691/550/142
f 702/561/142 692/551/142 691/550/142
f 702/561/142 693/552/142 692/551/142
f 702/561/142 694/553/142 693/552/142
f 702/561/142 695/554/142 694/553/142
f 702/561/142 695/554/142 696/555/142
f 702/561/142 697/556/142 696/555/142
f 702/561/142 698/557/142 697/556/142
f 702/561/142 699/558/142 698/557/142
f 702/561/142 700/559/142 699/558/142
f 702/561/142 700/559/142 672/531/142
f 703/562/1 704/563/381 705/564/1
f 703/562/1 704/563/381 706/565/382
f 705/564/1 707/566/383 708/567/1
f 705/564/1 707/566/383 704/563/381
f 708/567/1 709/568/384 710/569/1
f 708/567/1 709/568/384 707/566/383
f 710/569/1 711/570/385 712/571/1
f 710/569/1 711/570/385 709/568/384
f 712/571/1 713/572/1 714/573/386
f 712/571/1 714/573/386 711/570/385
f 713/572/1 715/574/387 716/575/1
f 713/572/1 715/574/387 714/573/386
f 716/575/1 717/576/388 718/577/1
f 716/575/1 717/576/388 715/574/387
f 718/577/1 719/578/389 720/579/1
f 718/577/1 719/578/389 717/576/388
f 720/579/1 721/580/390 722/581/1
f 720/579/1 721/580/390 719/578/389
f 722/581/1 723/582/1 724/583/391
f 722/581/1 724/583/391 721/580/390
f 723/582/1 725/584/392 726/585/1
f 723/582/1 725/584/392 724/583/391
f 726/585/1 727/586/393 728/587/1
f 726/585/1 727/586/393 725/584/392
f 728/587/1 729/588/394 730/589/1
f 728/587/1 729/588/394 727/586/393
f 730/589/1 731/590/395 732/591/1
f 730/589/1 731/590/395 729/588/394
f 732/591/1 733/592/1 734/593/396
f 732/591/1 734/593/396 731/590/395
f 733/592/1 735/594/397 736/595/1
f 733/592/1 735/594/397 734/593/396
f 736/595/1 737/596/398 738/597/1
f 736/595/1 737/596/398 735/594/397
f 738/597/1 739/598/399 740/599/1
f 738/597/1 739/598/399 737/596/398
f 740/599/1 741/600/400 742/601/1
f 740/599/1 741/600/400 739/598/399
f 742/601/1 703/562/1 706/565/382
f 742/601/1 706/565/382 741/600/400
f 706/565/382 704/563/381 743/602/401
f 706/565/382 743/602/401 744/603/402
f 704/563/381 707/566/383 745/604/403
f 704/563/381 745/604/403 743/602/401
f 707/566/383 709/568/384 746/605/404
f 707/566/383 746/605/404 745/604/403
f 709/568/384 711/570/385 747/606/405
f 709/568/384 747/606/405 746/605/404
f 711/570/385 714/573/386 748/607/406
f 711/570/385 748/607/406 747/606/405
f 714/573/386 715/574/387 749/608/407
f 714/573/386 749/608/407 748/607/406
f 715/574/387 717/576/388 750/609/408
f 715/574/387 750/609/408 749/608/407
f 717/576/388 719/578/389 751/610/409
f 717/576/388 751/610/409 750/609/408
f 719/578/389 721/580/390 752/611/410
f 719/578/389 752/611/410 751/610/409
f 721/580/390 724/583/391 753/612/411
f 721/580/390 753/612/411 752/611/410
f 724/583/391 725/584/392 754/613/412
f 724/583/391 754/613/412 753/612/411
f 725/584/392 727/586/393 755/614/413
f 725/584/392 755/614/413 754/613/412
f 727/586/393 729/588/394 756/615/414
f 727/586/393 756/615/414 755/614/413
f 729/588/394 731/590/395 757/616/415
f 729/588/394 757/616/415 756/615/414
f 731/590/395 734/593/396 758/617/416
f 731/590/395 758/617/416 757/616/415
f 734/593/396 735/594/397 759/618/417
f 734/593/396 759/618/417 758/617/416
f 735/594/397 737/596/398 760/619/418
f 735/594/397 760/619/418 759/618/417
f 737/596/398 739/598/399 761/620/419
f 737/596/398 761/620/419 760/619/418
f 739/598/399 741/600/400 762/621/420
f 739/598/399 762/621/420 761/620/419
f 741/600/400 706/565/382 744/603/402
f 741/600/400 744/603/402 762/621/420
f 744/603/402 743/602/401 763/622/421
f 744/623/402 763/623/421 764/623/422
f 743/602/401 745/604/403 765/624/423
f 743/623/401 765/623/423 763/623/421
f 745/604/403 746/605/404 766/625/424
f 745/623/403 766/623/424 765/623/423
f 746/605/404 747/606/405 767/626/425
f 746/623/404 767/623/425 766/623/424
f 747/606/405 748/607/406 768/627/426
f 747/623/405 768/623/426 767/623/425
f 748/607/406 749/608/407 769/628/427
f 748/623/406 769/623/427 768/623/426
f 749/608/407 750/609/408 770/629/428
f 749/623/407 770/623/428 769/623/427
f 750/609/408 751/610/409 771/630/429
f 750/623/408 771/623/429 770/623/428
f 751/610/409 752/611/410 772/631/430
f 751/623/409 772/623/430 771/623/429
f 752/611/410 753/612/411 773/632/431
f 752/623/410 773/623/431 772/623/430
f 753/612/411 754/613/412 774/633/432
f 753/623/411 774/623/432 773/623/431
f 754/613/412 755/614/413 775/634/433
f 754/623/412 775/623/433 774/623/432
f 755/614/413 756/615/414 776/635/434
f 755/623/413 776/623/434 775/623/433
f 756/615/414 757/616/415 777/636/435
f 756/623/414 777/623/435 776/623/434
f 757/616/415 758/617/416 778/637/436
f 757/623/415 778/623/436 777/623/435
f 758/617/416 759/618/417 779/638/437
f 758/623/416 779/623/437 778/623/436
f 759/618/417 760/619/418 780/639/438
f 759/623/417 780/623/438 779/623/437
f 760/619/418 761/620/419 781/640/439
f 760/623/418 781/623/439 780/623/438
f 761/620/419 762/621/420 782/641/440
f 761/623/419 782/623/440 781/623/439
f 762/621/420 744/603/402 764/642/422
f 762/623/420 764/623/422 782/623/440
f 764/623/422 763/623/421 783/623/441
f 764/623/422 783/623/441 784/623/442
f 763/623/421 765/623/423 785/623/443
f 763/623/421 785/623/443 783/623/441
f 765/623/423 766/623/424 786/623/444
f 765/623/423 786/623/444 785/623/443
f 766/623/424 767/623/425 787/623/445
f 766/623/424 787/623/445 786/623/444
f 767/623/425 768/623/426 788/623/446
f 767/623/425 788/623/446 787/623/445
f 768/623/426 769/623/427 789/623/447
f 768/623/426 789/623/447 788/623/446
f 769/623/427 770/623/428 790/623/448
f 769/623/427 790/623/448 789/623/447
f 770/623/428 771/623/429 791/623/449
f 770/623/428 791/623/449 790/623/448
f 771/623/429 772/623/430 792/623/450
f 771/623/429 792/623/450 791/623/449
f 772/623/430 773/623/431 793/623/451
f 772/623/430 793/623/451 792/623/450
f 773/623/431 774/623/432 794/623/452
f 773/623/431 794/623/452 793/623/451
f 774/623/432 775/623/433 795/623/453
f 774/623/432 795/623/453 794/623/452
f 775/623/433 776/623/434 796/623/454
f 775/623/433 796/623/454 795/623/453
f 776/623/434 777/623/435 797/623/455
f 776/623/434 797/623/455 796/623/454
f 777/623/435 778/623/436 798/623/456
f 777/623/435 798/623/456 797/623/455
f 778/623/436 779/623/437 799/623/457
f 778/623/436 799/623/457 798/623/456
f 779/623/437 780/623/438 800/623/458
f 779/623/437 800/623/458 799/623/457
f 780/623/438 781/623/439 801/623/459
f 780/623/438 801/623/459 800/623/458
f 781/623/439 782/623/440 802/623/460
f 781/623/439 802/623/460 801/623/459
f 782/623/440 764/623/422 784/623/442
f 782/623/440 784/623/442 802/623/460
f 784/623/442 783/623/441 803/623/441
f 784/623/442 803/623/441 804/623/442
f 783/623/441 785/623/443 805/623/443
f 783/623/441 805/623/443 803/623/441
f 785/623/443 786/623/444 806/623/444
f 785/623/443 806/623/444 805/623/443
f 786/623/444 787/623/445 807/623/445
f 786/623/444 807/623/445 806/623/444
f 787/623/445 788/623/446 808/623/446
f 787/623/445 808/623/446 807/623/445
f 788/623/446 789/623/447 809/623/447
f 788/623/446 809/623/447 808/623/446
f 789/623/447 790/623/448 810/623/448
f 789/623/447 810/623/448 809/623/447
f 790/623/448 791/623/449 811/623/449
f 790/623/448 811/623/449 810/623/448
f 791/623/449 792/623/450 812/623/450
f 791/623/449 812/623/450 811/623/449
f 792/623/450 793/623/451 813/623/451
f 792/623/450 813/623/451 812/623/450
f 793/623/451 794/623/452 814/623/452
f 793/623/451 814/623/452 813/623/451
f 794/623/452 795/623/453 815/623/453
f 794/623/452 815/623/453 814/623/452
f 795/623/453 796/623/454 816/623/454
f 795/623/453 816/623/454 815/623/453
f 796/623/454 797/623/455 817/623/455
f 796/623/454 817/623/455 816/623/454
f 797/623/455 798/623/456 818/623/456
f 797/623/455 818/623/456 817/623/455
f 798/623/456 799/623/457 819/623/457
f 798/623/456 819/623/457 818/623/456
f 799/623/457 800/623/458 820/623/458
f 799/623/457 820/623/458 819/623/457
f 800/623/458 801/623/459 821/623/459
f 800/623/458 821/623/459 820/623/458
f 801/623/459 802/623/460 822/623/460
f 801/623/459 822/623/460 821/623/459
f 802/623/460 784/623/442 804/623/442
f 802/623/460 804/623/442 822/623/460
f 804/623/442 803/623/441 823/623/461
f 804/623/442 823/623/461 824/623/462
f 803/623/441 805/623/443 825/623/463
f 803/623/441 825/623/463 823/623/461
f 805/623/443 806/623/444 826/623/464
f 805/623/443 826/623/464 825/623/463
f 806/623/444 807/623/445 827/623/465
f 806/623/444 827/623/465 826/623/464
f 807/623/445 808/623/446 828/623/466
f 807/623/445 828/623/466 827/623/465
f 808/623/446 809/623/447 829/623/467
f 808/623/446 829/623/467 828/623/466
f 809/623/447 810/623/448 830/623/468
f 809/623/447 830/623/468 829/623/467
f 810/623/448 811/623/449 831/623/469
f 810/623/448 831/623/469 830/623/468
f 811/623/449 812/623/450 832/623/470
f 811/623/449 832/623/470 831/623/469
f 812/623/450 813/623/451 833/623/471
f 812/623/450 833/623/471 832/623/470
f 813/623/451 814/623/452 834/623/472
f 813/623/451 834/623/472 833/623/471
f 814/623/452 815/623/453 835/623/473
f 814/623/452 835/623/473 834/623/472
f 815/623/453 816/623/454 836/623/474
f 815/623/453 836/623/474 835/623/473
f 816/623/454 817/623/455 837/623/475
f 816/623/454 837/623/475 836/623/474
f 817/623/455 818/623/456 838/623/476
f 817/623/455 838/623/476 837/623/475
f 818/623/456 819/623/457 839/623/477
f 818/623/456 839/623/477 838/623/476
f 819/623/457 820/623/458 840/623/478
f 819/623/457 840/623/478 839/623/477
f 820/623/458 821/623/459 841/623/479
f 820/623/458 841/623/479 840/623/478
f 821/623/459 822/623/460 842/623/480
f 821/623/459 842/623/480 841/623/479
f 822/623/460 804/623/442 824/623/462
f 822/623/460 824/623/462 842/623/480
f 824/623/462 823/623/461 843/623/481
f 824/643/462 843/644/481 844/645/482
f 823/623/461 825/623/463 845/623/483
f 823/646/461 845/647/483 843/644/481
f 825/623/463 826/623/464 846/623/484
f 825/648/463 846/649/484 845/647/483
f 826/623/464 827/623/465 847/623/485
f 826/650/464 847/651/485 846/649/484
f 827/623/465 828/623/466 848/623/486
f 827/652/465 848/653/486 847/651/485
f 828/623/466 829/623/467 849/623/487
f 828/654/466 849/655/487 848/653/486
f 829/623/467 830/623/468 850/623/488
f 829/656/467 850/657/488 849/655/487
f 830/623/468 831/623/469 851/623/489
f 830/658/468 851/659/489 850/657/488
f 831/623/469 832/623/470 852/623/490
f 831/660/469 852/661/490 851/659/489
f 832/623/470 833/623/471 853/623/491
f 832/662/470 853/663/491 852/661/490
f 833/623/471 834/623/472 854/623/492
f 833/664/471 854/665/492 853/663/491
f 834/623/472 835/623/473 855/623/493
f 834/666/472 855/667/493 854/665/492
f 835/623/473 836/623/474 856/623/494
f 835/668/473 856/669/494 855/667/493
f 836/623/474 837/623/475 857/623/495
f 836/670/474 857/671/495 856/669/494
f 837/623/475 838/623/476 858/623/496
f 837/672/475 858/673/496 857/671/495
f 838/623/476 839/623/477 859/623/497
f 838/674/476 859/675/497 858/673/496
f 839/623/477 840/623/478 860/623/498
f 839/676/477 860/677/498 859/675/497
f 840/623/478 841/623/479 861/623/499
f 840/678/478 861/679/499 860/677/498
f 841/623/479 842/623/480 862/623/500
f 841/680/479 862/681/500 861/679/499
f 842/623/480 824/623/462 844/623/482
f 842/682/480 844/645/482 862/681/500
f 844/645/482 843/644/481 863/683/501
f 844/645/482 863/683/501 864/684/502
f 843/644/481 845/647/483 865/685/503
f 843/644/481 865/685/503 863/683/501
f 845/647/483 846/649/484 866/686/504
f 845/647/483 866/686/504 865/685/503
f 846/649/484 847/651/485 867/687/505
f 846/649/484 867/687/505 866/686/504
f 847/651/485 848/653/486 868/688/506
f 847/651/485 868/688/506 867/687/505
f 848/653/486 849/655/487 869/689/507
f 848/653/486 869/689/507 868/688/506
f 849/655/487 850/657/488 870/690/508
f 849/655/487 870/690/508 869/689/507
f 850/657/488 851/659/489 871/691/509
f 850/657/488 871/691/509 870/690/508
f 851/659/489 852/661/490 872/692/510
f 851/659/489 872/692/510 871/691/509
f 852/661/490 853/663/491 873/693/511
f 852/661/490 873/693/511 872/692/510
f 853/663/491 854/665/492 874/694/512
f 853/663/491 874/694/512 873/693/511
f 854/665/492 855/667/493 875/695/513
f 854/665/492 875/695/513 874/694/512
f 855/667/493 856/669/494 876/696/514
f 855/667/493 876/696/514 875/695/513
f 856/669/494 857/671/495 877/697/515
f 856/669/494 877/697/515 876/696/514
f 857/671/495 858/673/496 878/698/516
f 857/671/495 878/698/516 877/697/515
f 858/673/496 859/675/497 879/699/517
f 858/673/496 879/699/517 878/698/516
f 859/675/497 860/677/498 880/700/518
f 859/675/497 880/700/518 879/699/517
f 860/677/498 861/679/499 881/701/519
f 860/677/498 881/701/519 880/700/518
f 861/679/499 862/681/500 882/702/520
f 861/679/499 882/702/520 881/701/519
f 862/681/500 844/645/482 864/684/502
f 862/681/500 864/684/502 882/702/520
f 864/684/502 863/683/501 883/703/142
f 864/684/502 884/704/142 883/703/142
f 863/683/501 865/685/503 885/705/142
f 863/683/501 883/703/142 885/705/142
f 865/685/503 866/686/504 886/706/142
f 865/685/503 885/705/142 886/706/142
f 866/686/504 867/687/505 887/707/142
f 866/686/504 886/706/142 887/707/142
f 867/687/505 868/688/506 888/708/142
f 867/687/505 888/708/142 887/707/142
f 868/688/506 869/689/507 889/709/142
f 868/688/506 888/708/142 889/709/142
f 869/689/507 870/690/508 890/710/142
f 869/689/507 889/709/142 890/710/142
f 870/690/508 871/691/509 891/711/142
f 870/690/508 890/710/142 891/711/142
f 871/691/509 872/692/510 892/712/142
f 871/691/509 891/711/142 892/712/142
f 872/692/510 873/693/511 893/713/142
f 872/692/510 893/713/142 892/712/142
f 873/693/511 874/694/512 894/714/142
f 873/693/511 893/713/142 894/714/142
f 874/694/512 875/695/513 895/715/142
f 874/694/512 894/714/142 895/715/142
f 875/695/513 876/696/514 896/716/142
f 875/695/513 895/715/142 896/716/142
f 876/696/514 877/697/515 897/717/142
f 876/696/514 896/716/142 897/717/142
f 877/697/515 878/698/516 898/718/142
f 877/697/515 898/718/142 897/717/142
f 878/698/516 879/699/517 899/719/142
f 878/698/516 898/718/142 899/719/142
f 879/699/517 880/700/518 900/720/142
f 879/699/517 899/719/142 900/720/142
f 880/700/518 881/701/519 901/721/142
f 880/700/518 900/720/142 901/721/142
f 881/701/519 882/702/520 902/722/142
f 881/701/519 901/721/142 902/722/142
f 882/702/520 864/684/502 884/704/142
f 882/702/520 884/704/142 902/722/142
f 903/723/1 703/562/1 705/564/1
f 903/723/1 705/564/1 708/567/1
f 903/723/1 708/567/1 710/569/1
f 903/723/1 710/569/1 712/571/1
f 903/723/1 713/572/1 712/571/1
f 903/723/1 713/572/1 716/575/1
f 903/723/1 716/575/1 718/577/1
f 903/723/1 718/577/1 720/579/1
f 903/723/1 720/579/1 722/581/1
f 903/723/1 723/582/1 722/581/1
f 903/723/1 723/582/1 726/585/1
f 903/723/1 726/585/1 728/587/1
f 903/723/1 728/587/1 730/589/1
f 903/723/1 730/589/1 732/591/1
f 903/723/1 733/592/1 732/591/1
f 903/723/1 733/592/1 736/595/1
f 903/723/1 736/595/1 738/597/1
f 903/723/1 738/597/1 740/599/1
f 903/723/1 740/599/1 742/601/1
f 903/723/1 703/562/1 742/601/1
f 904/724/142 883/703/142 884/704/142
f 904/724/142 885/705/142 883/703/142
f 904/724/142 886/706/142 885/705/142
f 904/724/142 887/707/142 886/706/142
f 904/724/142 887/707/142 888/708/142
f 904/724/142 889/709/142 888/708/142
f 904/724/142 890/710/142 889/709/142
f 904/724/142 891/711/142 890/710/142
f 904/724/142 892/712/142 891/711/142
f 904/724/142 892/712/142 893/713/142
f 904/724/142 894/714/142 893/713/142
f 904/724/142 895/715/142 894/714/142
f 904/724/142 896/716/142 895/715/142
f 904/724/142 897/717/142 896/716/142
f 904/724/142 897/717/142 898/718/142
f 904/724/142 899/719/142 898/718/142
f 904/724/142 900/720/142 899/719/142
f 904/724/142 901/721/142 900/720/142
f 904/724/142 902/722/142 901/721/142
f 904/724/142 902/722/142 884/704/142
f 905/725/1 906/726/1 907/727/521
f 905/725/1 907/727/521 908/728/522
f 906/726/1 909/729/1 910/730/172
f 906/726/1 910/730/172 907/727/521
f 909/729/1 911/731/1 912/732/523
f 909/729/1 912/732/523 910/730/172
f 911/731/1 913/733/1 914/734/524
f 911/731/1 914/734/524 912/732/523
f 913/733/1 915/735/1 916/736/525
f 913/733/1 916/736/525 914/734/524
f 915/735/1 917/737/1 918/738/526
f 915/735/1 918/738/526 916/736/525
f 917/737/1 919/739/1 920/740/527
f 917/737/1 920/740/527 918/738/526
f 919/739/1 921/741/1 922/742/528
f 919/739/1 922/742/528 920/740/527
f 921/741/1 923/743/1 924/744/529
f 921/741/1 924/744/529 922/742/528
f 923/743/1 925/745/1 926/746/530
f 923/743/1 926/746/530 924/744/529
f 925/745/1 927/747/1 928/748/531
f 925/745/1 928/748/531 926/746/530
f 927/747/1 929/749/1 930/750/532
f 927/747/1 930/750/532 928/748/531
f 929/749/1 931/751/1 932/752/533
f 929/749/1 932/752/533 930/750/532
f 931/751/1 933/753/1 934/754/534
f 931/751/1 934/754/534 932/752/533
f 933/753/1 935/755/1 936/756/535
f 933/753/1 936/756/535 934/754/534
f 935/755/1 937/757/1 938/758/536
f 935/755/1 938/758/536 936/756/535
f 937/757/1 939/759/1 940/760/537
f 937/757/1 940/760/537 938/758/536
f 939/759/1 941/761/1 942/762/538
f 939/759/1 942/762/538 940/760/537
f 941/761/1 943/763/1 944/764/539
f 941/761/1 944/764/539 942/762/538
f 943/763/1 945/765/1 946/766/181
f 943/763/1 946/766/181 944/764/539
f 945/765/1 947/767/1 948/768/182
f 945/765/1 948/768/182 946/766/181
f 947/767/1 949/769/1 950/770/183
f 947/767/1 950/770/183 948/768/182
f 949/769/1 951/771/1 952/772/184
f 949/769/1 952/772/184 950/770/183
f 951/771/1 953/773/1 954/774/185
f 951/771/1 954/774/185 952/772/184
f 953/773/1 955/775/1 956/776/540
f 953/773/1 956/776/540 954/774/185
f 955/775/1 957/777/1 958/778/541
f 955/775/1 958/778/541 956/776/540
f 957/777/1 959/779/1 960/780/542
f 957/777/1 960/780/542 958/778/541
f 959/779/1 961/781/1 962/782/543
f 959/779/1 962/782/543 960/780/542
f 961/781/1 963/783/1 964/784/544
f 961/781/1 964/784/544 962/782/543
f 963/783/1 905/725/1 908/728/522
f 963/783/1 908/728/522 964/784/544
f 908/728/522 907/727/521 965/785/545
f 908/728/522 965/785/545 966/786/546
f 907/727/521 910/730/172 967/787/202
f 907/727/521 967/787/202 965/785/545
f 910/730/172 912/732/523 968/788/547
f 910/730/172 968/788/547 967/787/202
f 912/732/523 914/734/524 969/789/548
f 912/732/523 969/789/548 968/788/547
f 914/734/524 916/736/525 970/790/549
f 914/734/524 970/790/549 969/789/548
f 916/736/525 918/738/526 971/791/550
f 916/736/525 971/791/550 970/790/549
f 918/738/526 920/740/527 972/792/551
f 918/738/526 972/792/551 971/791/550
f 920/740/527 922/742/528 973/793/552
f 920/740/527 973/793/552 972/792/551
f 922/742/528 924/744/529 974/794/553
f 922/742/528 974/794/553 973/793/552
f 924/744/529 926/746/530 975/795/554
f 924/744/529 975/795/554 974/794/553
f 926/746/530 928/748/531 976/796/555
f 926/746/530 976/796/555 975/795/554
f 928/748/531 930/750/532 977/797/556
f 928/748/531 977/797/556 976/796/555
f 930/750/532 932/752/533 978/798/557
f 930/750/532 978/798/557 977/797/556
f 932/752/533 934/754/534 979/799/558
f 932/752/533 979/799/558 978/798/557
f 934/754/534 936/756/535 980/800/559
f 934/754/534 980/800/559 979/799/558
f 936/756/535 938/758/536 981/801/560
f 936/756/535 981/801/560 980/800/559
f 938/758/536 940/760/537 982/802/561
f 938/758/536 982/802/561 981/801/560
f 940/760/537 942/762/538 983/803/562
f 940/760/537 983/803/562 982/802/561
f 942/762/538 944/764/539 984/804/563
f 942/762/538 984/804/563 983/803/562
f 944/764/539 946/766/181 985/805/211
f 944/764/539 985/805/211 984/804/563
f 946/766/181 948/768/182 986/806/212
f 946/766/181 986/806/212 985/805/211
f 948/768/182 950/770/183 987/807/213
f 948/768/182 987/807/213 986/806/212
f 950/770/183 952/772/184 988/808/214
f 950/770/183 988/808/214 987/807/213
f 952/772/184 954/774/185 989/809/215
f 952/772/184 989/809/215 988/808/214
f 954/774/185 956/776/540 990/810/564
f 954/774/185 990/810/564 989/809/215
f 956/776/540 958/778/541 991/811/565
f 956/776/540 991/811/565 990/810/564
f 958/778/541 960/780/542 992/812/566
f 958/778/541 992/812/566 991/811/565
f 960/780/542 962/782/543 993/813/567
f 960/780/542 993/813/567 992/812/566
f 962/782/543 964/784/544 994/814/568
f 962/782/543 994/814/568 993/813/567
f 964/784/544 908/728/522 966/786/546
f 964/784/544 966/786/546 994/814/568
f 966/786/546 965/785/545 995/815/569
f 966/221/546 995/221/569 996/221/570
f 965/785/545 967/787/202 997/816/232
f 965/221/545 997/221/232 995/221/569
f 967/787/202 968/788/547 998/817/571
f 967/221/202 998/221/571 997/221/232
f 968/788/547 969/789/548 999/818/572
f 968/221/547 999/221/572 998/221/571
f 969/789/548 970/790/549 1000/819/573
f 969/221/548 1000/221/573 999/221/572
f 970/790/549 971/791/550 1001/820/574
f 970/221/549 1001/221/574 1000/221/573
f 971/791/550 972/792/551 1002/821/575
f 971/221/550 1002/221/575 1001/221/574
f 972/792/551 973/793/552 1003/822/576
f 972/221/551 1003/221/576 1002/221/575
f 973/793/552 974/794/553 1004/823/577
f 973/221/552 1004/221/577 1003/221/576
f 974/794/553 975/795/554 1005/824/578
f 974/221/553 1005/221/578 1004/221/577
f 975/795/554 976/796/555 1006/825/579
f 975/221/554 1006/221/579 1005/221/578
f 976/796/555 977/797/556 1007/826/580
f 976/221/555 1007/221/580 1006/221/579
f 977/797/556 978/798/557 1008/827/581
f 977/221/556 1008/221/581 1007/221/580
f 978/798/557 979/799/558 1009/828/582
f 978/221/557 1009/221/582 1008/221/581
f 979/799/558 980/800/559 1010/829/583
f 979/221/558 1010/221/583 1009/221/582
f 980/800/559 981/801/560 1011/830/584
f 980/221/559 1011/221/584 1010/221/583
f 981/801/560 982/802/561 1012/831/585
f 981/221/560 1012/221/585 1011/221/584
f 982/802/561 983/803/562 1013/832/586
f 982/221/561 1013/221/586 1012/221/585
f 983/803/562 984/804/563 1014/833/587
f 983/221/562 1014/221/587 1013/221/586
f 984/804/563 985/805/211 1015/834/241
f 984/221/563 1015/221/241 1014/221/587
f 985/805/211 986/806/212 1016/835/242
f 985/221/211 1016/221/242 1015/221/241
f 986/806/212 987/807/213 1017/836/243
f 986/221/212 1017/221/243 1016/221/242
f 987/807/213 988/808/214 1018/837/244
f 987/221/213 1018/221/244 1017/221/243
f 988/808/214 989/809/215 1019/838/245
f 988/221/214 1019/221/245 1018/221/244
f 989/809/215 990/810/564 1020/839/588
f 989/221/215 1020/221/588 1019/221/245
f 990/810/564 991/811/565 1021/840/589
f 990/221/564 1021/221/589 1020/221/588
f 991/811/565 992/812/566 1022/841/590
f 991/221/565 1022/221/590 1021/221/589
f 992/812/566 993/813/567 1023/842/591
f 992/221/566 1023/221/591 1022/221/590
f 993/813/567 994/814/568 1024/843/592
f 993/221/567 1024/221/592 1023/221/591
f 994/814/568 966/786/546 996/844/570
f 994/221/568 996/221/570 1024/221/592
f 996/221/570 995/221/569 1025/221/593
f 996/221/570 1025/221/593 1026/221/594
f 995/221/569 997/221/232 1027/221/262
f 995/221/569 1027/221/262 1025/221/593
f 997/221/232 998/221/571 1028/221/595
f 997/221/232 1028/221/595 1027/221/262
f 998/221/571 999/221/572 1029/221/596
f 998/221/571 1029/221/596 1028/221/595
f 999/221/572 1000/221/573 1030/221/597
f 999/221/572 1030/221/597 1029/221/596
f 1000/221/573 1001/221/574 1031/221/598
f 1000/221/573 1031/221/598 1030/221/597
f 1001/221/574 1002/221/575 1032/221/599
f 1001/221/574 1032/221/599 1031/221/598
f 1002/221/575 1003/221/576 1033/221/600
f 1002/221/575 1033/221/600 1032/221/599
f 1003/221/576 1004/221/577 1034/221/601
f 1003/221/576 1034/221/601 1033/221/600
f 1004/221/577 1005/221/578 1035/221/602
f 1004/221/577 1035/221/602 1034/221/601
f 1005/221/578 1006/221/579 1036/221/603
f 1005/221/578 1036/221/603 1035/221/602
f 1006/221/579 1007/221/580 1037/221/604
f 1006/221/579 1037/221/604 1036/221/603
f 1007/221/580 1008/221/581 1038/221/605
f 1007/221/580 1038/221/605 1037/221/604
f 1008/221/581 1009/221/582 1039/221/606
f 1008/221/581 1039/221/606 1038/221/605
f 1009/221/582 1010/221/583 1040/221/607
f 1009/221/582 1040/221/607 1039/221/606
f 1010/221/583 1011/221/584 1041/221/608
f 1010/221/583 1041/221/608 1040/221/607
f 1011/221/584 1012/221/585 1042/221/609
f 1011/221/584 1042/221/609 1041/221/608
f 1012/221/585 1013/221/586 1043/221/610
f 1012/221/585 1043/221/610 1042/221/609
f 1013/221/586 1014/221/587 1044/221/611
f 1013/221/586 1044/221/611 1043/221/610
f 1014/221/587 1015/221/241 1045/221/271
f 1014/221/587 1045/221/271 1044/221/611
f 1015/221/241 1016/221/242 1046/221/272
f 1015/221/241 1046/221/272 1045/221/271
f 1016/221/242 1017/221/243 1047/221/273
f 1016/221/242 1047/221/273 1046/221/272
f 1017/221/243 1018/221/244 1048/221/274
f 1017/221/243 1048/221/274 1047/221/273
f 1018/221/244 1019/221/245 1049/221/275
f 1018/221/244 1049/221/275 1048/221/274
f 1019/221/245 1020/221/588 1050/221/612
f 1019/221/245 1050/221/612 1049/221/275
f 1020/221/588 1021/221/589 1051/221/613
f 1020/221/588 1051/221/613 1050/221/612
f 1021/221/589 1022/221/590 1052/221/614
f 1021/221/589 1052/221/614 1051/221/613
f 1022/221/590 1023/221/591 1053/221/615
f 1022/221/590 1053/221/615 1052/221/614
f 1023/221/591 1024/221/592 1054/221/616
f 1023/221/591 1054/221/616 1053/221/615
f 1024/221/592 996/221/570 1026/221/594
f 1024/221/592 1026/221/594 1054/221/616
f 1026/221/594 1025/221/593 1055/221/593
f 1026/221/594 1055/221/593 1056/221/594
f 1025/221/593 1027/221/262 1057/221/262
f 1025/221/593 1057/221/262 1055/221/593
f 1027/221/262 1028/221/595 1058/221/595
f 1027/221/262 1058/221/595 1057/221/262
f 1028/221/595 1029/221/596 1059/221/596
f 1028/221/595 1059/221/596 1058/221/595
f 1029/221/596 1030/221/597 1060/221/597
f 1029/221/596 1060/221/597 1059/221/596
f 1030/221/597 1031/221/598 1061/221/598
f 1030/221/597 1061/221/598 1060/221/597
f 1031/221/598 1032/221/599 1062/221/599
f 1031/221/598 1062/221/599 1061/221/598
f 1032/221/599 1033/221/600 1063/221/600
f 1032/221/599 1063/221/600 1062/221/599
f 1033/221/600 1034/221/601 1064/221/601
f 1033/221/600 1064/221/601 1063/221/600
f 1034/221/601 1035/221/602 1065/221/602
f 1034/221/601 1065/221/602 1064/221/601
f 1035/221/602 1036/221/603 1066/221/603
f 1035/221/602 1066/221/603 1065/221/602
f 1036/221/603 1037/221/604 1067/221/604
f 1036/221/603 1067/221/604 1066/221/603
f 1037/221/604 1038/221/605 1068/221/605
f 1037/221/604 1068/221/605 1067/221/604
f 1038/221/605 1039/221/606 1069/221/606
f 1038/221/605 1069/221/606 1068/221/605
f 1039/221/606 1040/221/607 1070/221/607
f 1039/221/606 1070/221/607 1069/221/606
f 1040/221/607 1041/221/608 1071/221/608
f 1040/221/607 1071/221/608 1070/221/607
f 1041/221/608 1042/221/609 1072/221/609
f 1041/221/608 1072/221/609 1071/221/608
f 1042/221/609 1043/221/610 1073/221/610
f 1042/221/609 1073/221/610 1072/221/609
f 1043/221/610 1044/221/611 1074/221/611
f 1043/221/610 1074/221/611 1073/221/610
f 1044/221/611 1045/221/271 1075/221/271
f 1044/221/611 1075/221/271 1074/221/611
f 1045/221/271 1046/221/272 1076/221/272
f 1045/221/271 1076/221/272 1075/221/271
f 1046/221/272 1047/221/273 1077/221/273
f 1046/221/272 1077/221/273 1076/221/272
f 1047/221/273 1048/221/274 1078/221/274
f 1047/221/273 1078/221/274 1077/221/273
f 1048/221/274 1049/221/275 1079/221/275
f 1048/221/274 1079/221/275 1078/221/274
f 1049/221/275 1050/221/612 1080/221/612
f 1049/221/275 1080/221/612 1079/221/275
f 1050/221/612 1051/221/613 1081/221/613
f 1050/221/612 1081/221/613 1080/221/612
f 1051/221/613 1052/221/614 1082/221/614
f 1051/221/613 1082/221/614 1081/221/613
f 1052/221/614 1053/221/615 1083/221/615
f 1052/221/614 1083/221/615 1082/221/614
f 1053/221/615 1054/221/616 1084/221/616
f 1053/221/615 1084/221/616 1083/221/615
f 1054/221/616 1026/221/594 1056/221/594
f 1054/221/616 1056/221/594 1084/221/616
f 1056/221/594 1055/221/593 1085/221/617
f 1056/221/594 1085/221/617 1086/221/618
f 1055/221/593 1057/221/262 1087/221/292
f 1055/221/593 1087/221/292 1085/221/617
f 1057/221/262 1058/221/595 1088/221/619
f 1057/221/262 1088/221/619 1087/221/292
f 1058/221/595 1059/221/596 1089/221/620
f 1058/221/595 1089/221/620 1088/221/619
f 1059/221/596 1060/221/597 1090/221/621
f 1059/221/596 1090/221/621 1089/221/620
f 1060/221/597 1061/221/598 1091/221/622
f 1060/221/597 1091/221/622 1090/221/621
f 1061/221/598 1062/221/599 1092/221/623
f 1061/221/598 1092/221/623 1091/221/622
f 1062/221/599 1063/221/600 1093/221/624
f 1062/221/599 1093/221/624 1092/221/623
f 1063/221/600 1064/221/601 1094/221/625
f 1063/221/600 1094/221/625 1093/221/624
f 1064/221/601 1065/221/602 1095/221/626
f 1064/221/601 1095/221/626 1094/221/625
f 1065/221/602 1066/221/603 1096/221/627
f 1065/221/602 1096/221/627 1095/221/626
f 1066/221/603 1067/221/604 1097/221/628
f 1066/221/603 1097/221/628 1096/221/627
f 1067/221/604 1068/221/605 1098/221/629
f 1067/221/604 1098/221/629 1097/221/628
f 1068/221/605 1069/221/606 1099/221/630
f 1068/221/605 1099/221/630 1098/221/629
f 1069/221/606 1070/221/607 1100/221/631
f 1069/221/606 1100/221/631 1099/221/630
f 1070/221/607 1071/221/608 1101/221/632
f 1070/221/607 1101/221/632 1100/221/631
f 1071/221/608 1072/221/609 1102/221/633
f 1071/221/608 1102/221/633 1101/221/632
f 1072/221/609 1073/221/610 1103/221/634
f 1072/221/609 1103/221/634 1102/221/633
f 1073/221/610 1074/221/611 1104/221/635
f 1073/221/610 1104/221/635 1103/221/634
f 1074/221/611 1075/221/271 1105/221/301
f 1074/221/611 1105/221/301 1104/221/635
f 1075/221/271 1076/221/272 1106/221/302
f 1075/221/271 1106/221/302 1105/221/301
f 1076/221/272 1077/221/273 1107/221/303
f 1076/221/272 1107/221/303 1106/221/302
f 1077/221/273 1078/221/274 1108/221/304
f 1077/221/273 1108/221/304 1107/221/303
f 1078/221/274 1079/221/275 1109/221/305
f 1078/221/274 1109/221/305 1108/221/304
f 1079/221/275 1080/221/612 1110/221/636
f 1079/221/275 1110/221/636 1109/221/305
f 1080/221/612 1081/221/613 1111/221/637
f 1080/221/612 1111/221/637 1110/221/636
f 1081/221/613 1082/221/614 1112/221/638
f 1081/221/613 1112/221/638 1111/221/637
f 1082/221/614 1083/221/615 1113/221/639
f 1082/221/614 1113/221/639 1112/221/638
f 1083/221/615 1084/221/616 1114/221/640
f 1083/221/615 1114/221/640 1113/221/639
f 1084/221/616 1056/221/594 1086/221/618
f 1084/221/616 1086/221/618 1114/221/640
f 1086/221/618 1085/221/617 1115/221/641
f 1086/845/618 1115/846/641 1116/847/642
f 1085/221/617 1087/221/292 1117/221/322
f 1085/848/617 1117/849/322 1115/846/641
f 1087/221/292 1088/221/619 1118/221/643
f 1087/850/292 1118/851/643 1117/849/322
f 1088/221/619 1089/221/620 1119/221/644
f 1088/852/619 1119/853/644 1118/851/643
f 1089/221/620 1090/221/621 1120/221/645
f 1089/854/620 1120/855/645 1119/853/644
f 1090/221/621 1091/221/622 1121/221/646
f 1090/856/621 1121/857/646 1120/855/645
f 1091/221/622 1092/221/623 1122/221/647
f 1091/858/622 1122/859/647 1121/857/646
f 1092/221/623 1093/221/624 1123/221/648
f 1092/860/623 1123/861/648 1122/859/647
f 1093/221/624 1094/221/625 1124/221/649
f 1093/862/624 1124/863/649 1123/861/648
f 1094/221/625 1095/221/626 1125/221/650
f 1094/864/625 1125/865/650 1124/863/649
f 1095/221/626 1096/221/627 1126/221/651
f 1095/866/626 1126/867/651 1125/865/650
f 1096/221/627 1097/221/628 1127/221/652
f 1096/868/627 1127/869/652 1126/867/651
f 1097/221/628 1098/221/629 1128/221/653
f 1097/870/628 1128/871/653 1127/869/652
f 1098/221/629 1099/221/630 1129/221/654
f 1098/872/629 1129/873/654 1128/871/653
f 1099/221/630 1100/221/631 1130/221/655
f 1099/874/630 1130/875/655 1129/873/654
f 1100/221/631 1101/221/632 1131/221/656
f 1100/876/631 1131/877/656 1130/875/655
f 1101/221/632 1102/221/633 1132/221/657
f 1101/878/632 1132/879/657 1131/877/656
f 1102/221/633 1103/221/634 1133/221/658
f 1102/880/633 1133/881/658 1132/879/657
f 1103/221/634 1104/221/635 1134/221/659
f 1103/882/634 1134/883/659 1133/881/658
f 1104/221/635 1105/221/301 1135/221/331
f 1104/884/635 1135/885/331 1134/883/659
f 1105/221/301 1106/221/302 1136/221/332
f 1105/886/301 1136/887/332 1135/885/331
f 1106/221/302 1107/221/303 1137/221/333
f 1106/888/302 1137/889/333 1136/887/332
f 1107/221/303 1108/221/304 1138/221/334
f 1107/890/303 1138/891/334 1137/889/333
f 1108/221/304 1109/221/305 1139/221/335
f 1108/892/304 1139/893/335 1138/891/334
f 1109/221/305 1110/221/636 1140/221/660
f 1109/894/305 1140/895/660 1139/893/335
f 1110/221/636 1111/221/637 1141/221/661
f 1110/896/636 1141/897/661 1140/895/660
f 1111/221/637 1112/221/638 1142/221/662
f 1111/898/637 1142/899/662 1141/897/661
f 1112/221/638 1113/221/639 1143/221/663
f 1112/900/638 1143/901/663 1142/899/662
f 1113/221/639 1114/221/640 1144/221/664
f 1113/902/639 1144/903/664 1143/901/663
f 1114/221/640 1086/221/618 1116/221/642
f 1114/904/640 1116/847/642 1144/903/664
f 1116/847/642 1115/846/641 1145/905/665
f 1116/847/642 1145/905/665 1146/906/666
f 1115/846/641 1117/849/322 1147/907/352
f 1115/846/641 1147/907/352 1145/905/665
f 1117/849/322 1118/851/643 1148/908/667
f 1117/849/322 1148/908/667 1147/907/352
f 1118/851/643 1119/853/644 1149/909/668
f 1118/851/643 1149/909/668 1148/908/667
f 1119/853/644 1120/855/645 1150/910/669
f 1119/853/644 1150/910/669 1149/909/668
f 1120/855/645 1121/857/646 1151/911/670
f 1120/855/645 1151/911/670 1150/910/669
f 1121/857/646 1122/859/647 1152/912/671
f 1121/857/646 1152/912/671 1151/911/670
f 1122/859/647 1123/861/648 1153/913/672
f 1122/859/647 1153/913/672 1152/912/671
f 1123/861/648 1124/863/649 1154/914/673
f 1123/861/648 1154/914/673 1153/913/672
f 1124/863/649 1125/865/650 1155/915/674
f 1124/863/649 1155/915/674 1154/914/673
f 1125/865/650 1126/867/651 1156/916/675
f 1125/865/650 1156/916/675 1155/915/674
f 1126/867/651 1127/869/652 1157/917/676
f 1126/867/651 1157/917/676 1156/916/675
f 1127/869/652 1128/871/653 1158/918/677
f 1127/869/652 1158/918/677 1157/917/676
f 1128/871/653 1129/873/654 1159/919/678
f 1128/871/653 1159/919/678 1158/918/677
f 1129/873/654 1130/875/655 1160/920/679
f 1129/873/654 1160/920/679 1159/919/678
f 1130/875/655 1131/877/656 1161/921/680
f 1130/875/655 1161/921/680 1160/920/679
f 1131/877/656 1132/879/657 1162/922/681
f 1131/877/656 1162/922/681 1161/921/680
f 1132/879/657 1133/881/658 1163/923/682
f 1132/879/657 1163/923/682 1162/922/681
f 1133/881/658 1134/883/659 1164/924/683
f 1133/881/658 1164/924/683 1163/923/682
f 1134/883/659 1135/885/331 1165/925/361
f 1134/883/659 1165/925/361 1164/924/683
f 1135/885/331 1136/887/332 1166/926/362
f 1135/885/331 1166/926/362 1165/925/361
f 1136/887/332 1137/889/333 1167/927/363
f 1136/887/332 1167/927/363 1166/926/362
f 1137/889/333 1138/891/334 1168/928/364
f 1137/889/333 1168/928/364 1167/927/363
f 1138/891/334 1139/893/335 1169/929/365
f 1138/891/334 1169/929/365 1168/928/364
f 1139/893/335 1140/895/660 1170/930/684
f 1139/893/335 1170/930/684 1169/929/365
f 1140/895/660 1141/897/661 1171/931/685
f 1140/895/660 1171/931/685 1170/930/684
f 1141/897/661 1142/899/662 1172/932/686
f 1141/897/661 1172/932/686 1171/931/685
f 1142/899/662 1143/901/663 1173/933/687
f 1142/899/662 1173/933/687 1172/932/686
f 1143/901/663 1144/903/664 1174/934/688
f 1143/901/663 1174/934/688 1173/933/687
f 1144/903/664 1116/847/642 1146/906/666
f 1144/903/664 1146/906/666 1174/934/688
f 1146/906/666 1145/905/665 1175/935/142
f 1146/906/666 1175/935/142 1176/936/142
f 1145/905/665 1147/907/352 1177/937/142
f 1145/905/665 1177/937/142 1175/935/142
f 1147/907/352 1148/908/667 1178/938/142
f 1147/907/352 1178/938/142 1177/937/142
f 1148/908/667 1149/909/668 1179/939/142
f 1148/908/667 1179/939/142 1178/938/142
f 1149/909/668 1150/910/669 1180/940/142
f 1149/909/668 1180/940/142 1179/939/142
f 1150/910/669 1151/911/670 1181/941/142
f 1150/910/669 1181/941/142 1180/940/142
f 1151/911/670 1152/912/671 1182/942/142
f 1151/911/670 1182/942/142 1181/941/142
f 1152/912/671 1153/913/672 1183/943/142
f 1152/912/671 1183/943/142 1182/942/142
f 1153/913/672 1154/914/673 1184/944/142
f 1153/913/672 1184/944/142 1183/943/142
f 1154/914/673 1155/915/674 1185/945/142
f 1154/914/673 1185/945/142 1184/944/142
f 1155/915/674 1156/916/675 1186/946/142
f 1155/915/674 1186/946/142 1185/945/142
f 1156/916/675 1157/917/676 1187/947/142
f 1156/916/675 1187/947/142 1186/946/142
f 1157/917/676 1158/918/677 1188/948/142
f 1157/917/676 1188/948/142 1187/947/142
f 1158/918/677 1159/919/678 1189/949/142
f 1158/918/677 1189/949/142 1188/948/142
f 1159/919/678 1160/920/679 1190/950/142
f 1159/919/678 1190/950/142 1189/949/142
f 1160/920/679 1161/921/680 1191/951/142
f 1160/920/679 1191/951/142 1190/950/142
f 1161/921/680 1162/922/681 1192/952/142
f 1161/921/680 1192/952/142 1191/951/142
f 1162/922/681 1163/923/682 1193/953/142
f 1162/922/681 1193/953/142 1192/952/142
f 1163/923/682 1164/924/683 1194/954/142
f 1163/923/682 1194/954/142 1193/953/142
f 1164/924/683 1165/925/361 1195/955/142
f 1164/924/683 1195/955/142 1194/954/142
f 1165/925/361 1166/926/362 1196/956/142
f 1165/925/361 1196/956/142 1195/955/142
f 1166/926/362 1167/927/363 1197/957/142
f 1166/926/362 1197/957/142 1196/956/142
f 1167/927/363 1168/928/364 1198/958/142
f 1167/927/363 1198/958/142 1197/957/142
f 1168/928/364 1169/929/365 1199/959/142
f 1168/928/364 1199/959/142 1198/958/142
f 1169/929/365 1170/930/684 1200/960/142
f 1169/929/365 1200/960/142 1199/959/142
f 1170/930/684 1171/931/685 1201/961/142
f 1170/930/684 1201/961/142 1200/960/142
f 1171/931/685 1172/932/686 1202/962/142
f 1171/931/685 1202/962/142 1201/961/142
f 1172/932/686 1173/933/687 1203/963/142
f 1172/932/686 1203/963/142 1202/962/142
f 1173/933/687 1174/934/688 1204/964/142
f 1173/933/687 1204/964/142 1203/963/142
f 1174/934/688 1146/906/666 1176/936/142
f 1174/934/688 1176/936/142 1204/964/142
f 1205/965/1 906/726/1 905/725/1
f 1205/965/1 909/729/1 906/726/1
f 1205/965/1 911/731/1 909/729/1
f 1205/965/1 913/733/1 911/731/1
f 1205/965/1 915/735/1 913/733/1
f 1205/965/1 917/737/1 915/735/1
f 1205/965/1 919/739/1 917/737/1
f 1205/965/1 921/741/1 919/739/1
f 1205/965/1 923/743/1 921/741/1
f 1205/965/1 925/745/1 923/743/1
f 1205/965/1 927/747/1 925/745/1
f 1205/965/1 929/749/1 927/747/1
f 1205/965/1 931/751/1 929/749/1
f 1205/965/1 933/753/1 931/751/1
f 1205/965/1 935/755/1 933/753/1
f 1205/965/1 937/757/1 935/755/1
f 1205/965/1 939/759/1 937/757/1
f 1205/965/1 941/761/1 939/759/1
f 1205/965/1 943/763/1 941/761/1
f 1205/965/1 945/765/1 943/763/1
f 1205/965/1 947/767/1 945/765/1
f 1205/965/1 949/769/1 947/767/1
f 1205/965/1 951/771/1 949/769/1
f 1205/965/1 953/773/1 951/771/1
f 1205/965/1 955/775/1 953/773/1
f 1205/965/1 957/777/1 955/775/1
f 1205/965/1 959/779/1 957/777/1
f 1205/965/1 961/781/1 959/779/1
f 1205/965/1 963/783/1 961/781/1
f 1205/965/1 905/725/1 963/783/1
f 1206/966/142 1176/936/142 1175/935/142
f 1206/966/142 1175/935/142 1177/937/142
f 1206/966/142 1177/937/142 1178/938/142
f 1206/966/142 1178/938/142 1179/939/142
f 1206/966/142 1179/939/142 1180/940/142
f 1206/966/142 1180/940/142 1181/941/142
f 1206/966/142 1181/941/142 1182/942/142
f 1206/966/142 1182/942/142 1183/943/142
f 1206/966/142 1183/943/142 1184/944/142
f 1206/966/142 1184/944/142 1185/945/142
f 1206/966/142 1185/945/142 1186/946/142
f 1206/966/142 1186/946/142 1187/947/142
f 1206/966/142 1187/947/142 1188/948/142
f 1206/966/142 1188/948/142 1189/949/142
f 1206/966/142 1189/949/142 1190/950/142
f 1206/966/142 1190/950/142 1191/951/142
f 1206/966/142 1191/951/142 1192/952/142
f 1206/966/142 1192/952/142 1193/953/142
f 1206/966/142 1193/953/142 1194/954/142
f 1206/966/142 1194/954/142 1195/955/142
f 1206/966/142 1195/955/142 1196/956/142
f 1206/966/142 1196/956/142 1197/957/142
f 1206/966/142 1197/957/142 1198/958/142
f 1206/966/142 1198/958/142 1199/959/142
f 1206/966/142 1199/959/142 1200/960/142
f 1206/966/142 1200/960/142 1201/961/142
f 1206/966/142 1201/961/142 1202/962/142
f 1206/966/142 1202/962/142 1203/963/142
f 1206/966/142 1203/963/142 1204/964/142
f 1206/966/142 1204/964/142 1176/936/142
f 1207/967/1 1208/968/1 1209/969/689
f 1207/967/1 1209/969/689 1210/970/690
f 1208/968/1 1211/971/1 1212/972/691
f 1208/968/1 1212/972/691 1209/969/689
f 1211/971/1 1213/973/1 1214/974/692
f 1211/971/1 1214/974/692 1212/972/691
f 1213/973/1 1215/975/1 1216/976/693
f 1213/973/1 1216/976/693 1214/974/692
f 1215/975/1 1217/977/1 1218/978/176
f 1215/975/1 1218/978/176 1216/976/693
f 1217/977/1 1219/979/1 1220/980/177
f 1217/977/1 1220/980/177 1218/978/176
f 1219/979/1 1221/981/1 1222/982/178
f 1219/979/1 1222/982/178 1220/980/177
f 1221/981/1 1223/983/1 1224/984/179
f 1221/981/1 1224/984/179 1222/982/178
f 1223/983/1 1225/985/1 1226/986/180
f 1223/983/1 1226/986/180 1224/984/179
f 1225/985/1 1227/987/1 1228/988/181
f 1225/985/1 1228/988/181 1226/986/180
f 1227/987/1 1229/989/1 1230/990/182
f 1227/987/1 1230/990/182 1228/988/181
f 1229/989/1 1231/991/1 1232/992/183
f 1229/989/1 1232/992/183 1230/990/182
f 1231/991/1 1233/993/1 1234/994/184
f 1231/991/1 1234/994/184 1232/992/183
f 1233/993/1 1235/995/1 1236/996/185
f 1233/993/1 1236/996/185 1234/994/184
f 1235/995/1 1237/997/1 1238/998/540
f 1235/995/1 1238/998/540 1236/996/185
f 1237/997/1 1239/999/1 1240/1000/541
f 1237/997/1 1240/1000/541 1238/998/540
f 1239/999/1 1241/1001/1 1242/1002/542
f 1239/999/1 1242/1002/542 1240/1000/541
f 1241/1001/1 1243/1003/1 1244/1004/543
f 1241/1001/1 1244/1004/543 1242/1002/542
f 1243/1003/1 1245/1005/1 1246/1006/544
f 1243/1003/1 1246/1006/544 1244/1004/543
f 1245/1005/1 1207/967/1 1210/970/690
f 1245/1005/1 1210/970/690 1246/1006/544
f 1210/970/690 1209/969/689 1247/1007/694
f 1210/970/690 1247/1007/694 1248/1008/695
f 1209/969/689 1212/972/691 1249/1009/696
f 1209/969/689 1249/1009/696 1247/1007/694
f 1212/972/691 1214/974/692 1250/1010/697
f 1212/972/691 1250/1010/697 1249/1009/696
f 1214/974/692 1216/976/693 1251/1011/698
f 1214/974/692 1251/1011/698 1250/1010/697
f 1216/976/693 1218/978/176 1252/1012/206
f 1216/976/693 1252/1012/206 1251/1011/698
f 1218/978/176 1220/980/177 1253/1013/207
f 1218/978/176 1253/1013/207 1252/1012/206
f 1220/980/177 1222/982/178 1254/1014/208
f 1220/980/177 1254/1014/208 1253/1013/207
f 1222/982/178 1224/984/179 1255/1015/209
f 1222/982/178 1255/1015/209 1254/1014/208
f 1224/984/179 1226/986/180 1256/1016/210
f 1224/984/179 1256/1016/210 1255/1015/209
f 1226/986/180 1228/988/181 1257/1017/211
f 1226/986/180 1257/1017/211 1256/1016/210
f 1228/988/181 1230/990/182 1258/1018/212
f 1228/988/181 1258/1018/212 1257/1017/211
f 1230/990/182 1232/992/183 1259/1019/213
f 1230/990/182 1259/1019/213 1258/1018/212
f 1232/992/183 1234/994/184 1260/1020/214
f 1232/992/183 1260/1020/214 1259/1019/213
f 1234/994/184 1236/996/185 1261/1021/215
f 1234/994/184 1261/1021/215 1260/1020/214
f 1236/996/185 1238/998/540 1262/1022/564
f 1236/996/185 1262/1022/564 1261/1021/215
f 1238/998/540 1240/1000/541 1263/1023/565
f 1238/998/540 1263/1023/565 1262/1022/564
f 1240/1000/541 1242/1002/542 1264/1024/566
f 1240/1000/541 1264/1024/566 1263/1023/565
f 1242/1002/542 1244/1004/543 1265/1025/567
f 1242/1002/542 1265/1025/567 1264/1024/566
f 1244/1004/543 1246/1006/544 1266/1026/568
f 1244/1004/543 1266/1026/568 1265/1025/567
f 1246/1006/544 1210/970/690 1248/1008/695
f 1246/1006/544 1248/1008/695 1266/1026/568
f 1248/1008/695 1247/1007/694 1267/1027/699
f 1248/62/695 1267/62/699 1268/62/700
f 1247/1007/694 1249/1009/696 1269/1028/701
f 1247/62/694 1269/62/701 1267/62/699
f 1249/1009/696 1250/1010/697 1270/1029/702
f 1249/62/696 1270/62/702 1269/62/701
f 1250/1010/697 1251/1011/698 1271/1030/703
f 1250/62/697 1271/62/703 1270/62/702
f 1251/1011/698 1252/1012/206 1272/1031/236
f 1251/62/698 1272/62/236 1271/62/703
f 1252/1012/206 1253/1013/207 1273/1032/237
f 1252/62/206 1273/62/237 1272/62/236
f 1253/1013/207 1254/1014/208 1274/1033/238
f 1253/62/207 1274/62/238 1273/62/237
f 1254/1014/208 1255/1015/209 1275/1034/239
f 1254/62/208 1275/62/239 1274/62/238
f 1255/1015/209 1256/1016/210 1276/1035/240
f 1255/62/209 1276/62/240 1275/62/239
f 1256/1016/210 1257/1017/211 1277/1036/241
f 1256/62/210 1277/62/241 1276/62/240
f 1257/1017/211 1258/1018/212 1278/1037/242
f 1257/62/211 1278/62/242 1277/62/241
f 1258/1018/212 1259/1019/213 1279/1038/243
f 1258/62/212 1279/62/243 1278/62/242
f 1259/1019/213 1260/1020/214 1280/1039/244
f 1259/62/213 1280/62/244 1279/62/243
f 1260/1020/214 1261/1021/215 1281/1040/245
f 1260/62/214 1281/62/245 1280/62/244
f 1261/1021/215 1262/1022/564 1282/1041/588
f 1261/62/215 1282/62/588 1281/62/245
f 1262/1022/564 1263/1023/565 1283/1042/589
f 1262/62/564 1283/62/589 1282/62/588
f 1263/1023/565 1264/1024/566 1284/1043/590
f 1263/62/565 1284/62/590 1283/62/589
f 1264/1024/566 1265/1025/567 1285/1044/591
f 1264/62/566 1285/62/591 1284/62/590
f 1265/1025/567 1266/1026/568 1286/1045/592
f 1265/62/567 1286/62/592 1285/62/591
f 1266/1026/568 1248/1008/695 1268/1046/700
f 1266/62/568 1268/62/700 1286/62/592
f 1268/62/700 1267/62/699 1287/62/704
f 1268/62/700 1287/62/704 1288/62/705
f 1267/62/699 1269/62/701 1289/62/706
f 1267/62/699 1289/62/706 1287/62/704
f 1269/62/701 1270/62/702 1290/62/707
f 1269/62/701 1290/62/707 1289/62/706
f 1270/62/702 1271/62/703 1291/62/708
f 1270/62/702 1291/62/708 1290/62/707
f 1271/62/703 1272/62/236 1292/62/266
f 1271/62/703 1292/62/266 1291/62/708
f 1272/62/236 1273/62/237 1293/62/267
f 1272/62/236 1293/62/267 1292/62/266
f 1273/62/237 1274/62/238 1294/62/268
f 1273/62/237 1294/62/268 1293/62/267
f 1274/62/238 1275/62/239 1295/62/269
f 1274/62/238 1295/62/269 1294/62/268
f 1275/62/239 1276/62/240 1296/62/270
f 1275/62/239 1296/62/270 1295/62/269
f 1276/62/240 1277/62/241 1297/62/271
f 1276/62/240 1297/62/271 1296/62/270
f 1277/62/241 1278/62/242 1298/62/272
f 1277/62/241 1298/62/272 1297/62/271
f 1278/62/242 1279/62/243 1299/62/273
f 1278/62/242 1299/62/273 1298/62/272
f 1279/62/243 1280/62/244 1300/62/274
f 1279/62/243 1300/62/274 1299/62/273
f 1280/62/244 1281/62/245 1301/62/275
f 1280/62/244 1301/62/275 1300/62/274
f 1281/62/245 1282/62/588 1302/62/612
f 1281/62/245 1302/62/612 1301/62/275
f 1282/62/588 1283/62/589 1303/62/613
f 1282/62/588 1303/62/613 1302/62/612
f 1283/62/589 1284/62/590 1304/62/614
f 1283/62/589 1304/62/614 1303/62/613
f 1284/62/590 1285/62/591 1305/62/615
f 1284/62/590 1305/62/615 1304/62/614
f 1285/62/591 1286/62/592 1306/62/616
f 1285/62/591 1306/62/616 1305/62/615
f 1286/62/592 1268/62/700 1288/62/705
f 1286/62/592 1288/62/705 1306/62/616
f 1288/62/705 1287/62/704 1307/62/704
f 1288/62/705 1307/62/704 1308/62/705
f 1287/62/704 1289/62/706 1309/62/706
f 1287/62/704 1309/62/706 1307/62/704
f 1289/62/706 1290/62/707 1310/62/707
f 1289/62/706 1310/62/707 1309/62/706
f 1290/62/707 1291/62/708 1311/62/708
f 1290/62/707 1311/62/708 1310/62/707
f 1291/62/708 1292/62/266 1312/62/266
f 1291/62/708 1312/62/266 1311/62/708
f 1292/62/266 1293/62/267 1313/62/267
f 1292/62/266 1313/62/267 1312/62/266
f 1293/62/267 1294/62/268 1314/62/268
f 1293/62/267 1314/62/268 1313/62/267
f 1294/62/268 1295/62/269 1315/62/269
f 1294/62/268 1315/62/269 1314/62/268
f 1295/62/269 1296/62/270 1316/62/270
f 1295/62/269 1316/62/270 1315/62/269
f 1296/62/270 1297/62/271 1317/62/271
f 1296/62/270 1317/62/271 1316/62/270
f 1297/62/271 1298/62/272 1318/62/272
f 1297/62/271 1318/62/272 1317/62/271
f 1298/62/272 1299/62/273 1319/62/273
f 1298/62/272 1319/62/273 1318/62/272
f 1299/62/273 1300/62/274 1320/62/274
f 1299/62/273 1320/62/274 1319/62/273
f 1300/62/274 1301/62/275 1321/62/275
f 1300/62/274 1321/62/275 1320/62/274
f 1301/62/275 1302/62/612 1322/62/612
f 1301/62/275 1322/62/612 1321/62/275
f 1302/62/612 1303/62/613 1323/62/613
f 1302/62/612 1323/62/613 1322/62/612
f 1303/62/613 1304/62/614 1324/62/614
f 1303/62/613 1324/62/614 1323/62/613
f 1304/62/614 1305/62/615 1325/62/615
f 1304/62/614 1325/62/615 1324/62/614
f 1305/62/615 1306/62/616 1326/62/616
f 1305/62/615 1326/62/616 1325/62/615
f 1306/62/616 1288/62/705 1308/62/705
f 1306/62/616 1308/62/705 1326/62/616
f 1308/62/705 1307/62/704 1327/62/709
f 1308/62/705 1327/62/709 1328/62/710
f 1307/62/704 1309/62/706 1329/62/711
f 1307/62/704 1329/62/711 1327/62/709
f 1309/62/706 1310/62/707 1330/62/712
f 1309/62/706 1330/62/712 1329/62/711
f 1310/62/707 1311/62/708 1331/62/713
f 1310/62/707 1331/62/713 1330/62/712
f 1311/62/708 1312/62/266 1332/62/296
f 1311/62/708 1332/62/296 1331/62/713
f 1312/62/266 1313/62/267 1333/62/297
f 1312/62/266 1333/62/297 1332/62/296
f 1313/62/267 1314/62/268 1334/62/298
f 1313/62/267 1334/62/298 1333/62/297
f 1314/62/268 1315/62/269 1335/62/299
f 1314/62/268 1335/62/299 1334/62/298
f 1315/62/269 1316/62/270 1336/62/300
f 1315/62/269 1336/62/300 1335/62/299
f 1316/62/270 1317/62/271 1337/62/301
f 1316/62/270 1337/62/301 1336/62/300
f 1317/62/271 1318/62/272 1338/62/302
f 1317/62/271 1338/62/302 1337/62/301
f 1318/62/272 1319/62/273 1339/62/303
f 1318/62/272 1339/62/303 1338/62/302
f 1319/62/273 1320/62/274 1340/62/304
f 1319/62/273 1340/62/304 1339/62/303
f 1320/62/274 1321/62/275 1341/62/305
f 1320/62/274 1341/62/305 1340/62/304
f 1321/62/275 1322/62/612 1342/62/636
f 1321/62/275 1342/62/636 1341/62/305
f 1322/62/612 1323/62/613 1343/62/637
f 1322/62/612 1343/62/637 1342/62/636
f 1323/62/613 1324/62/614 1344/62/638
f 1323/62/613 1344/62/638 1343/62/637
f 1324/62/614 1325/62/615 1345/62/639
f 1324/62/614 1345/62/639 1344/62/638
f 1325/62/615 1326/62/616 1346/62/640
f 1325/62/615 1346/62/640 1345/62/639
f 1326/62/616 1308/62/705 1328/62/710
f 1326/62/616 1328/62/710 1346/62/640
f 1328/62/710 1327/62/709 1347/62/714
f 1328/1047/710 1347/1048/714 1348/1049/715
f 1327/62/709 1329/62/711 1349/62/716
f 1327/1050/709 1349/1051/716 1347/1048/714
f 1329/62/711 1330/62/712 1350/62/717
f 1329/1052/711 1350/1053/717 1349/1051/716
f 1330/62/712 1331/62/713 1351/62/718
f 1330/1054/712 1351/1055/718 1350/1053/717
f 1331/62/713 1332/62/296 1352/62/326
f 1331/1056/713 1352/1057/326 1351/1055/718
f 1332/62/296 1333/62/297 1353/62/327
f 1332/1058/296 1353/1059/327 1352/1057/326
f 1333/62/297 1334/62/298 1354/62/328
f 1333/1060/297 1354/1061/328 1353/1059/327
f 1334/62/298 1335/62/299 1355/62/329
f 1334/1062/298 1355/1063/329 1354/1061/328
f 1335/62/299 1336/62/300 1356/62/330
f 1335/1064/299 1356/1065/330 1355/1063/329
f 1336/62/300 1337/62/301 1357/62/331
f 1336/1066/300 1357/1067/331 1356/1065/330
f 1337/62/301 1338/62/302 1358/62/332
f 1337/1068/301 1358/1069/332 1357/1067/331
f 1338/62/302 1339/62/303 1359/62/333
f 1338/1070/302 1359/1071/333 1358/1069/332
f 1339/62/303 1340/62/304 1360/62/334
f 1339/1072/303 1360/1073/334 1359/1071/333
f 1340/62/304 1341/62/305 1361/62/335
f 1340/1074/304 1361/1075/335 1360/1073/334
f 1341/62/305 1342/62/636 1362/62/660
f 1341/1076/305 1362/1077/660 1361/1075/335
f 1342/62/636 1343/62/637 1363/62/661
f 1342/1078/636 1363/1079/661 1362/1077/660
f 1343/62/637 1344/62/638 1364/62/662
f 1343/1080/637 1364/1081/662 1363/1079/661
f 1344/62/638 1345/62/639 1365/62/663
f 1344/1082/638 1365/1083/663 1364/1081/662
f 1345/62/639 1346/62/640 1366/62/664
f 1345/1084/639 1366/1085/664 1365/1083/663
f 1346/62/640 1328/62/710 1348/62/715
f 1346/1086/640 1348/1049/715 1366/1085/664
f 1348/1049/715 1347/1048/714 1367/1087/719
f 1348/1049/715 1367/1087/719 1368/1088/720
f 1347/1048/714 1349/1051/716 1369/1089/721
f 1347/1048/714 1369/1089/721 1367/1087/719
f 1349/1051/716 1350/1053/717 1370/1090/722
f 1349/1051/716 1370/1090/722 1369/1089/721
f 1350/1053/717 1351/1055/718 1371/1091/723
f 1350/1053/717 1371/1091/723 1370/1090/722
f 1351/1055/718 1352/1057/326 1372/1092/356
f 1351/1055/718 1372/1092/356 1371/1091/723
f 1352/1057/326 1353/1059/327 1373/1093/357
f 1352/1057/326 1373/1093/357 1372/1092/356
f 1353/1059/327 1354/1061/328 1374/1094/358
f 1353/1059/327 1374/1094/358 1373/1093/357
f 1354/1061/328 1355/1063/329 1375/1095/359
f 1354/1061/328 1375/1095/359 1374/1094/358
f 1355/1063/329 1356/1065/330 1376/1096/360
f 1355/1063/329 1376/1096/360 1375/1095/359
f 1356/1065/330 1357/1067/331 1377/1097/361
f 1356/1065/330 1377/1097/361 1376/1096/360
f 1357/1067/331 1358/1069/332 1378/1098/362
f 1357/1067/331 1378/1098/362 1377/1097/361
f 1358/1069/332 1359/1071/333 1379/1099/363
f 1358/1069/332 1379/1099/363 1378/1098/362
f 1359/1071/333 1360/1073/334 1380/1100/364
f 1359/1071/333 1380/1100/364 1379/1099/363
f 1360/1073/334 1361/1075/335 1381/1101/365
f 1360/1073/334 1381/1101/365 1380/1100/364
f 1361/1075/335 1362/1077/660 1382/1102/684
f 1361/1075/335 1382/1102/684 1381/1101/365
f 1362/1077/660 1363/1079/661 1383/1103/685
f 1362/1077/660 1383/1103/685 1382/1102/684
f 1363/1079/661 1364/1081/662 1384/1104/686
f 1363/1079/661 1384/1104/686 1383/1103/685
f 1364/1081/662 1365/1083/663 1385/1105/687
f 1364/1081/662 1385/1105/687 1384/1104/686
f 1365/1083/663 1366/1085/664 1386/1106/688
f 1365/1083/663 1386/1106/688 1385/1105/687
f 1366/1085/664 1348/1049/715 1368/1088/720
f 1366/1085/664 1368/1088/720 1386/1106/688
f 1368/1088/720 1367/1087/719 1387/1107/142
f 1368/1088/720 1387/1107/142 1388/1108/142
f 1367/1087/719 1369/1089/721 1389/1109/142
f 1367/1087/719 1389/1109/142 1387/1107/142
f 1369/1089/721 1370/1090/722 1390/1110/142
f 1369/1089/721 1390/1110/142 1389/1109/142
f 1370/1090/722 1371/1091/723 1391/1111/142
f 1370/1090/722 1391/1111/142 1390/1110/142
f 1371/1091/723 1372/1092/356 1392/1112/142
f 1371/1091/723 1392/1112/142 1391/1111/142
f 1372/1092/356 1373/1093/357 1393/1113/142
f 1372/1092/356 1393/1113/142 1392/1112/142
f 1373/1093/357 1374/1094/358 1394/1114/142
f 1373/1093/357 1394/1114/142 1393/1113/142
f 1374/1094/358 1375/1095/359 1395/1115/142
f 1374/1094/358 1395/1115/142 1394/1114/142
f 1375/1095/359 1376/1096/360 1396/1116/142
f 1375/1095/359 1396/1116/142 1395/1115/142
f 1376/1096/360 1377/1097/361 1397/1117/142
f 1376/1096/360 1397/1117/142 1396/1116/142
f 1377/1097/361 1378/1098/362 1398/1118/142
f 1377/1097/361 1398/1118/142 1397/1117/142
f 1378/1098/362 1379/1099/363 1399/1119/142
f 1378/1098/362 1399/1119/142 1398/1118/142
f 1379/1099/363 1380/1100/364 1400/1120/142
f 1379/1099/363 1400/1120/142 1399/1119/142
f 1380/1100/364 1381/1101/365 1401/1121/142
f 1380/1100/364 1401/1121/142 1400/1120/142
f 1381/1101/365 1382/1102/684 1402/1122/142
f 1381/1101/365 1402/1122/142 1401/1121/142
f 1382/1102/684 1383/1103/685 1403/1123/142
f 1382/1102/684 1403/1123/142 1402/1122/142
f 1383/1103/685 1384/1104/686 1404/1124/142
f 1383/1103/685 1404/1124/142 1403/1123/142
f 1384/1104/686 1385/1105/687 1405/1125/142
f 1384/1104/686 1405/1125/142 1404/1124/142
f 1385/1105/687 1386/1106/688 1406/1126/142
f 1385/1105/687 1406/1126/142 1405/1125/142
f 1386/1106/688 1368/1088/720 1388/1108/142
f 1386/1106/688 1388/1108/142 1406/1126/142
f 1407/1127/1 1208/968/1 1207/967/1
f 1407/1127/1 1211/971/1 1208/968/1
f 1407/1127/1 1213/973/1 1211/971/1
f 1407/1127/1 1215/975/1 1213/973/1
f 1407/1127/1 1217/977/1 1215/975/1
f 1407/1127/1 1219/979/1 1217/977/1
f 1407/1127/1 1221/981/1 1219/979/1
f 1407/1127/1 1223/983/1 1221/981/1
f 1407/1127/1 1225/985/1 1223/983/1
f 1407/1127/1 1227/987/1 1225/985/1
f 1407/1127/1 1229/989/1 1227/987/1
f 1407/1127/1 1231/991/1 1229/989/1
f 1407/1127/1 1233/993/1 1231/991/1
f 1407/1127/1 1235/995/1 1233/993/1
f 1407/1127/1 1237/997/1 1235/995/1
f 1407/1127/1 1239/999/1 1237/997/1
f 1407/1127/1 1241/1001/1 1239/999/1
f 1407/1127/1 1243/1003/1 1241/1001/1
f 1407/1127/1 1245/1005/1 1243/1003/1
f 1407/1127/1 1207/967/1 1245/1005/1
f 1408/1128/142 1388/1108/142 1387/1107/142
f 1408/1128/142 1387/1107/142 1389/1109/142
f 1408/1128/142 1389/1109/142 1390/1110/142
f 1408/1128/142 1390/1110/142 1391/1111/142
f 1408/1128/142 1391/1111/142 1392/1112/142
f 1408/1128/142 1392/1112/142 1393/1113/142
f 1408/1128/142 1393/1113/142 1394/1114/142
f 1408/1128/142 1394/1114/142 1395/1115/142
f 1408/1128/142 1395/1115/142 1396/1116/142
f 1408/1128/142 1396/1116/142 1397/1117/142
f 1408/1128/142 1397/1117/142 1398/1118/142
f 1408/1128/142 1398/1118/142 1399/1119/142
f 1408/1128/142 1399/1119/142 1400/1120/142
f 1408/1128/142 1400/1120/142 1401/1121/142
f 1408/1128/142 1401/1121/142 1402/1122/142
f 1408/1128/142 1402/1122/142 1403/1123/142
f 1408/1128/142 1403/1123/142 1404/1124/142
f 1408/1128/142 1404/1124/142 1405/1125/142
f 1408/1128/142 1405/1125/142 1406/1126/142
f 1408/1128/142 1406/1126/142 1388/1108/142
f 1409/1129/1 1410/1130/1 1411/1131/689
f 1409/1129/1 1411/1131/689 1412/1132/690
f 1410/1130/1 1413/1133/1 1414/1134/691
f 1410/1130/1 1414/1134/691 1411/1131/689
f 1413/1133/1 1415/1135/1 1416/1136/692
f 1413/1133/1 1416/1136/692 1414/1134/691
f 1415/1135/1 1417/1137/1 1418/1138/693
f 1415/1135/1 1418/1138/693 1416/1136/692
f 1417/1137/1 1419/1139/1 1420/1140/176
f 1417/1137/1 1420/1140/176 1418/1138/693
f 1419/1139/1 1421/1141/1 1422/1142/177
f 1419/1139/1 1422/1142/177 1420/1140/176
f 1421/1141/1 1423/1143/1 1424/1144/178
f 1421/1141/1 1424/1144/178 1422/1142/177
f 1423/1143/1 1425/1145/1 1426/1146/179
f 1423/1143/1 1426/1146/179 1424/1144/178
f 1425/1145/1 1427/1147/1 1428/1148/180
f 1425/1145/1 1428/1148/180 1426/1146/179
f 1427/1147/1 1429/1149/1 1430/1150/181
f 1427/1147/1 1430/1150/181 1428/1148/180
f 1429/1149/1 1431/1151/1 1432/1152/182
f 1429/1149/1 1432/1152/182 1430/1150/181
f 1431/1151/1 1433/1153/1 1434/1154/183
f 1431/1151/1 1434/1154/183 1432/1152/182
f 1433/1153/1 1435/1155/1 1436/1156/184
f 1433/1153/1 1436/1156/184 1434/1154/183
f 1435/1155/1 1437/1157/1 1438/1158/185
f 1435/1155/1 1438/1158/185 1436/1156/184
f 1437/1157/1 1439/1159/1 1440/1160/540
f 1437/1157/1 1440/1160/540 1438/1158/185
f 1439/1159/1 1441/1161/1 1442/1162/541
f 1439/1159/1 1442/1162/541 1440/1160/540
f 1441/1161/1 1443/1163/1 1444/1164/542
f 1441/1161/1 1444/1164/542 1442/1162/541
f 1443/1163/1 1445/1165/1 1446/1166/543
f 1443/1163/1 1446/1166/543 1444/1164/542
f 1445/1165/1 1447/1167/1 1448/1168/544
f 1445/1165/1 1448/1168/544 1446/1166/543
f 1447/1167/1 1409/1129/1 1412/1132/690
f 1447/1167/1 1412/1132/690 1448/1168/544
f 1412/1132/690 1411/1131/689 1449/1169/694
f 1412/1132/690 1449/1169/694 1450/1170/695
f 1411/1131/689 1414/1134/691 1451/1171/696
f 1411/1131/689 1451/1171/696 1449/1169/694
f 1414/1134/691 1416/1136/692 1452/1172/697
f 1414/1134/691 1452/1172/697 1451/1171/696
f 1416/1136/692 1418/1138/693 1453/1173/698
f 1416/1136/692 1453/1173/698 1452/1172/697
f 1418/1138/693 1420/1140/176 1454/1174/206
f 1418/1138/693 1454/1174/206 1453/1173/698
f 1420/1140/176 1422/1142/177 1455/1175/207
f 1420/1140/176 1455/1175/207 1454/1174/206
f 1422/1142/177 1424/1144/178 1456/1176/208
f 1422/1142/177 1456/1176/208 1455/1175/207
f 1424/1144/178 1426/1146/179 1457/1177/209
f 1424/1144/178 1457/1177/209 1456/1176/208
f 1426/1146/179 1428/1148/180 1458/1178/210
f 1426/1146/179 1458/1178/210 1457/1177/209
f 1428/1148/180 1430/1150/181 1459/1179/211
f 1428/1148/180 1459/1179/211 1458/1178/210
f 1430/1150/181 1432/1152/182 1460/1180/212
f 1430/1150/181 1460/1180/212 1459/1179/211
f 1432/1152/182 1434/1154/183 1461/1181/213
f 1432/1152/182 1461/1181/213 1460/1180/212
f 1434/1154/183 1436/1156/184 1462/1182/214
f 1434/1154/183 1462/1182/214 1461/1181/213
f 1436/1156/184 1438/1158/185 1463/1183/215
f 1436/1156/184 1463/1183/215 1462/1182/214
f 1438/1158/185 1440/1160/540 1464/1184/564
f 1438/1158/185 1464/1184/564 1463/1183/215
f 1440/1160/540 1442/1162/541 1465/1185/565
f 1440/1160/540 1465/1185/565 1464/1184/564
f 1442/1162/541 1444/1164/542 1466/1186/566
f 1442/1162/541 1466/1186/566 1465/1185/565
f 1444/1164/542 1446/1166/543 1467/1187/567
f 1444/1164/542 1467/1187/567 1466/1186/566
f 1446/1166/543 1448/1168/544 1468/1188/568
f 1446/1166/543 1468/1188/568 1467/1187/567
f 1448/1168/544 1412/1132/690 1450/1170/695
f 1448/1168/544 1450/1170/695 1468/1188/568
f 1450/1170/695 1449/1169/694 1469/1189/699
f 1450/62/695 1469/62/699 1470/62/700
f 1449/1169/694 1451/1171/696 1471/1190/701
f 1449/62/694 1471/62/701 1469/62/699
f 1451/1171/696 1452/1172/697 1472/1191/702
f 1451/62/696 1472/62/702 1471/62/701
f 1452/1172/697 1453/1173/698 1473/1192/703
f 1452/62/697 1473/62/703 1472/62/702
f 1453/1173/698 1454/1174/206 1474/1193/236
f 1453/62/698 1474/62/236 1473/62/703
f 1454/1174/206 1455/1175/207 1475/1194/237
f 1454/62/206 1475/62/237 1474/62/236
f 1455/1175/207 1456/1176/208 1476/1195/238
f 1455/62/207 1476/62/238 1475/62/237
f 1456/1176/208 1457/1177/209 1477/1196/239
f 1456/62/208 1477/62/239 1476/62/238
f 1457/1177/209 1458/1178/210 1478/1197/240
f 1457/62/209 1478/62/240 1477/62/239
f 1458/1178/210 1459/1179/211 1479/1198/241
f 1458/62/210 1479/62/241 1478/62/240
f 1459/1179/211 1460/1180/212 1480/1199/242
f 1459/62/211 1480/62/242 1479/62/241
f 1460/1180/212 1461/1181/213 1481/1200/243
f 1460/62/212 1481/62/243 1480/62/242
f 1461/1181/213 1462/1182/214 1482/1201/244
f 1461/62/213 1482/62/244 1481/62/243
f 1462/1182/214 1463/1183/215 1483/1202/245
f 1462/62/214 1483/62/245 1482/62/244
f 1463/1183/215 1464/1184/564 1484/1203/588
f 1463/62/215 1484/62/588 1483/62/245
f 1464/1184/564 1465/1185/565 1485/1204/589
f 1464/62/564 1485/62/589 1484/62/588
f 1465/1185/565 1466/1186/566 1486/1205/590
f 1465/62/565 1486/62/590 1485/62/589
f 1466/1186/566 1467/1187/567 1487/1206/591
f 1466/62/566 1487/62/591 1486/62/590
f 1467/1187/567 1468/1188/568 1488/1207/592
f 1467/62/567 1488/62/592 1487/62/591
f 1468/1188/568 1450/1170/695 1470/1208/700
f 1468/62/568 1470/62/700 1488/62/592
f 1470/62/700 1469/62/699 1489/62/704
f 1470/62/700 1489/62/704 1490/62/705
f 1469/62/699 1471/62/701 1491/62/706
f 1469/62/699 1491/62/706 1489/62/704
f 1471/62/701 1472/62/702 1492/62/707
f 1471/62/701 1492/62/707 1491/62/706
f 1472/62/702 1473/62/703 1493/62/708
f 1472/62/702 1493/62/708 1492/62/707
f 1473/62/703 1474/62/236 1494/62/266
f 1473/62/703 1494/62/266 1493/62/708
f 1474/62/236 1475/62/237 1495/62/267
f 1474/62/236 1495/62/267 1494/62/266
f 1475/62/237 1476/62/238 1496/62/268
f 1475/62/237 1496/62/268 1495/62/267
f 1476/62/238 1477/62/239 1497/62/269
f 1476/62/238 1497/62/269 1496/62/268
f 1477/62/239 1478/62/240 1498/62/270
f 1477/62/239 1498/62/270 1497/62/269
f 1478/62/240 1479/62/241 1499/62/271
f 1478/62/240 1499/62/271 1498/62/270
f 1479/62/241 1480/62/242 1500/62/272
f 1479/62/241 1500/62/272 1499/62/271
f 1480/62/242 1481/62/243 1501/62/273
f 1480/62/242 1501/62/273 1500/62/272
f 1481/62/243 1482/62/244 1502/62/274
f 1481/62/243 1502/62/274 1501/62/273
f 1482/62/244 1483/62/245 1503/62/275
f 1482/62/244 1503/62/275 1502/62/274
f 1483/62/245 1484/62/588 1504/62/612
f 1483/62/245 1504/62/612 1503/62/275
f 1484/62/588 1485/62/589 1505/62/613
f 1484/62/588 1505/62/613 1504/62/612
f 1485/62/589 1486/62/590 1506/62/614
f 1485/62/589 1506/62/614 1505/62/613
f 1486/62/590 1487/62/591 1507/62/615
f 1486/62/590 1507/62/615 1506/62/614
f 1487/62/591 1488/62/592 1508/62/616
f 1487/62/591 1508/62/616 1507/62/615
f 1488/62/592 1470/62/700 1490/62/705
f 1488/62/592 1490/62/705 1508/62/616
f 1490/62/705 1489/62/704 1509/62/704
f 1490/62/705 1509/62/704 1510/62/705
f 1489/62/704 1491/62/706 1511/62/706
f 1489/62/704 1511/62/706 1509/62/704
f 1491/62/706 1492/62/707 1512/62/707
f 1491/62/706 1512/62/707 1511/62/706
f 1492/62/707 1493/62/708 1513/62/708
f 1492/62/707 1513/62/708 1512/62/707
f 1493/62/708 1494/62/266 1514/62/266
f 1493/62/708 1514/62/266 1513/62/708
f 1494/62/266 1495/62/267 1515/62/267
f 1494/62/266 1515/62/267 1514/62/266
f 1495/62/267 1496/62/268 1516/62/268
f 1495/62/267 1516/62/268 1515/62/267
f 1496/62/268 1497/62/269 1517/62/269
f 1496/62/268 1517/62/269 1516/62/268
f 1497/62/269 1498/62/270 1518/62/270
f 1497/62/269 1518/62/270 1517/62/269
f 1498/62/270 1499/62/271 1519/62/271
f 1498/62/270 1519/62/271 1518/62/270
f 1499/62/271 1500/62/272 1520/62/272
f 1499/62/271 1520/62/272 1519/62/271
f 1500/62/272 1501/62/273 1521/62/273
f 1500/62/272 1521/62/273 1520/62/272
f 1501/62/273 1502/62/274 1522/62/274
f 1501/62/273 1522/62/274 1521/62/273
f 1502/62/274 1503/62/275 1523/62/275
f 1502/62/274 1523/62/275 1522/62/274
f 1503/62/275 1504/62/612 1524/62/612
f 1503/62/275 1524/62/612 1523/62/275
f 1504/62/612 1505/62/613 1525/62/613
f 1504/62/612 1525/62/613 1524/62/612
f 1505/62/613 1506/62/614 1526/62/614
f 1505/62/613 1526/62/614 1525/62/613
f 1506/62/614 1507/62/615 1527/62/615
f 1506/62/614 1527/62/615 1526/62/614
f 1507/62/615 1508/62/616 1528/62/616
f 1507/62/615 1528/62/616 1527/62/615
f 1508/62/616 1490/62/705 1510/62/705
f 1508/62/616 1510/62/705 1528/62/616
f 1510/62/705 1509/62/704 1529/62/709
f 1510/62/705 1529/62/709 1530/62/710
f 1509/62/704 1511/62/706 1531/62/711
f 1509/62/704 1531/62/711 1529/62/709
f 1511/62/706 1512/62/707 1532/62/712
f 1511/62/706 1532/62/712 1531/62/711
f 1512/62/707 1513/62/708 1533/62/713
f 1512/62/707 1533/62/713 1532/62/712
f 1513/62/708 1514/62/266 1534/62/296
f 1513/62/708 1534/62/296 1533/62/713
f 1514/62/266 1515/62/267 1535/62/297
f 1514/62/266 1535/62/297 1534/62/296
f 1515/62/267 1516/62/268 1536/62/298
f 1515/62/267 1536/62/298 1535/62/297
f 1516/62/268 1517/62/269 1537/62/299
f 1516/62/268 1537/62/299 1536/62/298
f 1517/62/269 1518/62/270 1538/62/300
f 1517/62/269 1538/62/300 1537/62/299
f 1518/62/270 1519/62/271 1539/62/301
f 1518/62/270 1539/62/301 1538/62/300
f 1519/62/271 1520/62/272 1540/62/302
f 1519/62/271 1540/62/302 1539/62/301
f 1520/62/272 1521/62/273 1541/62/303
f 1520/62/272 1541/62/303 1540/62/302
f 1521/62/273 1522/62/274 1542/62/304
f 1521/62/273 1542/62/304 1541/62/303
f 1522/62/274 1523/62/275 1543/62/305
f 1522/62/274 1543/62/305 1542/62/304
f 1523/62/275 1524/62/612 1544/62/636
f 1523/62/275 1544/62/636 1543/62/305
f 1524/62/612 1525/62/613 1545/62/637
f 1524/62/612 1545/62/637 1544/62/636
f 1525/62/613 1526/62/614 1546/62/638
f 1525/62/613 1546/62/638 1545/62/637
f 1526/62/614 1527/62/615 1547/62/639
f 1526/62/614 1547/62/639 1546/62/638
f 1527/62/615 1528/62/616 1548/62/640
f 1527/62/615 1548/62/640 1547/62/639
f 1528/62/616 1510/62/705 1530/62/710
f 1528/62/616 1530/62/710 1548/62/640
f 1530/62/710 1529/62/709 1549/62/714
f 1530/1209/710 1549/1210/714 1550/1211/715
f 1529/62/709 1531/62/711 1551/62/716
f 1529/1212/709 1551/1213/716 1549/1210/714
f 1531/62/711 1532/62/712 1552/62/717
f 1531/1214/711 1552/1215/717 1551/1213/716
f 1532/62/712 1533/62/713 1553/62/718
f 1532/1216/712 1553/1217/718 1552/1215/717
f 1533/62/713 1534/62/296 1554/62/326
f 1533/1218/713 1554/1219/326 1553/1217/718
f 1534/62/296 1535/62/297 1555/62/327
f 1534/1220/296 1555/1221/327 1554/1219/326
f 1535/62/297 1536/62/298 1556/62/328
f 1535/1222/297 1556/1223/328 1555/1221/327
f 1536/62/298 1537/62/299 1557/62/329
f 1536/1224/298 1557/1225/329 1556/1223/328
f 1537/62/299 1538/62/300 1558/62/330
f 1537/1226/299 1558/1227/330 1557/1225/329
f 1538/62/300 1539/62/301 1559/62/331
f 1538/1228/300 1559/1229/331 1558/1227/330
f 1539/62/301 1540/62/302 1560/62/332
f 1539/1230/301 1560/1231/332 1559/1229/331
f 1540/62/302 1541/62/303 1561/62/333
f 1540/1232/302 1561/1233/333 1560/1231/332
f 1541/62/303 1542/62/304 1562/62/334
f 1541/1234/303 1562/1235/334 1561/1233/333
f 1542/62/304 1543/62/305 1563/62/335
f 1542/1236/304 1563/1237/335 1562/1235/334
f 1543/62/305 1544/62/636 1564/62/660
f 1543/1238/305 1564/1239/660 1563/1237/335
f 1544/62/636 1545/62/637 1565/62/661
f 1544/1240/636 1565/1241/661 1564/1239/660
f 1545/62/637 1546/62/638 1566/62/662
f 1545/1242/637 1566/1243/662 1565/1241/661
f 1546/62/638 1547/62/639 1567/62/663
f 1546/1244/638 1567/1245/663 1566/1243/662
f 1547/62/639 1548/62/640 1568/62/664
f 1547/1246/639 1568/1247/664 1567/1245/663
f 1548/62/640 1530/62/710 1550/62/715
f 1548/1248/640 1550/1211/715 1568/1247/664
f 1550/1211/715 1549/1210/714 1569/1249/719
f 1550/1211/715 1569/1249/719 1570/1250/720
f 1549/1210/714 1551/1213/716 1571/1251/721
f 1549/1210/714 1571/1251/721 1569/1249/719
f 1551/1213/716 1552/1215/717 1572/1252/722
f 1551/1213/716 1572/1252/722 1571/1251/721
f 1552/1215/717 1553/1217/718 1573/1253/723
f 1552/1215/717 1573/1253/723 1572/1252/722
f 1553/1217/718 1554/1219/326 1574/1254/356
f 1553/1217/718 1574/1254/356 1573/1253/723
f 1554/1219/326 1555/1221/327 1575/1255/357
f 1554/1219/326 1575/1255/357 1574/1254/356
f 1555/1221/327 1556/1223/328 1576/1256/358
f 1555/1221/327 1576/1256/358 1575/1255/357
f 1556/1223/328 1557/1225/329 1577/1257/359
f 1556/1223/328 1577/1257/359 1576/1256/358
f 1557/1225/329 1558/1227/330 1578/1258/360
f 1557/1225/329 1578/1258/360 1577/1257/359
f 1558/1227/330 1559/1229/331 1579/1259/361
f 1558/1227/330 1579/1259/361 1578/1258/360
f 1559/1229/331 1560/1231/332 1580/1260/362
f 1559/1229/331 1580/1260/362 1579/1259/361
f 1560/1231/332 1561/1233/333 1581/1261/363
f 1560/1231/332 1581/1261/363 1580/1260/362
f 1561/1233/333 1562/1235/334 1582/1262/364
f 1561/1233/333 1582/1262/364 1581/1261/363
f 1562/1235/334 1563/1237/335 1583/1263/365
f 1562/1235/334 1583/1263/365 1582/1262/364
f 1563/1237/335 1564/1239/660 1584/1264/684
f 1563/1237/335 1584/1264/684 1583/1263/365
f 1564/1239/660 1565/1241/661 1585/1265/685
f 1564/1239/660 1585/1265/685 1584/1264/684
f 1565/1241/661 1566/1243/662 1586/1266/686
f 1565/1241/661 1586/1266/686 1585/1265/685
f 1566/1243/662 1567/1245/663 1587/1267/687
f 1566/1243/662 1587/1267/687 1586/1266/686
f 1567/1245/663 1568/1247/664 1588/1268/688
f 1567/1245/663 1588/1268/688 1587/1267/687
f 1568/1247/664 1550/1211/715 1570/1250/720
f 1568/1247/664 1570/1250/720 1588/1268/688
f 1570/1250/720 1569/1249/719 1589/1269/142
f 1570/1250/720 1589/1269/142 1590/1270/142
f 1569/1249/719 1571/1251/721 1591/1271/142
f 1569/1249/719 1591/1271/142 1589/1269/142
f 1571/1251/721 1572/1252/722 1592/1272/142
f 1571/1251/721 1592/1272/142 1591/1271/142
f 1572/1252/722 1573/1253/723 1593/1273/142
f 1572/1252/722 1593/1273/142 1592/1272/142
f 1573/1253/723 1574/1254/356 1594/1274/142
f 1573/1253/723 1594/1274/142 1593/1273/142
f 1574/1254/356 1575/1255/357 1595/1275/142
f 1574/1254/356 1595/1275/142 1594/1274/142
f 1575/1255/357 1576/1256/358 1596/1276/142
f 1575/1255/357 1596/1276/142 1595/1275/142
f 1576/1256/358 1577/1257/359 1597/1277/142
f 1576/1256/358 1597/1277/142 1596/1276/142
f 1577/1257/359 1578/1258/360 1598/1278/142
f 1577/1257/359 1598/1278/142 1597/1277/142
f 1578/1258/360 1579/1259/361 1599/1279/142
f 1578/1258/360 1599/1279/142 1598/1278/142
f 1579/1259/361 1580/1260/362 1600/1280/142
f 1579/1259/361 1600/1280/142 1599/1279/142
f 1580/1260/362 1581/1261/363 1601/1281/142
f 1580/1260/362 1601/1281/142 1600/1280/142
f 1581/1261/363 1582/1262/364 1602/1282/142
f 1581/1261/363 1602/1282/142 1601/1281/142
f 1582/1262/364 1583/1263/365 1603/1283/142
f 1582/1262/364 1603/1283/142 1602/1282/142
f 1583/1263/365 1584/1264/684 1604/1284/142
f 1583/1263/365 1604/1284/142 1603/1283/142
f 1584/1264/684 1585/1265/685 1605/1285/142
f 1584/1264/684 1605/1285/142 1604/1284/142
f 1585/1265/685 1586/1266/686 1606/1286/142
f 1585/1265/685 1606/1286/142 1605/1285/142
f 1586/1266/686 1587/1267/687 1607/1287/142
f 1586/1266/686 1607/1287/142 1606/1286/142
f 1587/1267/687 1588/1268/688 1608/1288/142
f 1587/1267/687 1608/1288/142 1607/1287/142
f 1588/1268/688 1570/1250/720 1590/1270/142
f 1588/1268/688 1590/1270/142 1608/1288/142
f 1609/1289/1 1410/1130/1 1409/1129/1
f 1609/1289/1 1413/1133/1 1410/1130/1
f 1609/1289/1 1415/1135/1 1413/1133/1
f 1609/1289/1 1417/1137/1 1415/1135/1
f 1609/1289/1 1419/1139/1 1417/1137/1
f 1609/1289/1 1421/1141/1 1419/1139/1
f 1609/1289/1 1423/1143/1 1421/1141/1
f 1609/1289/1 1425/1145/1 1423/1143/1
f 1609/1289/1 1427/1147/1 1425/1145/1
f 1609/1289/1 1429/1149/1 1427/1147/1
f 1609/1289/1 1431/1151/1 1429/1149/1
f 1609/1289/1 1433/1153/1 1431/1151/1
f 1609/1289/1 1435/1155/1 1433/1153/1
f 1609/1289/1 1437/1157/1 1435/1155/1
f 1609/1289/1 1439/1159/1 1437/1157/1
f 1609/1289/1 1441/1161/1 1439/1159/1
f 1609/1289/1 1443/1163/1 1441/1161/1
f 1609/1289/1 1445/1165/1 1443/1163/1
f 1609/1289/1 1447/1167/1 1445/1165/1
f 1609/1289/1 1409/1129/1 1447/1167/1
f 1610/1290/142 1590/1270/142 1589/1269/142
f 1610/1290/142 1589/1269/142 1591/1271/142
f 1610/1290/142 1591/1271/142 1592/1272/142
f 1610/1290/142 1592/1272/142 1593/1273/142
f 1610/1290/142 1593/1273/142 1594/1274/142
f 1610/1290/142 1594/1274/142 1595/1275/142
f 1610/1290/142 1595/1275/142 1596/1276/142
f 1610/1290/142 1596/1276/142 1597/1277/142
f 1610/1290/142 1597/1277/142 1598/1278/142
f 1610/1290/142 1598/1278/142 1599/1279/142
f 1610/1290/142 1599/1279/142 1600/1280/142
f 1610/1290/142 1600/1280/142 1601/1281/142
f 1610/1290/142 1601/1281/142 1602/1282/142
f 1610/1290/142 1602/1282/142 1603/1283/142
f 1610/1290/142 1603/1283/142 1604/1284/142
f 1610/1290/142 1604/1284/142 1605/1285/142
f 1610/1290/142 1605/1285/142 1606/1286/142
f 1610/1290/142 1606/1286/142 1607/1287/142
f 1610/1290/142 1607/1287/142 1608/1288/142
f 1610/1290/142 1608/1288/142 1590/1270/142
f 1611/1291/1 1612/1292/1 1613/1293/689
f 1611/1291/1 1613/1293/689 1614/1294/690
f 1612/1292/1 1615/1295/691 1616/1296/1
f 1612/1292/1 1615/1295/691 1613/1293/689
f 1616/1296/1 1617/1297/692 1618/1298/1
f 1616/1296/1 1617/1297/692 1615/1295/691
f 1618/1298/1 1619/1299/1 1620/1300/693
f 1618/1298/1 1620/1300/693 1617/1297/692
f 1619/1299/1 1621/1301/1 1622/1302/176
f 1619/1299/1 1622/1302/176 1620/1300/693
f 1621/1301/1 1623/1303/1 1624/1304/177
f 1621/1301/1 1624/1304/177 1622/1302/176
f 1623/1303/1 1625/1305/178 1626/1306/1
f 1623/1303/1 1625/1305/178 1624/1304/177
f 1626/1306/1 1627/1307/179 1628/1308/1
f 1626/1306/1 1627/1307/179 1625/1305/178
f 1628/1308/1 1629/1309/1 1630/1310/180
f 1628/1308/1 1630/1310/180 1627/1307/179
f 1629/1309/1 1631/1311/1 1632/1312/181
f 1629/1309/1 1632/1312/181 1630/1310/180
f 1631/1311/1 1633/1313/1 1634/1314/182
f 1631/1311/1 1634/1314/182 1632/1312/181
f 1633/1313/1 1635/1315/183 1636/1316/1
f 1633/1313/1 1635/1315/183 1634/1314/182
f 1636/1316/1 1637/1317/184 1638/1318/1
f 1636/1316/1 1637/1317/184 1635/1315/183
f 1638/1318/1 1621/1301/1 1639/1319/185
f 1638/1318/1 1639/1319/185 1637/1317/184
f 1621/1301/1 1619/1299/1 1640/1320/540
f 1621/1301/1 1640/1320/540 1639/1319/185
f 1619/1299/1 1641/1321/1 1642/1322/541
f 1619/1299/1 1642/1322/541 1640/1320/540
f 1641/1321/1 1643/1323/542 1644/1324/1
f 1641/1321/1 1643/1323/542 1642/1322/541
f 1644/1324/1 1645/1325/543 1646/1326/1
f 1644/1324/1 1645/1325/543 1643/1323/542
f 1646/1326/1 1647/1327/1 1648/1328/544
f 1646/1326/1 1648/1328/544 1645/1325/543
f 1647/1327/1 1611/1291/1 1614/1294/690
f 1647/1327/1 1614/1294/690 1648/1328/544
f 1614/1294/690 1613/1293/689 1649/1329/694
f 1614/1294/690 1649/1329/694 1650/1330/695
f 1613/1293/689 1615/1295/691 1651/1331/696
f 1613/1293/689 1651/1331/696 1649/1329/694
f 1615/1295/691 1617/1297/692 1652/1332/697
f 1615/1295/691 1652/1332/697 1651/1331/696
f 1617/1297/692 1620/1300/693 1653/1333/698
f 1617/1297/692 1653/1333/698 1652/1332/697
f 1620/1300/693 1622/1302/176 1654/1334/206
f 1620/1300/693 1654/1334/206 1653/1333/698
f 1622/1302/176 1624/1304/177 1655/1335/207
f 1622/1302/176 1655/1335/207 1654/1334/206
f 1624/1304/177 1625/1305/178 1656/1336/208
f 1624/1304/177 1656/1336/208 1655/1335/207
f 1625/1305/178 1627/1307/179 1657/1337/209
f 1625/1305/178 1657/1337/209 1656/1336/208
f 1627/1307/179 1630/1310/180 1658/1338/210
f 1627/1307/179 1658/1338/210 1657/1337/209
f 1630/1310/180 1632/1312/181 1659/1339/211
f 1630/1310/180 1659/1339/211 1658/1338/210
f 1632/1312/181 1634/1314/182 1660/1340/212
f 1632/1312/181 1660/1340/212 1659/1339/211
f 1634/1314/182 1635/1315/183 1661/1341/213
f 1634/1314/182 1661/1341/213 1660/1340/212
f 1635/1315/183 1637/1317/184 1662/1342/214
f 1635/1315/183 1662/1342/214 1661/1341/213
f 1637/1317/184 1639/1319/185 1663/1343/215
f 1637/1317/184 1663/1343/215 1662/1342/214
f 1639/1319/185 1640/1320/540 1664/1344/564
f 1639/1319/185 1664/1344/564 1663/1343/215
f 1640/1320/540 1642/1322/541 1665/1345/565
f 1640/1320/540 1665/1345/565 1664/1344/564
f 1642/1322/541 1643/1323/542 1666/1346/566
f 1642/1322/541 1666/1346/566 1665/1345/565
f 1643/1323/542 1645/1325/543 1667/1347/567
f 1643/1323/542 1667/1347/567 1666/1346/566
f 1645/1325/543 1648/1328/544 1668/1348/568
f 1645/1325/543 1668/1348/568 1667/1347/567
f 1648/1328/544 1614/1294/690 1650/1330/695
f 1648/1328/544 1650/1330/695 1668/1348/568
f 1650/1330/695 1649/1329/694 1669/1349/699
f 1650/1350/695 1669/1350/699 1670/1350/700
f 1649/1329/694 1651/1331/696 1671/1351/701
f 1649/1350/694 1671/1350/701 1669/1350/699
f 1651/1331/696 1652/1332/697 1672/1352/702
f 1651/1350/696 1672/1350/702 1671/1350/701
f 1652/1332/697 1653/1333/698 1673/1353/703
f 1652/1350/697 1673/1350/703 1672/1350/702
f 1653/1333/698 1654/1334/206 1674/1354/236
f 1653/1350/698 1674/1350/236 1673/1350/703
f 1654/1334/206 1655/1335/207 1675/1355/237
f 1654/1350/206 1675/1350/237 1674/1350/236
f 1655/1335/207 1656/1336/208 1676/1356/238
f 1655/1350/207 1676/1350/238 1675/1350/237
f 1656/1336/208 1657/1337/209 1677/1357/239
f 1656/1350/208 1677/1350/239 1676/1350/238
f 1657/1337/209 1658/1338/210 1678/1358/240
f 1657/1350/209 1678/1350/240 1677/1350/239
f 1658/1338/210 1659/1339/211 1679/1359/241
f 1658/1350/210 1679/1350/241 1678/1350/240
f 1659/1339/211 1660/1340/212 1680/1360/242
f 1659/1350/211 1680/1350/242 1679/1350/241
f 1660/1340/212 1661/1341/213 1681/1361/243
f 1660/1350/212 1681/1350/243 1680/1350/242
f 1661/1341/213 1662/1342/214 1682/1362/244
f 1661/1350/213 1682/1350/244 1681/1350/243
f 1662/1342/214 1663/1343/215 1683/1363/245
f 1662/1350/214 1683/1350/245 1682/1350/244
f 1663/1343/215 1664/1344/564 1684/1364/588
f 1663/1350/215 1684/1350/588 1683/1350/245
f 1664/1344/564 1665/1345/565 1685/1365/589
f 1664/1350/564 1685/1350/589 1684/1350/588
f 1665/1345/565 1666/1346/566 1686/1366/590
f 1665/1350/565 1686/1350/590 1685/1350/589
f 1666/1346/566 1667/1347/567 1687/1367/591
f 1666/1350/566 1687/1350/591 1686/1350/590
f 1667/1347/567 1668/1348/568 1688/1368/592
f 1667/1350/567 1688/1350/592 1687/1350/591
f 1668/1348/568 1650/1330/695 1670/1369/700
f 1668/1350/568 1670/1350/700 1688/1350/592
f 1670/1350/700 1669/1350/699 1689/1350/704
f 1670/1350/700 1689/1350/704 1690/1350/705
f 1669/1350/699 1671/1350/701 1691/1350/706
f 1669/1350/699 1691/1350/706 1689/1350/704
f 1671/1350/701 1672/1350/702 1692/1350/707
f 1671/1350/701 1692/1350/707 1691/1350/706
f 1672/1350/702 1673/1350/703 1693/1350/708
f 1672/1350/702 1693/1350/708 1692/1350/707
f 1673/1350/703 1674/1350/236 1694/1350/266
f 1673/1350/703 1694/1350/266 1693/1350/708
f 1674/1350/236 1675/1350/237 1695/1350/267
f 1674/1350/236 1695/1350/267 1694/1350/266
f 1675/1350/237 1676/1350/238 1696/1350/268
f 1675/1350/237 1696/1350/268 1695/1350/267
f 1676/1350/238 1677/1350/239 1697/1350/269
f 1676/1350/238 1697/1350/269 1696/1350/268
f 1677/1350/239 1678/1350/240 1698/1350/270
f 1677/1350/239 1698/1350/270 1697/1350/269
f 1678/1350/240 1679/1350/241 1699/1350/271
f 1678/1350/240 1699/1350/271 1698/1350/270
f 1679/1350/241 1680/1350/242 1700/1350/272
f 1679/1350/241 1700/1350/272 1699/1350/271
f 1680/1350/242 1681/1350/243 1701/1350/273
f 1680/1350/242 1701/1350/273 1700/1350/272
f 1681/1350/243 1682/1350/244 1702/1350/274
f 1681/1350/243 1702/1350/274 1701/1350/273
f 1682/1350/244 1683/1350/245 1703/1350/275
f 1682/1350/244 1703/1350/275 1702/1350/274
f 1683/1350/245 1684/1350/588 1704/1350/612
f 1683/1350/245 1704/1350/612 1703/1350/275
f 1684/1350/588 1685/1350/589 1705/1350/613
f 1684/1350/588 1705/1350/613 1704/1350/612
f 1685/1350/589 1686/1350/590 1706/1350/614
f 1685/1350/589 1706/1350/614 1705/1350/613
f 1686/1350/590 1687/1350/591 1707/1350/615
f 1686/1350/590 1707/1350/615 1706/1350/614
f 1687/1350/591 1688/1350/592 1708/1350/616
f 1687/1350/591 1708/1350/616 1707/1350/615
f 1688/1350/592 1670/1350/700 1690/1350/705
f 1688/1350/592 1690/1350/705 1708/1350/616
f 1690/1350/705 1689/1350/704 1709/1350/704
f 1690/1350/705 1709/1350/704 1710/1350/705
f 1689/1350/704 1691/1350/706 1711/1350/706
f 1689/1350/704 1711/1350/706 1709/1350/704
f 1691/1350/706 1692/1350/707 1712/1350/707
f 1691/1350/706 1712/1350/707 1711/1350/706
f 1692/1350/707 1693/1350/708 1713/1350/708
f 1692/1350/707 1713/1350/708 1712/1350/707
f 1693/1350/708 1694/1350/266 1714/1350/266
f 1693/1350/708 1714/1350/266 1713/1350/708
f 1694/1350/266 1695/1350/267 1715/1350/267
f 1694/1350/266 1715/1350/267 1714/1350/266
f 1695/1350/267 1696/1350/268 1716/1350/268
f 1695/1350/267 1716/1350/268 1715/1350/267
f 1696/1350/268 1697/1350/269 1717/1350/269
f 1696/1350/268 1717/1350/269 1716/1350/268
f 1697/1350/269 1698/1350/270 1718/1350/270
f 1697/1350/269 1718/1350/270 1717/1350/269
f 1698/1350/270 1699/1350/271 1719/1350/271
f 1698/1350/270 1719/1350/271 1718/1350/270
f 1699/1350/271 1700/1350/272 1720/1350/272
f 1699/1350/271 1720/1350/272 1719/1350/271
f 1700/1350/272 1701/1350/273 1721/1350/273
f 1700/1350/272 1721/1350/273 1720/1350/272
f 1701/1350/273 1702/1350/274 1722/1350/274
f 1701/1350/273 1722/1350/274 1721/1350/273
f 1702/1350/274 1703/1350/275 1723/1350/275
f 1702/1350/274 1723/1350/275 1722/1350/274
f 1703/1350/275 1704/1350/612 1724/1350/612
f 1703/1350/275 1724/1350/612 1723/1350/275
f 1704/1350/612 1705/1350/613 1725/1350/613
f 1704/1350/612 1725/1350/613 1724/1350/612
f 1705/1350/613 1706/1350/614 1726/1350/614
f 1705/1350/613 1726/1350/614 1725/1350/613
f 1706/1350/614 1707/1350/615 1727/1350/615
f 1706/1350/614 1727/1350/615 1726/1350/614
f 1707/1350/615 1708/1350/616 1728/1350/616
f 1707/1350/615 1728/1350/616 1727/1350/615
f 1708/1350/616 1690/1350/705 1710/1350/705
f 1708/1350/616 1710/1350/705 1728/1350/616
f 1710/1350/705 1709/1350/704 1729/1350/709
f 1710/1350/705 1729/1350/709 1730/1350/710
f 1709/1350/704 1711/1350/706 1731/1350/711
f 1709/1350/704 1731/1350/711 1729/1350/709
f 1711/1350/706 1712/1350/707 1732/1350/712
f 1711/1350/706 1732/1350/712 1731/1350/711
f 1712/1350/707 1713/1350/708 1733/1350/713
f 1712/1350/707 1733/1350/713 1732/1350/712
f 1713/1350/708 1714/1350/266 1734/1350/296
f 1713/1350/708 1734/1350/296 1733/1350/713
f 1714/1350/266 1715/1350/267 1735/1350/297
f 1714/1350/266 1735/1350/297 1734/1350/296
f 1715/1350/267 1716/1350/268 1736/1350/298
f 1715/1350/267 1736/1350/298 1735/1350/297
f 1716/1350/268 1717/1350/269 1737/1350/299
f 1716/1350/268 1737/1350/299 1736/1350/298
f 1717/1350/269 1718/1350/270 1738/1350/300
f 1717/1350/269 1738/1350/300 1737/1350/299
f 1718/1350/270 1719/1350/271 1739/1350/301
f 1718/1350/270 1739/1350/301 1738/1350/300
f 1719/1350/271 1720/1350/272 1740/1350/302
f 1719/1350/271 1740/1350/302 1739/1350/301
f 1720/1350/272 1721/1350/273 1741/1350/303
f 1720/1350/272 1741/1350/303 1740/1350/302
f 1721/1350/273 1722/1350/274 1742/1350/304
f 1721/1350/273 1742/1350/304 1741/1350/303
f 1722/1350/274 1723/1350/275 1743/1350/305
f 1722/1350/274 1743/1350/305 1742/1350/304
f 1723/1350/275 1724/1350/612 1744/1350/636
f 1723/1350/275 1744/1350/636 1743/1350/305
f 1724/1350/612 1725/1350/613 1745/1350/637
f 1724/1350/612 1745/1350/637 1744/1350/636
f 1725/1350/613 1726/1350/614 1746/1350/638
f 1725/1350/613 1746/1350/638 1745/1350/637
f 1726/1350/614 1727/1350/615 1747/1350/639
f 1726/1350/614 1747/1350/639 1746/1350/638
f 1727/1350/615 1728/1350/616 1748/1350/640
f 1727/1350/615 1748/1350/640 1747/1350/639
f 1728/1350/616 1710/1350/705 1730/1350/710
f 1728/1350/616 1730/1350/710 1748/1350/640
f 1730/1350/710 1729/1350/709 1749/1350/714
f 1730/1370/710 1749/1371/714 1750/1372/715
f 1729/1350/709 1731/1350/711 1751/1350/716
f 1729/1373/709 1751/1374/716 1749/1371/714
f 1731/1350/711 1732/1350/712 1752/1350/717
f 1731/1375/711 1752/1376/717 1751/1374/716
f 1732/1350/712 1733/1350/713 1753/1350/718
f 1732/1377/712 1753/1378/718 1752/1376/717
f 1733/1350/713 1734/1350/296 1754/1350/326
f 1733/1379/713 1754/1380/326 1753/1378/718
f 1734/1350/296 1735/1350/297 1755/1350/327
f 1734/1381/296 1755/1382/327 1754/1380/326
f 1735/1350/297 1736/1350/298 1756/1350/328
f 1735/1383/297 1756/1384/328 1755/1382/327
f 1736/1350/298 1737/1350/299 1757/1350/329
f 1736/1385/298 1757/1386/329 1756/1384/328
f 1737/1350/299 1738/1350/300 1758/1350/330
f 1737/1387/299 1758/1388/330 1757/1386/329
f 1738/1350/300 1739/1350/301 1759/1350/331
f 1738/1389/300 1759/1390/331 1758/1388/330
f 1739/1350/301 1740/1350/302 1760/1350/332
f 1739/1391/301 1760/1392/332 1759/1390/331
f 1740/1350/302 1741/1350/303 1761/1350/333
f 1740/1393/302 1761/1394/333 1760/1392/332
f 1741/1350/303 1742/1350/304 1762/1350/334
f 1741/1395/303 1762/1396/334 1761/1394/333
f 1742/1350/304 1743/1350/305 1763/1350/335
f 1742/1397/304 1763/1398/335 1762/1396/334
f 1743/1350/305 1744/1350/636 1764/1350/660
f 1743/1399/305 1764/1400/660 1763/1398/335
f 1744/1350/636 1745/1350/637 1765/1350/661
f 1744/1401/636 1765/1402/661 1764/1400/660
f 1745/1350/637 1746/1350/638 1766/1350/662
f 1745/1403/637 1766/1404/662 1765/1402/661
f 1746/1350/638 1747/1350/639 1767/1350/663
f 1746/1405/638 1767/1406/663 1766/1404/662
f 1747/1350/639 1748/1350/640 1768/1350/664
f 1747/1407/639 1768/1408/664 1767/1406/663
f 1748/1350/640 1730/1350/710 1750/1350/715
f 1748/1409/640 1750/1372/715 1768/1408/664
f 1750/1372/715 1749/1371/714 1769/1410/719
f 1750/1372/715 1769/1410/719 1770/1411/720
f 1749/1371/714 1751/1374/716 1771/1412/721
f 1749/1371/714 1771/1412/721 1769/1410/719
f 1751/1374/716 1752/1376/717 1772/1413/722
f 1751/1374/716 1772/1413/722 1771/1412/721
f 1752/1376/717 1753/1378/718 1773/1414/723
f 1752/1376/717 1773/1414/723 1772/1413/722
f 1753/1378/718 1754/1380/326 1774/1415/356
f 1753/1378/718 1774/1415/356 1773/1414/723
f 1754/1380/326 1755/1382/327 1775/1416/357
f 1754/1380/326 1775/1416/357 1774/1415/356
f 1755/1382/327 1756/1384/328 1776/1417/358
f 1755/1382/327 1776/1417/358 1775/1416/357
f 1756/1384/328 1757/1386/329 1777/1418/359
f 1756/1384/328 1777/1418/359 1776/1417/358
f 1757/1386/329 1758/1388/330 1778/1419/360
f 1757/1386/329 1778/1419/360 1777/1418/359
f 1758/1388/330 1759/1390/331 1779/1420/361
f 1758/1388/330 1779/1420/361 1778/1419/360
f 1759/1390/331 1760/1392/332 1780/1421/362
f 1759/1390/331 1780/1421/362 1779/1420/361
f 1760/1392/332 1761/1394/333 1781/1422/363
f 1760/1392/332 1781/1422/363 1780/1421/362
f 1761/1394/333 1762/1396/334 1782/1423/364
f 1761/1394/333 1782/1423/364 1781/1422/363
f 1762/1396/334 1763/1398/335 1783/1424/365
f 1762/1396/334 1783/1424/365 1782/1423/364
f 1763/1398/335 1764/1400/660 1784/1425/684
f 1763/1398/335 1784/1425/684 1783/1424/365
f 1764/1400/660 1765/1402/661 1785/1426/685
f 1764/1400/660 1785/1426/685 1784/1425/684
f 1765/1402/661 1766/1404/662 1786/1427/686
f 1765/1402/661 1786/1427/686 1785/1426/685
f 1766/1404/662 1767/1406/663 1787/1428/687
f 1766/1404/662 1787/1428/687 1786/1427/686
f 1767/1406/663 1768/1408/664 1788/1429/688
f 1767/1406/663 1788/1429/688 1787/1428/687
f 1768/1408/664 1750/1372/715 1770/1411/720
f 1768/1408/664 1770/1411/720 1788/1429/688
f 1770/1411/720 1769/1410/719 1789/1430/142
f 1770/1411/720 1789/1430/142 1790/1431/142
f 1769/1410/719 1771/1412/721 1791/1432/142
f 1769/1410/719 1789/1430/142 1791/1432/142
f 1771/1412/721 1772/1413/722 1792/1433/142
f 1771/1412/721 1791/1432/142 1792/1433/142
f 1772/1413/722 1773/1414/723 1793/1434/142
f 1772/1413/722 1793/1434/142 1792/1433/142
f 1773/1414/723 1774/1415/356 1794/1435/142
f 1773/1414/723 1794/1435/142 1793/1434/142
f 1774/1415/356 1775/1416/357 1795/1436/142
f 1774/1415/356 1795/1436/142 1794/1435/142
f 1775/1416/357 1776/1417/358 1796/1437/142
f 1775/1416/357 1795/1436/142 1796/1437/142
f 1776/1417/358 1777/1418/359 1797/1438/142
f 1776/1417/358 1796/1437/142 1797/1438/142
f 1777/1418/359 1778/1419/360 1798/1439/142
f 1777/1418/359 1798/1439/142 1797/1438/142
f 1778/1419/360 1779/1420/361 1799/1440/142
f 1778/1419/360 1799/1440/142 1798/1439/142
f 1779/1420/361 1780/1421/362 1800/1441/142
f 1779/1420/361 1800/1441/142 1799/1440/142
f 1780/1421/362 1781/1422/363 1801/1442/142
f 1780/1421/362 1800/1441/142 1801/1442/142
f 1781/1422/363 1782/1423/364 1802/1443/142
f 1781/1422/363 1801/1442/142 1802/1443/142
f 1782/1423/364 1783/1424/365 1794/1435/142
f 1782/1423/364 1794/1435/142 1802/1443/142
f 1783/1424/365 1784/1425/684 1793/1434/142
f 1783/1424/365 1793/1434/142 1794/1435/142
f 1784/1425/684 1785/1426/685 1803/1444/142
f 1784/1425/684 1803/1444/142 1793/1434/142
f 1785/1426/685 1786/1427/686 1804/1445/142
f 1785/1426/685 1803/1444/142 1804/1445/142
f 1786/1427/686 1787/1428/687 1805/1446/142
f 1786/1427/686 1804/1445/142 1805/1446/142
f 1787/1428/687 1788/1429/688 1806/1447/142
f 1787/1428/687 1806/1447/142 1805/1446/142
f 1788/1429/688 1770/1411/720 1790/1431/142
f 1788/1429/688 1790/1431/142 1806/1447/142
f 1807/1448/1 1612/1292/1 1611/1291/1
f 1807/1448/1 1612/1292/1 1616/1296/1
f 1807/1448/1 1616/1296/1 1618/1298/1
f 1807/1448/1 1619/1299/1 1618/1298/1
f 1807/1448/1 1623/1303/1 1621/1301/1
f 1807/1448/1 1623/1303/1 1626/1306/1
f 1807/1448/1 1626/1306/1 1628/1308/1
f 1807/1448/1 1629/1309/1 1628/1308/1
f 1807/1448/1 1631/1311/1 1629/1309/1
f 1807/1448/1 1633/1313/1 1631/1311/1
f 1807/1448/1 1633/1313/1 1636/1316/1
f 1807/1448/1 1636/1316/1 1638/1318/1
f 1807/1448/1 1621/1301/1 1638/1318/1
f 1807/1448/1 1641/1321/1 1619/1299/1
f 1807/1448/1 1641/1321/1 1644/1324/1
f 1807/1448/1 1644/1324/1 1646/1326/1
f 1807/1448/1 1647/1327/1 1646/1326/1
f 1807/1448/1 1611/1291/1 1647/1327/1
f 1808/1449/142 1790/1431/142 1789/1430/142
f 1808/1449/142 1791/1432/142 1789/1430/142
f 1808/1449/142 1792/1433/142 1791/1432/142
f 1808/1449/142 1792/1433/142 1793/1434/142
f 1808/1449/142 1794/1435/142 1795/1436/142
f 1808/1449/142 1796/1437/142 1795/1436/142
f 1808/1449/142 1797/1438/142 1796/1437/142
f 1808/1449/142 1797/1438/142 1798/1439/142
f 1808/1449/142 1798/1439/142 1799/1440/142
f 1808/1449/142 1799/1440/142 1800/1441/142
f 1808/1449/142 1801/1442/142 1800/1441/142
f 1808/1449/142 1802/1443/142 1801/1442/142
f 1808/1449/142 1802/1443/142 1794/1435/142
f 1808/1449/142 1793/1434/142 1803/1444/142
f 1808/1449/142 1804/1445/142 1803/1444/142
f 1808/1449/142 1805/1446/142 1804/1445/142
f 1808/1449/142 1805/1446/142 1806/1447/142
f 1808/1449/142 1806/1447/142 1790/1431/142
f 1809/1450/1 1810/1451/1 1811/1452/689
f 1809/1450/1 1811/1452/689 1812/1453/690
f 1810/1451/1 1813/1454/1 1814/1455/691
f 1810/1451/1 1814/1455/691 1811/1452/689
f 1813/1454/1 1815/1456/1 1816/1457/692
f 1813/1454/1 1816/1457/692 1814/1455/691
f 1815/1456/1 1817/1458/1 1818/1459/693
f 1815/1456/1 1818/1459/693 1816/1457/692
f 1817/1458/1 1819/1460/1 1820/1461/176
f 1817/1458/1 1820/1461/176 1818/1459/693
f 1819/1460/1 1821/1462/1 1822/1463/177
f 1819/1460/1 1822/1463/177 1820/1461/176
f 1821/1462/1 1823/1464/1 1824/1465/178
f 1821/1462/1 1824/1465/178 1822/1463/177
f 1823/1464/1 1825/1466/1 1826/1467/179
f 1823/1464/1 1826/1467/179 1824/1465/178
f 1825/1466/1 1827/1468/1 1828/1469/180
f 1825/1466/1 1828/1469/180 1826/1467/179
f 1827/1468/1 1829/1470/1 1830/1471/181
f 1827/1468/1 1830/1471/181 1828/1469/180
f 1829/1470/1 1831/1472/1 1832/1473/182
f 1829/1470/1 1832/1473/182 1830/1471/181
f 1831/1472/1 1833/1474/1 1834/1475/183
f 1831/1472/1 1834/1475/183 1832/1473/182
f 1833/1474/1 1835/1476/1 1836/1477/184
f 1833/1474/1 1836/1477/184 1834/1475/183
f 1835/1476/1 1837/1478/1 1838/1479/185
f 1835/1476/1 1838/1479/185 1836/1477/184
f 1837/1478/1 1839/1480/1 1840/1481/540
f 1837/1478/1 1840/1481/540 1838/1479/185
f 1839/1480/1 1841/1482/1 1842/1483/541
f 1839/1480/1 1842/1483/541 1840/1481/540
f 1841/1482/1 1843/1484/1 1844/1485/542
f 1841/1482/1 1844/1485/542 1842/1483/541
f 1843/1484/1 1845/1486/1 1846/1487/543
f 1843/1484/1 1846/1487/543 1844/1485/542
f 1845/1486/1 1847/1488/1 1848/1489/544
f 1845/1486/1 1848/1489/544 1846/1487/543
f 1847/1488/1 1809/1450/1 1812/1453/690
f 1847/1488/1 1812/1453/690 1848/1489/544
f 1812/1453/690 1811/1452/689 1849/1490/694
f 1812/1453/690 1849/1490/694 1850/1491/695
f 1811/1452/689 1814/1455/691 1851/1492/696
f 1811/1452/689 1851/1492/696 1849/1490/694
f 1814/1455/691 1816/1457/692 1852/1493/697
f 1814/1455/691 1852/1493/697 1851/1492/696
f 1816/1457/692 1818/1459/693 1853/1494/698
f 1816/1457/692 1853/1494/698 1852/1493/697
f 1818/1459/693 1820/1461/176 1854/1495/206
f 1818/1459/693 1854/1495/206 1853/1494/698
f 1820/1461/176 1822/1463/177 1855/1496/207
f 1820/1461/176 1855/1496/207 1854/1495/206
f 1822/1463/177 1824/1465/178 1856/1497/208
f 1822/1463/177 1856/1497/208 1855/1496/207
f 1824/1465/178 1826/1467/179 1857/1498/209
f 1824/1465/178 1857/1498/209 1856/1497/208
f 1826/1467/179 1828/1469/180 1858/1499/210
f 1826/1467/179 1858/1499/210 1857/1498/209
f 1828/1469/180 1830/1471/181 1859/1500/211
f 1828/1469/180 1859/1500/211 1858/1499/210
f 1830/1471/181 1832/1473/182 1860/1501/212
f 1830/1471/181 1860/1501/212 1859/1500/211
f 1832/1473/182 1834/1475/183 1861/1502/213
f 1832/1473/182 1861/1502/213 1860/1501/212
f 1834/1475/183 1836/1477/184 1862/1503/214
f 1834/1475/183 1862/1503/214 1861/1502/213
f 1836/1477/184 1838/1479/185 1863/1504/215
f 1836/1477/184 1863/1504/215 1862/1503/214
f 1838/1479/185 1840/1481/540 1864/1505/564
f 1838/1479/185 1864/1505/564 1863/1504/215
f 1840/1481/540 1842/1483/541 1865/1506/565
f 1840/1481/540 1865/1506/565 1864/1505/564
f 1842/1483/541 1844/1485/542 1866/1507/566
f 1842/1483/541 1866/1507/566 1865/1506/565
f 1844/1485/542 1846/1487/543 1867/1508/567
f 1844/1485/542 1867/1508/567 1866/1507/566
f 1846/1487/543 1848/1489/544 1868/1509/568
f 1846/1487/543 1868/1509/568 1867/1508/567
f 1848/1489/544 1812/1453/690 1850/1491/695
f 1848/1489/544 1850/1491/695 1868/1509/568
f 1850/1491/695 1849/1490/694 1869/1510/699
f 1850/62/695 1869/62/699 1870/62/700
f 1849/1490/694 1851/1492/696 1871/1511/701
f 1849/62/694 1871/62/701 1869/62/699
f 1851/1492/696 1852/1493/697 1872/1512/702
f 1851/62/696 1872/62/702 1871/62/701
f 1852/1493/697 1853/1494/698 1873/1513/703
f 1852/62/697 1873/62/703 1872/62/702
f 1853/1494/698 1854/1495/206 1874/1514/236
f 1853/62/698 1874/62/236 1873/62/703
f 1854/1495/206 1855/1496/207 1875/1515/237
f 1854/62/206 1875/62/237 1874/62/236
f 1855/1496/207 1856/1497/208 1876/1516/238
f 1855/62/207 1876/62/238 1875/62/237
f 1856/1497/208 1857/1498/209 1877/1517/239
f 1856/62/208 1877/62/239 1876/62/238
f 1857/1498/209 1858/1499/210 1878/1518/240
f 1857/62/209 1878/62/240 1877/62/239
f 1858/1499/210 1859/1500/211 1879/1519/241
f 1858/62/210 1879/62/241 1878/62/240
f 1859/1500/211 1860/1501/212 1880/1520/242
f 1859/62/211 1880/62/242 1879/62/241
f 1860/1501/212 1861/1502/213 1881/1521/243
f 1860/62/212 1881/62/243 1880/62/242
f 1861/1502/213 1862/1503/214 1882/1522/244
f 1861/62/213 1882/62/244 1881/62/243
f 1862/1503/214 1863/1504/215 1883/1523/245
f 1862/62/214 1883/62/245 1882/62/244
f 1863/1504/215 1864/1505/564 1884/1524/588
f 1863/62/215 1884/62/588 1883/62/245
f 1864/1505/564 1865/1506/565 1885/1525/589
f 1864/62/564 1885/62/589 1884/62/588
f 1865/1506/565 1866/1507/566 1886/1526/590
f 1865/62/565 1886/62/590 1885/62/589
f 1866/1507/566 1867/1508/567 1887/1527/591
f 1866/62/566 1887/62/591 1886/62/590
f 1867/1508/567 1868/1509/568 1888/1528/592
f 1867/62/567 1888/62/592 1887/62/591
f 1868/1509/568 1850/1491/695 1870/1529/700
f 1868/62/568 1870/62/700 1888/62/592
f 1870/62/700 1869/62/699 1889/62/704
f 1870/62/700 1889/62/704 1890/62/705
f 1869/62/699 1871/62/701 1891/62/706
f 1869/62/699 1891/62/706 1889/62/704
f 1871/62/701 1872/62/702 1892/62/707
f 1871/62/701 1892/62/707 1891/62/706
f 1872/62/702 1873/62/703 1893/62/708
f 1872/62/702 1893/62/708 1892/62/707
f 1873/62/703 1874/62/236 1894/62/266
f 1873/62/703 1894/62/266 1893/62/708
f 1874/62/236 1875/62/237 1895/62/267
f 1874/62/236 1895/62/267 1894/62/266
f 1875/62/237 1876/62/238 1896/62/268
f 1875/62/237 1896/62/268 1895/62/267
f 1876/62/238 1877/62/239 1897/62/269
f 1876/62/238 1897/62/269 1896/62/268
f 1877/62/239 1878/62/240 1898/62/270
f 1877/62/239 1898/62/270 1897/62/269
f 1878/62/240 1879/62/241 1899/62/271
f 1878/62/240 1899/62/271 1898/62/270
f 1879/62/241 1880/62/242 1900/62/272
f 1879/62/241 1900/62/272 1899/62/271
f 1880/62/242 1881/62/243 1901/62/273
f 1880/62/242 1901/62/273 1900/62/272
f 1881/62/243 1882/62/244 1902/62/274
f 1881/62/243 1902/62/274 1901/62/273
f 1882/62/244 1883/62/245 1903/62/275
f 1882/62/244 1903/62/275 1902/62/274
f 1883/62/245 1884/62/588 1904/62/612
f 1883/62/245 1904/62/612 1903/62/275
f 1884/62/588 1885/62/589 1905/62/613
f 1884/62/588 1905/62/613 1904/62/612
f 1885/62/589 1886/62/590 1906/62/614
f 1885/62/589 1906/62/614 1905/62/613
f 1886/62/590 1887/62/591 1907/62/615
f 1886/62/590 1907/62/615 1906/62/614
f 1887/62/591 1888/62/592 1908/62/616
f 1887/62/591 1908/62/616 1907/62/615
f 1888/62/592 1870/62/700 1890/62/705
f 1888/62/592 1890/62/705 1908/62/616
f 1890/62/705 1889/62/704 1909/62/704
f 1890/62/705 1909/62/704 1910/62/705
f 1889/62/704 1891/62/706 1911/62/706
f 1889/62/704 1911/62/706 1909/62/704
f 1891/62/706 1892/62/707 1912/62/707
f 1891/62/706 1912/62/707 1911/62/706
f 1892/62/707 1893/62/708 1913/62/708
f 1892/62/707 1913/62/708 1912/62/707
f 1893/62/708 1894/62/266 1914/62/266
f 1893/62/708 1914/62/266 1913/62/708
f 1894/62/266 1895/62/267 1915/62/267
f 1894/62/266 1915/62/267 1914/62/266
f 1895/62/267 1896/62/268 1916/62/268
f 1895/62/267 1916/62/268 1915/62/267
f 1896/62/268 1897/62/269 1917/62/269
f 1896/62/268 1917/62/269 1916/62/268
f 1897/62/269 1898/62/270 1918/62/270
f 1897/62/269 1918/62/270 1917/62/269
f 1898/62/270 1899/62/271 1919/62/271
f 1898/62/270 1919/62/271 1918/62/270
f 1899/62/271 1900/62/272 1920/62/272
f 1899/62/271 1920/62/272 1919/62/271
f 1900/62/272 1901/62/273 1921/62/273
f 1900/62/272 1921/62/273 1920/62/272
f 1901/62/273 1902/62/274 1922/62/274
f 1901/62/273 1922/62/274 1921/62/273
f 1902/62/274 1903/62/275 1923/62/275
f 1902/62/274 1923/62/275 1922/62/274
f 1903/62/275 1904/62/612 1924/62/612
f 1903/62/275 1924/62/612 1923/62/275
f 1904/62/612 1905/62/613 1925/62/613
f 1904/62/612 1925/62/613 1924/62/612
f 1905/62/613 1906/62/614 1926/62/614
f 1905/62/613 1926/62/614 1925/62/613
f 1906/62/614 1907/62/615 1927/62/615
f 1906/62/614 1927/62/615 1926/62/614
f 1907/62/615 1908/62/616 1928/62/616
f 1907/62/615 1928/62/616 1927/62/615
f 1908/62/616 1890/62/705 1910/62/705
f 1908/62/616 1910/62/705 1928/62/616
f 1910/62/705 1909/62/704 1929/62/709
f 1910/62/705 1929/62/709 1930/62/710
f 1909/62/704 1911/62/706 1931/62/711
f 1909/62/704 1931/62/711 1929/62/709
f 1911/62/706 1912/62/707 1932/62/712
f 1911/62/706 1932/62/712 1931/62/711
f 1912/62/707 1913/62/708 1933/62/713
f 1912/62/707 1933/62/713 1932/62/712
f 1913/62/708 1914/62/266 1934/62/296
f 1913/62/708 1934/62/296 1933/62/713
f 1914/62/266 1915/62/267 1935/62/297
f 1914/62/266 1935/62/297 1934/62/296
f 1915/62/267 1916/62/268 1936/62/298
f 1915/62/267 1936/62/298 1935/62/297
f 1916/62/268 1917/62/269 1937/62/299
f 1916/62/268 1937/62/299 1936/62/298
f 1917/62/269 1918/62/270 1938/62/300
f 1917/62/269 1938/62/300 1937/62/299
f 1918/62/270 1919/62/271 1939/62/301
f 1918/62/270 1939/62/301 1938/62/300
f 1919/62/271 1920/62/272 1940/62/302
f 1919/62/271 1940/62/302 1939/62/301
f 1920/62/272 1921/62/273 1941/62/303
f 1920/62/272 1941/62/303 1940/62/302
f 1921/62/273 1922/62/274 1942/62/304
f 1921/62/273 1942/62/304 1941/62/303
f 1922/62/274 1923/62/275 1943/62/305
f 1922/62/274 1943/62/305 1942/62/304
f 1923/62/275 1924/62/612 1944/62/636
f 1923/62/275 1944/62/636 1943/62/305
f 1924/62/612 1925/62/613 1945/62/637
f 1924/62/612 1945/62/637 1944/62/636
f 1925/62/613 1926/62/614 1946/62/638
f 1925/62/613 1946/62/638 1945/62/637
f 1926/62/614 1927/62/615 1947/62/639
f 1926/62/614 1947/62/639 1946/62/638
f 1927/62/615 1928/62/616 1948/62/640
f 1927/62/615 1948/62/640 1947/62/639
f 1928/62/616 1910/62/705 1930/62/710
f 1928/62/616 1930/62/710 1948/62/640
f 1930/62/710 1929/62/709 1949/62/714
f 1930/1530/710 1949/1531/714 1950/1532/715
f 1929/62/709 1931/62/711 1951/62/716
f 1929/1533/709 1951/1534/716 1949/1531/714
f 1931/62/711 1932/62/712 1952/62/717
f 1931/1535/711 1952/1536/717 1951/1534/716
f 1932/62/712 1933/62/713 1953/62/718
f 1932/1537/712 1953/1538/718 1952/1536/717
f 1933/62/713 1934/62/296 1954/62/326
f 1933/1539/713 1954/1540/326 1953/1538/718
f 1934/62/296 1935/62/297 1955/62/327
f 1934/1541/296 1955/1542/327 1954/1540/326
f 1935/62/297 1936/62/298 1956/62/328
f 1935/1543/297 1956/1544/328 1955/1542/327
f 1936/62/298 1937/62/299 1957/62/329
f 1936/1545/298 1957/1546/329 1956/1544/328
f 1937/62/299 1938/62/300 1958/62/330
f 1937/1547/299 1958/1548/330 1957/1546/329
f 1938/62/300 1939/62/301 1959/62/331
f 1938/1549/300 1959/1550/331 1958/1548/330
f 1939/62/301 1940/62/302 1960/62/332
f 1939/1551/301 1960/1552/332 1959/1550/331
f 1940/62/302 1941/62/303 1961/62/333
f 1940/1553/302 1961/1554/333 1960/1552/332
f 1941/62/303 1942/62/304 1962/62/334
f 1941/1555/303 1962/1556/334 1961/1554/333
f 1942/62/304 1943/62/305 1963/62/335
f 1942/1557/304 1963/1558/335 1962/1556/334
f 1943/62/305 1944/62/636 1964/62/660
f 1943/1559/305 1964/1560/660 1963/1558/335
f 1944/62/636 1945/62/637 1965/62/661
f 1944/1561/636 1965/1562/661 1964/1560/660
f 1945/62/637 1946/62/638 1966/62/662
f 1945/1563/637 1966/1564/662 1965/1562/661
f 1946/62/638 1947/62/639 1967/62/663
f 1946/1565/638 1967/1566/663 1966/1564/662
f 1947/62/639 1948/62/640 1968/62/664
f 1947/1567/639 1968/1568/664 1967/1566/663
f 1948/62/640 1930/62/710 1950/62/715
f 1948/1569/640 1950/1532/715 1968/1568/664
f 1950/1532/715 1949/1531/714 1969/1570/719
f 1950/1532/715 1969/1570/719 1970/1571/720
f 1949/1531/714 1951/1534/716 1971/1572/721
f 1949/1531/714 1971/1572/721 1969/1570/719
f 1951/1534/716 1952/1536/717 1972/1573/722
f 1951/1534/716 1972/1573/722 1971/1572/721
f 1952/1536/717 1953/1538/718 1973/1574/723
f 1952/1536/717 1973/1574/723 1972/1573/722
f 1953/1538/718 1954/1540/326 1974/1575/356
f 1953/1538/718 1974/1575/356 1973/1574/723
f 1954/1540/326 1955/1542/327 1975/1576/357
f 1954/1540/326 1975/1576/357 1974/1575/356
f 1955/1542/327 1956/1544/328 1976/1577/358
f 1955/1542/327 1976/1577/358 1975/1576/357
f 1956/1544/328 1957/1546/329 1977/1578/359
f 1956/1544/328 1977/1578/359 1976/1577/358
f 1957/1546/329 1958/1548/330 1978/1579/360
f 1957/1546/329 1978/1579/360 1977/1578/359
f 1958/1548/330 1959/1550/331 1979/1580/361
f 1958/1548/330 1979/1580/361 1978/1579/360
f 1959/1550/331 1960/1552/332 1980/1581/362
f 1959/1550/331 1980/1581/362 1979/1580/361
f 1960/1552/332 1961/1554/333 1981/1582/363
f 1960/1552/332 1981/1582/363 1980/1581/362
f 1961/1554/333 1962/1556/334 1982/1583/364
f 1961/1554/333 1982/1583/364 1981/1582/363
f 1962/1556/334 1963/1558/335 1983/1584/365
f 1962/1556/334 1983/1584/365 1982/1583/364
f 1963/1558/335 1964/1560/660 1984/1585/684
f 1963/1558/335 1984/1585/684 1983/1584/365
f 1964/1560/660 1965/1562/661 1985/1586/685
f 1964/1560/660 1985/1586/685 1984/1585/684
f 1965/1562/661 1966/1564/662 1986/1587/686
f 1965/1562/661 1986/1587/686 1985/1586/685
f 1966/1564/662 1967/1566/663 1987/1588/687
f 1966/1564/662 1987/1588/687 1986/1587/686
f 1967/1566/663 1968/1568/664 1988/1589/688
f 1967/1566/663 1988/1589/688 1987/1588/687
f 1968/1568/664 1950/1532/715 1970/1571/720
f 1968/1568/664 1970/1571/720 1988/1589/688
f 1970/1571/720 1969/1570/719 1989/1590/142
f 1970/1571/720 1989/1590/142 1990/1591/142
f 1969/1570/719 1971/1572/721 1991/1592/142
f 1969/1570/719 1991/1592/142 1989/1590/142
f 1971/1572/721 1972/1573/722 1992/1593/142
f 1971/1572/721 1992/1593/142 1991/1592/142
f 1972/1573/722 1973/1574/723 1993/1594/142
f 1972/1573/722 1993/1594/142 1992/1593/142
f 1973/1574/723 1974/1575/356 1994/1595/142
f 1973/1574/723 1994/1595/142 1993/1594/142
f 1974/1575/356 1975/1576/357 1995/1596/142
f 1974/1575/356 1995/1596/142 1994/1595/142
f 1975/1576/357 1976/1577/358 1996/1597/142
f 1975/1576/357 1996/1597/142 1995/1596/142
f 1976/1577/358 1977/1578/359 1997/1598/142
f 1976/1577/358 1997/1598/142 1996/1597/142
f 1977/1578/359 1978/1579/360 1998/1599/142
f 1977/1578/359 1998/1599/142 1997/1598/142
f 1978/1579/360 1979/1580/361 1999/1600/142
f 1978/1579/360 1999/1600/142 1998/1599/142
f 1979/1580/361 1980/1581/362 2000/1601/142
f 1979/1580/361 2000/1601/142 1999/1600/142
f 1980/1581/362 1981/1582/363 2001/1602/142
f 1980/1581/362 2001/1602/142 2000/1601/142
f 1981/1582/363 1982/1583/364 2002/1603/142
f 1981/1582/363 2002/1603/142 2001/1602/142
f 1982/1583/364 1983/1584/365 2003/1604/142
f 1982/1583/364 2003/1604/142 2002/1603/142
f 1983/1584/365 1984/1585/684 2004/1605/142
f 1983/1584/365 2004/1605/142 2003/1604/142
f 1984/1585/684 1985/1586/685 2005/1606/142
f 1984/1585/684 2005/1606/142 2004/1605/142
f 1985/1586/685 1986/1587/686 2006/1607/142
f 1985/1586/685 2006/1607/142 2005/1606/142
f 1986/1587/686 1987/1588/687 2007/1608/142
f 1986/1587/686 2007/1608/142 2006/1607/142
f 1987/1588/687 1988/1589/688 2008/1609/142
f 1987/1588/687 2008/1609/142 2007/1608/142
f 1988/1589/688 1970/1571/720 1990/1591/142
f 1988/1589/688 1990/1591/142 2008/1609/142
f 2009/1610/1 1810/1451/1 1809/1450/1
f 2009/1610/1 1813/1454/1 1810/1451/1
f 2009/1610/1 1815/1456/1 1813/1454/1
f 2009/1610/1 1817/1458/1 1815/1456/1
f 2009/1610/1 1819/1460/1 1817/1458/1
f 2009/1610/1 1821/1462/1 1819/1460/1
f 2009/1610/1 1823/1464/1 1821/1462/1
f 2009/1610/1 1825/1466/1 1823/1464/1
f 2009/1610/1 1827/1468/1 1825/1466/1
f 2009/1610/1 1829/1470/1 1827/1468/1
f 2009/1610/1 1831/1472/1 1829/1470/1
f 2009/1610/1 1833/1474/1 1831/1472/1
f 2009/1610/1 1835/1476/1 1833/1474/1
f 2009/1610/1 1837/1478/1 1835/1476/1
f 2009/1610/1 1839/1480/1 1837/1478/1
f 2009/1610/1 1841/1482/1 1839/1480/1
f 2009/1610/1 1843/1484/1 1841/1482/1
f 2009/1610/1 1845/1486/1 1843/1484/1
f 2009/1610/1 1847/1488/1 1845/1486/1
f 2009/1610/1 1809/1450/1 1847/1488/1
f 2010/1611/142 1990/1591/142 1989/1590/142
f 2010/1611/142 1989/1590/142 1991/1592/142
f 2010/1611/142 1991/1592/142 1992/1593/142
f 2010/1611/142 1992/1593/142 1993/1594/142
f 2010/1611/142 1993/1594/142 1994/1595/142
f 2010/1611/142 1994/1595/142 1995/1596/142
f 2010/1611/142 1995/1596/142 1996/1597/142
f 2010/1611/142 1996/1597/142 1997/1598/142
f 2010/1611/142 1997/1598/142 1998/1599/142
f 2010/1611/142 1998/1599/142 1999/1600/142
f 2010/1611/142 1999/1600/142 2000/1601/142
f 2010/1611/142 2000/1601/142 2001/1602/142
f 2010/1611/142 2001/1602/142 2002/1603/142
f 2010/1611/142 2002/1603/142 2003/1604/142
f 2010/1611/142 2003/1604/142 2004/1605/142
f 2010/1611/142 2004/1605/142 2005/1606/142
f 2010/1611/142 2005/1606/142 2006/1607/142
f 2010/1611/142 2006/1607/142 2007/1608/142
f 2010/1611/142 2007/1608/142 2008/1609/142
f 2010/1611/142 2008/1609/142 1990/1591/142
f 2011/1450/1 2012/1451/1 2013/1452/689
f 2011/1450/1 2013/1452/689 2014/1453/690
f 2012/1451/1 2015/1454/1 2016/1455/691
f 2012/1451/1 2016/1455/691 2013/1452/689
f 2015/1454/1 2017/1456/1 2018/1457/692
f 2015/1454/1 2018/1457/692 2016/1455/691
f 2017/1456/1 2019/1458/1 2020/1459/693
f 2017/1456/1 2020/1459/693 2018/1457/692
f 2019/1458/1 2021/1460/1 2022/1461/176
f 2019/1458/1 2022/1461/176 2020/1459/693
f 2021/1460/1 2023/1462/1 2024/1463/177
f 2021/1460/1 2024/1463/177 2022/1461/176
f 2023/1462/1 2025/1464/1 2026/1465/178
f 2023/1462/1 2026/1465/178 2024/1463/177
f 2025/1464/1 2027/1466/1 2028/1467/179
f 2025/1464/1 2028/1467/179 2026/1465/178
f 2027/1466/1 2029/1468/1 2030/1469/180
f 2027/1466/1 2030/1469/180 2028/1467/179
f 2029/1468/1 2031/1470/1 2032/1471/181
f 2029/1468/1 2032/1471/181 2030/1469/180
f 2031/1470/1 2033/1472/1 2034/1473/182
f 2031/1470/1 2034/1473/182 2032/1471/181
f 2033/1472/1 2035/1474/1 2036/1475/183
f 2033/1472/1 2036/1475/183 2034/1473/182
f 2035/1474/1 2037/1476/1 2038/1477/184
f 2035/1474/1 2038/1477/184 2036/1475/183
f 2037/1476/1 2039/1478/1 2040/1479/185
f 2037/1476/1 2040/1479/185 2038/1477/184
f 2039/1478/1 2041/1480/1 2042/1481/540
f 2039/1478/1 2042/1481/540 2040/1479/185
f 2041/1480/1 2043/1482/1 2044/1483/541
f 2041/1480/1 2044/1483/541 2042/1481/540
f 2043/1482/1 2045/1484/1 2046/1485/542
f 2043/1482/1 2046/1485/542 2044/1483/541
f 2045/1484/1 2047/1486/1 2048/1487/543
f 2045/1484/1 2048/1487/543 2046/1485/542
f 2047/1486/1 2049/1488/1 2050/1489/544
f 2047/1486/1 2050/1489/544 2048/1487/543
f 2049/1488/1 2011/1450/1 2014/1453/690
f 2049/1488/1 2014/1453/690 2050/1489/544
f 2014/1453/690 2013/1452/689 2051/1490/694
f 2014/1453/690 2051/1490/694 2052/1491/695
f 2013/1452/689 2016/1455/691 2053/1492/696
f 2013/1452/689 2053/1492/696 2051/1490/694
f 2016/1455/691 2018/1457/692 2054/1493/697
f 2016/1455/691 2054/1493/697 2053/1492/696
f 2018/1457/692 2020/1459/693 2055/1494/698
f 2018/1457/692 2055/1494/698 2054/1493/697
f 2020/1459/693 2022/1461/176 2056/1495/206
f 2020/1459/693 2056/1495/206 2055/1494/698
f 2022/1461/176 2024/1463/177 2057/1496/207
f 2022/1461/176 2057/1496/207 2056/1495/206
f 2024/1463/177 2026/1465/178 2058/1497/208
f 2024/1463/177 2058/1497/208 2057/1496/207
f 2026/1465/178 2028/1467/179 2059/1498/209
f 2026/1465/178 2059/1498/209 2058/1497/208
f 2028/1467/179 2030/1469/180 2060/1499/210
f 2028/1467/179 2060/1499/210 2059/1498/209
f 2030/1469/180 2032/1471/181 2061/1500/211
f 2030/1469/180 2061/1500/211 2060/1499/210
f 2032/1471/181 2034/1473/182 2062/1501/212
f 2032/1471/181 2062/1501/212 2061/1500/211
f 2034/1473/182 2036/1475/183 2063/1502/213
f 2034/1473/182 2063/1502/213 2062/1501/212
f 2036/1475/183 2038/1477/184 2064/1503/214
f 2036/1475/183 2064/1503/214 2063/1502/213
f 2038/1477/184 2040/1479/185 2065/1504/215
f 2038/1477/184 2065/1504/215 2064/1503/214
f 2040/1479/185 2042/1481/540 2066/1505/564
f 2040/1479/185 2066/1505/564 2065/1504/215
f 2042/1481/540 2044/1483/541 2067/1506/565
f 2042/1481/540 2067/1506/565 2066/1505/564
f 2044/1483/541 2046/1485/542 2068/1507/566
f 2044/1483/541 2068/1507/566 2067/1506/565
f 2046/1485/542 2048/1487/543 2069/1508/567
f 2046/1485/542 2069/1508/567 2068/1507/566
f 2048/1487/543 2050/1489/544 2070/1509/568
f 2048/1487/543 2070/1509/568 2069/1508/567
f 2050/1489/544 2014/1453/690 2052/1491/695
f 2050/1489/544 2052/1491/695 2070/1509/568
f 2052/1491/695 2051/1490/694 2071/1510/699
f 2052/62/695 2071/62/699 2072/62/700
f 2051/1490/694 2053/1492/696 2073/1511/701
f 2051/62/694 2073/62/701 2071/62/699
f 2053/1492/696 2054/1493/697 2074/1512/702
f 2053/62/696 2074/62/702 2073/62/701
f 2054/1493/697 2055/1494/698 2075/1513/703
f 2054/62/697 2075/62/703 2074/62/702
f 2055/1494/698 2056/1495/206 2076/1514/236
f 2055/62/698 2076/62/236 2075/62/703
f 2056/1495/206 2057/1496/207 2077/1515/237
f 2056/62/206 2077/62/237 2076/62/236
f 2057/1496/207 2058/1497/208 2078/1516/238
f 2057/62/207 2078/62/238 2077/62/237
f 2058/1497/208 2059/1498/209 2079/1517/239
f 2058/62/208 2079/62/239 2078/62/238
f 2059/1498/209 2060/1499/210 2080/1518/240
f 2059/62/209 2080/62/240 2079/62/239
f 2060/1499/210 2061/1500/211 2081/1519/241
f 2060/62/210 2081/62/241 2080/62/240
f 2061/1500/211 2062/1501/212 2082/1520/242
f 2061/62/211 2082/62/242 2081/62/241
f 2062/1501/212 2063/1502/213 2083/1521/243
f 2062/62/212 2083/62/243 2082/62/242
f 2063/1502/213 2064/1503/214 2084/1522/244
f 2063/62/213 2084/62/244 2083/62/243
f 2064/1503/214 2065/1504/215 2085/1523/245
f 2064/62/214 2085/62/245 2084/62/244
f 2065/1504/215 2066/1505/564 2086/1524/588
f 2065/62/215 2086/62/588 2085/62/245
f 2066/1505/564 2067/1506/565 2087/1525/589
f 2066/62/564 2087/62/589 2086/62/588
f 2067/1506/565 2068/1507/566 2088/1526/590
f 2067/62/565 2088/62/590 2087/62/589
f 2068/1507/566 2069/1508/567 2089/1527/591
f 2068/62/566 2089/62/591 2088/62/590
f 2069/1508/567 2070/1509/568 2090/1528/592
f 2069/62/567 2090/62/592 2089/62/591
f 2070/1509/568 2052/1491/695 2072/1529/700
f 2070/62/568 2072/62/700 2090/62/592
f 2072/62/700 2071/62/699 2091/62/704
f 2072/62/700 2091/62/704 2092/62/705
f 2071/62/699 2073/62/701 2093/62/706
f 2071/62/699 2093/62/706 2091/62/704
f 2073/62/701 2074/62/702 2094/62/707
f 2073/62/701 2094/62/707 2093/62/706
f 2074/62/702 2075/62/703 2095/62/708
f 2074/62/702 2095/62/708 2094/62/707
f 2075/62/703 2076/62/236 2096/62/266
f 2075/62/703 2096/62/266 2095/62/708
f 2076/62/236 2077/62/237 2097/62/267
f 2076/62/236 2097/62/267 2096/62/266
f 2077/62/237 2078/62/238 2098/62/268
f 2077/62/237 2098/62/268 2097/62/267
f 2078/62/238 2079/62/239 2099/62/269
f 2078/62/238 2099/62/269 2098/62/268
f 2079/62/239 2080/62/240 2100/62/270
f 2079/62/239 2100/62/270 2099/62/269
f 2080/62/240 2081/62/241 2101/62/271
f 2080/62/240 2101/62/271 2100/62/270
f 2081/62/241 2082/62/242 2102/62/272
f 2081/62/241 2102/62/272 2101/62/271
f 2082/62/242 2083/62/243 2103/62/273
f 2082/62/242 2103/62/273 2102/62/272
f 2083/62/243 2084/62/244 2104/62/274
f 2083/62/243 2104/62/274 2103/62/273
f 2084/62/244 2085/62/245 2105/62/275
f 2084/62/244 2105/62/275 2104/62/274
f 2085/62/245 2086/62/588 2106/62/612
f 2085/62/245 2106/62/612 2105/62/275
f 2086/62/588 2087/62/589 2107/62/613
f 2086/62/588 2107/62/613 2106/62/612
f 2087/62/589 2088/62/590 2108/62/614
f 2087/62/589 2108/62/614 2107/62/613
f 2088/62/590 2089/62/591 2109/62/615
f 2088/62/590 2109/62/615 2108/62/614
f 2089/62/591 2090/62/592 2110/62/616
f 2089/62/591 2110/62/616 2109/62/615
f 2090/62/592 2072/62/700 2092/62/705
f 2090/62/592 2092/62/705 2110/62/616
f 2092/62/705 2091/62/704 2111/62/704
f 2092/62/705 2111/62/704 2112/62/705
f 2091/62/704 2093/62/706 2113/62/706
f 2091/62/704 2113/62/706 2111/62/704
f 2093/62/706 2094/62/707 2114/62/707
f 2093/62/706 2114/62/707 2113/62/706
f 2094/62/707 2095/62/708 2115/62/708
f 2094/62/707 2115/62/708 2114/62/707
f 2095/62/708 2096/62/266 2116/62/266
f 2095/62/708 2116/62/266 2115/62/708
f 2096/62/266 2097/62/267 2117/62/267
f 2096/62/266 2117/62/267 2116/62/266
f 2097/62/267 2098/62/268 2118/62/268
f 2097/62/267 2118/62/268 2117/62/267
f 2098/62/268 2099/62/269 2119/62/269
f 2098/62/268 2119/62/269 2118/62/268
f 2099/62/269 2100/62/270 2120/62/270
f 2099/62/269 2120/62/270 2119/62/269
f 2100/62/270 2101/62/271 2121/62/271
f 2100/62/270 2121/62/271 2120/62/270
f 2101/62/271 2102/62/272 2122/62/272
f 2101/62/271 2122/62/272 2121/62/271
f 2102/62/272 2103/62/273 2123/62/273
f 2102/62/272 2123/62/273 2122/62/272
f 2103/62/273 2104/62/274 2124/62/274
f 2103/62/273 2124/62/274 2123/62/273
f 2104/62/274 2105/62/275 2125/62/275
f 2104/62/274 2125/62/275 2124/62/274
f 2105/62/275 2106/62/612 2126/62/612
f 2105/62/275 2126/62/612 2125/62/275
f 2106/62/612 2107/62/613 2127/62/613
f 2106/62/612 2127/62/613 2126/62/612
f 2107/62/613 2108/62/614 2128/62/614
f 2107/62/613 2128/62/614 2127/62/613
f 2108/62/614 2109/62/615 2129/62/615
f 2108/62/614 2129/62/615 2128/62/614
f 2109/62/615 2110/62/616 2130/62/616
f 2109/62/615 2130/62/616 2129/62/615
f 2110/62/616 2092/62/705 2112/62/705
f 2110/62/616 2112/62/705 2130/62/616
f 2112/62/705 2111/62/704 2131/62/709
f 2112/62/705 2131/62/709 2132/62/710
f 2111/62/704 2113/62/706 2133/62/711
f 2111/62/704 2133/62/711 2131/62/709
f 2113/62/706 2114/62/707 2134/62/712
f 2113/62/706 2134/62/712 2133/62/711
f 2114/62/707 2115/62/708 2135/62/713
f 2114/62/707 2135/62/713 2134/62/712
f 2115/62/708 2116/62/266 2136/62/296
f 2115/62/708 2136/62/296 2135/62/713
f 2116/62/266 2117/62/267 2137/62/297
f 2116/62/266 2137/62/297 2136/62/296
f 2117/62/267 2118/62/268 2138/62/298
f 2117/62/267 2138/62/298 2137/62/297
f 2118/62/268 2119/62/269 2139/62/299
f 2118/62/268 2139/62/299 2138/62/298
f 2119/62/269 2120/62/270 2140/62/300
f 2119/62/269 2140/62/300 2139/62/299
f 2120/62/270 2121/62/271 2141/62/301
f 2120/62/270 2141/62/301 2140/62/300
f 2121/62/271 2122/62/272 2142/62/302
f 2121/62/271 2142/62/302 2141/62/301
f 2122/62/272 2123/62/273 2143/62/303
f 2122/62/272 2143/62/303 2142/62/302
f 2123/62/273 2124/62/274 2144/62/304
f 2123/62/273 2144/62/304 2143/62/303
f 2124/62/274 2125/62/275 2145/62/305
f 2124/62/274 2145/62/305 2144/62/304
f 2125/62/275 2126/62/612 2146/62/636
f 2125/62/275 2146/62/636 2145/62/305
f 2126/62/612 2127/62/613 2147/62/637
f 2126/62/612 2147/62/637 2146/62/636
f 2127/62/613 2128/62/614 2148/62/638
f 2127/62/613 2148/62/638 2147/62/637
f 2128/62/614 2129/62/615 2149/62/639
f 2128/62/614 2149/62/639 2148/62/638
f 2129/62/615 2130/62/616 2150/62/640
f 2129/62/615 2150/62/640 2149/62/639
f 2130/62/616 2112/62/705 2132/62/710
f 2130/62/616 2132/62/710 2150/62/640
f 2132/62/710 2131/62/709 2151/62/714
f 2132/1530/710 2151/1531/714 2152/1532/715
f 2131/62/709 2133/62/711 2153/62/716
f 2131/1533/709 2153/1534/716 2151/1531/714
f 2133/62/711 2134/62/712 2154/62/717
f 2133/1535/711 2154/1536/717 2153/1534/716
f 2134/62/712 2135/62/713 2155/62/718
f 2134/1537/712 2155/1538/718 2154/1536/717
f 2135/62/713 2136/62/296 2156/62/326
f 2135/1539/713 2156/1540/326 2155/1538/718
f 2136/62/296 2137/62/297 2157/62/327
f 2136/1541/296 2157/1542/327 2156/1540/326
f 2137/62/297 2138/62/298 2158/62/328
f 2137/1543/297 2158/1544/328 2157/1542/327
f 2138/62/298 2139/62/299 2159/62/329
f 2138/1545/298 2159/1546/329 2158/1544/328
f 2139/62/299 2140/62/300 2160/62/330
f 2139/1547/299 2160/1548/330 2159/1546/329
f 2140/62/300 2141/62/301 2161/62/331
f 2140/1549/300 2161/1550/331 2160/1548/330
f 2141/62/301 2142/62/302 2162/62/332
f 2141/1551/301 2162/1552/332 2161/1550/331
f 2142/62/302 2143/62/303 2163/62/333
f 2142/1553/302 2163/1554/333 2162/1552/332
f 2143/62/303 2144/62/304 2164/62/334
f 2143/1555/303 2164/1556/334 2163/1554/333
f 2144/62/304 2145/62/305 2165/62/335
f 2144/1557/304 2165/1558/335 2164/1556/334
f 2145/62/305 2146/62/636 2166/62/660
f 2145/1559/305 2166/1560/660 2165/1558/335
f 2146/62/636 2147/62/637 2167/62/661
f 2146/1561/636 2167/1562/661 2166/1560/660
f 2147/62/637 2148/62/638 2168/62/662
f 2147/1563/637 2168/1564/662 2167/1562/661
f 2148/62/638 2149/62/639 2169/62/663
f 2148/1565/638 2169/1566/663 2168/1564/662
f 2149/62/639 2150/62/640 2170/62/664
f 2149/1567/639 2170/1568/664 2169/1566/663
f 2150/62/640 2132/62/710 2152/62/715
f 2150/1569/640 2152/1532/715 2170/1568/664
f 2152/1532/715 2151/1531/714 2171/1570/719
f 2152/1532/715 2171/1570/719 2172/1571/720
f 2151/1531/714 2153/1534/716 2173/1572/721
f 2151/1531/714 2173/1572/721 2171/1570/719
f 2153/1534/716 2154/1536/717 2174/1573/722
f 2153/1534/716 2174/1573/722 2173/1572/721
f 2154/1536/717 2155/1538/718 2175/1574/723
f 2154/1536/717 2175/1574/723 2174/1573/722
f 2155/1538/718 2156/1540/326 2176/1575/356
f 2155/1538/718 2176/1575/356 2175/1574/723
f 2156/1540/326 2157/1542/327 2177/1576/357
f 2156/1540/326 2177/1576/357 2176/1575/356
f 2157/1542/327 2158/1544/328 2178/1577/358
f 2157/1542/327 2178/1577/358 2177/1576/357
f 2158/1544/328 2159/1546/329 2179/1578/359
f 2158/1544/328 2179/1578/359 2178/1577/358
f 2159/1546/329 2160/1548/330 2180/1579/360
f 2159/1546/329 2180/1579/360 2179/1578/359
f 2160/1548/330 2161/1550/331 2181/1580/361
f 2160/1548/330 2181/1580/361 2180/1579/360
f 2161/1550/331 2162/1552/332 2182/1581/362
f 2161/1550/331 2182/1581/362 2181/1580/361
f 2162/1552/332 2163/1554/333 2183/1582/363
f 2162/1552/332 2183/1582/363 2182/1581/362
f 2163/1554/333 2164/1556/334 2184/1583/364
f 2163/1554/333 2184/1583/364 2183/1582/363
f 2164/1556/334 2165/1558/335 2185/1584/365
f 2164/1556/334 2185/1584/365 2184/1583/364
f 2165/1558/335 2166/1560/660 2186/1585/684
f 2165/1558/335 2186/1585/684 2185/1584/365
f 2166/1560/660 2167/1562/661 2187/1586/685
f 2166/1560/660 2187/1586/685 2186/1585/684
f 2167/1562/661 2168/1564/662 2188/1587/686
f 2167/1562/661 2188/1587/686 2187/1586/685
f 2168/1564/662 2169/1566/663 2189/1588/687
f 2168/1564/662 2189/1588/687 2188/1587/686
f 2169/1566/663 2170/1568/664 2190/1589/688
f 2169/1566/663 2190/1589/688 2189/1588/687
f 2170/1568/664 2152/1532/715 2172/1571/720
f 2170/1568/664 2172/1571/720 2190/1589/688
f 2172/1571/720 2171/1570/719 2191/1590/142
f 2172/1571/720 2191/1590/142 2192/1591/142
f 2171/1570/719 2173/1572/721 2193/1592/142
f 2171/1570/719 2193/1592/142 2191/1590/142
f 2173/1572/721 2174/1573/722 2194/1593/142
f 2173/1572/721 2194/1593/142 2193/1592/142
f 2174/1573/722 2175/1574/723 2195/1594/142
f 2174/1573/722 2195/1594/142 2194/1593/142
f 2175/1574/723 2176/1575/356 2196/1595/142
f 2175/1574/723 2196/1595/142 2195/1594/142
f 2176/1575/356 2177/1576/357 2197/1596/142
f 2176/1575/356 2197/1596/142 2196/1595/142
f 2177/1576/357 2178/1577/358 2198/1597/142
f 2177/1576/357 2198/1597/142 2197/1596/142
f 2178/1577/358 2179/1578/359 2199/1598/142
f 2178/1577/358 2199/1598/142 2198/1597/142
f 2179/1578/359 2180/1579/360 2200/1599/142
f 2179/1578/359 2200/1599/142 2199/1598/142
f 2180/1579/360 2181/1580/361 2201/1600/142
f 2180/1579/360 2201/1600/142 2200/1599/142
f 2181/1580/361 2182/1581/362 2202/1601/142
f 2181/1580/361 2202/1601/142 2201/1600/142
f 2182/1581/362 2183/1582/363 2203/1602/142
f 2182/1581/362 2203/1602/142 2202/1601/142
f 2183/1582/363 2184/1583/364 2204/1603/142
f 2183/1582/363 2204/1603/142 2203/1602/142
f 2184/1583/364 2185/1584/365 2205/1604/142
f 2184/1583/364 2205/1604/142 2204/1603/142
f 2185/1584/365 2186/1585/684 2206/1605/142
f 2185/1584/365 2206/1605/142 2205/1604/142
f 2186/1585/684 2187/1586/685 2207/1606/142
f 2186/1585/684 2207/1606/142 2206/1605/142
f 2187/1586/685 2188/1587/686 2208/1607/142
f 2187/1586/685 2208/1607/142 2207/1606/142
f 2188/1587/686 2189/1588/687 2209/1608/142
f 2188/1587/686 2209/1608/142 2208/1607/142
f 2189/1588/687 2190/1589/688 2210/1609/142
f 2189/1588/687 2210/1609/142 2209/1608/142
f 2190/1589/688 2172/1571/720 2192/1591/142
f 2190/1589/688 2192/1591/142 2210/1609/142
f 2211/1610/1 2012/1451/1 2011/1450/1
f 2211/1610/1 2015/1454/1 2012/1451/1
f 2211/1610/1 2017/1456/1 2015/1454/1
f 2211/1610/1 2019/1458/1 2017/1456/1
f 2211/1610/1 2021/1460/1 2019/1458/1
f 2211/1610/1 2023/1462/1 2021/1460/1
f 2211/1610/1 2025/1464/1 2023/1462/1
f 2211/1610/1 2027/1466/1 2025/1464/1
f 2211/1610/1 2029/1468/1 2027/1466/1
f 2211/1610/1 2031/1470/1 2029/1468/1
f 2211/1610/1 2033/1472/1 2031/1470/1
f 2211/1610/1 2035/1474/1 2033/1472/1
f 2211/1610/1 2037/1476/1 2035/1474/1
f 2211/1610/1 2039/1478/1 2037/1476/1
f 2211/1610/1 2041/1480/1 2039/1478/1
f 2211/1610/1 2043/1482/1 2041/1480/1
f 2211/1610/1 2045/1484/1 2043/1482/1
f 2211/1610/1 2047/1486/1 2045/1484/1
f 2211/1610/1 2049/1488/1 2047/1486/1
f 2211/1610/1 2011/1450/1 2049/1488/1
f 2212/1611/142 2192/1591/142 2191/1590/142
f 2212/1611/142 2191/1590/142 2193/1592/142
f 2212/1611/142 2193/1592/142 2194/1593/142
f 2212/1611/142 2194/1593/142 2195/1594/142
f 2212/1611/142 2195/1594/142 2196/1595/142
f 2212/1611/142 2196/1595/142 2197/1596/142
f 2212/1611/142 2197/1596/142 2198/1597/142
f 2212/1611/142 2198/1597/142 2199/1598/142
f 2212/1611/142 2199/1598/142 2200/1599/142
f 2212/1611/142 2200/1599/142 2201/1600/142
f 2212/1611/142 2201/1600/142 2202/1601/142
f 2212/1611/142 2202/1601/142 2203/1602/142
f 2212/1611/142 2203/1602/142 2204/1603/142
f 2212/1611/142 2204/1603/142 2205/1604/142
f 2212/1611/142 2205/1604/142 2206/1605/142
f 2212/1611/142 2206/1605/142 2207/1606/142
f 2212/1611/142 2207/1606/142 2208/1607/142
f 2212/1611/142 2208/1607/142 2209/1608/142
f 2212/1611/142 2209/1608/142 2210/1609/142
f 2212/1611/142 2210/1609/142 2192/1591/142
f 2213/62/1 2214/62/1 2215/62/689
f 2213/62/1 2215/62/689 2216/62/690
f 2214/62/1 2217/62/691 2218/62/1
f 2214/62/1 2217/62/691 2215/62/689
f 2218/62/1 2219/62/692 2220/62/1
f 2218/62/1 2219/62/692 2217/62/691
f 2220/62/1 2221/62/1 2222/62/693
f 2220/62/1 2222/62/693 2219/62/692
f 2221/62/1 2223/62/1 2224/62/176
f 2221/62/1 2224/62/176 2222/62/693
f 2223/62/1 2225/62/1 2226/62/177
f 2223/62/1 2226/62/177 2224/62/176
f 2225/62/1 2227/62/178 2228/62/1
f 2225/62/1 2227/62/178 2226/62/177
f 2228/62/1 2229/62/179 2230/62/1
f 2228/62/1 2229/62/179 2227/62/178
f 2230/62/1 2231/62/1 2232/62/180
f 2230/62/1 2232/62/180 2229/62/179
f 2231/62/1 2233/62/1 2234/62/181
f 2231/62/1 2234/62/181 2232/62/180
f 2233/62/1 2235/62/1 2236/62/182
f 2233/62/1 2236/62/182 2234/62/181
f 2235/62/1 2237/62/183 2238/62/1
f 2235/62/1 2237/62/183 2236/62/182
f 2238/62/1 2239/62/184 2240/62/1
f 2238/62/1 2239/62/184 2237/62/183
f 2240/62/1 2241/62/1 2242/62/185
f 2240/62/1 2242/62/185 2239/62/184
f 2241/62/1 2243/62/1 2244/62/540
f 2241/62/1 2244/62/540 2242/62/185
f 2243/62/1 2245/62/1 2246/62/541
f 2243/62/1 2246/62/541 2244/62/540
f 2245/62/1 2247/62/542 2248/62/1
f 2245/62/1 2247/62/542 2246/62/541
f 2248/62/1 2249/62/543 2250/62/1
f 2248/62/1 2249/62/543 2247/62/542
f 2250/62/1 2251/62/1 2252/62/544
f 2250/62/1 2252/62/544 2249/62/543
f 2251/62/1 2213/62/1 2216/62/690
f 2251/62/1 2216/62/690 2252/62/544
f 2216/62/690 2215/62/689 2253/62/694
f 2216/62/690 2253/62/694 2254/62/695
f 2215/62/689 2217/62/691 2255/62/696
f 2215/62/689 2255/62/696 2253/62/694
f 2217/62/691 2219/62/692 2256/62/697
f 2217/62/691 2256/62/697 2255/62/696
f 2219/62/692 2222/62/693 2257/62/698
f 2219/62/692 2257/62/698 2256/62/697
f 2222/62/693 2224/62/176 2258/62/206
f 2222/62/693 2258/62/206 2257/62/698
f 2224/62/176 2226/62/177 2259/62/207
f 2224/62/176 2259/62/207 2258/62/206
f 2226/62/177 2227/62/178 2260/62/208
f 2226/62/177 2260/62/208 2259/62/207
f 2227/62/178 2229/62/179 2261/62/209
f 2227/62/178 2261/62/209 2260/62/208
f 2229/62/179 2232/62/180 2262/62/210
f 2229/62/179 2262/62/210 2261/62/209
f 2232/62/180 2234/62/181 2263/62/211
f 2232/62/180 2263/62/211 2262/62/210
f 2234/62/181 2236/62/182 2264/62/212
f 2234/62/181 2264/62/212 2263/62/211
f 2236/62/182 2237/62/183 2265/62/213
f 2236/62/182 2265/62/213 2264/62/212
f 2237/62/183 2239/62/184 2266/62/214
f 2237/62/183 2266/62/214 2265/62/213
f 2239/62/184 2242/62/185 2267/62/215
f 2239/62/184 2267/62/215 2266/62/214
f 2242/62/185 2244/62/540 2268/62/564
f 2242/62/185 2268/62/564 2267/62/215
f 2244/62/540 2246/62/541 2269/62/565
f 2244/62/540 2269/62/565 2268/62/564
f 2246/62/541 2247/62/542 2270/62/566
f 2246/62/541 2270/62/566 2269/62/565
f 2247/62/542 2249/62/543 2271/62/567
f 2247/62/542 2271/62/567 2270/62/566
f 2249/62/543 2252/62/544 2272/62/568
f 2249/62/543 2272/62/568 2271/62/567
f 2252/62/544 2216/62/690 2254/62/695
f 2252/62/544 2254/62/695 2272/62/568
f 2254/62/695 2253/62/694 2273/62/699
f 2254/62/695 2273/62/699 2274/62/700
f 2253/62/694 2255/62/696 2275/62/701
f 2253/62/694 2275/62/701 2273/62/699
f 2255/62/696 2256/62/697 2276/62/702
f 2255/62/696 2276/62/702 2275/62/701
f 2256/62/697 2257/62/698 2277/62/703
f 2256/62/697 2277/62/703 2276/62/702
f 2257/62/698 2258/62/206 2278/62/236
f 2257/62/698 2278/62/236 2277/62/703
f 2258/62/206 2259/62/207 2279/62/237
f 2258/62/206 2279/62/237 2278/62/236
f 2259/62/207 2260/62/208 2280/62/238
f 2259/62/207 2280/62/238 2279/62/237
f 2260/62/208 2261/62/209 2281/62/239
f 2260/62/208 2281/62/239 2280/62/238
f 2261/62/209 2262/62/210 2282/62/240
f 2261/62/209 2282/62/240 2281/62/239
f 2262/62/210 2263/62/211 2283/62/241
f 2262/62/210 2283/62/241 2282/62/240
f 2263/62/211 2264/62/212 2284/62/242
f 2263/62/211 2284/62/242 2283/62/241
f 2264/62/212 2265/62/213 2285/62/243
f 2264/62/212 2285/62/243 2284/62/242
f 2265/62/213 2266/62/214 2286/62/244
f 2265/62/213 2286/62/244 2285/62/243
f 2266/62/214 2267/62/215 2287/62/245
f 2266/62/214 2287/62/245 2286/62/244
f 2267/62/215 2268/62/564 2288/62/588
f 2267/62/215 2288/62/588 2287/62/245
f 2268/62/564 2269/62/565 2289/62/589
f 2268/62/564 2289/62/589 2288/62/588
f 2269/62/565 2270/62/566 2290/62/590
f 2269/62/565 2290/62/590 2289/62/589
f 2270/62/566 2271/62/567 2291/62/591
f 2270/62/566 2291/62/591 2290/62/590
f 2271/62/567 2272/62/568 2292/62/592
f 2271/62/567 2292/62/592 2291/62/591
f 2272/62/568 2254/62/695 2274/62/700
f 2272/62/568 2274/62/700 2292/62/592
f 2274/62/700 2273/62/699 2293/62/704
f 2274/62/700 2293/62/704 2294/62/705
f 2273/62/699 2275/62/701 2295/62/706
f 2273/62/699 2295/62/706 2293/62/704
f 2275/62/701 2276/62/702 2296/62/707
f 2275/62/701 2296/62/707 2295/62/706
f 2276/62/702 2277/62/703 2297/62/708
f 2276/62/702 2297/62/708 2296/62/707
f 2277/62/703 2278/62/236 2298/62/266
f 2277/62/703 2298/62/266 2297/62/708
f 2278/62/236 2279/62/237 2299/62/267
f 2278/62/236 2299/62/267 2298/62/266
f 2279/62/237 2280/62/238 2300/62/268
f 2279/62/237 2300/62/268 2299/62/267
f 2280/62/238 2281/62/239 2301/62/269
f 2280/62/238 2301/62/269 2300/62/268
f 2281/62/239 2282/62/240 2302/62/270
f 2281/62/239 2302/62/270 2301/62/269
f 2282/62/240 2283/62/241 2303/62/271
f 2282/62/240 2303/62/271 2302/62/270
f 2283/62/241 2284/62/242 2304/62/272
f 2283/62/241 2304/62/272 2303/62/271
f 2284/62/242 2285/62/243 2305/62/273
f 2284/62/242 2305/62/273 2304/62/272
f 2285/62/243 2286/62/244 2306/62/274
f 2285/62/243 2306/62/274 2305/62/273
f 2286/62/244 2287/62/245 2307/62/275
f 2286/62/244 2307/62/275 2306/62/274
f 2287/62/245 2288/62/588 2308/62/612
f 2287/62/245 2308/62/612 2307/62/275
f 2288/62/588 2289/62/589 2309/62/613
f 2288/62/588 2309/62/613 2308/62/612
f 2289/62/589 2290/62/590 2310/62/614
f 2289/62/589 2310/62/614 2309/62/613
f 2290/62/590 2291/62/591 2311/62/615
f 2290/62/590 2311/62/615 2310/62/614
f 2291/62/591 2292/62/592 2312/62/616
f 2291/62/591 2312/62/616 2311/62/615
f 2292/62/592 2274/62/700 2294/62/705
f 2292/62/592 2294/62/705 2312/62/616
f 2294/62/705 2293/62/704 2313/62/704
f 2294/62/705 2313/62/704 2314/62/705
f 2293/62/704 2295/62/706 2315/62/706
f 2293/62/704 2315/62/706 2313/62/704
f 2295/62/706 2296/62/707 2316/62/707
f 2295/62/706 2316/62/707 2315/62/706
f 2296/62/707 2297/62/708 2317/62/708
f 2296/62/707 2317/62/708 2316/62/707
f 2297/62/708 2298/62/266 2318/62/266
f 2297/62/708 2318/62/266 2317/62/708
f 2298/62/266 2299/62/267 2319/62/267
f 2298/62/266 2319/62/267 2318/62/266
f 2299/62/267 2300/62/268 2320/62/268
f 2299/62/267 2320/62/268 2319/62/267
f 2300/62/268 2301/62/269 2321/62/269
f 2300/62/268 2321/62/269 2320/62/268
f 2301/62/269 2302/62/270 2322/62/270
f 2301/62/269 2322/62/270 2321/62/269
f 2302/62/270 2303/62/271 2323/62/271
f 2302/62/270 2323/62/271 2322/62/270
f 2303/62/271 2304/62/272 2324/62/272
f 2303/62/271 2324/62/272 2323/62/271
f 2304/62/272 2305/62/273 2325/62/273
f 2304/62/272 2325/62/273 2324/62/272
f 2305/62/273 2306/62/274 2326/62/274
f 2305/62/273 2326/62/274 2325/62/273
f 2306/62/274 2307/62/275 2327/62/275
f 2306/62/274 2327/62/275 2326/62/274
f 2307/62/275 2308/62/612 2328/62/612
f 2307/62/275 2328/62/612 2327/62/275
f 2308/62/612 2309/62/613 2329/62/613
f 2308/62/612 2329/62/613 2328/62/612
f 2309/62/613 2310/62/614 2330/62/614
f 2309/62/613 2330/62/614 2329/62/613
f 2310/62/614 2311/62/615 2331/62/615
f 2310/62/614 2331/62/615 2330/62/614
f 2311/62/615 2312/62/616 2332/62/616
f 2311/62/615 2332/62/616 2331/62/615
f 2312/62/616 2294/62/705 2314/62/705
f 2312/62/616 2314/62/705 2332/62/616
f 2314/62/705 2313/62/704 2333/62/709
f 2314/62/705 2333/62/709 2334/62/710
f 2313/62/704 2315/62/706 2335/62/711
f 2313/62/704 2335/62/711 2333/62/709
f 2315/62/706 2316/62/707 2336/62/712
f 2315/62/706 2336/62/712 2335/62/711
f 2316/62/707 2317/62/708 2337/62/713
f 2316/62/707 2337/62/713 2336/62/712
f 2317/62/708 2318/62/266 2338/62/296
f 2317/62/708 2338/62/296 2337/62/713
f 2318/62/266 2319/62/267 2339/62/297
f 2318/62/266 2339/62/297 2338/62/296
f 2319/62/267 2320/62/268 2340/62/298
f 2319/62/267 2340/62/298 2339/62/297
f 2320/62/268 2321/62/269 2341/62/299
f 2320/62/268 2341/62/299 2340/62/298
f 2321/62/269 2322/62/270 2342/62/300
f 2321/62/269 2342/62/300 2341/62/299
f 2322/62/270 2323/62/271 2343/62/301
f 2322/62/270 2343/62/301 2342/62/300
f 2323/62/271 2324/62/272 2344/62/302
f 2323/62/271 2344/62/302 2343/62/301
f 2324/62/272 2325/62/273 2345/62/303
f 2324/62/272 2345/62/303 2344/62/302
f 2325/62/273 2326/62/274 2346/62/304
f 2325/62/273 2346/62/304 2345/62/303
f 2326/62/274 2327/62/275 2347/62/305
f 2326/62/274 2347/62/305 2346/62/304
f 2327/62/275 2328/62/612 2348/62/636
f 2327/62/275 2348/62/636 2347/62/305
f 2328/62/612 2329/62/613 2349/62/637
f 2328/62/612 2349/62/637 2348/62/636
f 2329/62/613 2330/62/614 2350/62/638
f 2329/62/613 2350/62/638 2349/62/637
f 2330/62/614 2331/62/615 2351/62/639
f 2330/62/614 2351/62/639 2350/62/638
f 2331/62/615 2332/62/616 2352/62/640
f 2331/62/615 2352/62/640 2351/62/639
f 2332/62/616 2314/62/705 2334/62/710
f 2332/62/616 2334/62/710 2352/62/640
f 2334/62/710 2333/62/709 2353/62/714
f 2334/62/710 2353/62/714 2354/62/715
f 2333/62/709 2335/62/711 2355/62/716
f 2333/62/709 2355/62/716 2353/62/714
f 2335/62/711 2336/62/712 2356/62/717
f 2335/62/711 2356/62/717 2355/62/716
f 2336/62/712 2337/62/713 2357/62/718
f 2336/62/712 2357/62/718 2356/62/717
f 2337/62/713 2338/62/296 2358/62/326
f 2337/62/713 2358/62/326 2357/62/718
f 2338/62/296 2339/62/297 2359/62/327
f 2338/62/296 2359/62/327 2358/62/326
f 2339/62/297 2340/62/298 2360/62/328
f 2339/62/297 2360/62/328 2359/62/327
f 2340/62/298 2341/62/299 2361/62/329
f 2340/62/298 2361/62/329 2360/62/328
f 2341/62/299 2342/62/300 2362/62/330
f 2341/62/299 2362/62/330 2361/62/329
f 2342/62/300 2343/62/301 2363/62/331
f 2342/62/300 2363/62/331 2362/62/330
f 2343/62/301 2344/62/302 2364/62/332
f 2343/62/301 2364/62/332 2363/62/331
f 2344/62/302 2345/62/303 2365/62/333
f 2344/62/302 2365/62/333 2364/62/332
f 2345/62/303 2346/62/304 2366/62/334
f 2345/62/303 2366/62/334 2365/62/333
f 2346/62/304 2347/62/305 2367/62/335
f 2346/62/304 2367/62/335 2366/62/334
f 2347/62/305 2348/62/636 2368/62/660
f 2347/62/305 2368/62/660 2367/62/335
f 2348/62/636 2349/62/637 2369/62/661
f 2348/62/636 2369/62/661 2368/62/660
f 2349/62/637 2350/62/638 2370/62/662
f 2349/62/637 2370/62/662 2369/62/661
f 2350/62/638 2351/62/639 2371/62/663
f 2350/62/638 2371/62/663 2370/62/662
f 2351/62/639 2352/62/640 2372/62/664
f 2351/62/639 2372/62/664 2371/62/663
f 2352/62/640 2334/62/710 2354/62/715
f 2352/62/640 2354/62/715 2372/62/664
f 2354/62/715 2353/62/714 2373/62/719
f 2354/62/715 2373/62/719 2374/62/720
f 2353/62/714 2355/62/716 2375/62/721
f 2353/62/714 2375/62/721 2373/62/719
f 2355/62/716 2356/62/717 2376/62/722
f 2355/62/716 2376/62/722 2375/62/721
f 2356/62/717 2357/62/718 2377/62/723
f 2356/62/717 2377/62/723 2376/62/722
f 2357/62/718 2358/62/326 2378/62/356
f 2357/62/718 2378/62/356 2377/62/723
f 2358/62/326 2359/62/327 2379/62/357
f 2358/62/326 2379/62/357 2378/62/356
f 2359/62/327 2360/62/328 2380/62/358
f 2359/62/327 2380/62/358 2379/62/357
f 2360/62/328 2361/62/329 2381/62/359
f 2360/62/328 2381/62/359 2380/62/358
f 2361/62/329 2362/62/330 2382/62/360
f 2361/62/329 2382/62/360 2381/62/359
f 2362/62/330 2363/62/331 2383/62/361
f 2362/62/330 2383/62/361 2382/62/360
f 2363/62/331 2364/62/332 2384/62/362
f 2363/62/331 2384/62/362 2383/62/361
f 2364/62/332 2365/62/333 2385/62/363
f 2364/62/332 2385/62/363 2384/62/362
f 2365/62/333 2366/62/334 2386/62/364
f 2365/62/333 2386/62/364 2385/62/363
f 2366/62/334 2367/62/335 2387/62/365
f 2366/62/334 2387/62/365 2386/62/364
f 2367/62/335 2368/62/660 2388/62/684
f 2367/62/335 2388/62/684 2387/62/365
f 2368/62/660 2369/62/661 2389/62/685
f 2368/62/660 2389/62/685 2388/62/684
f 2369/62/661 2370/62/662 2390/62/686
f 2369/62/661 2390/62/686 2389/62/685
f 2370/62/662 2371/62/663 2391/62/687
f 2370/62/662 2391/62/687 2390/62/686
f 2371/62/663 2372/62/664 2392/62/688
f 2371/62/663 2392/62/688 2391/62/687
f 2372/62/664 2354/62/715 2374/62/720
f 2372/62/664 2374/62/720 2392/62/688
f 2374/62/720 2373/62/719 2393/62/142
f 2374/62/720 2393/62/142 2394/62/142
f 2373/62/719 2375/62/721 2395/62/142
f 2373/62/719 2393/62/142 2395/62/142
f 2375/62/721 2376/62/722 2396/62/142
f 2375/62/721 2395/62/142 2396/62/142
f 2376/62/722 2377/62/723 2397/62/142
f 2376/62/722 2397/62/142 2396/62/142
f 2377/62/723 2378/62/356 2398/62/142
f 2377/62/723 2398/62/142 2397/62/142
f 2378/62/356 2379/62/357 2399/62/142
f 2378/62/356 2399/62/142 2398/62/142
f 2379/62/357 2380/62/358 2400/62/142
f 2379/62/357 2399/62/142 2400/62/142
f 2380/62/358 2381/62/359 2401/62/142
f 2380/62/358 2400/62/142 2401/62/142
f 2381/62/359 2382/62/360 2402/62/142
f 2381/62/359 2402/62/142 2401/62/142
f 2382/62/360 2383/62/361 2403/62/142
f 2382/62/360 2403/62/142 2402/62/142
f 2383/62/361 2384/62/362 2404/62/142
f 2383/62/361 2404/62/142 2403/62/142
f 2384/62/362 2385/62/363 2405/62/142
f 2384/62/362 2404/62/142 2405/62/142
f 2385/62/363 2386/62/364 2406/62/142
f 2385/62/363 2405/62/142 2406/62/142
f 2386/62/364 2387/62/365 2407/62/142
f 2386/62/364 2407/62/142 2406/62/142
f 2387/62/365 2388/62/684 2408/62/142
f 2387/62/365 2408/62/142 2407/62/142
f 2388/62/684 2389/62/685 2409/62/142
f 2388/62/684 2409/62/142 2408/62/142
f 2389/62/685 2390/62/686 2410/62/142
f 2389/62/685 2409/62/142 2410/62/142
f 2390/62/686 2391/62/687 2411/62/142
f 2390/62/686 2410/62/142 2411/62/142
f 2391/62/687 2392/62/688 2412/62/142
f 2391/62/687 2412/62/142 2411/62/142
f 2392/62/688 2374/62/720 2394/62/142
f 2392/62/688 2394/62/142 2412/62/142
f 2413/62/1 2214/62/1 2213/62/1
f 2413/62/1 2214/62/1 2218/62/1
f 2413/62/1 2218/62/1 2220/62/1
f 2413/62/1 2221/62/1 2220/62/1
f 2413/62/1 2223/62/1 2221/62/1
f 2413/62/1 2225/62/1 2223/62/1
f 2413/62/1 2225/62/1 2228/62/1
f 2413/62/1 2228/62/1 2230/62/1
f 2413/62/1 2231/62/1 2230/62/1
f 2413/62/1 2233/62/1 2231/62/1
f 2413/62/1 2235/62/1 2233/62/1
f 2413/62/1 2235/62/1 2238/62/1
f 2413/62/1 2238/62/1 2240/62/1
f 2413/62/1 2241/62/1 2240/62/1
f 2413/62/1 2243/62/1 2241/62/1
f 2413/62/1 2245/62/1 2243/62/1
f 2413/62/1 2245/62/1 2248/62/1
f 2413/62/1 2248/62/1 2250/62/1
f 2413/62/1 2251/62/1 2250/62/1
f 2413/62/1 2213/62/1 2251/62/1
f 2414/62/142 2394/62/142 2393/62/142
f 2414/62/142 2395/62/142 2393/62/142
f 2414/62/142 2396/62/142 2395/62/142
f 2414/62/142 2396/62/142 2397/62/142
f 2414/62/142 2397/62/142 2398/62/142
f 2414/62/142 2398/62/142 2399/62/142
f 2414/62/142 2400/62/142 2399/62/142
f 2414/62/142 2401/62/142 2400/62/142
f 2414/62/142 2401/62/142 2402/62/142
f 2414/62/142 2402/62/142 2403/62/142
f 2414/62/142 2403/62/142 2404/62/142
f 2414/62/142 2405/62/142 2404/62/142
f 2414/62/142 2406/62/142 2405/62/142
f 2414/62/142 2406/62/142 2407/62/142
f 2414/62/142 2407/62/142 2408/62/142
f 2414/62/142 2408/62/142 2409/62/142
f 2414/62/142 2410/62/142 2409/62/142
f 2414/62/142 2411/62/142 2410/62/142
f 2414/62/142 2411/62/142 2412/62/142
f 2414/62/142 2412/62/142 2394/62/142
f 2415/62/1 2416/62/1 2417/62/689
f 2415/62/1 2417/62/689 2418/62/690
f 2416/62/1 2419/62/691 2420/62/1
f 2416/62/1 2419/62/691 2417/62/689
f 2420/62/1 2421/62/692 2422/62/1
f 2420/62/1 2421/62/692 2419/62/691
f 2422/62/1 2423/62/1 2424/62/693
f 2422/62/1 2424/62/693 2421/62/692
f 2423/62/1 2425/62/1 2426/62/176
f 2423/62/1 2426/62/176 2424/62/693
f 2425/62/1 2427/62/1 2428/62/177
f 2425/62/1 2428/62/177 2426/62/176
f 2427/62/1 2429/62/178 2430/62/1
f 2427/62/1 2429/62/178 2428/62/177
f 2430/62/1 2431/62/179 2432/62/1
f 2430/62/1 2431/62/179 2429/62/178
f 2432/62/1 2433/62/1 2434/62/180
f 2432/62/1 2434/62/180 2431/62/179
f 2433/62/1 2435/62/1 2436/62/181
f 2433/62/1 2436/62/181 2434/62/180
f 2435/62/1 2437/62/1 2438/62/182
f 2435/62/1 2438/62/182 2436/62/181
f 2437/62/1 2439/62/183 2440/62/1
f 2437/62/1 2439/62/183 2438/62/182
f 2440/62/1 2441/62/184 2442/62/1
f 2440/62/1 2441/62/184 2439/62/183
f 2442/62/1 2443/62/1 2444/62/185
f 2442/62/1 2444/62/185 2441/62/184
f 2443/62/1 2445/62/1 2446/62/540
f 2443/62/1 2446/62/540 2444/62/185
f 2445/62/1 2447/62/1 2448/62/541
f 2445/62/1 2448/62/541 2446/62/540
f 2447/62/1 2449/62/542 2450/62/1
f 2447/62/1 2449/62/542 2448/62/541
f 2450/62/1 2451/62/543 2452/62/1
f 2450/62/1 2451/62/543 2449/62/542
f 2452/62/1 2453/62/1 2454/62/544
f 2452/62/1 2454/62/544 2451/62/543
f 2453/62/1 2415/62/1 2418/62/690
f 2453/62/1 2418/62/690 2454/62/544
f 2418/62/690 2417/62/689 2455/62/694
f 2418/62/690 2455/62/694 2456/62/695
f 2417/62/689 2419/62/691 2457/62/696
f 2417/62/689 2457/62/696 2455/62/694
f 2419/62/691 2421/62/692 2458/62/697
f 2419/62/691 2458/62/697 2457/62/696
f 2421/62/692 2424/62/693 2459/62/698
f 2421/62/692 2459/62/698 2458/62/697
f 2424/62/693 2426/62/176 2460/62/206
f 2424/62/693 2460/62/206 2459/62/698
f 2426/62/176 2428/62/177 2461/62/207
f 2426/62/176 2461/62/207 2460/62/206
f 2428/62/177 2429/62/178 2462/62/208
f 2428/62/177 2462/62/208 2461/62/207
f 2429/62/178 2431/62/179 2463/62/209
f 2429/62/178 2463/62/209 2462/62/208
f 2431/62/179 2434/62/180 2464/62/210
f 2431/62/179 2464/62/210 2463/62/209
f 2434/62/180 2436/62/181 2465/62/211
f 2434/62/180 2465/62/211 2464/62/210
f 2436/62/181 2438/62/182 2466/62/212
f 2436/62/181 2466/62/212 2465/62/211
f 2438/62/182 2439/62/183 2467/62/213
f 2438/62/182 2467/62/213 2466/62/212
f 2439/62/183 2441/62/184 2468/62/214
f 2439/62/183 2468/62/214 2467/62/213
f 2441/62/184 2444/62/185 2469/62/215
f 2441/62/184 2469/62/215 2468/62/214
f 2444/62/185 2446/62/540 2470/62/564
f 2444/62/185 2470/62/564 2469/62/215
f 2446/62/540 2448/62/541 2471/62/565
f 2446/62/540 2471/62/565 2470/62/564
f 2448/62/541 2449/62/542 2472/62/566
f 2448/62/541 2472/62/566 2471/62/565
f 2449/62/542 2451/62/543 2473/62/567
f 2449/62/542 2473/62/567 2472/62/566
f 2451/62/543 2454/62/544 2474/62/568
f 2451/62/543 2474/62/568 2473/62/567
f 2454/62/544 2418/62/690 2456/62/695
f 2454/62/544 2456/62/695 2474/62/568
f 2456/62/695 2455/62/694 2475/62/699
f 2456/62/695 2475/62/699 2476/62/700
f 2455/62/694 2457/62/696 2477/62/701
f 2455/62/694 2477/62/701 2475/62/699
f 2457/62/696 2458/62/697 2478/62/702
f 2457/62/696 2478/62/702 2477/62/701
f 2458/62/697 2459/62/698 2479/62/703
f 2458/62/697 2479/62/703 2478/62/702
f 2459/62/698 2460/62/206 2480/62/236
f 2459/62/698 2480/62/236 2479/62/703
f 2460/62/206 2461/62/207 2481/62/237
f 2460/62/206 2481/62/237 2480/62/236
f 2461/62/207 2462/62/208 2482/62/238
f 2461/62/207 2482/62/238 2481/62/237
f 2462/62/208 2463/62/209 2483/62/239
f 2462/62/208 2483/62/239 2482/62/238
f 2463/62/209 2464/62/210 2484/62/240
f 2463/62/209 2484/62/240 2483/62/239
f 2464/62/210 2465/62/211 2485/62/241
f 2464/62/210 2485/62/241 2484/62/240
f 2465/62/211 2466/62/212 2486/62/242
f 2465/62/211 2486/62/242 2485/62/241
f 2466/62/212 2467/62/213 2487/62/243
f 2466/62/212 2487/62/243 2486/62/242
f 2467/62/213 2468/62/214 2488/62/244
f 2467/62/213 2488/62/244 2487/62/243
f 2468/62/214 2469/62/215 2489/62/245
f 2468/62/214 2489/62/245 2488/62/244
f 2469/62/215 2470/62/564 2490/62/588
f 2469/62/215 2490/62/588 2489/62/245
f 2470/62/564 2471/62/565 2491/62/589
f 2470/62/564 2491/62/589 2490/62/588
f 2471/62/565 2472/62/566 2492/62/590
f 2471/62/565 2492/62/590 2491/62/589
f 2472/62/566 2473/62/567 2493/62/591
f 2472/62/566 2493/62/591 2492/62/590
f 2473/62/567 2474/62/568 2494/62/592
f 2473/62/567 2494/62/592 2493/62/591
f 2474/62/568 2456/62/695 2476/62/700
f 2474/62/568 2476/62/700 2494/62/592
f 2476/62/700 2475/62/699 2495/62/704
f 2476/62/700 2495/62/704 2496/62/705
f 2475/62/699 2477/62/701 2497/62/706
f 2475/62/699 2497/62/706 2495/62/704
f 2477/62/701 2478/62/702 2498/62/707
f 2477/62/701 2498/62/707 2497/62/706
f 2478/62/702 2479/62/703 2499/62/708
f 2478/62/702 2499/62/708 2498/62/707
f 2479/62/703 2480/62/236 2500/62/266
f 2479/62/703 2500/62/266 2499/62/708
f 2480/62/236 2481/62/237 2501/62/267
f 2480/62/236 2501/62/267 2500/62/266
f 2481/62/237 2482/62/238 2502/62/268
f 2481/62/237 2502/62/268 2501/62/267
f 2482/62/238 2483/62/239 2503/62/269
f 2482/62/238 2503/62/269 2502/62/268
f 2483/62/239 2484/62/240 2504/62/270
f 2483/62/239 2504/62/270 2503/62/269
f 2484/62/240 2485/62/241 2505/62/271
f 2484/62/240 2505/62/271 2504/62/270
f 2485/62/241 2486/62/242 2506/62/272
f 2485/62/241 2506/62/272 2505/62/271
f 2486/62/242 2487/62/243 2507/62/273
f 2486/62/242 2507/62/273 2506/62/272
f 2487/62/243 2488/62/244 2508/62/274
f 2487/62/243 2508/62/274 2507/62/273
f 2488/62/244 2489/62/245 2509/62/275
f 2488/62/244 2509/62/275 2508/62/274
f 2489/62/245 2490/62/588 2510/62/612
f 2489/62/245 2510/62/612 2509/62/275
f 2490/62/588 2491/62/589 2511/62/613
f 2490/62/588 2511/62/613 2510/62/612
f 2491/62/589 2492/62/590 2512/62/614
f 2491/62/589 2512/62/614 2511/62/613
f 2492/62/590 2493/62/591 2513/62/615
f 2492/62/590 2513/62/615 2512/62/614
f 2493/62/591 2494/62/592 2514/62/616
f 2493/62/591 2514/62/616 2513/62/615
f 2494/62/592 2476/62/700 2496/62/705
f 2494/62/592 2496/62/705 2514/62/616
f 2496/62/705 2495/62/704 2515/62/704
f 2496/62/705 2515/62/704 2516/62/705
f 2495/62/704 2497/62/706 2517/62/706
f 2495/62/704 2517/62/706 2515/62/704
f 2497/62/706 2498/62/707 2518/62/707
f 2497/62/706 2518/62/707 2517/62/706
f 2498/62/707 2499/62/708 2519/62/708
f 2498/62/707 2519/62/708 2518/62/707
f 2499/62/708 2500/62/266 2520/62/266
f 2499/62/708 2520/62/266 2519/62/708
f 2500/62/266 2501/62/267 2521/62/267
f 2500/62/266 2521/62/267 2520/62/266
f 2501/62/267 2502/62/268 2522/62/268
f 2501/62/267 2522/62/268 2521/62/267
f 2502/62/268 2503/62/269 2523/62/269
f 2502/62/268 2523/62/269 2522/62/268
f 2503/62/269 2504/62/270 2524/62/270
f 2503/62/269 2524/62/270 2523/62/269
f 2504/62/270 2505/62/271 2525/62/271
f 2504/62/270 2525/62/271 2524/62/270
f 2505/62/271 2506/62/272 2526/62/272
f 2505/62/271 2526/62/272 2525/62/271
f 2506/62/272 2507/62/273 2527/62/273
f 2506/62/272 2527/62/273 2526/62/272
f 2507/62/273 2508/62/274 2528/62/274
f 2507/62/273 2528/62/274 2527/62/273
f 2508/62/274 2509/62/275 2529/62/275
f 2508/62/274 2529/62/275 2528/62/274
f 2509/62/275 2510/62/612 2530/62/612
f 2509/62/275 2530/62/612 2529/62/275
f 2510/62/612 2511/62/613 2531/62/613
f 2510/62/612 2531/62/613 2530/62/612
f 2511/62/613 2512/62/614 2532/62/614
f 2511/62/613 2532/62/614 2531/62/613
f 2512/62/614 2513/62/615 2533/62/615
f 2512/62/614 2533/62/615 2532/62/614
f 2513/62/615 2514/62/616 2534/62/616
f 2513/62/615 2534/62/616 2533/62/615
f 2514/62/616 2496/62/705 2516/62/705
f 2514/62/616 2516/62/705 2534/62/616
f 2516/62/705 2515/62/704 2535/62/709
f 2516/62/705 2535/62/709 2536/62/710
f 2515/62/704 2517/62/706 2537/62/711
f 2515/62/704 2537/62/711 2535/62/709
f 2517/62/706 2518/62/707 2538/62/712
f 2517/62/706 2538/62/712 2537/62/711
f 2518/62/707 2519/62/708 2539/62/713
f 2518/62/707 2539/62/713 2538/62/712
f 2519/62/708 2520/62/266 2540/62/296
f 2519/62/708 2540/62/296 2539/62/713
f 2520/62/266 2521/62/267 2541/62/297
f 2520/62/266 2541/62/297 2540/62/296
f 2521/62/267 2522/62/268 2542/62/298
f 2521/62/267 2542/62/298 2541/62/297
f 2522/62/268 2523/62/269 2543/62/299
f 2522/62/268 2543/62/299 2542/62/298
f 2523/62/269 2524/62/270 2544/62/300
f 2523/62/269 2544/62/300 2543/62/299
f 2524/62/270 2525/62/271 2545/62/301
f 2524/62/270 2545/62/301 2544/62/300
f 2525/62/271 2526/62/272 2546/62/302
f 2525/62/271 2546/62/302 2545/62/301
f 2526/62/272 2527/62/273 2547/62/303
f 2526/62/272 2547/62/303 2546/62/302
f 2527/62/273 2528/62/274 2548/62/304
f 2527/62/273 2548/62/304 2547/62/303
f 2528/62/274 2529/62/275 2549/62/305
f 2528/62/274 2549/62/305 2548/62/304
f 2529/62/275 2530/62/612 2550/62/636
f 2529/62/275 2550/62/636 2549/62/305
f 2530/62/612 2531/62/613 2551/62/637
f 2530/62/612 2551/62/637 2550/62/636
f 2531/62/613 2532/62/614 2552/62/638
f 2531/62/613 2552/62/638 2551/62/637
f 2532/62/614 2533/62/615 2553/62/639
f 2532/62/614 2553/62/639 2552/62/638
f 2533/62/615 2534/62/616 2554/62/640
f 2533/62/615 2554/62/640 2553/62/639
f 2534/62/616 2516/62/705 2536/62/710
f 2534/62/616 2536/62/710 2554/62/640
f 2536/62/710 2535/62/709 2555/62/714
f 2536/62/710 2555/62/714 2556/62/715
f 2535/62/709 2537/62/711 2557/62/716
f 2535/62/709 2557/62/716 2555/62/714
f 2537/62/711 2538/62/712 2558/62/717
f 2537/62/711 2558/62/717 2557/62/716
f 2538/62/712 2539/62/713 2559/62/718
f 2538/62/712 2559/62/718 2558/62/717
f 2539/62/713 2540/62/296 2560/62/326
f 2539/62/713 2560/62/326 2559/62/718
f 2540/62/296 2541/62/297 2561/62/327
f 2540/62/296 2561/62/327 2560/62/326
f 2541/62/297 2542/62/298 2562/62/328
f 2541/62/297 2562/62/328 2561/62/327
f 2542/62/298 2543/62/299 2563/62/329
f 2542/62/298 2563/62/329 2562/62/328
f 2543/62/299 2544/62/300 2564/62/330
f 2543/62/299 2564/62/330 2563/62/329
f 2544/62/300 2545/62/301 2565/62/331
f 2544/62/300 2565/62/331 2564/62/330
f 2545/62/301 2546/62/302 2566/62/332
f 2545/62/301 2566/62/332 2565/62/331
f 2546/62/302 2547/62/303 2567/62/333
f 2546/62/302 2567/62/333 2566/62/332
f 2547/62/303 2548/62/304 2568/62/334
f 2547/62/303 2568/62/334 2567/62/333
f 2548/62/304 2549/62/305 2569/62/335
f 2548/62/304 2569/62/335 2568/62/334
f 2549/62/305 2550/62/636 2570/62/660
f 2549/62/305 2570/62/660 2569/62/335
f 2550/62/636 2551/62/637 2571/62/661
f 2550/62/636 2571/62/661 2570/62/660
f 2551/62/637 2552/62/638 2572/62/662
f 2551/62/637 2572/62/662 2571/62/661
f 2552/62/638 2553/62/639 2573/62/663
f 2552/62/638 2573/62/663 2572/62/662
f 2553/62/639 2554/62/640 2574/62/664
f 2553/62/639 2574/62/664 2573/62/663
f 2554/62/640 2536/62/710 2556/62/715
f 2554/62/640 2556/62/715 2574/62/664
f 2556/62/715 2555/62/714 2575/62/719
f 2556/62/715 2575/62/719 2576/62/720
f 2555/62/714 2557/62/716 2577/62/721
f 2555/62/714 2577/62/721 2575/62/719
f 2557/62/716 2558/62/717 2578/62/722
f 2557/62/716 2578/62/722 2577/62/721
f 2558/62/717 2559/62/718 2579/62/723
f 2558/62/717 2579/62/723 2578/62/722
f 2559/62/718 2560/62/326 2580/62/356
f 2559/62/718 2580/62/356 2579/62/723
f 2560/62/326 2561/62/327 2581/62/357
f 2560/62/326 2581/62/357 2580/62/356
f 2561/62/327 2562/62/328 2582/62/358
f 2561/62/327 2582/62/358 2581/62/357
f 2562/62/328 2563/62/329 2583/62/359
f 2562/62/328 2583/62/359 2582/62/358
f 2563/62/329 2564/62/330 2584/62/360
f 2563/62/329 2584/62/360 2583/62/359
f 2564/62/330 2565/62/331 2585/62/361
f 2564/62/330 2585/62/361 2584/62/360
f 2565/62/331 2566/62/332 2586/62/362
f 2565/62/331 2586/62/362 2585/62/361
f 2566/62/332 2567/62/333 2587/62/363
f 2566/62/332 2587/62/363 2586/62/362
f 2567/62/333 2568/62/334 2588/62/364
f 2567/62/333 2588/62/364 2587/62/363
f 2568/62/334 2569/62/335 2589/62/365
f 2568/62/334 2589/62/365 2588/62/364
f 2569/62/335 2570/62/660 2590/62/684
f 2569/62/335 2590/62/684 2589/62/365
f 2570/62/660 2571/62/661 2591/62/685
f 2570/62/660 2591/62/685 2590/62/684
f 2571/62/661 2572/62/662 2592/62/686
f 2571/62/661 2592/62/686 2591/62/685
f 2572/62/662 2573/62/663 2593/62/687
f 2572/62/662 2593/62/687 2592/62/686
f 2573/62/663 2574/62/664 2594/62/688
f 2573/62/663 2594/62/688 2593/62/687
f 2574/62/664 2556/62/715 2576/62/720
f 2574/62/664 2576/62/720 2594/62/688
f 2576/62/720 2575/62/719 2595/62/142
f 2576/62/720 2595/62/142 2596/62/142
f 2575/62/719 2577/62/721 2597/62/142
f 2575/62/719 2595/62/142 2597/62/142
f 2577/62/721 2578/62/722 2598/62/142
f 2577/62/721 2597/62/142 2598/62/142
f 2578/62/722 2579/62/723 2599/62/142
f 2578/62/722 2599/62/142 2598/62/142
f 2579/62/723 2580/62/356 2600/62/142
f 2579/62/723 2600/62/142 2599/62/142
f 2580/62/356 2581/62/357 2601/62/142
f 2580/62/356 2601/62/142 2600/62/142
f 2581/62/357 2582/62/358 2602/62/142
f 2581/62/357 2601/62/142 2602/62/142
f 2582/62/358 2583/62/359 2603/62/142
f 2582/62/358 2602/62/142 2603/62/142
f 2583/62/359 2584/62/360 2604/62/142
f 2583/62/359 2604/62/142 2603/62/142
f 2584/62/360 2585/62/361 2605/62/142
f 2584/62/360 2605/62/142 2604/62/142
f 2585/62/361 2586/62/362 2606/62/142
f 2585/62/361 2606/62/142 2605/62/142
f 2586/62/362 2587/62/363 2607/62/142
f 2586/62/362 2606/62/142 2607/62/142
f 2587/62/363 2588/62/364 2608/62/142
f 2587/62/363 2607/62/142 2608/62/142
f 2588/62/364 2589/62/365 2609/62/142
f 2588/62/364 2609/62/142 2608/62/142
f 2589/62/365 2590/62/684 2610/62/142
f 2589/62/365 2610/62/142 2609/62/142
f 2590/62/684 2591/62/685 2611/62/142
f 2590/62/684 2611/62/142 2610/62/142
f 2591/62/685 2592/62/686 2612/62/142
f 2591/62/685 2611/62/142 2612/62/142
f 2592/62/686 2593/62/687 2613/62/142
f 2592/62/686 2612/62/142 2613/62/142
f 2593/62/687 2594/62/688 2614/62/142
f 2593/62/687 2614/62/142 2613/62/142
f 2594/62/688 2576/62/720 2596/62/142
f 2594/62/688 2596/62/142 2614/62/142
f 2615/62/1 2416/62/1 2415/62/1
f 2615/62/1 2416/62/1 2420/62/1
f 2615/62/1 2420/62/1 2422/62/1
f 2615/62/1 2423/62/1 2422/62/1
f 2615/62/1 2425/62/1 2423/62/1
f 2615/62/1 2427/62/1 2425/62/1
f 2615/62/1 2427/62/1 2430/62/1
f 2615/62/1 2430/62/1 2432/62/1
f 2615/62/1 2433/62/1 2432/62/1
f 2615/62/1 2435/62/1 2433/62/1
f 2615/62/1 2437/62/1 2435/62/1
f 2615/62/1 2437/62/1 2440/62/1
f 2615/62/1 2440/62/1 2442/62/1
f 2615/62/1 2443/62/1 2442/62/1
f 2615/62/1 2445/62/1 2443/62/1
f 2615/62/1 2447/62/1 2445/62/1
f 2615/62/1 2447/62/1 2450/62/1
f 2615/62/1 2450/62/1 2452/62/1
f 2615/62/1 2453/62/1 2452/62/1
f 2615/62/1 2415/62/1 2453/62/1
f 2616/62/142 2596/62/142 2595/62/142
f 2616/62/142 2597/62/142 2595/62/142
f 2616/62/142 2598/62/142 2597/62/142
f 2616/62/142 2598/62/142 2599/62/142
f 2616/62/142 2599/62/142 2600/62/142
f 2616/62/142 2600/62/142 2601/62/142
f 2616/62/142 2602/62/142 2601/62/142
f 2616/62/142 2603/62/142 2602/62/142
f 2616/62/142 2603/62/142 2604/62/142
f 2616/62/142 2604/62/142 2605/62/142
f 2616/62/142 2605/62/142 2606/62/142
f 2616/62/142 2607/62/142 2606/62/142
f 2616/62/142 2608/62/142 2607/62/142
f 2616/62/142 2608/62/142 2609/62/142
f 2616/62/142 2609/62/142 2610/62/142
f 2616/62/142 2610/62/142 2611/62/142
f 2616/62/142 2612/62/142 2611/62/142
f 2616/62/142 2613/62/142 2612/62/142
f 2616/62/142 2613/62/142 2614/62/142
f 2616/62/142 2614/62/142 2596/62/142
f 2617/1612/1 2618/1612/1 2619/1612/689
f 2617/1612/1 2619/1612/689 2620/1612/690
f 2618/1612/1 2621/1612/1 2622/1612/691
f 2618/1612/1 2622/1612/691 2619/1612/689
f 2621/1612/1 2623/1612/1 2624/1612/692
f 2621/1612/1 2624/1612/692 2622/1612/691
f 2623/1612/1 2625/1612/1 2626/1612/693
f 2623/1612/1 2626/1612/693 2624/1612/692
f 2625/1612/1 2627/1612/1 2628/1612/176
f 2625/1612/1 2628/1612/176 2626/1612/693
f 2627/1612/1 2629/1612/1 2630/1612/177
f 2627/1612/1 2630/1612/177 2628/1612/176
f 2629/1612/1 2631/1612/1 2632/1612/178
f 2629/1612/1 2632/1612/178 2630/1612/177
f 2631/1612/1 2633/1612/1 2634/1612/179
f 2631/1612/1 2634/1612/179 2632/1612/178
f 2633/1612/1 2635/1612/1 2636/1612/180
f 2633/1612/1 2636/1612/180 2634/1612/179
f 2635/1612/1 2637/1612/1 2638/1612/181
f 2635/1612/1 2638/1612/181 2636/1612/180
f 2637/1612/1 2639/1612/1 2640/1612/182
f 2637/1612/1 2640/1612/182 2638/1612/181
f 2639/1612/1 2641/1612/1 2642/1612/183
f 2639/1612/1 2642/1612/183 2640/1612/182
f 2641/1612/1 2643/1612/1 2644/1612/184
f 2641/1612/1 2644/1612/184 2642/1612/183
f 2643/1612/1 2645/1612/1 2646/1612/185
f 2643/1612/1 2646/1612/185 2644/1612/184
f 2645/1612/1 2647/1612/1 2648/1612/540
f 2645/1612/1 2648/1612/540 2646/1612/185
f 2647/1612/1 2649/1612/1 2650/1612/541
f 2647/1612/1 2650/1612/541 2648/1612/540
f 2649/1612/1 2651/1612/1 2652/1612/542
f 2649/1612/1 2652/1612/542 2650/1612/541
f 2651/1612/1 2653/1612/1 2654/1612/543
f 2651/1612/1 2654/1612/543 2652/1612/542
f 2653/1612/1 2655/1612/1 2656/1612/544
f 2653/1612/1 2656/1612/544 2654/1612/543
f 2655/1612/1 2617/1612/1 2620/1612/690
f 2655/1612/1 2620/1612/690 2656/1612/544
f 2620/1612/690 2619/1612/689 2657/1612/694
f 2620/1612/690 2657/1612/694 2658/1612/695
f 2619/1612/689 2622/1612/691 2659/1612/696
f 2619/1612/689 2659/1612/696 2657/1612/694
f 2622/1612/691 2624/1612/692 2660/1612/697
f 2622/1612/691 2660/1612/697 2659/1612/696
f 2624/1612/692 2626/1612/693 2661/1612/698
f 2624/1612/692 2661/1612/698 2660/1612/697
f 2626/1612/693 2628/1612/176 2662/1612/206
f 2626/1612/693 2662/1612/206 2661/1612/698
f 2628/1612/176 2630/1612/177 2663/1612/207
f 2628/1612/176 2663/1612/207 2662/1612/206
f 2630/1612/177 2632/1612/178 2664/1612/208
f 2630/1612/177 2664/1612/208 2663/1612/207
f 2632/1612/178 2634/1612/179 2665/1612/209
f 2632/1612/178 2665/1612/209 2664/1612/208
f 2634/1612/179 2636/1612/180 2666/1612/210
f 2634/1612/179 2666/1612/210 2665/1612/209
f 2636/1612/180 2638/1612/181 2667/1612/211
f 2636/1612/180 2667/1612/211 2666/1612/210
f 2638/1612/181 2640/1612/182 2668/1612/212
f 2638/1612/181 2668/1612/212 2667/1612/211
f 2640/1612/182 2642/1612/183 2669/1612/213
f 2640/1612/182 2669/1612/213 2668/1612/212
f 2642/1612/183 2644/1612/184 2670/1612/214
f 2642/1612/183 2670/1612/214 2669/1612/213
f 2644/1612/184 2646/1612/185 2671/1612/215
f 2644/1612/184 2671/1612/215 2670/1612/214
f 2646/1612/185 2648/1612/540 2672/1612/564
f 2646/1612/185 2672/1612/564 2671/1612/215
f 2648/1612/540 2650/1612/541 2673/1612/565
f 2648/1612/540 2673/1612/565 2672/1612/564
f 2650/1612/541 2652/1612/542 2674/1612/566
f 2650/1612/541 2674/1612/566 2673/1612/565
f 2652/1612/542 2654/1612/543 2675/1612/567
f 2652/1612/542 2675/1612/567 2674/1612/566
f 2654/1612/543 2656/1612/544 2676/1612/568
f 2654/1612/543 2676/1612/568 2675/1612/567
f 2656/1612/544 2620/1612/690 2658/1612/695
f 2656/1612/544 2658/1612/695 2676/1612/568
f 2658/1612/695 2657/1612/694 2677/1612/699
f 2658/1612/695 2677/1612/699 2678/1612/700
f 2657/1612/694 2659/1612/696 2679/1612/701
f 2657/1612/694 2679/1612/701 2677/1612/699
f 2659/1612/696 2660/1612/697 2680/1612/702
f 2659/1612/696 2680/1612/702 2679/1612/701
f 2660/1612/697 2661/1612/698 2681/1612/703
f 2660/1612/697 2681/1612/703 2680/1612/702
f 2661/1612/698 2662/1612/206 2682/1612/236
f 2661/1612/698 2682/1612/236 2681/1612/703
f 2662/1612/206 2663/1612/207 2683/1612/237
f 2662/1612/206 2683/1612/237 2682/1612/236
f 2663/1612/207 2664/1612/208 2684/1612/238
f 2663/1612/207 2684/1612/238 2683/1612/237
f 2664/1612/208 2665/1612/209 2685/1612/239
f 2664/1612/208 2685/1612/239 2684/1612/238
f 2665/1612/209 2666/1612/210 2686/1612/240
f 2665/1612/209 2686/1612/240 2685/1612/239
f 2666/1612/210 2667/1612/211 2687/1612/241
f 2666/1612/210 2687/1612/241 2686/1612/240
f 2667/1612/211 2668/1612/212 2688/1612/242
f 2667/1612/211 2688/1612/242 2687/1612/241
f 2668/1612/212 2669/1612/213 2689/1612/243
f 2668/1612/212 2689/1612/243 2688/1612/242
f 2669/1612/213 2670/1612/214 2690/1612/244
f 2669/1612/213 2690/1612/244 2689/1612/243
f 2670/1612/214 2671/1612/215 2691/1612/245
f 2670/1612/214 2691/1612/245 2690/1612/244
f 2671/1612/215 2672/1612/564 2692/1612/588
f 2671/1612/215 2692/1612/588 2691/1612/245
f 2672/1612/564 2673/1612/565 2693/1612/589
f 2672/1612/564 2693/1612/589 2692/1612/588
f 2673/1612/565 2674/1612/566 2694/1612/590
f 2673/1612/565 2694/1612/590 2693/1612/589
f 2674/1612/566 2675/1612/567 2695/1612/591
f 2674/1612/566 2695/1612/591 2694/1612/590
f 2675/1612/567 2676/1612/568 2696/1612/592
f 2675/1612/567 2696/1612/592 2695/1612/591
f 2676/1612/568 2658/1612/695 2678/1612/700
f 2676/1612/568 2678/1612/700 2696/1612/592
f 2678/1612/700 2677/1612/699 2697/1612/704
f 2678/1612/700 2697/1612/704 2698/1612/705
f 2677/1612/699 2679/1612/701 2699/1612/706
f 2677/1612/699 2699/1612/706 2697/1612/704
f 2679/1612/701 2680/1612/702 2700/1612/707
f 2679/1612/701 2700/1612/707 2699/1612/706
f 2680/1612/702 2681/1612/703 2701/1612/708
f 2680/1612/702 2701/1612/708 2700/1612/707
f 2681/1612/703 2682/1612/236 2702/1612/266
f 2681/1612/703 2702/1612/266 2701/1612/708
f 2682/1612/236 2683/1612/237 2703/1612/267
f 2682/1612/236 2703/1612/267 2702/1612/266
f 2683/1612/237 2684/1612/238 2704/1612/268
f 2683/1612/237 2704/1612/268 2703/1612/267
f 2684/1612/238 2685/1612/239 2705/1612/269
f 2684/1612/238 2705/1612/269 2704/1612/268
f 2685/1612/239 2686/1612/240 2706/1612/270
f 2685/1612/239 2706/1612/270 2705/1612/269
f 2686/1612/240 2687/1612/241 2707/1612/271
f 2686/1612/240 2707/1612/271 2706/1612/270
f 2687/1612/241 2688/1612/242 2708/1612/272
f 2687/1612/241 2708/1612/272 2707/1612/271
f 2688/1612/242 2689/1612/243 2709/1612/273
f 2688/1612/242 2709/1612/273 2708/1612/272
f 2689/1612/243 2690/1612/244 2710/1612/274
f 2689/1612/243 2710/1612/274 2709/1612/273
f 2690/1612/244 2691/1612/245 2711/1612/275
f 2690/1612/244 2711/1612/275 2710/1612/274
f 2691/1612/245 2692/1612/588 2712/1612/612
f 2691/1612/245 2712/1612/612 2711/1612/275
f 2692/1612/588 2693/1612/589 2713/1612/613
f 2692/1612/588 2713/1612/613 2712/1612/612
f 2693/1612/589 2694/1612/590 2714/1612/614
f 2693/1612/589 2714/1612/614 2713/1612/613
f 2694/1612/590 2695/1612/591 2715/1612/615
f 2694/1612/590 2715/1612/615 2714/1612/614
f 2695/1612/591 2696/1612/592 2716/1612/616
f 2695/1612/591 2716/1612/616 2715/1612/615
f 2696/1612/592 2678/1612/700 2698/1612/705
f 2696/1612/592 2698/1612/705 2716/1612/616
f 2698/1612/705 2697/1612/704 2717/1612/704
f 2698/1612/705 2717/1612/704 2718/1612/705
f 2697/1612/704 2699/1612/706 2719/1612/706
f 2697/1612/704 2719/1612/706 2717/1612/704
f 2699/1612/706 2700/1612/707 2720/1612/707
f 2699/1612/706 2720/1612/707 2719/1612/706
f 2700/1612/707 2701/1612/708 2721/1612/708
f 2700/1612/707 2721/1612/708 2720/1612/707
f 2701/1612/708 2702/1612/266 2722/1612/266
f 2701/1612/708 2722/1612/266 2721/1612/708
f 2702/1612/266 2703/1612/267 2723/1612/267
f 2702/1612/266 2723/1612/267 2722/1612/266
f 2703/1612/267 2704/1612/268 2724/1612/268
f 2703/1612/267 2724/1612/268 2723/1612/267
f 2704/1612/268 2705/1612/269 2725/1612/269
f 2704/1612/268 2725/1612/269 2724/1612/268
f 2705/1612/269 2706/1612/270 2726/1612/270
f 2705/1612/269 2726/1612/270 2725/1612/269
f 2706/1612/270 2707/1612/271 2727/1612/271
f 2706/1612/270 2727/1612/271 2726/1612/270
f 2707/1612/271 2708/1612/272 2728/1612/272
f 2707/1612/271 2728/1612/272 2727/1612/271
f 2708/1612/272 2709/1612/273 2729/1612/273
f 2708/1612/272 2729/1612/273 2728/1612/272
f 2709/1612/273 2710/1612/274 2730/1612/274
f 2709/1612/273 2730/1612/274 2729/1612/273
f 2710/1612/274 2711/1612/275 2731/1612/275
f 2710/1612/274 2731/1612/275 2730/1612/274
f 2711/1612/275 2712/1612/612 2732/1612/612
f 2711/1612/275 2732/1612/612 2731/1612/275
f 2712/1612/612 2713/1612/613 2733/1612/613
f 2712/1612/612 2733/1612/613 2732/1612/612
f 2713/1612/613 2714/1612/614 2734/1612/614
f 2713/1612/613 2734/1612/614 2733/1612/613
f 2714/1612/614 2715/1612/615 2735/1612/615
f 2714/1612/614 2735/1612/615 2734/1612/614
f 2715/1612/615 2716/1612/616 2736/1612/616
f 2715/1612/615 2736/1612/616 2735/1612/615
f 2716/1612/616 2698/1612/705 2718/1612/705
f 2716/1612/616 2718/1612/705 2736/1612/616
f 2718/1612/705 2717/1612/704 2737/1612/709
f 2718/1612/705 2737/1612/709 2738/1612/710
f 2717/1612/704 2719/1612/706 2739/1612/711
f 2717/1612/704 2739/1612/711 2737/1612/709
f 2719/1612/706 2720/1612/707 2740/1612/712
f 2719/1612/706 2740/1612/712 2739/1612/711
f 2720/1612/707 2721/1612/708 2741/1612/713
f 2720/1612/707 2741/1612/713 2740/1612/712
f 2721/1612/708 2722/1612/266 2742/1612/296
f 2721/1612/708 2742/1612/296 2741/1612/713
f 2722/1612/266 2723/1612/267 2743/1612/297
f 2722/1612/266 2743/1612/297 2742/1612/296
f 2723/1612/267 2724/1612/268 2744/1612/298
f 2723/1612/267 2744/1612/298 2743/1612/297
f 2724/1612/268 2725/1612/269 2745/1612/299
f 2724/1612/268 2745/1612/299 2744/1612/298
f 2725/1612/269 2726/1612/270 2746/1612/300
f 2725/1612/269 2746/1612/300 2745/1612/299
f 2726/1612/270 2727/1612/271 2747/1612/301
f 2726/1612/270 2747/1612/301 2746/1612/300
f 2727/1612/271 2728/1612/272 2748/1612/302
f 2727/1612/271 2748/1612/302 2747/1612/301
f 2728/1612/272 2729/1612/273 2749/1612/303
f 2728/1612/272 2749/1612/303 2748/1612/302
f 2729/1612/273 2730/1612/274 2750/1612/304
f 2729/1612/273 2750/1612/304 2749/1612/303
f 2730/1612/274 2731/1612/275 2751/1612/305
f 2730/1612/274 2751/1612/305 2750/1612/304
f 2731/1612/275 2732/1612/612 2752/1612/636
f 2731/1612/275 2752/1612/636 2751/1612/305
f 2732/1612/612 2733/1612/613 2753/1612/637
f 2732/1612/612 2753/1612/637 2752/1612/636
f 2733/1612/613 2734/1612/614 2754/1612/638
f 2733/1612/613 2754/1612/638 2753/1612/637
f 2734/1612/614 2735/1612/615 2755/1612/639
f 2734/1612/614 2755/1612/639 2754/1612/638
f 2735/1612/615 2736/1612/616 2756/1612/640
f 2735/1612/615 2756/1612/640 2755/1612/639
f 2736/1612/616 2718/1612/705 2738/1612/710
f 2736/1612/616 2738/1612/710 2756/1612/640
f 2738/1612/710 2737/1612/709 2757/1612/714
f 2738/1612/710 2757/1612/714 2758/1612/715
f 2737/1612/709 2739/1612/711 2759/1612/716
f 2737/1612/709 2759/1612/716 2757/1612/714
f 2739/1612/711 2740/1612/712 2760/1612/717
f 2739/1612/711 2760/1612/717 2759/1612/716
f 2740/1612/712 2741/1612/713 2761/1612/718
f 2740/1612/712 2761/1612/718 2760/1612/717
f 2741/1612/713 2742/1612/296 2762/1612/326
f 2741/1612/713 2762/1612/326 2761/1612/718
f 2742/1612/296 2743/1612/297 2763/1612/327
f 2742/1612/296 2763/1612/327 2762/1612/326
f 2743/1612/297 2744/1612/298 2764/1612/328
f 2743/1612/297 2764/1612/328 2763/1612/327
f 2744/1612/298 2745/1612/299 2765/1612/329
f 2744/1612/298 2765/1612/329 2764/1612/328
f 2745/1612/299 2746/1612/300 2766/1612/330
f 2745/1612/299 2766/1612/330 2765/1612/329
f 2746/1612/300 2747/1612/301 2767/1612/331
f 2746/1612/300 2767/1612/331 2766/1612/330
f 2747/1612/301 2748/1612/302 2768/1612/332
f 2747/1612/301 2768/1612/332 2767/1612/331
f 2748/1612/302 2749/1612/303 2769/1612/333
f 2748/1612/302 2769/1612/333 2768/1612/332
f 2749/1612/303 2750/1612/304 2770/1612/334
f 2749/1612/303 2770/1612/334 2769/1612/333
f 2750/1612/304 2751/1612/305 2771/1612/335
f 2750/1612/304 2771/1612/335 2770/1612/334
f 2751/1612/305 2752/1612/636 2772/1612/660
f 2751/1612/305 2772/1612/660 2771/1612/335
f 2752/1612/636 2753/1612/637 2773/1612/661
f 2752/1612/636 2773/1612/661 2772/1612/660
f 2753/1612/637 2754/1612/638 2774/1612/662
f 2753/1612/637 2774/1612/662 2773/1612/661
f 2754/1612/638 2755/1612/639 2775/1612/663
f 2754/1612/638 2775/1612/663 2774/1612/662
f 2755/1612/639 2756/1612/640 2776/1612/664
f 2755/1612/639 2776/1612/664 2775/1612/663
f 2756/1612/640 2738/1612/710 2758/1612/715
f 2756/1612/640 2758/1612/715 2776/1612/664
f 2758/1612/715 2757/1612/714 2777/1612/719
f 2758/1612/715 2777/1612/719 2778/1612/720
f 2757/1612/714 2759/1612/716 2779/1612/721
f 2757/1612/714 2779/1612/721 2777/1612/719
f 2759/1612/716 2760/1612/717 2780/1612/722
f 2759/1612/716 2780/1612/722 2779/1612/721
f 2760/1612/717 2761/1612/718 2781/1612/723
f 2760/1612/717 2781/1612/723 2780/1612/722
f 2761/1612/718 2762/1612/326 2782/1612/356
f 2761/1612/718 2782/1612/356 2781/1612/723
f 2762/1612/326 2763/1612/327 2783/1612/357
f 2762/1612/326 2783/1612/357 2782/1612/356
f 2763/1612/327 2764/1612/328 2784/1612/358
f 2763/1612/327 2784/1612/358 2783/1612/357
f 2764/1612/328 2765/1612/329 2785/1612/359
f 2764/1612/328 2785/1612/359 2784/1612/358
f 2765/1612/329 2766/1612/330 2786/1612/360
f 2765/1612/329 2786/1612/360 2785/1612/359
f 2766/1612/330 2767/1612/331 2787/1612/361
f 2766/1612/330 2787/1612/361 2786/1612/360
f 2767/1612/331 2768/1612/332 2788/1612/362
f 2767/1612/331 2788/1612/362 2787/1612/361
f 2768/1612/332 2769/1612/333 2789/1612/363
f 2768/1612/332 2789/1612/363 2788/1612/362
f 2769/1612/333 2770/1612/334 2790/1612/364
f 2769/1612/333 2790/1612/364 2789/1612/363
f 2770/1612/334 2771/1612/335 2791/1612/365
f 2770/1612/334 2791/1612/365 2790/1612/364
f 2771/1612/335 2772/1612/660 2792/1612/684
f 2771/1612/335 2792/1612/684 2791/1612/365
f 2772/1612/660 2773/1612/661 2793/1612/685
f 2772/1612/660 2793/1612/685 2792/1612/684
f 2773/1612/661 2774/1612/662 2794/1612/686
f 2773/1612/661 2794/1612/686 2793/1612/685
f 2774/1612/662 2775/1612/663 2795/1612/687
f 2774/1612/662 2795/1612/687 2794/1612/686
f 2775/1612/663 2776/1612/664 2796/1612/688
f 2775/1612/663 2796/1612/688 2795/1612/687
f 2776/1612/664 2758/1612/715 2778/1612/720
f 2776/1612/664 2778/1612/720 2796/1612/688
f 2778/1612/720 2777/1612/719 2797/1612/142
f 2778/1612/720 2797/1612/142 2798/1612/142
f 2777/1612/719 2779/1612/721 2799/1612/142
f 2777/1612/719 2799/1612/142 2797/1612/142
f 2779/1612/721 2780/1612/722 2800/1612/142
f 2779/1612/721 2800/1612/142 2799/1612/142
f 2780/1612/722 2781/1612/723 2801/1612/142
f 2780/1612/722 2801/1612/142 2800/1612/142
f 2781/1612/723 2782/1612/356 2802/1612/142
f 2781/1612/723 2802/1612/142 2801/1612/142
f 2782/1612/356 2783/1612/357 2803/1612/142
f 2782/1612/356 2803/1612/142 2802/1612/142
f 2783/1612/357 2784/1612/358 2804/1612/142
f 2783/1612/357 2804/1612/142 2803/1612/142
f 2784/1612/358 2785/1612/359 2805/1612/142
f 2784/1612/358 2805/1612/142 2804/1612/142
f 2785/1612/359 2786/1612/360 2806/1612/142
f 2785/1612/359 2806/1612/142 2805/1612/142
f 2786/1612/360 2787/1612/361 2807/1612/142
f 2786/1612/360 2807/1612/142 2806/1612/142
f 2787/1612/361 2788/1612/362 2808/1612/142
f 2787/1612/361 2808/1612/142 2807/1612/142
f 2788/1612/362 2789/1612/363 2809/1612/142
f 2788/1612/362 2809/1612/142 2808/1612/142
f 2789/1612/363 2790/1612/364 2810/1612/142
f 2789/1612/363 2810/1612/142 2809/1612/142
f 2790/1612/364 2791/1612/365 2811/1612/142
f 2790/1612/364 2811/1612/142 2810/1612/142
f 2791/1612/365 2792/1612/684 2812/1612/142
f 2791/1612/365 2812/1612/142 2811/1612/142
f 2792/1612/684 2793/1612/685 2813/1612/142
f 2792/1612/684 2813/1612/142 2812/1612/142
f 2793/1612/685 2794/1612/686 2814/1612/142
f 2793/1612/685 2814/1612/142 2813/1612/142
f 2794/1612/686 2795/1612/687 2815/1612/142
f 2794/1612/686 2815/1612/142 2814/1612/142
f 2795/1612/687 2796/1612/688 2816/1612/142
f 2795/1612/687 2816/1612/142 2815/1612/142
f 2796/1612/688 2778/1612/720 2798/1612/142
f 2796/1612/688 2798/1612/142 2816/1612/142
f 2817/1612/1 2618/1612/1 2617/1612/1
f 2817/1612/1 2621/1612/1 2618/1612/1
f 2817/1612/1 2623/1612/1 2621/1612/1
f 2817/1612/1 2625/1612/1 2623/1612/1
f 2817/1612/1 2627/1612/1 2625/1612/1
f 2817/1612/1 2629/1612/1 2627/1612/1
f 2817/1612/1 2631/1612/1 2629/1612/1
f 2817/1612/1 2633/1612/1 2631/1612/1
f 2817/1612/1 2635/1612/1 2633/1612/1
f 2817/1612/1 2637/1612/1 2635/1612/1
f 2817/1612/1 2639/1612/1 2637/1612/1
f 2817/1612/1 2641/1612/1 2639/1612/1
f 2817/1612/1 2643/1612/1 2641/1612/1
f 2817/1612/1 2645/1612/1 2643/1612/1
f 2817/1612/1 2647/1612/1 2645/1612/1
f 2817/1612/1 2649/1612/1 2647/1612/1
f 2817/1612/1 2651/1612/1 2649/1612/1
f 2817/1612/1 2653/1612/1 2651/1612/1
f 2817/1612/1 2655/1612/1 2653/1612/1
f 2817/1612/1 2617/1612/1 2655/1612/1
f 2818/1612/142 2798/1612/142 2797/1612/142
f 2818/1612/142 2797/1612/142 2799/1612/142
f 2818/1612/142 2799/1612/142 2800/1612/142
f 2818/1612/142 2800/1612/142 2801/1612/142
f 2818/1612/142 2801/1612/142 2802/1612/142
f 2818/1612/142 2802/1612/142 2803/1612/142
f 2818/1612/142 2803/1612/142 2804/1612/142
f 2818/1612/142 2804/1612/142 2805/1612/142
f 2818/1612/142 2805/1612/142 2806/1612/142
f 2818/1612/142 2806/1612/142 2807/1612/142
f 2818/1612/142 2807/1612/142 2808/1612/142
f 2818/1612/142 2808/1612/142 2809/1612/142
f 2818/1612/142 2809/1612/142 2810/1612/142
f 2818/1612/142 2810/1612/142 2811/1612/142
f 2818/1612/142 2811/1612/142 2812/1612/142
f 2818/1612/142 2812/1612/142 2813/1612/142
f 2818/1612/142 2813/1612/142 2814/1612/142
f 2818/1612/142 2814/1612/142 2815/1612/142
f 2818/1612/142 2815/1612/142 2816/1612/142
f 2818/1612/142 2816/1612/142 2798/1612/142
f 2819/1613/1 2820/1613/1 2821/1613/268
f 2819/1613/1 2821/1613/268 2822/1613/706
f 2820/1613/1 2823/1613/1 2824/1613/273
f 2820/1613/1 2824/1613/273 2821/1613/268
f 2823/1613/1 2825/1613/1 2826/1613/614
f 2823/1613/1 2826/1613/614 2824/1613/273
f 2825/1613/1 2819/1613/1 2822/1613/706
f 2825/1613/1 2822/1613/706 2826/1613/614
f 2822/1613/706 2821/1613/268 2827/1613/268
f 2822/1613/706 2827/1613/268 2828/1613/706
f 2821/1613/268 2824/1613/273 2829/1613/273
f 2821/1613/268 2829/1613/273 2827/1613/268
f 2824/1613/273 2826/1613/614 2830/1613/614
f 2824/1613/273 2830/1613/614 2829/1613/273
f 2826/1613/614 2822/1613/706 2828/1613/706
f 2826/1613/614 2828/1613/706 2830/1613/614
f 2828/1613/706 2827/1613/268 2831/1613/142
f 2828/1613/706 2831/1613/142 2832/1613/142
f 2827/1613/268 2829/1613/273 2833/1613/142
f 2827/1613/268 2833/1613/142 2831/1613/142
f 2829/1613/273 2830/1613/614 2834/1613/142
f 2829/1613/273 2834/1613/142 2833/1613/142
f 2830/1613/614 2828/1613/706 2832/1613/142
f 2830/1613/614 2832/1613/142 2834/1613/142
f 2835/1613/1 2820/1613/1 2819/1613/1
f 2835/1613/1 2823/1613/1 2820/1613/1
f 2835/1613/1 2825/1613/1 2823/1613/1
f 2835/1613/1 2819/1613/1 2825/1613/1
f 2836/1613/142 2832/1613/142 2831/1613/142
f 2836/1613/142 2831/1613/142 2833/1613/142
f 2836/1613/142 2833/1613/142 2834/1613/142
f 2836/1613/142 2834/1613/142 2832/1613/142
f 2837/62/1 2838/62/1 2839/62/689
f 2837/62/1 2839/62/689 2840/62/690
f 2838/62/1 2841/62/691 2842/62/1
f 2838/62/1 2841/62/691 2839/62/689
f 2842/62/1 2843/62/692 2844/62/1
f 2842/62/1 2843/62/692 2841/62/691
f 2844/62/1 2845/62/1 2846/62/693
f 2844/62/1 2846/62/693 2843/62/692
f 2845/62/1 2847/62/1 2848/62/176
f 2845/62/1 2848/62/176 2846/62/693
f 2847/62/1 2849/62/1 2850/62/177
f 2847/62/1 2850/62/177 2848/62/176
f 2849/62/1 2851/62/178 2852/62/1
f 2849/62/1 2851/62/178 2850/62/177
f 2852/62/1 2853/62/179 2854/62/1
f 2852/62/1 2853/62/179 2851/62/178
f 2854/62/1 2855/62/1 2856/62/180
f 2854/62/1 2856/62/180 2853/62/179
f 2855/62/1 2857/62/1 2858/62/181
f 2855/62/1 2858/62/181 2856/62/180
f 2857/62/1 2859/62/1 2860/62/182
f 2857/62/1 2860/62/182 2858/62/181
f 2859/62/1 2861/62/183 2862/62/1
f 2859/62/1 2861/62/183 2860/62/182
f 2862/62/1 2863/62/184 2864/62/1
f 2862/62/1 2863/62/184 2861/62/183
f 2864/62/1 2865/62/1 2866/62/185
f 2864/62/1 2866/62/185 2863/62/184
f 2865/62/1 2867/62/1 2868/62/540
f 2865/62/1 2868/62/540 2866/62/185
f 2867/62/1 2869/62/1 2870/62/541
f 2867/62/1 2870/62/541 2868/62/540
f 2869/62/1 2871/62/542 2872/62/1
f 2869/62/1 2871/62/542 2870/62/541
f 2872/62/1 2873/62/543 2874/62/1
f 2872/62/1 2873/62/543 2871/62/542
f 2874/62/1 2875/62/1 2876/62/544
f 2874/62/1 2876/62/544 2873/62/543
f 2875/62/1 2837/62/1 2840/62/690
f 2875/62/1 2840/62/690 2876/62/544
f 2840/62/690 2839/62/689 2877/62/694
f 2840/62/690 2877/62/694 2878/62/695
f 2839/62/689 2841/62/691 2879/62/696
f 2839/62/689 2879/62/696 2877/62/694
f 2841/62/691 2843/62/692 2880/62/697
f 2841/62/691 2880/62/697 2879/62/696
f 2843/62/692 2846/62/693 2881/62/698
f 2843/62/692 2881/62/698 2880/62/697
f 2846/62/693 2848/62/176 2882/62/206
f 2846/62/693 2882/62/206 2881/62/698
f 2848/62/176 2850/62/177 2883/62/207
f 2848/62/176 2883/62/207 2882/62/206
f 2850/62/177 2851/62/178 2884/62/208
f 2850/62/177 2884/62/208 2883/62/207
f 2851/62/178 2853/62/179 2885/62/209
f 2851/62/178 2885/62/209 2884/62/208
f 2853/62/179 2856/62/180 2886/62/210
f 2853/62/179 2886/62/210 2885/62/209
f 2856/62/180 2858/62/181 2887/62/211
f 2856/62/180 2887/62/211 2886/62/210
f 2858/62/181 2860/62/182 2888/62/212
f 2858/62/181 2888/62/212 2887/62/211
f 2860/62/182 2861/62/183 2889/62/213
f 2860/62/182 2889/62/213 2888/62/212
f 2861/62/183 2863/62/184 2890/62/214
f 2861/62/183 2890/62/214 2889/62/213
f 2863/62/184 2866/62/185 2891/62/215
f 2863/62/184 2891/62/215 2890/62/214
f 2866/62/185 2868/62/540 2892/62/564
f 2866/62/185 2892/62/564 2891/62/215
f 2868/62/540 2870/62/541 2893/62/565
f 2868/62/540 2893/62/565 2892/62/564
f 2870/62/541 2871/62/542 2894/62/566
f 2870/62/541 2894/62/566 2893/62/565
f 2871/62/542 2873/62/543 2895/62/567
f 2871/62/542 2895/62/567 2894/62/566
f 2873/62/543 2876/62/544 2896/62/568
f 2873/62/543 2896/62/568 2895/62/567
f 2876/62/544 2840/62/690 2878/62/695
f 2876/62/544 2878/62/695 2896/62/568
f 2878/62/695 2877/62/694 2897/62/699
f 2878/62/695 2897/62/699 2898/62/700
f 2877/62/694 2879/62/696 2899/62/701
f 2877/62/694 2899/62/701 2897/62/699
f 2879/62/696 2880/62/697 2900/62/702
f 2879/62/696 2900/62/702 2899/62/701
f 2880/62/697 2881/62/698 2901/62/703
f 2880/62/697 2901/62/703 2900/62/702
f 2881/62/698 2882/62/206 2902/62/236
f 2881/62/698 2902/62/236 2901/62/703
f 2882/62/206 2883/62/207 2903/62/237
f 2882/62/206 2903/62/237 2902/62/236
f 2883/62/207 2884/62/208 2904/62/238
f 2883/62/207 2904/62/238 2903/62/237
f 2884/62/208 2885/62/209 2905/62/239
f 2884/62/208 2905/62/239 2904/62/238
f 2885/62/209 2886/62/210 2906/62/240
f 2885/62/209 2906/62/240 2905/62/239
f 2886/62/210 2887/62/211 2907/62/241
f 2886/62/210 2907/62/241 2906/62/240
f 2887/62/211 2888/62/212 2908/62/242
f 2887/62/211 2908/62/242 2907/62/241
f 2888/62/212 2889/62/213 2909/62/243
f 2888/62/212 2909/62/243 2908/62/242
f 2889/62/213 2890/62/214 2910/62/244
f 2889/62/213 2910/62/244 2909/62/243
f 2890/62/214 2891/62/215 2911/62/245
f 2890/62/214 2911/62/245 2910/62/244
f 2891/62/215 2892/62/564 2912/62/588
f 2891/62/215 2912/62/588 2911/62/245
f 2892/62/564 2893/62/565 2913/62/589
f 2892/62/564 2913/62/589 2912/62/588
f 2893/62/565 2894/62/566 2914/62/590
f 2893/62/565 2914/62/590 2913/62/589
f 2894/62/566 2895/62/567 2915/62/591
f 2894/62/566 2915/62/591 2914/62/590
f 2895/62/567 2896/62/568 2916/62/592
f 2895/62/567 2916/62/592 2915/62/591
f 2896/62/568 2878/62/695 2898/62/700
f 2896/62/568 2898/62/700 2916/62/592
f 2898/62/700 2897/62/699 2917/62/704
f 2898/62/700 2917/62/704 2918/62/705
f 2897/62/699 2899/62/701 2919/62/706
f 2897/62/699 2919/62/706 2917/62/704
f 2899/62/701 2900/62/702 2920/62/707
f 2899/62/701 2920/62/707 2919/62/706
f 2900/62/702 2901/62/703 2921/62/708
f 2900/62/702 2921/62/708 2920/62/707
f 2901/62/703 2902/62/236 2922/62/266
f 2901/62/703 2922/62/266 2921/62/708
f 2902/62/236 2903/62/237 2923/62/267
f 2902/62/236 2923/62/267 2922/62/266
f 2903/62/237 2904/62/238 2924/62/268
f 2903/62/237 2924/62/268 2923/62/267
f 2904/62/238 2905/62/239 2925/62/269
f 2904/62/238 2925/62/269 2924/62/268
f 2905/62/239 2906/62/240 2926/62/270
f 2905/62/239 2926/62/270 2925/62/269
f 2906/62/240 2907/62/241 2927/62/271
f 2906/62/240 2927/62/271 2926/62/270
f 2907/62/241 2908/62/242 2928/62/272
f 2907/62/241 2928/62/272 2927/62/271
f 2908/62/242 2909/62/243 2929/62/273
f 2908/62/242 2929/62/273 2928/62/272
f 2909/62/243 2910/62/244 2930/62/274
f 2909/62/243 2930/62/274 2929/62/273
f 2910/62/244 2911/62/245 2931/62/275
f 2910/62/244 2931/62/275 2930/62/274
f 2911/62/245 2912/62/588 2932/62/612
f 2911/62/245 2932/62/612 2931/62/275
f 2912/62/588 2913/62/589 2933/62/613
f 2912/62/588 2933/62/613 2932/62/612
f 2913/62/589 2914/62/590 2934/62/614
f 2913/62/589 2934/62/614 2933/62/613
f 2914/62/590 2915/62/591 2935/62/615
f 2914/62/590 2935/62/615 2934/62/614
f 2915/62/591 2916/62/592 2936/62/616
f 2915/62/591 2936/62/616 2935/62/615
f 2916/62/592 2898/62/700 2918/62/705
f 2916/62/592 2918/62/705 2936/62/616
f 2918/62/705 2917/62/704 2937/62/704
f 2918/62/705 2937/62/704 2938/62/705
f 2917/62/704 2919/62/706 2939/62/706
f 2917/62/704 2939/62/706 2937/62/704
f 2919/62/706 2920/62/707 2940/62/707
f 2919/62/706 2940/62/707 2939/62/706
f 2920/62/707 2921/62/708 2941/62/708
f 2920/62/707 2941/62/708 2940/62/707
f 2921/62/708 2922/62/266 2942/62/266
f 2921/62/708 2942/62/266 2941/62/708
f 2922/62/266 2923/62/267 2943/62/267
f 2922/62/266 2943/62/267 2942/62/266
f 2923/62/267 2924/62/268 2944/62/268
f 2923/62/267 2944/62/268 2943/62/267
f 2924/62/268 2925/62/269 2945/62/269
f 2924/62/268 2945/62/269 2944/62/268
f 2925/62/269 2926/62/270 2946/62/270
f 2925/62/269 2946/62/270 2945/62/269
f 2926/62/270 2927/62/271 2947/62/271
f 2926/62/270 2947/62/271 2946/62/270
f 2927/62/271 2928/62/272 2948/62/272
f 2927/62/271 2948/62/272 2947/62/271
f 2928/62/272 2929/62/273 2949/62/273
f 2928/62/272 2949/62/273 2948/62/272
f 2929/62/273 2930/62/274 2950/62/274
f 2929/62/273 2950/62/274 2949/62/273
f 2930/62/274 2931/62/275 2951/62/275
f 2930/62/274 2951/62/275 2950/62/274
f 2931/62/275 2932/62/612 2952/62/612
f 2931/62/275 2952/62/612 2951/62/275
f 2932/62/612 2933/62/613 2953/62/613
f 2932/62/612 2953/62/613 2952/62/612
f 2933/62/613 2934/62/614 2954/62/614
f 2933/62/613 2954/62/614 2953/62/613
f 2934/62/614 2935/62/615 2955/62/615
f 2934/62/614 2955/62/615 2954/62/614
f 2935/62/615 2936/62/616 2956/62/616
f 2935/62/615 2956/62/616 2955/62/615
f 2936/62/616 2918/62/705 2938/62/705
f 2936/62/616 2938/62/705 2956/62/616
f 2938/62/705 2937/62/704 2957/62/709
f 2938/62/705 2957/62/709 2958/62/710
f 2937/62/704 2939/62/706 2959/62/711
f 2937/62/704 2959/62/711 2957/62/709
f 2939/62/706 2940/62/707 2960/62/712
f 2939/62/706 2960/62/712 2959/62/711
f 2940/62/707 2941/62/708 2961/62/713
f 2940/62/707 2961/62/713 2960/62/712
f 2941/62/708 2942/62/266 2962/62/296
f 2941/62/708 2962/62/296 2961/62/713
f 2942/62/266 2943/62/267 2963/62/297
f 2942/62/266 2963/62/297 2962/62/296
f 2943/62/267 2944/62/268 2964/62/298
f 2943/62/267 2964/62/298 2963/62/297
f 2944/62/268 2945/62/269 2965/62/299
f 2944/62/268 2965/62/299 2964/62/298
f 2945/62/269 2946/62/270 2966/62/300
f 2945/62/269 2966/62/300 2965/62/299
f 2946/62/270 2947/62/271 2967/62/301
f 2946/62/270 2967/62/301 2966/62/300
f 2947/62/271 2948/62/272 2968/62/302
f 2947/62/271 2968/62/302 2967/62/301
f 2948/62/272 2949/62/273 2969/62/303
f 2948/62/272 2969/62/303 2968/62/302
f 2949/62/273 2950/62/274 2970/62/304
f 2949/62/273 2970/62/304 2969/62/303
f 2950/62/274 2951/62/275 2971/62/305
f 2950/62/274 2971/62/305 2970/62/304
f 2951/62/275 2952/62/612 2972/62/636
f 2951/62/275 2972/62/636 2971/62/305
f 2952/62/612 2953/62/613 2973/62/637
f 2952/62/612 2973/62/637 2972/62/636
f 2953/62/613 2954/62/614 2974/62/638
f 2953/62/613 2974/62/638 2973/62/637
f 2954/62/614 2955/62/615 2975/62/639
f 2954/62/614 2975/62/639 2974/62/638
f 2955/62/615 2956/62/616 2976/62/640
f 2955/62/615 2976/62/640 2975/62/639
f 2956/62/616 2938/62/705 2958/62/710
f 2956/62/616 2958/62/710 2976/62/640
f 2958/62/710 2957/62/709 2977/62/714
f 2958/62/710 2977/62/714 2978/62/715
f 2957/62/709 2959/62/711 2979/62/716
f 2957/62/709 2979/62/716 2977/62/714
f 2959/62/711 2960/62/712 2980/62/717
f 2959/62/711 2980/62/717 2979/62/716
f 2960/62/712 2961/62/713 2981/62/718
f 2960/62/712 2981/62/718 2980/62/717
f 2961/62/713 2962/62/296 2982/62/326
f 2961/62/713 2982/62/326 2981/62/718
f 2962/62/296 2963/62/297 2983/62/327
f 2962/62/296 2983/62/327 2982/62/326
f 2963/62/297 2964/62/298 2984/62/328
f 2963/62/297 2984/62/328 2983/62/327
f 2964/62/298 2965/62/299 2985/62/329
f 2964/62/298 2985/62/329 2984/62/328
f 2965/62/299 2966/62/300 2986/62/330
f 2965/62/299 2986/62/330 2985/62/329
f 2966/62/300 2967/62/301 2987/62/331
f 2966/62/300 2987/62/331 2986/62/330
f 2967/62/301 2968/62/302 2988/62/332
f 2967/62/301 2988/62/332 2987/62/331
f 2968/62/302 2969/62/303 2989/62/333
f 2968/62/302 2989/62/333 2988/62/332
f 2969/62/303 2970/62/304 2990/62/334
f 2969/62/303 2990/62/334 2989/62/333
f 2970/62/304 2971/62/305 2991/62/335
f 2970/62/304 2991/62/335 2990/62/334
f 2971/62/305 2972/62/636 2992/62/660
f 2971/62/305 2992/62/660 2991/62/335
f 2972/62/636 2973/62/637 2993/62/661
f 2972/62/636 2993/62/661 2992/62/660
f 2973/62/637 2974/62/638 2994/62/662
f 2973/62/637 2994/62/662 2993/62/661
f 2974/62/638 2975/62/639 2995/62/663
f 2974/62/638 2995/62/663 2994/62/662
f 2975/62/639 2976/62/640 2996/62/664
f 2975/62/639 2996/62/664 2995/62/663
f 2976/62/640 2958/62/710 2978/62/715
f 2976/62/640 2978/62/715 2996/62/664
f 2978/62/715 2977/62/714 2997/62/719
f 2978/62/715 2997/62/719 2998/62/720
f 2977/62/714 2979/62/716 2999/62/721
f 2977/62/714 2999/62/721 2997/62/719
f 2979/62/716 2980/62/717 3000/62/722
f 2979/62/716 3000/62/722 2999/62/721
f 2980/62/717 2981/62/718 3001/62/723
f 2980/62/717 3001/62/723 3000/62/722
f 2981/62/718 2982/62/326 3002/62/356
f 2981/62/718 3002/62/356 3001/62/723
f 2982/62/326 2983/62/327 3003/62/357
f 2982/62/326 3003/62/357 3002/62/356
f 2983/62/327 2984/62/328 3004/62/358
f 2983/62/327 3004/62/358 3003/62/357
f 2984/62/328 2985/62/329 3005/62/359
f 2984/62/328 3005/62/359 3004/62/358
f 2985/62/329 2986/62/330 3006/62/360
f 2985/62/329 3006/62/360 3005/62/359
f 2986/62/330 2987/62/331 3007/62/361
f 2986/62/330 3007/62/361 3006/62/360
f 2987/62/331 2988/62/332 3008/62/362
f 2987/62/331 3008/62/362 3007/62/361
f 2988/62/332 2989/62/333 3009/62/363
f 2988/62/332 3009/62/363 3008/62/362
f 2989/62/333 2990/62/334 3010/62/364
f 2989/62/333 3010/62/364 3009/62/363
f 2990/62/334 2991/62/335 3011/62/365
f 2990/62/334 3011/62/365 3010/62/364
f 2991/62/335 2992/62/660 3012/62/684
f 2991/62/335 3012/62/684 3011/62/365
f 2992/62/660 2993/62/661 3013/62/685
f 2992/62/660 3013/62/685 3012/62/684
f 2993/62/661 2994/62/662 3014/62/686
f 2993/62/661 3014/62/686 3013/62/685
f 2994/62/662 2995/62/663 3015/62/687
f 2994/62/662 3015/62/687 3014/62/686
f 2995/62/663 2996/62/664 3016/62/688
f 2995/62/663 3016/62/688 3015/62/687
f 2996/62/664 2978/62/715 2998/62/720
f 2996/62/664 2998/62/720 3016/62/688
f 2998/62/720 2997/62/719 3017/62/142
f 2998/62/720 3017/62/142 3018/62/142
f 2997/62/719 2999/62/721 3019/62/142
f 2997/62/719 3017/62/142 3019/62/142
f 2999/62/721 3000/62/722 3020/62/142
f 2999/62/721 3019/62/142 3020/62/142
f 3000/62/722 3001/62/723 3021/62/142
f 3000/62/722 3021/62/142 3020/62/142
f 3001/62/723 3002/62/356 3022/62/142
f 3001/62/723 3022/62/142 3021/62/142
f 3002/62/356 3003/62/357 3023/62/142
f 3002/62/356 3023/62/142 3022/62/142
f 3003/62/357 3004/62/358 3024/62/142
f 3003/62/357 3023/62/142 3024/62/142
f 3004/62/358 3005/62/359 3025/62/142
f 3004/62/358 3024/62/142 3025/62/142
f 3005/62/359 3006/62/360 3026/62/142
f 3005/62/359 3026/62/142 3025/62/142
f 3006/62/360 3007/62/361 3027/62/142
f 3006/62/360 3027/62/142 3026/62/142
f 3007/62/361 3008/62/362 3028/62/142
f 3007/62/361 3028/62/142 3027/62/142
f 3008/62/362 3009/62/363 3029/62/142
f 3008/62/362 3028/62/142 3029/62/142
f 3009/62/363 3010/62/364 3030/62/142
f 3009/62/363 3029/62/142 3030/62/142
f 3010/62/364 3011/62/365 3031/62/142
f 3010/62/364 3031/62/142 3030/62/142
f 3011/62/365 3012/62/684 3032/62/142
f 3011/62/365 3032/62/142 3031/62/142
f 3012/62/684 3013/62/685 3033/62/142
f 3012/62/684 3033/62/142 3032/62/142
f 3013/62/685 3014/62/686 3034/62/142
f 3013/62/685 3033/62/142 3034/62/142
f 3014/62/686 3015/62/687 3035/62/142
f 3014/62/686 3034/62/142 3035/62/142
f 3015/62/687 3016/62/688 3036/62/142
f 3015/62/687 3036/62/142 3035/62/142
f 3016/62/688 2998/62/720 3018/62/142
f 3016/62/688 3018/62/142 3036/62/142
f 3037/62/1 2838/62/1 2837/62/1
f 3037/62/1 2838/62/1 2842/62/1
f 3037/62/1 2842/62/1 2844/62/1
f 3037/62/1 2845/62/1 2844/62/1
f 3037/62/1 2847/62/1 2845/62/1
f 3037/62/1 2849/62/1 2847/62/1
f 3037/62/1 2849/62/1 2852/62/1
f 3037/62/1 2852/62/1 2854/62/1
f 3037/62/1 2855/62/1 2854/62/1
f 3037/62/1 2857/62/1 2855/62/1
f 3037/62/1 2859/62/1 2857/62/1
f 3037/62/1 2859/62/1 2862/62/1
f 3037/62/1 2862/62/1 2864/62/1
f 3037/62/1 2865/62/1 2864/62/1
f 3037/62/1 2867/62/1 2865/62/1
f 3037/62/1 2869/62/1 2867/62/1
f 3037/62/1 2869/62/1 2872/62/1
f 3037/62/1 2872/62/1 2874/62/1
f 3037/62/1 2875/62/1 2874/62/1
f 3037/62/1 2837/62/1 2875/62/1
f 3038/62/142 3018/62/142 3017/62/142
f 3038/62/142 3019/62/142 3017/62/142
f 3038/62/142 3020/62/142 3019/62/142
f 3038/62/142 3020/62/142 3021/62/142
f 3038/62/142 3021/62/142 3022/62/142
f 3038/62/142 3022/62/142 3023/62/142
f 3038/62/142 3024/62/142 3023/62/142
f 3038/62/142 3025/62/142 3024/62/142
f 3038/62/142 3025/62/142 3026/62/142
f 3038/62/142 3026/62/142 3027/62/142
f 3038/62/142 3027/62/142 3028/62/142
f 3038/62/142 3029/62/142 3028/62/142
f 3038/62/142 3030/62/142 3029/62/142
f 3038/62/142 3030/62/142 3031/62/142
f 3038/62/142 3031/62/142 3032/62/142
f 3038/62/142 3032/62/142 3033/62/142
f 3038/62/142 3034/62/142 3033/62/142
f 3038/62/142 3035/62/142 3034/62/142
f 3038/62/142 3035/62/142 3036/62/142
f 3038/62/142 3036/62/142 3018/62/142
f 3039/1614/1 3040/1614/1 3041/1614/208
f 3039/1614/1 3041/1614/208 3042/1614/696
f 3040/1614/1 3043/1614/1 3044/1614/213
f 3040/1614/1 3044/1614/213 3041/1614/208
f 3043/1614/1 3045/1614/1 3046/1614/566
f 3043/1614/1 3046/1614/566 3044/1614/213
f 3045/1614/1 3039/1614/1 3042/1614/696
f 3045/1614/1 3042/1614/696 3046/1614/566
f 3042/1614/696 3041/1614/208 3047/1614/268
f 3042/1614/696 3047/1614/268 3048/1614/706
f 3041/1614/208 3044/1614/213 3049/1614/273
f 3041/1614/208 3049/1614/273 3047/1614/268
f 3044/1614/213 3046/1614/566 3050/1614/614
f 3044/1614/213 3050/1614/614 3049/1614/273
f 3046/1614/566 3042/1614/696 3048/1614/706
f 3046/1614/566 3048/1614/706 3050/1614/614
f 3048/1614/706 3047/1614/268 3051/1614/268
f 3048/1614/706 3051/1614/268 3052/1614/706
f 3047/1614/268 3049/1614/273 3053/1614/273
f 3047/1614/268 3053/1614/273 3051/1614/268
f 3049/1614/273 3050/1614/614 3054/1614/614
f 3049/1614/273 3054/1614/614 3053/1614/273
f 3050/1614/614 3048/1614/706 3052/1614/706
f 3050/1614/614 3052/1614/706 3054/1614/614
f 3052/1614/706 3051/1614/268 3055/1614/328
f 3052/1614/706 3055/1614/328 3056/1614/716
f 3051/1614/268 3053/1614/273 3057/1614/333
f 3051/1614/268 3057/1614/333 3055/1614/328
f 3053/1614/273 3054/1614/614 3058/1614/662
f 3053/1614/273 3058/1614/662 3057/1614/333
f 3054/1614/614 3052/1614/706 3056/1614/716
f 3054/1614/614 3056/1614/716 3058/1614/662
f 3056/1614/716 3055/1614/328 3059/1614/142
f 3056/1614/716 3059/1614/142 3060/1614/142
f 3055/1614/328 3057/1614/333 3061/1614/142
f 3055/1614/328 3061/1614/142 3059/1614/142
f 3057/1614/333 3058/1614/662 3062/1614/142
f 3057/1614/333 3062/1614/142 3061/1614/142
f 3058/1614/662 3056/1614/716 3060/1614/142
f 3058/1614/662 3060/1614/142 3062/1614/142
f 3063/1614/1 3040/1614/1 3039/1614/1
f 3063/1614/1 3043/1614/1 3040/1614/1
f 3063/1614/1 3045/1614/1 3043/1614/1
f 3063/1614/1 3039/1614/1 3045/1614/1
f 3064/1614/142 3060/1614/142 3059/1614/142
f 3064/1614/142 3059/1614/142 3061/1614/142
f 3064/1614/142 3061/1614/142 3062/1614/142
f 3064/1614/142 3062/1614/142 3060/1614/142
f 3065/1614/1 3066/1614/1 3067/1614/208
f 3065/1614/1 3067/1614/208 3068/1614/696
f 3066/1614/1 3069/1614/1 3070/1614/213
f 3066/1614/1 3070/1614/213 3067/1614/208
f 3069/1614/1 3071/1614/1 3072/1614/566
f 3069/1614/1 3072/1614/566 3070/1614/213
f 3071/1614/1 3065/1614/1 3068/1614/696
f 3071/1614/1 3068/1614/696 3072/1614/566
f 3068/1614/696 3067/1614/208 3073/1614/268
f 3068/1614/696 3073/1614/268 3074/1614/706
f 3067/1614/208 3070/1614/213 3075/1614/273
f 3067/1614/208 3075/1614/273 3073/1614/268
f 3070/1614/213 3072/1614/566 3076/1614/614
f 3070/1614/213 3076/1614/614 3075/1614/273
f 3072/1614/566 3068/1614/696 3074/1614/706
f 3072/1614/566 3074/1614/706 3076/1614/614
f 3074/1614/706 3073/1614/268 3077/1614/268
f 3074/1614/706 3077/1614/268 3078/1614/706
f 3073/1614/268 3075/1614/273 3079/1614/273
f 3073/1614/268 3079/1614/273 3077/1614/268
f 3075/1614/273 3076/1614/614 3080/1614/614
f 3075/1614/273 3080/1614/614 3079/1614/273
f 3076/1614/614 3074/1614/706 3078/1614/706
f 3076/1614/614 3078/1614/706 3080/1614/614
f 3078/1614/706 3077/1614/268 3081/1614/328
f 3078/1614/706 3081/1614/328 3082/1614/716
f 3077/1614/268 3079/1614/273 3083/1614/333
f 3077/1614/268 3083/1614/333 3081/1614/328
f 3079/1614/273 3080/1614/614 3084/1614/662
f 3079/1614/273 3084/1614/662 3083/1614/333
f 3080/1614/614 3078/1614/706 3082/1614/716
f 3080/1614/614 3082/1614/716 3084/1614/662
f 3082/1614/716 3081/1614/328 3085/1614/142
f 3082/1614/716 3085/1614/142 3086/1614/142
f 3081/1614/328 3083/1614/333 3087/1614/142
f 3081/1614/328 3087/1614/142 3085/1614/142
f 3083/1614/333 3084/1614/662 3088/1614/142
f 3083/1614/333 3088/1614/142 3087/1614/142
f 3084/1614/662 3082/1614/716 3086/1614/142
f 3084/1614/662 3086/1614/142 3088/1614/142
f 3089/1614/1 3066/1614/1 3065/1614/1
f 3089/1614/1 3069/1614/1 3066/1614/1
f 3089/1614/1 3071/1614/1 3069/1614/1
f 3089/1614/1 3065/1614/1 3071/1614/1
f 3090/1614/142 3086/1614/142 3085/1614/142
f 3090/1614/142 3085/1614/142 3087/1614/142
f 3090/1614/142 3087/1614/142 3088/1614/142
f 3090/1614/142 3088/1614/142 3086/1614/142
f 3091/1614/1 3092/1614/1 3093/1614/208
f 3091/1614/1 3093/1614/208 3094/1614/696
f 3092/1614/1 3095/1614/1 3096/1614/213
f 3092/1614/1 3096/1614/213 3093/1614/208
f 3095/1614/1 3097/1614/1 3098/1614/566
f 3095/1614/1 3098/1614/566 3096/1614/213
f 3097/1614/1 3091/1614/1 3094/1614/696
f 3097/1614/1 3094/1614/696 3098/1614/566
f 3094/1614/696 3093/1614/208 3099/1614/268
f 3094/1614/696 3099/1614/268 3100/1614/706
f 3093/1614/208 3096/1614/213 3101/1614/273
f 3093/1614/208 3101/1614/273 3099/1614/268
f 3096/1614/213 3098/1614/566 3102/1614/614
f 3096/1614/213 3102/1614/614 3101/1614/273
f 3098/1614/566 3094/1614/696 3100/1614/706
f 3098/1614/566 3100/1614/706 3102/1614/614
f 3100/1614/706 3099/1614/268 3103/1614/268
f 3100/1614/706 3103/1614/268 3104/1614/706
f 3099/1614/268 3101/1614/273 3105/1614/273
f 3099/1614/268 3105/1614/273 3103/1614/268
f 3101/1614/273 3102/1614/614 3106/1614/614
f 3101/1614/273 3106/1614/614 3105/1614/273
f 3102/1614/614 3100/1614/706 3104/1614/706
f 3102/1614/614 3104/1614/706 3106/1614/614
f 3104/1614/706 3103/1614/268 3107/1614/328
f 3104/1614/706 3107/1614/328 3108/1614/716
f 3103/1614/268 3105/1614/273 3109/1614/333
f 3103/1614/268 3109/1614/333 3107/1614/328
f 3105/1614/273 3106/1614/614 3110/1614/662
f 3105/1614/273 3110/1614/662 3109/1614/333
f 3106/1614/614 3104/1614/706 3108/1614/716
f 3106/1614/614 3108/1614/716 3110/1614/662
f 3108/1614/716 3107/1614/328 3111/1614/142
f 3108/1614/716 3111/1614/142 3112/1614/142
f 3107/1614/328 3109/1614/333 3113/1614/142
f 3107/1614/328 3113/1614/142 3111/1614/142
f 3109/1614/333 3110/1614/662 3114/1614/142
f 3109/1614/333 3114/1614/142 3113/1614/142
f 3110/1614/662 3108/1614/716 3112/1614/142
f 3110/1614/662 3112/1614/142 3114/1614/142
f 3115/1614/1 3092/1614/1 3091/1614/1
f 3115/1614/1 3095/1614/1 3092/1614/1
f 3115/1614/1 3097/1614/1 3095/1614/1
f 3115/1614/1 3091/1614/1 3097/1614/1
f 3116/1614/142 3112/1614/142 3111/1614/142
f 3116/1614/142 3111/1614/142 3113/1614/142
f 3116/1614/142 3113/1614/142 3114/1614/142
f 3116/1614/142 3114/1614/142 3112/1614/142
f 3117/221/724 3118/221/725 3119/221/726
f 3117/221/724 3120/221/727 3118/221/725
f 3120/221/727 3121/221/728 3118/221/725
f 3120/221/727 3122/221/729 3121/221/728
f 3122/221/729 3123/221/730 3121/221/728
f 3122/221/729 3124/221/731 3123/221/730
f 3124/221/731 3125/221/732 3123/221/730
f 3124/221/731 3126/221/733 3125/221/732
f 3126/221/733 3127/221/734 3125/221/732
f 3126/221/733 3128/221/735 3127/221/734
f 3128/221/735 3129/221/736 3127/221/734
f 3128/221/735 3130/221/737 3129/221/736
f 3130/221/737 3131/221/738 3129/221/736
f 3130/221/737 3132/221/739 3131/221/738
f 3132/221/739 3133/221/740 3131/221/738
f 3132/221/739 3134/221/741 3133/221/740
f 3134/221/741 3135/221/742 3133/221/740
f 3134/221/741 3136/221/743 3135/221/742
f 3136/221/743 3119/221/726 3135/221/742
f 3136/221/743 3117/221/724 3119/221/726
f 3119/221/726 3137/221/744 3138/221/745
f 3119/221/726 3118/221/725 3137/221/744
f 3118/221/725 3139/221/746 3137/221/744
f 3118/221/725 3121/221/728 3139/221/746
f 3121/221/728 3140/221/747 3139/221/746
f 3121/221/728 3123/221/730 3140/221/747
f 3123/221/730 3141/221/748 3140/221/747
f 3123/221/730 3125/221/732 3141/221/748
f 3125/221/732 3142/221/749 3141/221/748
f 3125/221/732 3127/221/734 3142/221/749
f 3127/221/734 3143/221/750 3142/221/749
f 3127/221/734 3129/221/736 3143/221/750
f 3129/221/736 3144/221/751 3143/221/750
f 3129/221/736 3131/221/738 3144/221/751
f 3131/221/738 3145/221/752 3144/221/751
f 3131/221/738 3133/221/740 3145/221/752
f 3133/221/740 3146/221/753 3145/221/752
f 3133/221/740 3135/221/742 3146/221/753
f 3135/221/742 3138/221/745 3146/221/753
f 3135/221/742 3119/221/726 3138/221/745
f 3138/221/745 3147/221/754 3148/221/755
f 3138/221/745 3137/221/744 3147/221/754
f 3137/221/744 3149/221/756 3147/221/754
f 3137/221/744 3139/221/746 3149/221/756
f 3139/221/746 3150/221/757 3149/221/756
f 3139/221/746 3140/221/747 3150/221/757
f 3140/221/747 3151/221/758 3150/221/757
f 3140/221/747 3141/221/748 3151/221/758
f 3141/221/748 3152/221/759 3151/221/758
f 3141/221/748 3142/221/749 3152/221/759
f 3142/221/749 3153/221/760 3152/221/759
f 3142/221/749 3143/221/750 3153/221/760
f 3143/221/750 3154/221/761 3153/221/760
f 3143/221/750 3144/221/751 3154/221/761
f 3144/221/751 3155/221/762 3154/221/761
f 3144/221/751 3145/221/752 3155/221/762
f 3145/221/752 3156/221/763 3155/221/762
f 3145/221/752 3146/221/753 3156/221/763
f 3146/221/753 3148/221/755 3156/221/763
f 3146/221/753 3138/221/745 3148/221/755
f 3148/221/755 3157/221/764 3158/221/765
f 3148/221/755 3147/221/754 3157/221/764
f 3147/221/754 3159/221/766 3157/221/764
f 3147/221/754 3149/221/756 3159/221/766
f 3149/221/756 3160/221/767 3159/221/766
f 3149/221/756 3150/221/757 3160/221/767
f 3150/221/757 3161/221/768 3160/221/767
f 3150/221/757 3151/221/758 3161/221/768
f 3151/221/758 3162/221/769 3161/221/768
f 3151/221/758 3152/221/759 3162/221/769
f 3152/221/759 3163/221/770 3162/221/769
f 3152/221/759 3153/221/760 3163/221/770
f 3153/221/760 3164/221/771 3163/221/770
f 3153/221/760 3154/221/761 3164/221/771
f 3154/221/761 3165/221/772 3164/221/771
f 3154/221/761 3155/221/762 3165/221/772
f 3155/221/762 3166/221/773 3165/221/772
f 3155/221/762 3156/221/763 3166/221/773
f 3156/221/763 3158/221/765 3166/221/773
f 3156/221/763 3148/221/755 3158/221/765
f 3158/221/765 3167/221/774 3168/221/775
f 3158/221/765 3157/221/764 3167/221/774
f 3157/221/764 3169/221/776 3167/221/774
f 3157/221/764 3159/221/766 3169/221/776
f 3159/221/766 3170/221/777 3169/221/776
f 3159/221/766 3160/221/767 3170/221/777
f 3160/221/767 3171/221/778 3170/221/777
f 3160/221/767 3161/221/768 3171/221/778
f 3161/221/768 3172/221/779 3171/221/778
f 3161/221/768 3162/221/769 3172/221/779
f 3162/221/769 3173/221/780 3172/221/779
f 3162/221/769 3163/221/770 3173/221/780
f 3163/221/770 3174/221/781 3173/221/780
f 3163/221/770 3164/221/771 3174/221/781
f 3164/221/771 3175/221/782 3174/221/781
f 3164/221/771 3165/221/772 3175/221/782
f 3165/221/772 3176/221/783 3175/221/782
f 3165/221/772 3166/221/773 3176/221/783
f 3166/221/773 3168/221/775 3176/221/783
f 3166/221/773 3158/221/765 3168/221/775
f 3177/1615/784 3178/1615/785 3179/1615/785
f 3177/1615/784 3180/1615/784 3178/1615/785
f 3179/1615/785 3181/1615/786 3182/1615/786
f 3179/1615/785 3178/1615/785 3181/1615/786
f 3182/1615/786 3183/1615/787 3184/1615/787
f 3182/1615/786 3181/1615/786 3183/1615/787
f 3184/1615/787 3185/1615/788 3186/1615/788
f 3184/1615/787 3183/1615/787 3185/1615/788
f 3186/1615/788 3187/1615/789 3188/1615/789
f 3186/1615/788 3185/1615/788 3187/1615/789
f 3188/1615/789 3189/1615/790 3190/1615/790
f 3188/1615/789 3187/1615/789 3189/1615/790
f 3190/1615/790 3191/1615/142 3192/1615/142
f 3190/1615/790 3189/1615/790 3191/1615/142
f 3192/1615/142 3193/1615/791 3194/1615/791
f 3192/1615/142 3191/1615/142 3193/1615/791
f 3194/1615/791 3195/1615/792 3196/1615/792
f 3194/1615/791 3193/1615/791 3195/1615/792
f 3196/1615/792 3197/1615/793 3198/1615/793
f 3196/1615/792 3195/1615/792 3197/1615/793
f 3198/1615/793 3199/1615/794 3200/1615/794
f 3198/1615/793 3197/1615/793 3199/1615/794
f 3200/1615/794 3201/1615/795 3202/1615/795
f 3200/1615/794 3199/1615/794 3201/1615/795
f 3202/1615/795 3203/1615/796 3204/1615/796
f 3202/1615/795 3201/1615/795 3203/1615/796
f 3204/1615/796 3205/1615/797 3206/1615/797
f 3204/1615/796 3203/1615/796 3205/1615/797
f 3206/1615/797 3207/1615/798 3208/1615/798
f 3206/1615/797 3205/1615/797 3207/1615/798
f 3208/1615/798 3209/1615/799 3210/1615/799
f 3208/1615/798 3207/1615/798 3209/1615/799
f 3210/1615/799 3211/1615/800 3212/1615/800
f 3210/1615/799 3209/1615/799 3211/1615/800
f 3212/1615/800 3213/1615/801 3214/1615/801
f 3212/1615/800 3211/1615/800 3213/1615/801
f 3214/1615/801 3215/1615/802 3216/1615/802
f 3214/1615/801 3213/1615/801 3215/1615/802
f 3216/1615/802 3217/1615/803 3218/1615/803
f 3216/1615/802 3215/1615/802 3217/1615/803
f 3218/1615/803 3219/1615/1 3220/1615/1
f 3218/1615/803 3217/1615/803 3219/1615/1
f 3220/1615/1 3221/1615/804 3222/1615/804
f 3220/1615/1 3219/1615/1 3221/1615/804
f 3222/1615/804 3223/1615/805 3224/1615/805
f 3222/1615/804 3221/1615/804 3223/1615/805
f 3224/1615/805 3225/1615/806 3226/1615/806
f 3224/1615/805 3223/1615/805 3225/1615/806
f 3226/1615/806 3227/1615/807 3228/1615/807
f 3226/1615/806 3225/1615/806 3227/1615/807
f 3228/1615/807 3229/1615/808 3230/1615/808
f 3228/1615/807 3227/1615/807 3229/1615/808
f 3230/1615/808 3231/1615/809 3232/1615/809
f 3230/1615/808 3229/1615/808 3231/1615/809
f 3232/1615/809 3180/1615/784 3177/1615/784
f 3232/1615/809 3231/1615/809 3180/1615/784
f 3180/1615/724 3233/1615/724 3178/1615/724
f 3180/1615/724 3234/1615/724 3233/1615/724
f 3178/1615/724 3235/1615/724 3181/1615/724
f 3178/1615/724 3233/1615/724 3235/1615/724
f 3181/1615/724 3236/1615/724 3183/1615/724
f 3181/1615/724 3235/1615/724 3236/1615/724
f 3183/1615/724 3237/1615/724 3185/1615/724
f 3183/1615/724 3236/1615/724 3237/1615/724
f 3185/1615/724 3238/1615/724 3187/1615/724
f 3185/1615/724 3237/1615/724 3238/1615/724
f 3187/1615/724 3239/1615/724 3189/1615/724
f 3187/1615/724 3238/1615/724 3239/1615/724
f 3189/1615/724 3240/1615/724 3191/1615/724
f 3189/1615/724 3239/1615/724 3240/1615/724
f 3191/1615/724 3241/1615/724 3193/1615/724
f 3191/1615/724 3240/1615/724 3241/1615/724
f 3193/1615/724 3242/1615/724 3195/1615/724
f 3193/1615/724 3241/1615/724 3242/1615/724
f 3195/1615/724 3243/1615/724 3197/1615/724
f 3195/1615/724 3242/1615/724 3243/1615/724
f 3197/1615/724 3244/1615/724 3199/1615/724
f 3197/1615/724 3243/1615/724 3244/1615/724
f 3199/1615/724 3245/1615/724 3201/1615/724
f 3199/1615/724 3244/1615/724 3245/1615/724
f 3201/1615/724 3246/1615/724 3203/1615/724
f 3201/1615/724 3245/1615/724 3246/1615/724
f 3203/1615/724 3247/1615/724 3205/1615/724
f 3203/1615/724 3246/1615/724 3247/1615/724
f 3205/1615/724 3248/1615/724 3207/1615/724
f 3205/1615/724 3247/1615/724 3248/1615/724
f 3207/1615/724 3249/1615/724 3209/1615/724
f 3207/1615/724 3248/1615/724 3249/1615/724
f 3209/1615/724 3250/1615/724 3211/1615/724
f 3209/1615/724 3249/1615/724 3250/1615/724
f 3211/1615/724 3251/1615/724 3213/1615/724
f 3211/1615/724 3250/1615/724 3251/1615/724
f 3213/1615/724 3252/1615/724 3215/1615/724
f 3213/1615/724 3251/1615/724 3252/1615/724
f 3215/1615/724 3253/1615/724 3217/1615/724
f 3215/1615/724 3252/1615/724 3253/1615/724
f 3217/1615/724 3254/1615/724 3219/1615/724
f 3217/1615/724 3253/1615/724 3254/1615/724
f 3219/1615/724 3255/1615/724 3221/1615/724
f 3219/1615/724 3254/1615/724 3255/1615/724
f 3221/1615/724 3256/1615/724 3223/1615/724
f 3221/1615/724 3255/1615/724 3256/1615/724
f 3223/1615/724 3257/1615/724 3225/1615/724
f 3223/1615/724 3256/1615/724 3257/1615/724
f 3225/1615/724 3258/1615/724 3227/1615/724
f 3225/1615/724 3257/1615/724 3258/1615/724
f 3227/1615/724 3259/1615/724 3229/1615/724
f 3227/1615/724 3258/1615/724 3259/1615/724
f 3229/1615/724 3260/1615/724 3231/1615/724
f 3229/1615/724 3259/1615/724 3260/1615/724
f 3231/1615/724 3234/1615/724 3180/1615/724
f 3231/1615/724 3260/1615/724 3234/1615/724
f 3234/1615/797 3261/1615/798 3233/1615/798
f 3234/1615/797 3262/1615/797 3261/1615/798
f 3233/1615/798 3263/1615/799 3235/1615/799
f 3233/1615/798 3261/1615/798 3263/1615/799
f 3235/1615/799 3264/1615/800 3236/1615/800
f 3235/1615/799 3263/1615/799 3264/1615/800
f 3236/1615/800 3265/1615/801 3237/1615/801
f 3236/1615/800 3264/1615/800 3265/1615/801
f 3237/1615/801 3266/1615/802 3238/1615/802
f 3237/1615/801 3265/1615/801 3266/1615/802
f 3238/1615/802 3267/1615/803 3239/1615/803
f 3238/1615/802 3266/1615/802 3267/1615/803
f 3239/1615/803 3268/1615/1 3240/1615/1
f 3239/1615/803 3267/1615/803 3268/1615/1
f 3240/1615/1 3269/1615/804 3241/1615/804
f 3240/1615/1 3268/1615/1 3269/1615/804
f 3241/1615/804 3270/1615/805 3242/1615/805
f 3241/1615/804 3269/1615/804 3270/1615/805
f 3242/1615/805 3271/1615/806 3243/1615/806
f 3242/1615/805 3270/1615/805 3271/1615/806
f 3243/1615/806 3272/1615/807 3244/1615/807
f 3243/1615/806 3271/1615/806 3272/1615/807
f 3244/1615/807 3273/1615/808 3245/1615/808
f 3244/1615/807 3272/1615/807 3273/1615/808
f 3245/1615/808 3274/1615/809 3246/1615/809
f 3245/1615/808 3273/1615/808 3274/1615/809
f 3246/1615/809 3275/1615/784 3247/1615/784
f 3246/1615/809 3274/1615/809 3275/1615/784
f 3247/1615/784 3276/1615/785 3248/1615/785
f 3247/1615/784 3275/1615/784 3276/1615/785
f 3248/1615/785 3277/1615/786 3249/1615/786
f 3248/1615/785 3276/1615/785 3277/1615/786
f 3249/1615/786 3278/1615/787 3250/1615/787
f 3249/1615/786 3277/1615/786 3278/1615/787
f 3250/1615/787 3279/1615/788 3251/1615/788
f 3250/1615/787 3278/1615/787 3279/1615/788
f 3251/1615/788 3280/1615/789 3252/1615/789
f 3251/1615/788 3279/1615/788 3280/1615/789
f 3252/1615/789 3281/1615/790 3253/1615/790
f 3252/1615/789 3280/1615/789 3281/1615/790
f 3253/1615/790 3282/1615/142 3254/1615/142
f 3253/1615/790 3281/1615/790 3282/1615/142
f 3254/1615/142 3283/1615/791 3255/1615/791
f 3254/1615/142 3282/1615/142 3283/1615/791
f 3255/1615/791 3284/1615/792 3256/1615/792
f 3255/1615/791 3283/1615/791 3284/1615/792
f 3256/1615/792 3285/1615/793 3257/1615/793
f 3256/1615/792 3284/1615/792 3285/1615/793
f 3257/1615/793 3286/1615/794 3258/1615/794
f 3257/1615/793 3285/1615/793 3286/1615/794
f 3258/1615/794 3287/1615/795 3259/1615/795
f 3258/1615/794 3286/1615/794 3287/1615/795
f 3259/1615/795 3288/1615/796 3260/1615/796
f 3259/1615/795 3287/1615/795 3288/1615/796
f 3260/1615/796 3262/1615/797 3234/1615/797
f 3260/1615/796 3288/1615/796 3262/1615/797
f 3289/1616/735 3290/1616/735 3291/1616/735
f 3289/1616/735 3291/1616/735 3292/1616/735
f 3289/1616/735 3292/1616/735 3293/1616/735
f 3289/1616/735 3293/1616/735 3294/1616/735
f 3289/1616/735 3294/1616/735 3295/1616/735
f 3289/1616/735 3295/1616/735 3296/1616/735
f 3289/1616/735 3296/1616/735 3297/1616/735
f 3289/1616/735 3297/1616/735 3298/1616/735
f 3289/1616/735 3298/1616/735 3299/1616/735
f 3289/1616/735 3299/1616/735 3300/1616/735
f 3289/1616/735 3300/1616/735 3301/1616/735
f 3289/1616/735 3301/1616/735 3302/1616/735
f 3289/1616/735 3302/1616/735 3303/1616/735
f 3289/1616/735 3303/1616/735 3304/1616/735
f 3289/1616/735 3304/1616/735 3305/1616/735
f 3289/1616/735 3305/1616/735 3306/1616/735
f 3289/1616/735 3306/1616/735 3307/1616/735
f 3289/1616/735 3307/1616/735 3308/1616/735
f 3289/1616/735 3308/1616/735 3309/1616/735
f 3289/1616/735 3309/1616/735 3310/1616/735
f 3289/1616/735 3310/1616/735 3311/1616/735
f 3289/1616/735 3311/1616/735 3312/1616/735
f 3289/1616/735 3312/1616/735 3313/1616/735
f 3289/1616/735 3313/1616/735 3314/1616/735
f 3289/1616/735 3314/1616/735 3315/1616/735
f 3289/1616/735 3315/1616/735 3316/1616/735
f 3289/1616/735 3316/1616/735 3317/1616/735
f 3289/1616/735 3317/1616/735 3290/1616/735
f 3318/1617/797 3319/1617/810 3320/1617/810
f 3318/1617/797 3321/1617/797 3319/1617/810
f 3320/1617/810 3322/1617/811 3323/1617/811
f 3320/1617/810 3319/1617/810 3322/1617/811
f 3323/1617/811 3324/1617/812 3325/1617/812
f 3323/1617/811 3322/1617/811 3324/1617/812
f 3325/1617/812 3326/1617/813 3327/1617/813
f 3325/1617/812 3324/1617/812 3326/1617/813
f 3327/1617/813 3328/1617/1 3329/1617/1
f 3327/1617/813 3326/1617/813 3328/1617/1
f 3329/1617/1 3330/1617/814 3331/1617/814
f 3329/1617/1 3328/1617/1 3330/1617/814
f 3331/1617/814 3332/1617/815 3333/1617/815
f 3331/1617/814 3330/1617/814 3332/1617/815
f 3333/1617/815 3334/1617/816 3335/1617/816
f 3333/1617/815 3332/1617/815 3334/1617/816
f 3335/1617/816 3336/1617/817 3337/1617/817
f 3335/1617/816 3334/1617/816 3336/1617/817
f 3337/1617/817 3338/1617/784 3339/1617/784
f 3337/1617/817 3336/1617/817 3338/1617/784
f 3339/1617/784 3340/1617/818 3341/1617/818
f 3339/1617/784 3338/1617/784 3340/1617/818
f 3341/1617/818 3342/1617/819 3343/1617/819
f 3341/1617/818 3340/1617/818 3342/1617/819
f 3343/1617/819 3344/1617/820 3345/1617/820
f 3343/1617/819 3342/1617/819 3344/1617/820
f 3345/1617/820 3346/1617/821 3347/1617/821
f 3345/1617/820 3344/1617/820 3346/1617/821
f 3347/1617/821 3348/1617/142 3349/1617/142
f 3347/1617/821 3346/1617/821 3348/1617/142
f 3349/1617/142 3350/1617/822 3351/1617/822
f 3349/1617/142 3348/1617/142 3350/1617/822
f 3351/1617/822 3352/1617/823 3353/1617/823
f 3351/1617/822 3350/1617/822 3352/1617/823
f 3353/1617/823 3354/1617/824 3355/1617/824
f 3353/1617/823 3352/1617/823 3354/1617/824
f 3355/1617/824 3356/1617/825 3357/1617/825
f 3355/1617/824 3354/1617/824 3356/1617/825
f 3357/1617/825 3321/1617/797 3318/1617/797
f 3357/1617/825 3356/1617/825 3321/1617/797
f 3321/1617/724 3358/1617/724 3319/1617/724
f 3319/1617/724 3358/1617/724 3322/1617/724
f 3322/1617/724 3358/1617/724 3324/1617/724
f 3324/1617/724 3358/1617/724 3326/1617/724
f 3326/1617/724 3358/1617/724 3328/1617/724
f 3328/1617/724 3358/1617/724 3330/1617/724
f 3330/1617/724 3358/1617/724 3332/1617/724
f 3332/1617/724 3358/1617/724 3334/1617/724
f 3334/1617/724 3358/1617/724 3336/1617/724
f 3336/1617/724 3358/1617/724 3338/1617/724
f 3338/1617/724 3358/1617/724 3340/1617/724
f 3340/1617/724 3358/1617/724 3342/1617/724
f 3342/1617/724 3358/1617/724 3344/1617/724
f 3344/1617/724 3358/1617/724 3346/1617/724
f 3346/1617/724 3358/1617/724 3348/1617/724
f 3348/1617/724 3358/1617/724 3350/1617/724
f 3350/1617/724 3358/1617/724 3352/1617/724
f 3352/1617/724 3358/1617/724 3354/1617/724
f 3354/1617/724 3358/1617/724 3356/1617/724
f 3356/1617/724 3358/1617/724 3321/1617/724
f 3359/1615/784 3360/1615/785 3361/1615/785
f 3359/1615/784 3362/1615/784 3360/1615/785
f 3361/1615/785 3363/1615/786 3364/1615/786
f 3361/1615/785 3360/1615/785 3363/1615/786
f 3364/1615/786 3365/1615/787 3366/1615/787
f 3364/1615/786 3363/1615/786 3365/1615/787
f 3366/1615/787 3367/1615/788 3368/1615/788
f 3366/1615/787 3365/1615/787 3367/1615/788
f 3368/1615/788 3369/1615/789 3370/1615/789
f 3368/1615/788 3367/1615/788 3369/1615/789
f 3370/1615/789 3371/1615/790 3372/1615/790
f 3370/1615/789 3369/1615/789 3371/1615/790
f 3372/1615/790 3373/1615/142 3374/1615/142
f 3372/1615/790 3371/1615/790 3373/1615/142
f 3374/1615/142 3375/1615/791 3376/1615/791
f 3374/1615/142 3373/1615/142 3375/1615/791
f 3376/1615/791 3377/1615/792 3378/1615/792
f 3376/1615/791 3375/1615/791 3377/1615/792
f 3378/1615/792 3379/1615/793 3380/1615/793
f 3378/1615/792 3377/1615/792 3379/1615/793
f 3380/1615/793 3381/1615/794 3382/1615/794
f 3380/1615/793 3379/1615/793 3381/1615/794
f 3382/1615/794 3383/1615/795 3384/1615/795
f 3382/1615/794 3381/1615/794 3383/1615/795
f 3384/1615/795 3385/1615/796 3386/1615/796
f 3384/1615/795 3383/1615/795 3385/1615/796
f 3386/1615/796 3387/1615/797 3388/1615/797
f 3386/1615/796 3385/1615/796 3387/1615/797
f 3388/1615/797 3389/1615/798 3390/1615/798
f 3388/1615/797 3387/1615/797 3389/1615/798
f 3390/1615/798 3391/1615/799 3392/1615/799
f 3390/1615/798 3389/1615/798 3391/1615/799
f 3392/1615/799 3393/1615/800 3394/1615/800
f 3392/1615/799 3391/1615/799 3393/1615/800
f 3394/1615/800 3395/1615/801 3396/1615/801
f 3394/1615/800 3393/1615/800 3395/1615/801
f 3396/1615/801 3397/1615/802 3398/1615/802
f 3396/1615/801 3395/1615/801 3397/1615/802
f 3398/1615/802 3399/1615/803 3400/1615/803
f 3398/1615/802 3397/1615/802 3399/1615/803
f 3400/1615/803 3401/1615/1 3402/1615/1
f 3400/1615/803 3399/1615/803 3401/1615/1
f 3402/1615/1 3403/1615/804 3404/1615/804
f 3402/1615/1 3401/1615/1 3403/1615/804
f 3404/1615/804 3405/1615/805 3406/1615/805
f 3404/1615/804 3403/1615/804 3405/1615/805
f 3406/1615/805 3407/1615/806 3408/1615/806
f 3406/1615/805 3405/1615/805 3407/1615/806
f 3408/1615/806 3409/1615/807 3410/1615/807
f 3408/1615/806 3407/1615/806 3409/1615/807
f 3410/1615/807 3411/1615/808 3412/1615/808
f 3410/1615/807 3409/1615/807 3411/1615/808
f 3412/1615/808 3413/1615/809 3414/1615/809
f 3412/1615/808 3411/1615/808 3413/1615/809
f 3414/1615/809 3362/1615/784 3359/1615/784
f 3414/1615/809 3413/1615/809 3362/1615/784
f 3362/1615/724 3415/1615/724 3360/1615/724
f 3362/1615/724 3416/1615/724 3415/1615/724
f 3360/1615/724 3417/1615/724 3363/1615/724
f 3360/1615/724 3415/1615/724 3417/1615/724
f 3363/1615/724 3418/1615/724 3365/1615/724
f 3363/1615/724 3417/1615/724 3418/1615/724
f 3365/1615/724 3419/1615/724 3367/1615/724
f 3365/1615/724 3418/1615/724 3419/1615/724
f 3367/1615/724 3420/1615/724 3369/1615/724
f 3367/1615/724 3419/1615/724 3420/1615/724
f 3369/1615/724 3421/1615/724 3371/1615/724
f 3369/1615/724 3420/1615/724 3421/1615/724
f 3371/1615/724 3422/1615/724 3373/1615/724
f 3371/1615/724 3421/1615/724 3422/1615/724
f 3373/1615/724 3423/1615/724 3375/1615/724
f 3373/1615/724 3422/1615/724 3423/1615/724
f 3375/1615/724 3424/1615/724 3377/1615/724
f 3375/1615/724 3423/1615/724 3424/1615/724
f 3377/1615/724 3425/1615/724 3379/1615/724
f 3377/1615/724 3424/1615/724 3425/1615/724
f 3379/1615/724 3426/1615/724 3381/1615/724
f 3379/1615/724 3425/1615/724 3426/1615/724
f 3381/1615/724 3427/1615/724 3383/1615/724
f 3381/1615/724 3426/1615/724 3427/1615/724
f 3383/1615/724 3428/1615/724 3385/1615/724
f 3383/1615/724 3427/1615/724 3428/1615/724
f 3385/1615/724 3429/1615/724 3387/1615/724
f 3385/1615/724 3428/1615/724 3429/1615/724
f 3387/1615/724 3430/1615/724 3389/1615/724
f 3387/1615/724 3429/1615/724 3430/1615/724
f 3389/1615/724 3431/1615/724 3391/1615/724
f 3389/1615/724 3430/1615/724 3431/1615/724
f 3391/1615/724 3432/1615/724 3393/1615/724
f 3391/1615/724 3431/1615/724 3432/1615/724
f 3393/1615/724 3433/1615/724 3395/1615/724
f 3393/1615/724 3432/1615/724 3433/1615/724
f 3395/1615/724 3434/1615/724 3397/1615/724
f 3395/1615/724 3433/1615/724 3434/1615/724
f 3397/1615/724 3435/1615/724 3399/1615/724
f 3397/1615/724 3434/1615/724 3435/1615/724
f 3399/1615/724 3436/1615/724 3401/1615/724
f 3399/1615/724 3435/1615/724 3436/1615/724
f 3401/1615/724 3437/1615/724 3403/1615/724
f 3401/1615/724 3436/1615/724 3437/1615/724
f 3403/1615/724 3438/1615/724 3405/1615/724
f 3403/1615/724 3437/1615/724 3438/1615/724
f 3405/1615/724 3439/1615/724 3407/1615/724
f 3405/1615/724 3438/1615/724 3439/1615/724
f 3407/1615/724 3440/1615/724 3409/1615/724
f 3407/1615/724 3439/1615/724 3440/1615/724
f 3409/1615/724 3441/1615/724 3411/1615/724
f 3409/1615/724 3440/1615/724 3441/1615/724
f 3411/1615/724 3442/1615/724 3413/1615/724
f 3411/1615/724 3441/1615/724 3442/1615/724
f 3413/1615/724 3416/1615/724 3362/1615/724
f 3413/1615/724 3442/1615/724 3416/1615/724
f 3416/1615/797 3443/1615/798 3415/1615/798
f 3416/1615/797 3444/1615/797 3443/1615/798
f 3415/1615/798 3445/1615/799 3417/1615/799
f 3415/1615/798 3443/1615/798 3445/1615/799
f 3417/1615/799 3446/1615/800 3418/1615/800
f 3417/1615/799 3445/1615/799 3446/1615/800
f 3418/1615/800 3447/1615/801 3419/1615/801
f 3418/1615/800 3446/1615/800 3447/1615/801
f 3419/1615/801 3448/1615/802 3420/1615/802
f 3419/1615/801 3447/1615/801 3448/1615/802
f 3420/1615/802 3449/1615/803 3421/1615/803
f 3420/1615/802 3448/1615/802 3449/1615/803
f 3421/1615/803 3450/1615/1 3422/1615/1
f 3421/1615/803 3449/1615/803 3450/1615/1
f 3422/1615/1 3451/1615/804 3423/1615/804
f 3422/1615/1 3450/1615/1 3451/1615/804
f 3423/1615/804 3452/1615/805 3424/1615/805
f 3423/1615/804 3451/1615/804 3452/1615/805
f 3424/1615/805 3453/1615/806 3425/1615/806
f 3424/1615/805 3452/1615/805 3453/1615/806
f 3425/1615/806 3454/1615/807 3426/1615/807
f 3425/1615/806 3453/1615/806 3454/1615/807
f 3426/1615/807 3455/1615/808 3427/1615/808
f 3426/1615/807 3454/1615/807 3455/1615/808
f 3427/1615/808 3456/1615/809 3428/1615/809
f 3427/1615/808 3455/1615/808 3456/1615/809
f 3428/1615/809 3457/1615/784 3429/1615/784
f 3428/1615/809 3456/1615/809 3457/1615/784
f 3429/1615/784 3458/1615/785 3430/1615/785
f 3429/1615/784 3457/1615/784 3458/1615/785
f 3430/1615/785 3459/1615/786 3431/1615/786
f 3430/1615/785 3458/1615/785 3459/1615/786
f 3431/1615/786 3460/1615/787 3432/1615/787
f 3431/1615/786 3459/1615/786 3460/1615/787
f 3432/1615/787 3461/1615/788 3433/1615/788
f 3432/1615/787 3460/1615/787 3461/1615/788
f 3433/1615/788 3462/1615/789 3434/1615/789
f 3433/1615/788 3461/1615/788 3462/1615/789
f 3434/1615/789 3463/1615/790 3435/1615/790
f 3434/1615/789 3462/1615/789 3463/1615/790
f 3435/1615/790 3464/1615/142 3436/1615/142
f 3435/1615/790 3463/1615/790 3464/1615/142
f 3436/1615/142 3465/1615/791 3437/1615/791
f 3436/1615/142 3464/1615/142 3465/1615/791
f 3437/1615/791 3466/1615/792 3438/1615/792
f 3437/1615/791 3465/1615/791 3466/1615/792
f 3438/1615/792 3467/1615/793 3439/1615/793
f 3438/1615/792 3466/1615/792 3467/1615/793
f 3439/1615/793 3468/1615/794 3440/1615/794
f 3439/1615/793 3467/1615/793 3468/1615/794
f 3440/1615/794 3469/1615/795 3441/1615/795
f 3440/1615/794 3468/1615/794 3469/1615/795
f 3441/1615/795 3470/1615/796 3442/1615/796
f 3441/1615/795 3469/1615/795 3470/1615/796
f 3442/1615/796 3444/1615/797 3416/1615/797
f 3442/1615/796 3470/1615/796 3444/1615/797
f 3471/1616/735 3472/1616/735 3473/1616/735
f 3471/1616/735 3473/1616/735 3474/1616/735
f 3471/1616/735 3474/1616/735 3475/1616/735
f 3471/1616/735 3475/1616/735 3476/1616/735
f 3471/1616/735 3476/1616/735 3477/1616/735
f 3471/1616/735 3477/1616/735 3478/1616/735
f 3471/1616/735 3478/1616/735 3479/1616/735
f 3471/1616/735 3479/1616/735 3480/1616/735
f 3471/1616/735 3480/1616/735 3481/1616/735
f 3471/1616/735 3481/1616/735 3482/1616/735
f 3471/1616/735 3482/1616/735 3483/1616/735
f 3471/1616/735 3483/1616/735 3484/1616/735
f 3471/1616/735 3484/1616/735 3485/1616/735
f 3471/1616/735 3485/1616/735 3486/1616/735
f 3471/1616/735 3486/1616/735 3487/1616/735
f 3471/1616/735 3487/1616/735 3488/1616/735
f 3471/1616/735 3488/1616/735 3489/1616/735
f 3471/1616/735 3489/1616/735 3490/1616/735
f 3471/1616/735 3490/1616/735 3491/1616/735
f 3471/1616/735 3491/1616/735 3492/1616/735
f 3471/1616/735 3492/1616/735 3493/1616/735
f 3471/1616/735 3493/1616/735 3494/1616/735
f 3471/1616/735 3494/1616/735 3495/1616/735
f 3471/1616/735 3495/1616/735 3496/1616/735
f 3471/1616/735 3496/1616/735 3497/1616/735
f 3471/1616/735 3497/1616/735 3498/1616/735
f 3471/1616/735 3498/1616/735 3499/1616/735
f 3471/1616/735 3499/1616/735 3472/1616/735
f 3500/1617/797 3501/1617/810 3502/1617/810
f 3500/1617/797 3503/1617/797 3501/1617/810
f 3502/1617/810 3504/1617/811 3505/1617/811
f 3502/1617/810 3501/1617/810 3504/1617/811
f 3505/1617/811 3506/1617/812 3507/1617/812
f 3505/1617/811 3504/1617/811 3506/1617/812
f 3507/1617/812 3508/1617/813 3509/1617/813
f 3507/1617/812 3506/1617/812 3508/1617/813
f 3509/1617/813 3510/1617/1 3511/1617/1
f 3509/1617/813 3508/1617/813 3510/1617/1
f 3511/1617/1 3512/1617/814 3513/1617/814
f 3511/1617/1 3510/1617/1 3512/1617/814
f 3513/1617/814 3514/1617/815 3515/1617/815
f 3513/1617/814 3512/1617/814 3514/1617/815
f 3515/1617/815 3516/1617/816 3517/1617/816
f 3515/1617/815 3514/1617/815 3516/1617/816
f 3517/1617/816 3518/1617/817 3519/1617/817
f 3517/1617/816 3516/1617/816 3518/1617/817
f 3519/1617/817 3520/1617/784 3521/1617/784
f 3519/1617/817 3518/1617/817 3520/1617/784
f 3521/1617/784 3522/1617/818 3523/1617/818
f 3521/1617/784 3520/1617/784 3522/1617/818
f 3523/1617/818 3524/1617/819 3525/1617/819
f 3523/1617/818 3522/1617/818 3524/1617/819
f 3525/1617/819 3526/1617/820 3527/1617/820
f 3525/1617/819 3524/1617/819 3526/1617/820
f 3527/1617/820 3528/1617/821 3529/1617/821
f 3527/1617/820 3526/1617/820 3528/1617/821
f 3529/1617/821 3530/1617/142 3531/1617/142
f 3529/1617/821 3528/1617/821 3530/1617/142
f 3531/1617/142 3532/1617/822 3533/1617/822
f 3531/1617/142 3530/1617/142 3532/1617/822
f 3533/1617/822 3534/1617/823 3535/1617/823
f 3533/1617/822 3532/1617/822 3534/1617/823
f 3535/1617/823 3536/1617/824 3537/1617/824
f 3535/1617/823 3534/1617/823 3536/1617/824
f 3537/1617/824 3538/1617/825 3539/1617/825
f 3537/1617/824 3536/1617/824 3538/1617/825
f 3539/1617/825 3503/1617/797 3500/1617/797
f 3539/1617/825 3538/1617/825 3503/1617/797
f 3503/1617/724 3540/1617/724 3501/1617/724
f 3501/1617/724 3540/1617/724 3504/1617/724
f 3504/1617/724 3540/1617/724 3506/1617/724
f 3506/1617/724 3540/1617/724 3508/1617/724
f 3508/1617/724 3540/1617/724 3510/1617/724
f 3510/1617/724 3540/1617/724 3512/1617/724
f 3512/1617/724 3540/1617/724 3514/1617/724
f 3514/1617/724 3540/1617/724 3516/1617/724
f 3516/1617/724 3540/1617/724 3518/1617/724
f 3518/1617/724 3540/1617/724 3520/1617/724
f 3520/1617/724 3540/1617/724 3522/1617/724
f 3522/1617/724 3540/1617/724 3524/1617/724
f 3524/1617/724 3540/1617/724 3526/1617/724
f 3526/1617/724 3540/1617/724 3528/1617/724
f 3528/1617/724 3540/1617/724 3530/1617/724
f 3530/1617/724 3540/1617/724 3532/1617/724
f 3532/1617/724 3540/1617/724 3534/1617/724
f 3534/1617/724 3540/1617/724 3536/1617/724
f 3536/1617/724 3540/1617/724 3538/1617/724
f 3538/1617/724 3540/1617/724 3503/1617/724
f 3541/1615/784 3542/1615/785 3543/1615/785
f 3541/1615/784 3544/1615/784 3542/1615/785
f 3543/1615/785 3545/1615/786 3546/1615/786
f 3543/1615/785 3542/1615/785 3545/1615/786
f 3546/1615/786 3547/1615/787 3548/1615/787
f 3546/1615/786 3545/1615/786 3547/1615/787
f 3548/1615/787 3549/1615/788 3550/1615/788
f 3548/1615/787 3547/1615/787 3549/1615/788
f 3550/1615/788 3551/1615/789 3552/1615/789
f 3550/1615/788 3549/1615/788 3551/1615/789
f 3552/1615/789 3553/1615/790 3554/1615/790
f 3552/1615/789 3551/1615/789 3553/1615/790
f 3554/1615/790 3555/1615/142 3556/1615/142
f 3554/1615/790 3553/1615/790 3555/1615/142
f 3556/1615/142 3557/1615/791 3558/1615/791
f 3556/1615/142 3555/1615/142 3557/1615/791
f 3558/1615/791 3559/1615/792 3560/1615/792
f 3558/1615/791 3557/1615/791 3559/1615/792
f 3560/1615/792 3561/1615/793 3562/1615/793
f 3560/1615/792 3559/1615/792 3561/1615/793
f 3562/1615/793 3563/1615/794 3564/1615/794
f 3562/1615/793 3561/1615/793 3563/1615/794
f 3564/1615/794 3565/1615/795 3566/1615/795
f 3564/1615/794 3563/1615/794 3565/1615/795
f 3566/1615/795 3567/1615/796 3568/1615/796
f 3566/1615/795 3565/1615/795 3567/1615/796
f 3568/1615/796 3569/1615/797 3570/1615/797
f 3568/1615/796 3567/1615/796 3569/1615/797
f 3570/1615/797 3571/1615/798 3572/1615/798
f 3570/1615/797 3569/1615/797 3571/1615/798
f 3572/1615/798 3573/1615/799 3574/1615/799
f 3572/1615/798 3571/1615/798 3573/1615/799
f 3574/1615/799 3575/1615/800 3576/1615/800
f 3574/1615/799 3573/1615/799 3575/1615/800
f 3576/1615/800 3577/1615/801 3578/1615/801
f 3576/1615/800 3575/1615/800 3577/1615/801
f 3578/1615/801 3579/1615/802 3580/1615/802
f 3578/1615/801 3577/1615/801 3579/1615/802
f 3580/1615/802 3581/1615/803 3582/1615/803
f 3580/1615/802 3579/1615/802 3581/1615/803
f 3582/1615/803 3583/1615/1 3584/1615/1
f 3582/1615/803 3581/1615/803 3583/1615/1
f 3584/1615/1 3585/1615/804 3586/1615/804
f 3584/1615/1 3583/1615/1 3585/1615/804
f 3586/1615/804 3587/1615/805 3588/1615/805
f 3586/1615/804 3585/1615/804 3587/1615/805
f 3588/1615/805 3589/1615/806 3590/1615/806
f 3588/1615/805 3587/1615/805 3589/1615/806
f 3590/1615/806 3591/1615/807 3592/1615/807
f 3590/1615/806 3589/1615/806 3591/1615/807
f 3592/1615/807 3593/1615/808 3594/1615/808
f 3592/1615/807 3591/1615/807 3593/1615/808
f 3594/1615/808 3595/1615/809 3596/1615/809
f 3594/1615/808 3593/1615/808 3595/1615/809
f 3596/1615/809 3544/1615/784 3541/1615/784
f 3596/1615/809 3595/1615/809 3544/1615/784
f 3544/1615/724 3597/1615/724 3542/1615/724
f 3544/1615/724 3598/1615/724 3597/1615/724
f 3542/1615/724 3599/1615/724 3545/1615/724
f 3542/1615/724 3597/1615/724 3599/1615/724
f 3545/1615/724 3600/1615/724 3547/1615/724
f 3545/1615/724 3599/1615/724 3600/1615/724
f 3547/1615/724 3601/1615/724 3549/1615/724
f 3547/1615/724 3600/1615/724 3601/1615/724
f 3549/1615/724 3602/1615/724 3551/1615/724
f 3549/1615/724 3601/1615/724 3602/1615/724
f 3551/1615/724 3603/1615/724 3553/1615/724
f 3551/1615/724 3602/1615/724 3603/1615/724
f 3553/1615/724 3604/1615/724 3555/1615/724
f 3553/1615/724 3603/1615/724 3604/1615/724
f 3555/1615/724 3605/1615/724 3557/1615/724
f 3555/1615/724 3604/1615/724 3605/1615/724
f 3557/1615/724 3606/1615/724 3559/1615/724
f 3557/1615/724 3605/1615/724 3606/1615/724
f 3559/1615/724 3607/1615/724 3561/1615/724
f 3559/1615/724 3606/1615/724 3607/1615/724
f 3561/1615/724 3608/1615/724 3563/1615/724
f 3561/1615/724 3607/1615/724 3608/1615/724
f 3563/1615/724 3609/1615/724 3565/1615/724
f 3563/1615/724 3608/1615/724 3609/1615/724
f 3565/1615/724 3610/1615/724 3567/1615/724
f 3565/1615/724 3609/1615/724 3610/1615/724
f 3567/1615/724 3611/1615/724 3569/1615/724
f 3567/1615/724 3610/1615/724 3611/1615/724
f 3569/1615/724 3612/1615/724 3571/1615/724
f 3569/1615/724 3611/1615/724 3612/1615/724
f 3571/1615/724 3613/1615/724 3573/1615/724
f 3571/1615/724 3612/1615/724 3613/1615/724
f 3573/1615/724 3614/1615/724 3575/1615/724
f 3573/1615/724 3613/1615/724 3614/1615/724
f 3575/1615/724 3615/1615/724 3577/1615/724
f 3575/1615/724 3614/1615/724 3615/1615/724
f 3577/1615/724 3616/1615/724 3579/1615/724
f 3577/1615/724 3615/1615/724 3616/1615/724
f 3579/1615/724 3617/1615/724 3581/1615/724
f 3579/1615/724 3616/1615/724 3617/1615/724
f 3581/1615/724 3618/1615/724 3583/1615/724
f 3581/1615/724 3617/1615/724 3618/1615/724
f 3583/1615/724 3619/1615/724 3585/1615/724
f 3583/1615/724 3618/1615/724 3619/1615/724
f 3585/1615/724 3620/1615/724 3587/1615/724
f 3585/1615/724 3619/1615/724 3620/1615/724
f 3587/1615/724 3621/1615/724 3589/1615/724
f 3587/1615/724 3620/1615/724 3621/1615/724
f 3589/1615/724 3622/1615/724 3591/1615/724
f 3589/1615/724 3621/1615/724 3622/1615/724
f 3591/1615/724 3623/1615/724 3593/1615/724
f 3591/1615/724 3622/1615/724 3623/1615/724
f 3593/1615/724 3624/1615/724 3595/1615/724
f 3593/1615/724 3623/1615/724 3624/1615/724
f 3595/1615/724 3598/1615/724 3544/1615/724
f 3595/1615/724 3624/1615/724 3598/1615/724
f 3598/1615/797 3625/1615/798 3597/1615/798
f 3598/1615/797 3626/1615/797 3625/1615/798
f 3597/1615/798 3627/1615/799 3599/1615/799
f 3597/1615/798 3625/1615/798 3627/1615/799
f 3599/1615/799 3628/1615/800 3600/1615/800
f 3599/1615/799 3627/1615/799 3628/1615/800
f 3600/1615/800 3629/1615/801 3601/1615/801
f 3600/1615/800 3628/1615/800 3629/1615/801
f 3601/1615/801 3630/1615/802 3602/1615/802
f 3601/1615/801 3629/1615/801 3630/1615/802
f 3602/1615/802 3631/1615/803 3603/1615/803
f 3602/1615/802 3630/1615/802 3631/1615/803
f 3603/1615/803 3632/1615/1 3604/1615/1
f 3603/1615/803 3631/1615/803 3632/1615/1
f 3604/1615/1 3633/1615/804 3605/1615/804
f 3604/1615/1 3632/1615/1 3633/1615/804
f 3605/1615/804 3634/1615/805 3606/1615/805
f 3605/1615/804 3633/1615/804 3634/1615/805
f 3606/1615/805 3635/1615/806 3607/1615/806
f 3606/1615/805 3634/1615/805 3635/1615/806
f 3607/1615/806 3636/1615/807 3608/1615/807
f 3607/1615/806 3635/1615/806 3636/1615/807
f 3608/1615/807 3637/1615/808 3609/1615/808
f 3608/1615/807 3636/1615/807 3637/1615/808
f 3609/1615/808 3638/1615/809 3610/1615/809
f 3609/1615/808 3637/1615/808 3638/1615/809
f 3610/1615/809 3639/1615/784 3611/1615/784
f 3610/1615/809 3638/1615/809 3639/1615/784
f 3611/1615/784 3640/1615/785 3612/1615/785
f 3611/1615/784 3639/1615/784 3640/1615/785
f 3612/1615/785 3641/1615/786 3613/1615/786
f 3612/1615/785 3640/1615/785 3641/1615/786
f 3613/1615/786 3642/1615/787 3614/1615/787
f 3613/1615/786 3641/1615/786 3642/1615/787
f 3614/1615/787 3643/1615/788 3615/1615/788
f 3614/1615/787 3642/1615/787 3643/1615/788
f 3615/1615/788 3644/1615/789 3616/1615/789
f 3615/1615/788 3643/1615/788 3644/1615/789
f 3616/1615/789 3645/1615/790 3617/1615/790
f 3616/1615/789 3644/1615/789 3645/1615/790
f 3617/1615/790 3646/1615/142 3618/1615/142
f 3617/1615/790 3645/1615/790 3646/1615/142
f 3618/1615/142 3647/1615/791 3619/1615/791
f 3618/1615/142 3646/1615/142 3647/1615/791
f 3619/1615/791 3648/1615/792 3620/1615/792
f 3619/1615/791 3647/1615/791 3648/1615/792
f 3620/1615/792 3649/1615/793 3621/1615/793
f 3620/1615/792 3648/1615/792 3649/1615/793
f 3621/1615/793 3650/1615/794 3622/1615/794
f 3621/1615/793 3649/1615/793 3650/1615/794
f 3622/1615/794 3651/1615/795 3623/1615/795
f 3622/1615/794 3650/1615/794 3651/1615/795
f 3623/1615/795 3652/1615/796 3624/1615/796
f 3623/1615/795 3651/1615/795 3652/1615/796
f 3624/1615/796 3626/1615/797 3598/1615/797
f 3624/1615/796 3652/1615/796 3626/1615/797
f 3653/1616/735 3654/1616/735 3655/1616/735
f 3653/1616/735 3655/1616/735 3656/1616/735
f 3653/1616/735 3656/1616/735 3657/1616/735
f 3653/1616/735 3657/1616/735 3658/1616/735
f 3653/1616/735 3658/1616/735 3659/1616/735
f 3653/1616/735 3659/1616/735 3660/1616/735
f 3653/1616/735 3660/1616/735 3661/1616/735
f 3653/1616/735 3661/1616/735 3662/1616/735
f 3653/1616/735 3662/1616/735 3663/1616/735
f 3653/1616/735 3663/1616/735 3664/1616/735
f 3653/1616/735 3664/1616/735 3665/1616/735
f 3653/1616/735 3665/1616/735 3666/1616/735
f 3653/1616/735 3666/1616/735 3667/1616/735
f 3653/1616/735 3667/1616/735 3668/1616/735
f 3653/1616/735 3668/1616/735 3669/1616/735
f 3653/1616/735 3669/1616/735 3670/1616/735
f 3653/1616/735 3670/1616/735 3671/1616/735
f 3653/1616/735 3671/1616/735 3672/1616/735
f 3653/1616/735 3672/1616/735 3673/1616/735
f 3653/1616/735 3673/1616/735 3674/1616/735
f 3653/1616/735 3674/1616/735 3675/1616/735
f 3653/1616/735 3675/1616/735 3676/1616/735
f 3653/1616/735 3676/1616/735 3677/1616/735
f 3653/1616/735 3677/1616/735 3678/1616/735
f 3653/1616/735 3678/1616/735 3679/1616/735
f 3653/1616/735 3679/1616/735 3680/1616/735
f 3653/1616/735 3680/1616/735 3681/1616/735
f 3653/1616/735 3681/1616/735 3654/1616/735
f 3682/1617/797 3683/1617/810 3684/1617/810
f 3682/1617/797 3685/1617/797 3683/1617/810
f 3684/1617/810 3686/1617/811 3687/1617/811
f 3684/1617/810 3683/1617/810 3686/1617/811
f 3687/1617/811 3688/1617/812 3689/1617/812
f 3687/1617/811 3686/1617/811 3688/1617/812
f 3689/1617/812 3690/1617/813 3691/1617/813
f 3689/1617/812 3688/1617/812 3690/1617/813
f 3691/1617/813 3692/1617/1 3693/1617/1
f 3691/1617/813 3690/1617/813 3692/1617/1
f 3693/1617/1 3694/1617/814 3695/1617/814
f 3693/1617/1 3692/1617/1 3694/1617/814
f 3695/1617/814 3696/1617/815 3697/1617/815
f 3695/1617/814 3694/1617/814 3696/1617/815
f 3697/1617/815 3698/1617/816 3699/1617/816
f 3697/1617/815 3696/1617/815 3698/1617/816
f 3699/1617/816 3700/1617/817 3701/1617/817
f 3699/1617/816 3698/1617/816 3700/1617/817
f 3701/1617/817 3702/1617/784 3703/1617/784
f 3701/1617/817 3700/1617/817 3702/1617/784
f 3703/1617/784 3704/1617/818 3705/1617/818
f 3703/1617/784 3702/1617/784 3704/1617/818
f 3705/1617/818 3706/1617/819 3707/1617/819
f 3705/1617/818 3704/1617/818 3706/1617/819
f 3707/1617/819 3708/1617/820 3709/1617/820
f 3707/1617/819 3706/1617/819 3708/1617/820
f 3709/1617/820 3710/1617/821 3711/1617/821
f 3709/1617/820 3708/1617/820 3710/1617/821
f 3711/1617/821 3712/1617/142 3713/1617/142
f 3711/1617/821 3710/1617/821 3712/1617/142
f 3713/1617/142 3714/1617/822 3715/1617/822
f 3713/1617/142 3712/1617/142 3714/1617/822
f 3715/1617/822 3716/1617/823 3717/1617/823
f 3715/1617/822 3714/1617/822 3716/1617/823
f 3717/1617/823 3718/1617/824 3719/1617/824
f 3717/1617/823 3716/1617/823 3718/1617/824
f 3719/1617/824 3720/1617/825 3721/1617/825
f 3719/1617/824 3718/1617/824 3720/1617/825
f 3721/1617/825 3685/1617/797 3682/1617/797
f 3721/1617/825 3720/1617/825 3685/1617/797
f 3685/1617/724 3722/1617/724 3683/1617/724
f 3683/1617/724 3722/1617/724 3686/1617/724
f 3686/1617/724 3722/1617/724 3688/1617/724
f 3688/1617/724 3722/1617/724 3690/1617/724
f 3690/1617/724 3722/1617/724 3692/1617/724
f 3692/1617/724 3722/1617/724 3694/1617/724
f 3694/1617/724 3722/1617/724 3696/1617/724
f 3696/1617/724 3722/1617/724 3698/1617/724
f 3698/1617/724 3722/1617/724 3700/1617/724
f 3700/1617/724 3722/1617/724 3702/1617/724
f 3702/1617/724 3722/1617/724 3704/1617/724
f 3704/1617/724 3722/1617/724 3706/1617/724
f 3706/1617/724 3722/1617/724 3708/1617/724
f 3708/1617/724 3722/1617/724 3710/1617/724
f 3710/1617/724 3722/1617/724 3712/1617/724
f 3712/1617/724 3722/1617/724 3714/1617/724
f 3714/1617/724 3722/1617/724 3716/1617/724
f 3716/1617/724 3722/1617/724 3718/1617/724
f 3718/1617/724 3722/1617/724 3720/1617/724
f 3720/1617/724 3722/1617/724 3685/1617/724
f 3723/1615/784 3724/1615/785 3725/1615/785
f 3723/1615/784 3726/1615/784 3724/1615/785
f 3725/1615/785 3727/1615/786 3728/1615/786
f 3725/1615/785 3724/1615/785 3727/1615/786
f 3728/1615/786 3729/1615/787 3730/1615/787
f 3728/1615/786 3727/1615/786 3729/1615/787
f 3730/1615/787 3731/1615/788 3732/1615/788
f 3730/1615/787 3729/1615/787 3731/1615/788
f 3732/1615/788 3733/1615/789 3734/1615/789
f 3732/1615/788 3731/1615/788 3733/1615/789
f 3734/1615/789 3735/1615/790 3736/1615/790
f 3734/1615/789 3733/1615/789 3735/1615/790
f 3736/1615/790 3737/1615/142 3738/1615/142
f 3736/1615/790 3735/1615/790 3737/1615/142
f 3738/1615/142 3739/1615/791 3740/1615/791
f 3738/1615/142 3737/1615/142 3739/1615/791
f 3740/1615/791 3741/1615/792 3742/1615/792
f 3740/1615/791 3739/1615/791 3741/1615/792
f 3742/1615/792 3743/1615/793 3744/1615/793
f 3742/1615/792 3741/1615/792 3743/1615/793
f 3744/1615/793 3745/1615/794 3746/1615/794
f 3744/1615/793 3743/1615/793 3745/1615/794
f 3746/1615/794 3747/1615/795 3748/1615/795
f 3746/1615/794 3745/1615/794 3747/1615/795
f 3748/1615/795 3749/1615/796 3750/1615/796
f 3748/1615/795 3747/1615/795 3749/1615/796
f 3750/1615/796 3751/1615/797 3752/1615/797
f 3750/1615/796 3749/1615/796 3751/1615/797
f 3752/1615/797 3753/1615/798 3754/1615/798
f 3752/1615/797 3751/1615/797 3753/1615/798
f 3754/1615/798 3755/1615/799 3756/1615/799
f 3754/1615/798 3753/1615/798 3755/1615/799
f 3756/1615/799 3757/1615/800 3758/1615/800
f 3756/1615/799 3755/1615/799 3757/1615/800
f 3758/1615/800 3759/1615/801 3760/1615/801
f 3758/1615/800 3757/1615/800 3759/1615/801
f 3760/1615/801 3761/1615/802 3762/1615/802
f 3760/1615/801 3759/1615/801 3761/1615/802
f 3762/1615/802 3763/1615/803 3764/1615/803
f 3762/1615/802 3761/1615/802 3763/1615/803
f 3764/1615/803 3765/1615/1 3766/1615/1
f 3764/1615/803 3763/1615/803 3765/1615/1
f 3766/1615/1 3767/1615/804 3768/1615/804
f 3766/1615/1 3765/1615/1 3767/1615/804
f 3768/1615/804 3769/1615/805 3770/1615/805
f 3768/1615/804 3767/1615/804 3769/1615/805
f 3770/1615/805 3771/1615/806 3772/1615/806
f 3770/1615/805 3769/1615/805 3771/1615/806
f 3772/1615/806 3773/1615/807 3774/1615/807
f 3772/1615/806 3771/1615/806 3773/1615/807
f 3774/1615/807 3775/1615/808 3776/1615/808
f 3774/1615/807 3773/1615/807 3775/1615/808
f 3776/1615/808 3777/1615/809 3778/1615/809
f 3776/1615/808 3775/1615/808 3777/1615/809
f 3778/1615/809 3726/1615/784 3723/1615/784
f 3778/1615/809 3777/1615/809 3726/1615/784
f 3726/1615/724 3779/1615/724 3724/1615/724
f 3726/1615/724 3780/1615/724 3779/1615/724
f 3724/1615/724 3781/1615/724 3727/1615/724
f 3724/1615/724 3779/1615/724 3781/1615/724
f 3727/1615/724 3782/1615/724 3729/1615/724
f 3727/1615/724 3781/1615/724 3782/1615/724
f 3729/1615/724 3783/1615/724 3731/1615/724
f 3729/1615/724 3782/1615/724 3783/1615/724
f 3731/1615/724 3784/1615/724 3733/1615/724
f 3731/1615/724 3783/1615/724 3784/1615/724
f 3733/1615/724 3785/1615/724 3735/1615/724
f 3733/1615/724 3784/1615/724 3785/1615/724
f 3735/1615/724 3786/1615/724 3737/1615/724
f 3735/1615/724 3785/1615/724 3786/1615/724
f 3737/1615/724 3787/1615/724 3739/1615/724
f 3737/1615/724 3786/1615/724 3787/1615/724
f 3739/1615/724 3788/1615/724 3741/1615/724
f 3739/1615/724 3787/1615/724 3788/1615/724
f 3741/1615/724 3789/1615/724 3743/1615/724
f 3741/1615/724 3788/1615/724 3789/1615/724
f 3743/1615/724 3790/1615/724 3745/1615/724
f 3743/1615/724 3789/1615/724 3790/1615/724
f 3745/1615/724 3791/1615/724 3747/1615/724
f 3745/1615/724 3790/1615/724 3791/1615/724
f 3747/1615/724 3792/1615/724 3749/1615/724
f 3747/1615/724 3791/1615/724 3792/1615/724
f 3749/1615/724 3793/1615/724 3751/1615/724
f 3749/1615/724 3792/1615/724 3793/1615/724
f 3751/1615/724 3794/1615/724 3753/1615/724
f 3751/1615/724 3793/1615/724 3794/1615/724
f 3753/1615/724 3795/1615/724 3755/1615/724
f 3753/1615/724 3794/1615/724 3795/1615/724
f 3755/1615/724 3796/1615/724 3757/1615/724
f 3755/1615/724 3795/1615/724 3796/1615/724
f 3757/1615/724 3797/1615/724 3759/1615/724
f 3757/1615/724 3796/1615/724 3797/1615/724
f 3759/1615/724 3798/1615/724 3761/1615/724
f 3759/1615/724 3797/1615/724 3798/1615/724
f 3761/1615/724 3799/1615/724 3763/1615/724
f 3761/1615/724 3798/1615/724 3799/1615/724
f 3763/1615/724 3800/1615/724 3765/1615/724
f 3763/1615/724 3799/1615/724 3800/1615/724
f 3765/1615/724 3801/1615/724 3767/1615/724
f 3765/1615/724 3800/1615/724 3801/1615/724
f 3767/1615/724 3802/1615/724 3769/1615/724
f 3767/1615/724 3801/1615/724 3802/1615/724
f 3769/1615/724 3803/1615/724 3771/1615/724
f 3769/1615/724 3802/1615/724 3803/1615/724
f 3771/1615/724 3804/1615/724 3773/1615/724
f 3771/1615/724 3803/1615/724 3804/1615/724
f 3773/1615/724 3805/1615/724 3775/1615/724
f 3773/1615/724 3804/1615/724 3805/1615/724
f 3775/1615/724 3806/1615/724 3777/1615/724
f 3775/1615/724 3805/1615/724 3806/1615/724
f 3777/1615/724 3780/1615/724 3726/1615/724
f 3777/1615/724 3806/1615/724 3780/1615/724
f 3780/1615/797 3807/1615/798 3779/1615/798
f 3780/1615/797 3808/1615/797 3807/1615/798
f 3779/1615/798 3809/1615/799 3781/1615/799
f 3779/1615/798 3807/1615/798 3809/1615/799
f 3781/1615/799 3810/1615/800 3782/1615/800
f 3781/1615/799 3809/1615/799 3810/1615/800
f 3782/1615/800 3811/1615/801 3783/1615/801
f 3782/1615/800 3810/1615/800 3811/1615/801
f 3783/1615/801 3812/1615/802 3784/1615/802
f 3783/1615/801 3811/1615/801 3812/1615/802
f 3784/1615/802 3813/1615/803 3785/1615/803
f 3784/1615/802 3812/1615/802 3813/1615/803
f 3785/1615/803 3814/1615/1 3786/1615/1
f 3785/1615/803 3813/1615/803 3814/1615/1
f 3786/1615/1 3815/1615/804 3787/1615/804
f 3786/1615/1 3814/1615/1 3815/1615/804
f 3787/1615/804 3816/1615/805 3788/1615/805
f 3787/1615/804 3815/1615/804 3816/1615/805
f 3788/1615/805 3817/1615/806 3789/1615/806
f 3788/1615/805 3816/1615/805 3817/1615/806
f 3789/1615/806 3818/1615/807 3790/1615/807
f 3789/1615/806 3817/1615/806 3818/1615/807
f 3790/1615/807 3819/1615/808 3791/1615/808
f 3790/1615/807 3818/1615/807 3819/1615/808
f 3791/1615/808 3820/1615/809 3792/1615/809
f 3791/1615/808 3819/1615/808 3820/1615/809
f 3792/1615/809 3821/1615/784 3793/1615/784
f 3792/1615/809 3820/1615/809 3821/1615/784
f 3793/1615/784 3822/1615/785 3794/1615/785
f 3793/1615/784 3821/1615/784 3822/1615/785
f 3794/1615/785 3823/1615/786 3795/1615/786
f 3794/1615/785 3822/1615/785 3823/1615/786
f 3795/1615/786 3824/1615/787 3796/1615/787
f 3795/1615/786 3823/1615/786 3824/1615/787
f 3796/1615/787 3825/1615/788 3797/1615/788
f 3796/1615/787 3824/1615/787 3825/1615/788
f 3797/1615/788 3826/1615/789 3798/1615/789
f 3797/1615/788 3825/1615/788 3826/1615/789
f 3798/1615/789 3827/1615/790 3799/1615/790
f 3798/1615/789 3826/1615/789 3827/1615/790
f 3799/1615/790 3828/1615/142 3800/1615/142
f 3799/1615/790 3827/1615/790 3828/1615/142
f 3800/1615/142 3829/1615/791 3801/1615/791
f 3800/1615/142 3828/1615/142 3829/1615/791
f 3801/1615/791 3830/1615/792 3802/1615/792
f 3801/1615/791 3829/1615/791 3830/1615/792
f 3802/1615/792 3831/1615/793 3803/1615/793
f 3802/1615/792 3830/1615/792 3831/1615/793
f 3803/1615/793 3832/1615/794 3804/1615/794
f 3803/1615/793 3831/1615/793 3832/1615/794
f 3804/1615/794 3833/1615/795 3805/1615/795
f 3804/1615/794 3832/1615/794 3833/1615/795
f 3805/1615/795 3834/1615/796 3806/1615/796
f 3805/1615/795 3833/1615/795 3834/1615/796
f 3806/1615/796 3808/1615/797 3780/1615/797
f 3806/1615/796 3834/1615/796 3808/1615/797
f 3835/1616/735 3836/1616/735 3837/1616/735
f 3835/1616/735 3837/1616/735 3838/1616/735
f 3835/1616/735 3838/1616/735 3839/1616/735
f 3835/1616/735 3839/1616/735 3840/1616/735
f 3835/1616/735 3840/1616/735 3841/1616/735
f 3835/1616/735 3841/1616/735 3842/1616/735
f 3835/1616/735 3842/1616/735 3843/1616/735
f 3835/1616/735 3843/1616/735 3844/1616/735
f 3835/1616/735 3844/1616/735 3845/1616/735
f 3835/1616/735 3845/1616/735 3846/1616/735
f 3835/1616/735 3846/1616/735 3847/1616/735
f 3835/1616/735 3847/1616/735 3848/1616/735
f 3835/1616/735 3848/1616/735 3849/1616/735
f 3835/1616/735 3849/1616/735 3850/1616/735
f 3835/1616/735 3850/1616/735 3851/1616/735
f 3835/1616/735 3851/1616/735 3852/1616/735
f 3835/1616/735 3852/1616/735 3853/1616/735
f 3835/1616/735 3853/1616/735 3854/1616/735
f 3835/1616/735 3854/1616/735 3855/1616/735
f 3835/1616/735 3855/1616/735 3856/1616/735
f 3835/1616/735 3856/1616/735 3857/1616/735
f 3835/1616/735 3857/1616/735 3858/1616/735
f 3835/1616/735 3858/1616/735 3859/1616/735
f 3835/1616/735 3859/1616/735 3860/1616/735
f 3835/1616/735 3860/1616/735 3861/1616/735
f 3835/1616/735 3861/1616/735 3862/1616/735
f 3835/1616/735 3862/1616/735 3863/1616/735
f 3835/1616/735 3863/1616/735 3836/1616/735
f 3864/1617/797 3865/1617/810 3866/1617/810
f 3864/1617/797 3867/1617/797 3865/1617/810
f 3866/1617/810 3868/1617/811 3869/1617/811
f 3866/1617/810 3865/1617/810 3868/1617/811
f 3869/1617/811 3870/1617/812 3871/1617/812
f 3869/1617/811 3868/1617/811 3870/1617/812
f 3871/1617/812 3872/1617/813 3873/1617/813
f 3871/1617/812 3870/1617/812 3872/1617/813
f 3873/1617/813 3874/1617/1 3875/1617/1
f 3873/1617/813 3872/1617/813 3874/1617/1
f 3875/1617/1 3876/1617/814 3877/1617/814
f 3875/1617/1 3874/1617/1 3876/1617/814
f 3877/1617/814 3878/1617/815 3879/1617/815
f 3877/1617/814 3876/1617/814 3878/1617/815
f 3879/1617/815 3880/1617/816 3881/1617/816
f 3879/1617/815 3878/1617/815 3880/1617/816
f 3881/1617/816 3882/1617/817 3883/1617/817
f 3881/1617/816 3880/1617/816 3882/1617/817
f 3883/1617/817 3884/1617/784 3885/1617/784
f 3883/1617/817 3882/1617/817 3884/1617/784
f 3885/1617/784 3886/1617/818 3887/1617/818
f 3885/1617/784 3884/1617/784 3886/1617/818
f 3887/1617/818 3888/1617/819 3889/1617/819
f 3887/1617/818 3886/1617/818 3888/1617/819
f 3889/1617/819 3890/1617/820 3891/1617/820
f 3889/1617/819 3888/1617/819 3890/1617/820
f 3891/1617/820 3892/1617/821 3893/1617/821
f 3891/1617/820 3890/1617/820 3892/1617/821
f 3893/1617/821 3894/1617/142 3895/1617/142
f 3893/1617/821 3892/1617/821 3894/1617/142
f 3895/1617/142 3896/1617/822 3897/1617/822
f 3895/1617/142 3894/1617/142 3896/1617/822
f 3897/1617/822 3898/1617/823 3899/1617/823
f 3897/1617/822 3896/1617/822 3898/1617/823
f 3899/1617/823 3900/1617/824 3901/1617/824
f 3899/1617/823 3898/1617/823 3900/1617/824
f 3901/1617/824 3902/1617/825 3903/1617/825
f 3901/1617/824 3900/1617/824 3902/1617/825
f 3903/1617/825 3867/1617/797 3864/1617/797
f 3903/1617/825 3902/1617/825 3867/1617/797
f 3867/1617/724 3904/1617/724 3865/1617/724
f 3865/1617/724 3904/1617/724 3868/1617/724
f 3868/1617/724 3904/1617/724 3870/1617/724
f 3870/1617/724 3904/1617/724 3872/1617/724
f 3872/1617/724 3904/1617/724 3874/1617/724
f 3874/1617/724 3904/1617/724 3876/1617/724
f 3876/1617/724 3904/1617/724 3878/1617/724
f 3878/1617/724 3904/1617/724 3880/1617/724
f 3880/1617/724 3904/1617/724 3882/1617/724
f 3882/1617/724 3904/1617/724 3884/1617/724
f 3884/1617/724 3904/1617/724 3886/1617/724
f 3886/1617/724 3904/1617/724 3888/1617/724
f 3888/1617/724 3904/1617/724 3890/1617/724
f 3890/1617/724 3904/1617/724 3892/1617/724
f 3892/1617/724 3904/1617/724 3894/1617/724
f 3894/1617/724 3904/1617/724 3896/1617/724
f 3896/1617/724 3904/1617/724 3898/1617/724
f 3898/1617/724 3904/1617/724 3900/1617/724
f 3900/1617/724 3904/1617/724 3902/1617/724
f 3902/1617/724 3904/1617/724 3867/1617/724
