# utility_belt mesh, units=1/16 block
v 1.2 4.5689 5.97
v 0.9451 4.4773 6.0233
v 1.1974 4.5818 5.97
v 0.9321 4.5426 6.0233
v 0.958 4.458 6.0233
v 1.1511 4.6511 5.97
v 0.9773 4.4451 6.0233
v 1.0818 4.6974 5.97
v 1.0426 4.4321 6.0233
v 1.0689 4.7 5.97
v 3.6311 4.7 5.97
v 3.6574 4.4321 6.0233
v 3.7227 4.4451 6.0233
v 3.6182 4.6974 5.97
v 3.742 4.458 6.0233
v 3.5489 4.6511 5.97
v 3.7549 4.4773 6.0233
v 3.5026 4.5818 5.97
v 3.7679 4.5426 6.0233
v 3.5 4.5689 5.97
v 3.5 9.4311 5.97
v 3.7679 9.4574 6.0233
v 3.7549 9.5227 6.0233
v 3.5026 9.4182 5.97
v 3.742 9.542 6.0233
v 3.5489 9.3489 5.97
v 3.7227 9.5549 6.0233
v 3.6182 9.3026 5.97
v 3.6574 9.5679 6.0233
v 3.6311 9.3 5.97
v 1.0689 9.3 5.97
v 1.0426 9.5679 6.0233
v 0.9773 9.5549 6.0233
v 1.0818 9.3026 5.97
v 0.958 9.542 6.0233
v 1.1511 9.3489 5.97
v 0.9451 9.5227 6.0233
v 1.1974 9.4182 5.97
v 0.9321 9.4574 6.0233
v 1.2 9.4311 5.97
v 0.7312 4.3887 6.175
v 0.705 4.5202 6.175
v 0.7943 4.2943 6.175
v 0.8887 4.2312 6.175
v 1.0202 4.205 6.175
v 3.6798 4.205 6.175
v 3.8113 4.2312 6.175
v 3.9057 4.2943 6.175
v 3.9688 4.3887 6.175
v 3.995 4.5202 6.175
v 3.995 9.4798 6.175
v 3.9688 9.6113 6.175
v 3.9057 9.7057 6.175
v 3.8113 9.7688 6.175
v 3.6798 9.795 6.175
v 1.0202 9.795 6.175
v 0.8887 9.7688 6.175
v 0.7943 9.7057 6.175
v 0.7312 9.6113 6.175
v 0.705 9.4798 6.175
v 0.5883 4.3294 6.4021
v 0.5533 4.5052 6.4021
v 0.6849 4.1849 6.4021
v 0.8294 4.0883 6.4021
v 1.0052 4.0533 6.4021
v 3.6948 4.0533 6.4021
v 3.8706 4.0883 6.4021
v 4.0151 4.1849 6.4021
v 4.1117 4.3294 6.4021
v 4.1467 4.5052 6.4021
v 4.1467 9.4948 6.4021
v 4.1117 9.6706 6.4021
v 4.0151 9.8151 6.4021
v 3.8706 9.9117 6.4021
v 3.6948 9.9467 6.4021
v 1.0052 9.9467 6.4021
v 0.8294 9.9117 6.4021
v 0.6849 9.8151 6.4021
v 0.5883 9.6706 6.4021
v 0.5533 9.4948 6.4021
v 0.5381 4.3087 6.67
v 0.5 4.5 6.67
v 0.6464 4.1464 6.67
v 0.8087 4.0381 6.67
v 1 4 6.67
v 3.7 4 6.67
v 3.8913 4.0381 6.67
v 4.0536 4.1464 6.67
v 4.1619 4.3087 6.67
v 4.2 4.5 6.67
v 4.2 9.5 6.67
v 4.1619 9.6913 6.67
v 4.0536 9.8536 6.67
v 3.8913 9.9619 6.67
v 3.7 10 6.67
v 1 10 6.67
v 0.8087 9.9619 6.67
v 0.6464 9.8536 6.67
v 0.5381 9.6913 6.67
v 0.5 9.5 6.67
v 0.5381 4.3087 8.87
v 0.5 4.5 8.87
v 0.6464 4.1464 8.87
v 0.8087 4.0381 8.87
v 1 4 8.87
v 3.7 4 8.87
v 3.8913 4.0381 8.87
v 4.0536 4.1464 8.87
v 4.1619 4.3087 8.87
v 4.2 4.5 8.87
v 4.2 9.5 8.87
v 4.1619 9.6913 8.87
v 4.0536 9.8536 8.87
v 3.8913 9.9619 8.87
v 3.7 10 8.87
v 1 10 8.87
v 0.8087 9.9619 8.87
v 0.6464 9.8536 8.87
v 0.5381 9.6913 8.87
v 0.5 9.5 8.87
v 0.5883 4.3294 9.1379
v 0.5533 4.5052 9.1379
v 0.6849 4.1849 9.1379
v 0.8294 4.0883 9.1379
v 1.0052 4.0533 9.1379
v 3.6948 4.0533 9.1379
v 3.8706 4.0883 9.1379
v 4.0151 4.1849 9.1379
v 4.1117 4.3294 9.1379
v 4.1467 4.5052 9.1379
v 4.1467 9.4948 9.1379
v 4.1117 9.6706 9.1379
v 4.0151 9.8151 9.1379
v 3.8706 9.9117 9.1379
v 3.6948 9.9467 9.1379
v 1.0052 9.9467 9.1379
v 0.8294 9.9117 9.1379
v 0.6849 9.8151 9.1379
v 0.5883 9.6706 9.1379
v 0.5533 9.4948 9.1379
v 0.7312 4.3887 9.365
v 0.705 4.5202 9.365
v 0.7943 4.2943 9.365
v 0.8887 4.2312 9.365
v 1.0202 4.205 9.365
v 3.6798 4.205 9.365
v 3.8113 4.2312 9.365
v 3.9057 4.2943 9.365
v 3.9688 4.3887 9.365
v 3.995 4.5202 9.365
v 3.995 9.4798 9.365
v 3.9688 9.6113 9.365
v 3.9057 9.7057 9.365
v 3.8113 9.7688 9.365
v 3.6798 9.795 9.365
v 1.0202 9.795 9.365
v 0.8887 9.7688 9.365
v 0.7943 9.7057 9.365
v 0.7312 9.6113 9.365
v 0.705 9.4798 9.365
v 0.9451 4.4773 9.5167
v 0.9321 4.5426 9.5167
v 0.958 4.458 9.5167
v 0.9773 4.4451 9.5167
v 1.0426 4.4321 9.5167
v 3.6574 4.4321 9.5167
v 3.7227 4.4451 9.5167
v 3.742 4.458 9.5167
v 3.7549 4.4773 9.5167
v 3.7679 4.5426 9.5167
v 3.7679 9.4574 9.5167
v 3.7549 9.5227 9.5167
v 3.742 9.542 9.5167
v 3.7227 9.5549 9.5167
v 3.6574 9.5679 9.5167
v 1.0426 9.5679 9.5167
v 0.9773 9.5549 9.5167
v 0.958 9.542 9.5167
v 0.9451 9.5227 9.5167
v 0.9321 9.4574 9.5167
v 1.1974 4.5818 9.57
v 1.2 4.5689 9.57
v 1.1511 4.6511 9.57
v 1.0818 4.6974 9.57
v 1.0689 4.7 9.57
v 3.6311 4.7 9.57
v 3.6182 4.6974 9.57
v 3.5489 4.6511 9.57
v 3.5026 4.5818 9.57
v 3.5 4.5689 9.57
v 3.5 9.4311 9.57
v 3.5026 9.4182 9.57
v 3.5489 9.3489 9.57
v 3.6182 9.3026 9.57
v 3.6311 9.3 9.57
v 1.0689 9.3 9.57
v 1.0818 9.3026 9.57
v 1.1511 9.3489 9.57
v 1.1974 9.4182 9.57
v 1.2 9.4311 9.57
v 2.35 7 5.97
v 2.35 7 9.57
v 5 4.5591 5.77
v 5.0032 4.5428 5.77
v 4.787 4.4532 5.8157
v 4.7704 4.5365 5.8157
v 4.8135 4.4135 5.8157
v 4.979 4.579 5.77
v 4.8532 4.387 5.8157
v 4.9428 4.6032 5.77
v 4.9591 4.6 5.77
v 4.9365 4.3704 5.8157
v 6.6409 4.6 5.77
v 6.6635 4.3704 5.8157
v 6.6572 4.6032 5.77
v 6.7468 4.387 5.8157
v 6.7865 4.4135 5.8157
v 6.621 4.579 5.77
v 6.813 4.4532 5.8157
v 6.5968 4.5428 5.77
v 6.6 4.5591 5.77
v 6.8296 4.5365 5.8157
v 6.6 9.0409 5.77
v 6.8296 9.0635 5.8157
v 6.5968 9.0572 5.77
v 6.813 9.1468 5.8157
v 6.7865 9.1865 5.8157
v 6.621 9.021 5.77
v 6.7468 9.213 5.8157
v 6.6572 8.9968 5.77
v 6.6409 9 5.77
v 6.6635 9.2296 5.8157
v 4.9591 9 5.77
v 4.9365 9.2296 5.8157
v 4.9428 8.9968 5.77
v 4.8532 9.213 5.8157
v 4.8135 9.1865 5.8157
v 4.979 9.021 5.77
v 4.787 9.1468 5.8157
v 5.0032 9.0572 5.77
v 5 9.0409 5.77
v 4.7704 9.0635 5.8157
v 4.6036 4.3772 5.9457
v 4.5757 4.5173 5.9457
v 4.6731 4.2731 5.9457
v 4.7772 4.2036 5.9457
v 4.9173 4.1757 5.9457
v 6.6827 4.1757 5.9457
v 6.8228 4.2036 5.9457
v 6.9269 4.2731 5.9457
v 6.9964 4.3772 5.9457
v 7.0243 4.5173 5.9457
v 7.0243 9.0827 5.9457
v 6.9964 9.2228 5.9457
v 6.9269 9.3269 5.9457
v 6.8228 9.3964 5.9457
v 6.6827 9.4243 5.9457
v 4.9173 9.4243 5.9457
v 4.7772 9.3964 5.9457
v 4.6731 9.3269 5.9457
v 4.6036 9.2228 5.9457
v 4.5757 9.0827 5.9457
v 4.4811 4.3265 6.1404
v 4.4457 4.5045 6.1404
v 4.5794 4.1794 6.1404
v 4.7265 4.0811 6.1404
v 4.9045 4.0457 6.1404
v 6.6955 4.0457 6.1404
v 6.8735 4.0811 6.1404
v 7.0206 4.1794 6.1404
v 7.1189 4.3265 6.1404
v 7.1543 4.5045 6.1404
v 7.1543 9.0955 6.1404
v 7.1189 9.2735 6.1404
v 7.0206 9.4206 6.1404
v 6.8735 9.5189 6.1404
v 6.6955 9.5543 6.1404
v 4.9045 9.5543 6.1404
v 4.7265 9.5189 6.1404
v 4.5794 9.4206 6.1404
v 4.4811 9.2735 6.1404
v 4.4457 9.0955 6.1404
v 4.4381 4.3087 6.37
v 4.4 4.5 6.37
v 4.5464 4.1464 6.37
v 4.7087 4.0381 6.37
v 4.9 4 6.37
v 6.7 4 6.37
v 6.8913 4.0381 6.37
v 7.0536 4.1464 6.37
v 7.1619 4.3087 6.37
v 7.2 4.5 6.37
v 7.2 9.1 6.37
v 7.1619 9.2913 6.37
v 7.0536 9.4536 6.37
v 6.8913 9.5619 6.37
v 6.7 9.6 6.37
v 4.9 9.6 6.37
v 4.7087 9.5619 6.37
v 4.5464 9.4536 6.37
v 4.4381 9.2913 6.37
v 4.4 9.1 6.37
v 4.4381 4.3087 9.17
v 4.4 4.5 9.17
v 4.5464 4.1464 9.17
v 4.7087 4.0381 9.17
v 4.9 4 9.17
v 6.7 4 9.17
v 6.8913 4.0381 9.17
v 7.0536 4.1464 9.17
v 7.1619 4.3087 9.17
v 7.2 4.5 9.17
v 7.2 9.1 9.17
v 7.1619 9.2913 9.17
v 7.0536 9.4536 9.17
v 6.8913 9.5619 9.17
v 6.7 9.6 9.17
v 4.9 9.6 9.17
v 4.7087 9.5619 9.17
v 4.5464 9.4536 9.17
v 4.4381 9.2913 9.17
v 4.4 9.1 9.17
v 4.4811 4.3265 9.3996
v 4.4457 4.5045 9.3996
v 4.5794 4.1794 9.3996
v 4.7265 4.0811 9.3996
v 4.9045 4.0457 9.3996
v 6.6955 4.0457 9.3996
v 6.8735 4.0811 9.3996
v 7.0206 4.1794 9.3996
v 7.1189 4.3265 9.3996
v 7.1543 4.5045 9.3996
v 7.1543 9.0955 9.3996
v 7.1189 9.2735 9.3996
v 7.0206 9.4206 9.3996
v 6.8735 9.5189 9.3996
v 6.6955 9.5543 9.3996
v 4.9045 9.5543 9.3996
v 4.7265 9.5189 9.3996
v 4.5794 9.4206 9.3996
v 4.4811 9.2735 9.3996
v 4.4457 9.0955 9.3996
v 4.6036 4.3772 9.5943
v 4.5757 4.5173 9.5943
v 4.6731 4.2731 9.5943
v 4.7772 4.2036 9.5943
v 4.9173 4.1757 9.5943
v 6.6827 4.1757 9.5943
v 6.8228 4.2036 9.5943
v 6.9269 4.2731 9.5943
v 6.9964 4.3772 9.5943
v 7.0243 4.5173 9.5943
v 7.0243 9.0827 9.5943
v 6.9964 9.2228 9.5943
v 6.9269 9.3269 9.5943
v 6.8228 9.3964 9.5943
v 6.6827 9.4243 9.5943
v 4.9173 9.4243 9.5943
v 4.7772 9.3964 9.5943
v 4.6731 9.3269 9.5943
v 4.6036 9.2228 9.5943
v 4.5757 9.0827 9.5943
v 4.787 4.4532 9.7243
v 4.7704 4.5365 9.7243
v 4.8135 4.4135 9.7243
v 4.8532 4.387 9.7243
v 4.9365 4.3704 9.7243
v 6.6635 4.3704 9.7243
v 6.7468 4.387 9.7243
v 6.7865 4.4135 9.7243
v 6.813 4.4532 9.7243
v 6.8296 4.5365 9.7243
v 6.8296 9.0635 9.7243
v 6.813 9.1468 9.7243
v 6.7865 9.1865 9.7243
v 6.7468 9.213 9.7243
v 6.6635 9.2296 9.7243
v 4.9365 9.2296 9.7243
v 4.8532 9.213 9.7243
v 4.8135 9.1865 9.7243
v 4.787 9.1468 9.7243
v 4.7704 9.0635 9.7243
v 5.0032 4.5428 9.77
v 5 4.5591 9.77
v 4.979 4.579 9.77
v 4.9428 4.6032 9.77
v 4.9591 4.6 9.77
v 6.6409 4.6 9.77
v 6.6572 4.6032 9.77
v 6.621 4.579 9.77
v 6.5968 4.5428 9.77
v 6.6 4.5591 9.77
v 6.6 9.0409 9.77
v 6.5968 9.0572 9.77
v 6.621 9.021 9.77
v 6.6572 8.9968 9.77
v 6.6409 9 9.77
v 4.9591 9 9.77
v 4.9428 8.9968 9.77
v 4.979 9.021 9.77
v 5.0032 9.0572 9.77
v 5 9.0409 9.77
v 5.8 6.8 5.77
v 5.8 6.8 9.77
v 11.1 4.0189 5.77
v 11.1013 4.0127 5.77
v 10.8489 3.9081 5.8233
v 10.8321 3.9926 5.8233
v 10.8726 3.8726 5.8233
v 11.0658 4.0658 5.77
v 10.9081 3.8489 5.8233
v 11.0127 4.1013 5.77
v 11.0189 4.1 5.77
v 10.9926 3.8321 5.8233
v 14.1811 4.1 5.77
v 14.2074 3.8321 5.8233
v 14.1873 4.1013 5.77
v 14.2919 3.8489 5.8233
v 14.3274 3.8726 5.8233
v 14.1342 4.0658 5.77
v 14.3511 3.9081 5.8233
v 14.0987 4.0127 5.77
v 14.1 4.0189 5.77
v 14.3679 3.9926 5.8233
v 14.1 9.3811 5.77
v 14.3679 9.4074 5.8233
v 14.0987 9.3873 5.77
v 14.3511 9.4919 5.8233
v 14.3274 9.5274 5.8233
v 14.1342 9.3342 5.77
v 14.2919 9.5511 5.8233
v 14.1873 9.2987 5.77
v 14.1811 9.3 5.77
v 14.2074 9.5679 5.8233
v 11.0189 9.3 5.77
v 10.9926 9.5679 5.8233
v 11.0127 9.2987 5.77
v 10.9081 9.5511 5.8233
v 10.8726 9.5274 5.8233
v 11.0658 9.3342 5.77
v 10.8489 9.4919 5.8233
v 11.1013 9.3873 5.77
v 11.1 9.3811 5.77
v 10.8321 9.4074 5.8233
v 10.635 3.8195 5.975
v 10.605 3.9702 5.975
v 10.7089 3.7089 5.975
v 10.8195 3.635 5.975
v 10.9702 3.605 5.975
v 14.2298 3.605 5.975
v 14.3805 3.635 5.975
v 14.4911 3.7089 5.975
v 14.565 3.8195 5.975
v 14.595 3.9702 5.975
v 14.595 9.4298 5.975
v 14.565 9.5805 5.975
v 14.4911 9.6911 5.975
v 14.3805 9.765 5.975
v 14.2298 9.795 5.975
v 10.9702 9.795 5.975
v 10.8195 9.765 5.975
v 10.7089 9.6911 5.975
v 10.635 9.5805 5.975
v 10.605 9.4298 5.975
v 10.4921 3.7603 6.2021
v 10.4533 3.9552 6.2021
v 10.5995 3.5995 6.2021
v 10.7603 3.4921 6.2021
v 10.9552 3.4533 6.2021
v 14.2448 3.4533 6.2021
v 14.4397 3.4921 6.2021
v 14.6005 3.5995 6.2021
v 14.7079 3.7603 6.2021
v 14.7467 3.9552 6.2021
v 14.7467 9.4448 6.2021
v 14.7079 9.6397 6.2021
v 14.6005 9.8005 6.2021
v 14.4397 9.9079 6.2021
v 14.2448 9.9467 6.2021
v 10.9552 9.9467 6.2021
v 10.7603 9.9079 6.2021
v 10.5995 9.8005 6.2021
v 10.4921 9.6397 6.2021
v 10.4533 9.4448 6.2021
v 10.4419 3.7395 6.47
v 10.4 3.95 6.47
v 10.5611 3.5611 6.47
v 10.7395 3.4419 6.47
v 10.95 3.4 6.47
v 14.25 3.4 6.47
v 14.4605 3.4419 6.47
v 14.6389 3.5611 6.47
v 14.7581 3.7395 6.47
v 14.8 3.95 6.47
v 14.8 9.45 6.47
v 14.7581 9.6605 6.47
v 14.6389 9.8389 6.47
v 14.4605 9.9581 6.47
v 14.25 10 6.47
v 10.95 10 6.47
v 10.7395 9.9581 6.47
v 10.5611 9.8389 6.47
v 10.4419 9.6605 6.47
v 10.4 9.45 6.47
v 10.4419 3.7395 9.27
v 10.4 3.95 9.27
v 10.5611 3.5611 9.27
v 10.7395 3.4419 9.27
v 10.95 3.4 9.27
v 14.25 3.4 9.27
v 14.4605 3.4419 9.27
v 14.6389 3.5611 9.27
v 14.7581 3.7395 9.27
v 14.8 3.95 9.27
v 14.8 9.45 9.27
v 14.7581 9.6605 9.27
v 14.6389 9.8389 9.27
v 14.4605 9.9581 9.27
v 14.25 10 9.27
v 10.95 10 9.27
v 10.7395 9.9581 9.27
v 10.5611 9.8389 9.27
v 10.4419 9.6605 9.27
v 10.4 9.45 9.27
v 10.4921 3.7603 9.5379
v 10.4533 3.9552 9.5379
v 10.5995 3.5995 9.5379
v 10.7603 3.4921 9.5379
v 10.9552 3.4533 9.5379
v 14.2448 3.4533 9.5379
v 14.4397 3.4921 9.5379
v 14.6005 3.5995 9.5379
v 14.7079 3.7603 9.5379
v 14.7467 3.9552 9.5379
v 14.7467 9.4448 9.5379
v 14.7079 9.6397 9.5379
v 14.6005 9.8005 9.5379
v 14.4397 9.9079 9.5379
v 14.2448 9.9467 9.5379
v 10.9552 9.9467 9.5379
v 10.7603 9.9079 9.5379
v 10.5995 9.8005 9.5379
v 10.4921 9.6397 9.5379
v 10.4533 9.4448 9.5379
v 10.635 3.8195 9.765
v 10.605 3.9702 9.765
v 10.7089 3.7089 9.765
v 10.8195 3.635 9.765
v 10.9702 3.605 9.765
v 14.2298 3.605 9.765
v 14.3805 3.635 9.765
v 14.4911 3.7089 9.765
v 14.565 3.8195 9.765
v 14.595 3.9702 9.765
v 14.595 9.4298 9.765
v 14.565 9.5805 9.765
v 14.4911 9.6911 9.765
v 14.3805 9.765 9.765
v 14.2298 9.795 9.765
v 10.9702 9.795 9.765
v 10.8195 9.765 9.765
v 10.7089 9.6911 9.765
v 10.635 9.5805 9.765
v 10.605 9.4298 9.765
v 10.8489 3.9081 9.9167
v 10.8321 3.9926 9.9167
v 10.8726 3.8726 9.9167
v 10.9081 3.8489 9.9167
v 10.9926 3.8321 9.9167
v 14.2074 3.8321 9.9167
v 14.2919 3.8489 9.9167
v 14.3274 3.8726 9.9167
v 14.3511 3.9081 9.9167
v 14.3679 3.9926 9.9167
v 14.3679 9.4074 9.9167
v 14.3511 9.4919 9.9167
v 14.3274 9.5274 9.9167
v 14.2919 9.5511 9.9167
v 14.2074 9.5679 9.9167
v 10.9926 9.5679 9.9167
v 10.9081 9.5511 9.9167
v 10.8726 9.5274 9.9167
v 10.8489 9.4919 9.9167
v 10.8321 9.4074 9.9167
v 11.1013 4.0127 9.97
v 11.1 4.0189 9.97
v 11.0658 4.0658 9.97
v 11.0127 4.1013 9.97
v 11.0189 4.1 9.97
v 14.1811 4.1 9.97
v 14.1873 4.1013 9.97
v 14.1342 4.0658 9.97
v 14.0987 4.0127 9.97
v 14.1 4.0189 9.97
v 14.1 9.3811 9.97
v 14.0987 9.3873 9.97
v 14.1342 9.3342 9.97
v 14.1873 9.2987 9.97
v 14.1811 9.3 9.97
v 11.0189 9.3 9.97
v 11.0127 9.2987 9.97
v 11.0658 9.3342 9.97
v 11.1013 9.3873 9.97
v 11.1 9.3811 9.97
v 12.6 6.7 5.77
v 12.6 6.7 9.97
v 0.5 9.7492 7.07
v 0.3136 9.7056 7.1081
v 0.4938 9.7803 7.07
v 0.3087 9.7304 7.1081
v 0.3104 9.7104 7.1081
v 0.4483 9.8483 7.07
v 0.3056 9.7136 7.1081
v 0.3803 9.8938 7.07
v 0.3304 9.7087 7.1081
v 0.3492 9.9 7.07
v 15.6508 9.9 7.07
v 15.6696 9.7087 7.1081
v 15.6944 9.7136 7.1081
v 15.6197 9.8938 7.07
v 15.6896 9.7104 7.1081
v 15.5517 9.8483 7.07
v 15.6864 9.7056 7.1081
v 15.5062 9.7803 7.07
v 15.6913 9.7304 7.1081
v 15.5 9.7492 7.07
v 15.5 11.6508 7.07
v 15.6913 11.6696 7.1081
v 15.6864 11.6944 7.1081
v 15.5062 11.6197 7.07
v 15.6896 11.6896 7.1081
v 15.5517 11.5517 7.07
v 15.6944 11.6864 7.1081
v 15.6197 11.5062 7.07
v 15.6696 11.6913 7.1081
v 15.6508 11.5 7.07
v 0.3492 11.5 7.07
v 0.3304 11.6913 7.1081
v 0.3056 11.6864 7.1081
v 0.3803 11.5062 7.07
v 0.3104 11.6896 7.1081
v 0.4483 11.5517 7.07
v 0.3136 11.6944 7.1081
v 0.4938 11.6197 7.07
v 0.3087 11.6696 7.1081
v 0.5 11.6508 7.07
v 0.1608 9.6423 7.2164
v 0.1464 9.7144 7.2164
v 0.1935 9.5935 7.2164
v 0.2423 9.5608 7.2164
v 0.3144 9.5464 7.2164
v 15.6856 9.5464 7.2164
v 15.7577 9.5608 7.2164
v 15.8065 9.5935 7.2164
v 15.8392 9.6423 7.2164
v 15.8536 9.7144 7.2164
v 15.8536 11.6856 7.2164
v 15.8392 11.7577 7.2164
v 15.8065 11.8065 7.2164
v 15.7577 11.8392 7.2164
v 15.6856 11.8536 7.2164
v 0.3144 11.8536 7.2164
v 0.2423 11.8392 7.2164
v 0.1935 11.8065 7.2164
v 0.1608 11.7577 7.2164
v 0.1464 11.6856 7.2164
v 0.0587 9.6 7.3787
v 0.0381 9.7037 7.3787
v 0.1153 9.5153 7.3787
v 0.2 9.4587 7.3787
v 0.3037 9.4381 7.3787
v 15.6963 9.4381 7.3787
v 15.8 9.4587 7.3787
v 15.8847 9.5153 7.3787
v 15.9413 9.6 7.3787
v 15.9619 9.7037 7.3787
v 15.9619 11.6963 7.3787
v 15.9413 11.8 7.3787
v 15.8847 11.8847 7.3787
v 15.8 11.9413 7.3787
v 15.6963 11.9619 7.3787
v 0.3037 11.9619 7.3787
v 0.2 11.9413 7.3787
v 0.1153 11.8847 7.3787
v 0.0587 11.8 7.3787
v 0.0381 11.6963 7.3787
v 0.0228 9.5852 7.57
v 0 9.7 7.57
v 0.0879 9.4879 7.57
v 0.1852 9.4228 7.57
v 0.3 9.4 7.57
v 15.7 9.4 7.57
v 15.8148 9.4228 7.57
v 15.9121 9.4879 7.57
v 15.9772 9.5852 7.57
v 16 9.7 7.57
v 16 11.7 7.57
v 15.9772 11.8148 7.57
v 15.9121 11.9121 7.57
v 15.8148 11.9772 7.57
v 15.7 12 7.57
v 0.3 12 7.57
v 0.1852 11.9772 7.57
v 0.0879 11.9121 7.57
v 0.0228 11.8148 7.57
v 0 11.7 7.57
v 0.0228 9.5852 7.97
v 0 9.7 7.97
v 0.0879 9.4879 7.97
v 0.1852 9.4228 7.97
v 0.3 9.4 7.97
v 15.7 9.4 7.97
v 15.8148 9.4228 7.97
v 15.9121 9.4879 7.97
v 15.9772 9.5852 7.97
v 16 9.7 7.97
v 16 11.7 7.97
v 15.9772 11.8148 7.97
v 15.9121 11.9121 7.97
v 15.8148 11.9772 7.97
v 15.7 12 7.97
v 0.3 12 7.97
v 0.1852 11.9772 7.97
v 0.0879 11.9121 7.97
v 0.0228 11.8148 7.97
v 0 11.7 7.97
v 0.0587 9.6 8.1613
v 0.0381 9.7037 8.1613
v 0.1153 9.5153 8.1613
v 0.2 9.4587 8.1613
v 0.3037 9.4381 8.1613
v 15.6963 9.4381 8.1613
v 15.8 9.4587 8.1613
v 15.8847 9.5153 8.1613
v 15.9413 9.6 8.1613
v 15.9619 9.7037 8.1613
v 15.9619 11.6963 8.1613
v 15.9413 11.8 8.1613
v 15.8847 11.8847 8.1613
v 15.8 11.9413 8.1613
v 15.6963 11.9619 8.1613
v 0.3037 11.9619 8.1613
v 0.2 11.9413 8.1613
v 0.1153 11.8847 8.1613
v 0.0587 11.8 8.1613
v 0.0381 11.6963 8.1613
v 0.1608 9.6423 8.3236
v 0.1464 9.7144 8.3236
v 0.1935 9.5935 8.3236
v 0.2423 9.5608 8.3236
v 0.3144 9.5464 8.3236
v 15.6856 9.5464 8.3236
v 15.7577 9.5608 8.3236
v 15.8065 9.5935 8.3236
v 15.8392 9.6423 8.3236
v 15.8536 9.7144 8.3236
v 15.8536 11.6856 8.3236
v 15.8392 11.7577 8.3236
v 15.8065 11.8065 8.3236
v 15.7577 11.8392 8.3236
v 15.6856 11.8536 8.3236
v 0.3144 11.8536 8.3236
v 0.2423 11.8392 8.3236
v 0.1935 11.8065 8.3236
v 0.1608 11.7577 8.3236
v 0.1464 11.6856 8.3236
v 0.3136 9.7056 8.4319
v 0.3087 9.7304 8.4319
v 0.3104 9.7104 8.4319
v 0.3056 9.7136 8.4319
v 0.3304 9.7087 8.4319
v 15.6696 9.7087 8.4319
v 15.6944 9.7136 8.4319
v 15.6896 9.7104 8.4319
v 15.6864 9.7056 8.4319
v 15.6913 9.7304 8.4319
v 15.6913 11.6696 8.4319
v 15.6864 11.6944 8.4319
v 15.6896 11.6896 8.4319
v 15.6944 11.6864 8.4319
v 15.6696 11.6913 8.4319
v 0.3304 11.6913 8.4319
v 0.3056 11.6864 8.4319
v 0.3104 11.6896 8.4319
v 0.3136 11.6944 8.4319
v 0.3087 11.6696 8.4319
v 0.4938 9.7803 8.47
v 0.5 9.7492 8.47
v 0.4483 9.8483 8.47
v 0.3803 9.8938 8.47
v 0.3492 9.9 8.47
v 15.6508 9.9 8.47
v 15.6197 9.8938 8.47
v 15.5517 9.8483 8.47
v 15.5062 9.7803 8.47
v 15.5 9.7492 8.47
v 15.5 11.6508 8.47
v 15.5062 11.6197 8.47
v 15.5517 11.5517 8.47
v 15.6197 11.5062 8.47
v 15.6508 11.5 8.47
v 0.3492 11.5 8.47
v 0.3803 11.5062 8.47
v 0.4483 11.5517 8.47
v 0.4938 11.6197 8.47
v 0.5 11.6508 8.47
v 8 10.7 7.07
v 8 10.7 8.47
v 2.8 9.2 6.77
v 3.2 9.2 6.77
v 3.2765 9.1235 6.7852
v 2.7235 9.1235 6.7852
v 3.2 12.2 6.77
v 3.2765 12.2765 6.7852
v 2.8 12.2 6.77
v 2.7235 12.2765 6.7852
v 3.3414 9.0586 6.8286
v 2.6586 9.0586 6.8286
v 3.3414 12.3414 6.8286
v 2.6586 12.3414 6.8286
v 3.3848 9.0152 6.8935
v 2.6152 9.0152 6.8935
v 3.3848 12.3848 6.8935
v 2.6152 12.3848 6.8935
v 3.4 9 6.97
v 2.6 9 6.97
v 3.4 12.4 6.97
v 2.6 12.4 6.97
v 3.4 9 8.57
v 2.6 9 8.57
v 3.4 12.4 8.57
v 2.6 12.4 8.57
v 3.3848 9.0152 8.6465
v 2.6152 9.0152 8.6465
v 3.3848 12.3848 8.6465
v 2.6152 12.3848 8.6465
v 3.3414 9.0586 8.7114
v 2.6586 9.0586 8.7114
v 3.3414 12.3414 8.7114
v 2.6586 12.3414 8.7114
v 3.2765 9.1235 8.7548
v 2.7235 9.1235 8.7548
v 3.2765 12.2765 8.7548
v 2.7235 12.2765 8.7548
v 3.2 9.2 8.77
v 2.8 9.2 8.77
v 3.2 12.2 8.77
v 2.8 12.2 8.77
v 3 10.7 6.77
v 3 10.7 8.77
v 12.9 9.2 6.77
v 13.3 9.2 6.77
v 13.3765 9.1235 6.7852
v 12.8235 9.1235 6.7852
v 13.3 12.2 6.77
v 13.3765 12.2765 6.7852
v 12.9 12.2 6.77
v 12.8235 12.2765 6.7852
v 13.4414 9.0586 6.8286
v 12.7586 9.0586 6.8286
v 13.4414 12.3414 6.8286
v 12.7586 12.3414 6.8286
v 13.4848 9.0152 6.8935
v 12.7152 9.0152 6.8935
v 13.4848 12.3848 6.8935
v 12.7152 12.3848 6.8935
v 13.5 9 6.97
v 12.7 9 6.97
v 13.5 12.4 6.97
v 12.7 12.4 6.97
v 13.5 9 8.57
v 12.7 9 8.57
v 13.5 12.4 8.57
v 12.7 12.4 8.57
v 13.4848 9.0152 8.6465
v 12.7152 9.0152 8.6465
v 13.4848 12.3848 8.6465
v 12.7152 12.3848 8.6465
v 13.4414 9.0586 8.7114
v 12.7586 9.0586 8.7114
v 13.4414 12.3414 8.7114
v 12.7586 12.3414 8.7114
v 13.3765 9.1235 8.7548
v 12.8235 9.1235 8.7548
v 13.3765 12.2765 8.7548
v 12.8235 12.2765 8.7548
v 13.3 9.2 8.77
v 12.9 9.2 8.77
v 13.3 12.2 8.77
v 12.9 12.2 8.77
v 13.1 10.7 6.77
v 13.1 10.7 8.77
v 0.75 8.6345 5.77
v 0.7601 8.5835 5.77
v 0.634 8.5312 5.7966
v 0.6161 8.6213 5.7966
v 0.7695 8.5695 5.77
v 0.6729 8.4729 5.7966
v 0.7835 8.5601 5.77
v 0.7312 8.434 5.7966
v 0.8345 8.55 5.77
v 0.8213 8.4161 5.7966
v 3.8655 8.55 5.77
v 3.8787 8.4161 5.7966
v 3.9165 8.5601 5.77
v 3.9688 8.434 5.7966
v 3.9305 8.5695 5.77
v 4.0271 8.4729 5.7966
v 3.9399 8.5835 5.77
v 4.066 8.5312 5.7966
v 3.95 8.6345 5.77
v 4.0839 8.6213 5.7966
v 3.95 9.9655 5.77
v 4.0839 9.9787 5.7966
v 3.9399 10.0165 5.77
v 4.066 10.0688 5.7966
v 3.9305 10.0305 5.77
v 4.0271 10.1271 5.7966
v 3.9165 10.0399 5.77
v 3.9688 10.166 5.7966
v 3.8655 10.05 5.77
v 3.8787 10.1839 5.7966
v 0.8345 10.05 5.77
v 0.8213 10.1839 5.7966
v 0.7835 10.0399 5.77
v 0.7312 10.166 5.7966
v 0.7695 10.0305 5.77
v 0.6729 10.1271 5.7966
v 0.7601 10.0165 5.77
v 0.634 10.0688 5.7966
v 0.75 9.9655 5.77
v 0.6161 9.9787 5.7966
v 0.527 8.4869 5.8725
v 0.5025 8.6101 5.8725
v 0.5911 8.3911 5.8725
v 0.6869 8.327 5.8725
v 0.8101 8.3025 5.8725
v 3.8899 8.3025 5.8725
v 4.0131 8.327 5.8725
v 4.1089 8.3911 5.8725
v 4.173 8.4869 5.8725
v 4.1975 8.6101 5.8725
v 4.1975 9.9899 5.8725
v 4.173 10.1131 5.8725
v 4.1089 10.2089 5.8725
v 4.0131 10.273 5.8725
v 3.8899 10.2975 5.8725
v 0.8101 10.2975 5.8725
v 0.6869 10.273 5.8725
v 0.5911 10.2089 5.8725
v 0.527 10.1131 5.8725
v 0.5025 9.9899 5.8725
v 0.4555 8.4573 5.9861
v 0.4266 8.6026 5.9861
v 0.5364 8.3364 5.9861
v 0.6573 8.2555 5.9861
v 0.8026 8.2266 5.9861
v 3.8974 8.2266 5.9861
v 4.0427 8.2555 5.9861
v 4.1636 8.3364 5.9861
v 4.2445 8.4573 5.9861
v 4.2734 8.6026 5.9861
v 4.2734 9.9974 5.9861
v 4.2445 10.1427 5.9861
v 4.1636 10.2636 5.9861
v 4.0427 10.3445 5.9861
v 3.8974 10.3734 5.9861
v 0.8026 10.3734 5.9861
v 0.6573 10.3445 5.9861
v 0.5364 10.2636 5.9861
v 0.4555 10.1427 5.9861
v 0.4266 9.9974 5.9861
v 0.4304 8.4469 6.12
v 0.4 8.6 6.12
v 0.5172 8.3172 6.12
v 0.6469 8.2304 6.12
v 0.8 8.2 6.12
v 3.9 8.2 6.12
v 4.0531 8.2304 6.12
v 4.1828 8.3172 6.12
v 4.2696 8.4469 6.12
v 4.3 8.6 6.12
v 4.3 10 6.12
v 4.2696 10.1531 6.12
v 4.1828 10.2828 6.12
v 4.0531 10.3696 6.12
v 3.9 10.4 6.12
v 0.8 10.4 6.12
v 0.6469 10.3696 6.12
v 0.5172 10.2828 6.12
v 0.4304 10.1531 6.12
v 0.4 10 6.12
v 0.4304 8.4469 9.52
v 0.4 8.6 9.52
v 0.5172 8.3172 9.52
v 0.6469 8.2304 9.52
v 0.8 8.2 9.52
v 3.9 8.2 9.52
v 4.0531 8.2304 9.52
v 4.1828 8.3172 9.52
v 4.2696 8.4469 9.52
v 4.3 8.6 9.52
v 4.3 10 9.52
v 4.2696 10.1531 9.52
v 4.1828 10.2828 9.52
v 4.0531 10.3696 9.52
v 3.9 10.4 9.52
v 0.8 10.4 9.52
v 0.6469 10.3696 9.52
v 0.5172 10.2828 9.52
v 0.4304 10.1531 9.52
v 0.4 10 9.52
v 0.4555 8.4573 9.6539
v 0.4266 8.6026 9.6539
v 0.5364 8.3364 9.6539
v 0.6573 8.2555 9.6539
v 0.8026 8.2266 9.6539
v 3.8974 8.2266 9.6539
v 4.0427 8.2555 9.6539
v 4.1636 8.3364 9.6539
v 4.2445 8.4573 9.6539
v 4.2734 8.6026 9.6539
v 4.2734 9.9974 9.6539
v 4.2445 10.1427 9.6539
v 4.1636 10.2636 9.6539
v 4.0427 10.3445 9.6539
v 3.8974 10.3734 9.6539
v 0.8026 10.3734 9.6539
v 0.6573 10.3445 9.6539
v 0.5364 10.2636 9.6539
v 0.4555 10.1427 9.6539
v 0.4266 9.9974 9.6539
v 0.527 8.4869 9.7675
v 0.5025 8.6101 9.7675
v 0.5911 8.3911 9.7675
v 0.6869 8.327 9.7675
v 0.8101 8.3025 9.7675
v 3.8899 8.3025 9.7675
v 4.0131 8.327 9.7675
v 4.1089 8.3911 9.7675
v 4.173 8.4869 9.7675
v 4.1975 8.6101 9.7675
v 4.1975 9.9899 9.7675
v 4.173 10.1131 9.7675
v 4.1089 10.2089 9.7675
v 4.0131 10.273 9.7675
v 3.8899 10.2975 9.7675
v 0.8101 10.2975 9.7675
v 0.6869 10.273 9.7675
v 0.5911 10.2089 9.7675
v 0.527 10.1131 9.7675
v 0.5025 9.9899 9.7675
v 0.634 8.5312 9.8434
v 0.6161 8.6213 9.8434
v 0.6729 8.4729 9.8434
v 0.7312 8.434 9.8434
v 0.8213 8.4161 9.8434
v 3.8787 8.4161 9.8434
v 3.9688 8.434 9.8434
v 4.0271 8.4729 9.8434
v 4.066 8.5312 9.8434
v 4.0839 8.6213 9.8434
v 4.0839 9.9787 9.8434
v 4.066 10.0688 9.8434
v 4.0271 10.1271 9.8434
v 3.9688 10.166 9.8434
v 3.8787 10.1839 9.8434
v 0.8213 10.1839 9.8434
v 0.7312 10.166 9.8434
v 0.6729 10.1271 9.8434
v 0.634 10.0688 9.8434
v 0.6161 9.9787 9.8434
v 0.7601 8.5835 9.87
v 0.75 8.6345 9.87
v 0.7695 8.5695 9.87
v 0.7835 8.5601 9.87
v 0.8345 8.55 9.87
v 3.8655 8.55 9.87
v 3.9165 8.5601 9.87
v 3.9305 8.5695 9.87
v 3.9399 8.5835 9.87
v 3.95 8.6345 9.87
v 3.95 9.9655 9.87
v 3.9399 10.0165 9.87
v 3.9305 10.0305 9.87
v 3.9165 10.0399 9.87
v 3.8655 10.05 9.87
v 0.8345 10.05 9.87
v 0.7835 10.0399 9.87
v 0.7695 10.0305 9.87
v 0.7601 10.0165 9.87
v 0.75 9.9655 9.87
v 2.35 9.3 5.77
v 2.35 9.3 9.87
v 10.7 8.6394 5.57
v 10.7072 8.603 5.57
v 10.563 8.5433 5.6004
v 10.5469 8.6243 5.6004
v 10.5952 8.4952 5.6004
v 10.7055 8.6055 5.57
v 10.6433 8.463 5.6004
v 10.703 8.6072 5.57
v 10.7394 8.6 5.57
v 10.7243 8.4469 5.6004
v 14.4606 8.6 5.57
v 14.4757 8.4469 5.6004
v 14.497 8.6072 5.57
v 14.5567 8.463 5.6004
v 14.6048 8.4952 5.6004
v 14.4945 8.6055 5.57
v 14.637 8.5433 5.6004
v 14.4928 8.603 5.57
v 14.5 8.6394 5.57
v 14.6531 8.6243 5.6004
v 14.5 10.0606 5.57
v 14.6531 10.0757 5.6004
v 14.4928 10.097 5.57
v 14.637 10.1567 5.6004
v 14.6048 10.2048 5.6004
v 14.4945 10.0945 5.57
v 14.5567 10.237 5.6004
v 14.497 10.0928 5.57
v 14.4606 10.1 5.57
v 14.4757 10.2531 5.6004
v 10.7394 10.1 5.57
v 10.7243 10.2531 5.6004
v 10.703 10.0928 5.57
v 10.6433 10.237 5.6004
v 10.5952 10.2048 5.6004
v 10.7055 10.0945 5.57
v 10.563 10.1567 5.6004
v 10.7072 10.097 5.57
v 10.7 10.0606 5.57
v 10.5469 10.0757 5.6004
v 10.4408 8.4926 5.6872
v 10.4172 8.6115 5.6872
v 10.5016 8.4016 5.6872
v 10.5926 8.3408 5.6872
v 10.7115 8.3172 5.6872
v 14.4885 8.3172 5.6872
v 14.6074 8.3408 5.6872
v 14.6984 8.4016 5.6872
v 14.7592 8.4926 5.6872
v 14.7828 8.6115 5.6872
v 14.7828 10.0885 5.6872
v 14.7592 10.2074 5.6872
v 14.6984 10.2984 5.6872
v 14.6074 10.3592 5.6872
v 14.4885 10.3828 5.6872
v 10.7115 10.3828 5.6872
v 10.5926 10.3592 5.6872
v 10.5016 10.2984 5.6872
v 10.4408 10.2074 5.6872
v 10.4172 10.0885 5.6872
v 10.3591 8.4588 5.8169
v 10.3304 8.603 5.8169
v 10.4391 8.3391 5.8169
v 10.5588 8.2591 5.8169
v 10.703 8.2304 5.8169
v 14.497 8.2304 5.8169
v 14.6412 8.2591 5.8169
v 14.7609 8.3391 5.8169
v 14.8409 8.4588 5.8169
v 14.8696 8.603 5.8169
v 14.8696 10.097 5.8169
v 14.8409 10.2412 5.8169
v 14.7609 10.3609 5.8169
v 14.6412 10.4409 5.8169
v 14.497 10.4696 5.8169
v 10.703 10.4696 5.8169
v 10.5588 10.4409 5.8169
v 10.4391 10.3609 5.8169
v 10.3591 10.2412 5.8169
v 10.3304 10.097 5.8169
v 10.3304 8.4469 5.97
v 10.3 8.6 5.97
v 10.4172 8.3172 5.97
v 10.5469 8.2304 5.97
v 10.7 8.2 5.97
v 14.5 8.2 5.97
v 14.6531 8.2304 5.97
v 14.7828 8.3172 5.97
v 14.8696 8.4469 5.97
v 14.9 8.6 5.97
v 14.9 10.1 5.97
v 14.8696 10.2531 5.97
v 14.7828 10.3828 5.97
v 14.6531 10.4696 5.97
v 14.5 10.5 5.97
v 10.7 10.5 5.97
v 10.5469 10.4696 5.97
v 10.4172 10.3828 5.97
v 10.3304 10.2531 5.97
v 10.3 10.1 5.97
v 10.3304 8.4469 9.77
v 10.3 8.6 9.77
v 10.4172 8.3172 9.77
v 10.5469 8.2304 9.77
v 10.7 8.2 9.77
v 14.5 8.2 9.77
v 14.6531 8.2304 9.77
v 14.7828 8.3172 9.77
v 14.8696 8.4469 9.77
v 14.9 8.6 9.77
v 14.9 10.1 9.77
v 14.8696 10.2531 9.77
v 14.7828 10.3828 9.77
v 14.6531 10.4696 9.77
v 14.5 10.5 9.77
v 10.7 10.5 9.77
v 10.5469 10.4696 9.77
v 10.4172 10.3828 9.77
v 10.3304 10.2531 9.77
v 10.3 10.1 9.77
v 10.3591 8.4588 9.9231
v 10.3304 8.603 9.9231
v 10.4391 8.3391 9.9231
v 10.5588 8.2591 9.9231
v 10.703 8.2304 9.9231
v 14.497 8.2304 9.9231
v 14.6412 8.2591 9.9231
v 14.7609 8.3391 9.9231
v 14.8409 8.4588 9.9231
v 14.8696 8.603 9.9231
v 14.8696 10.097 9.9231
v 14.8409 10.2412 9.9231
v 14.7609 10.3609 9.9231
v 14.6412 10.4409 9.9231
v 14.497 10.4696 9.9231
v 10.703 10.4696 9.9231
v 10.5588 10.4409 9.9231
v 10.4391 10.3609 9.9231
v 10.3591 10.2412 9.9231
v 10.3304 10.097 9.9231
v 10.4408 8.4926 10.0528
v 10.4172 8.6115 10.0528
v 10.5016 8.4016 10.0528
v 10.5926 8.3408 10.0528
v 10.7115 8.3172 10.0528
v 14.4885 8.3172 10.0528
v 14.6074 8.3408 10.0528
v 14.6984 8.4016 10.0528
v 14.7592 8.4926 10.0528
v 14.7828 8.6115 10.0528
v 14.7828 10.0885 10.0528
v 14.7592 10.2074 10.0528
v 14.6984 10.2984 10.0528
v 14.6074 10.3592 10.0528
v 14.4885 10.3828 10.0528
v 10.7115 10.3828 10.0528
v 10.5926 10.3592 10.0528
v 10.5016 10.2984 10.0528
v 10.4408 10.2074 10.0528
v 10.4172 10.0885 10.0528
v 10.563 8.5433 10.1396
v 10.5469 8.6243 10.1396
v 10.5952 8.4952 10.1396
v 10.6433 8.463 10.1396
v 10.7243 8.4469 10.1396
v 14.4757 8.4469 10.1396
v 14.5567 8.463 10.1396
v 14.6048 8.4952 10.1396
v 14.637 8.5433 10.1396
v 14.6531 8.6243 10.1396
v 14.6531 10.0757 10.1396
v 14.637 10.1567 10.1396
v 14.6048 10.2048 10.1396
v 14.5567 10.237 10.1396
v 14.4757 10.2531 10.1396
v 10.7243 10.2531 10.1396
v 10.6433 10.237 10.1396
v 10.5952 10.2048 10.1396
v 10.563 10.1567 10.1396
v 10.5469 10.0757 10.1396
v 10.7072 8.603 10.17
v 10.7 8.6394 10.17
v 10.7055 8.6055 10.17
v 10.703 8.6072 10.17
v 10.7394 8.6 10.17
v 14.4606 8.6 10.17
v 14.497 8.6072 10.17
v 14.4945 8.6055 10.17
v 14.4928 8.603 10.17
v 14.5 8.6394 10.17
v 14.5 10.0606 10.17
v 14.4928 10.097 10.17
v 14.4945 10.0945 10.17
v 14.497 10.0928 10.17
v 14.4606 10.1 10.17
v 10.7394 10.1 10.17
v 10.703 10.0928 10.17
v 10.7055 10.0945 10.17
v 10.7072 10.097 10.17
v 10.7 10.0606 10.17
v 12.6 9.35 5.57
v 12.6 9.35 10.17
v 6.85 9.1542 6.57
v 6.8561 9.1233 6.57
v 6.6579 9.0411 6.6119
v 6.6395 9.1334 6.6119
v 6.6912 8.9912 6.6119
v 6.843 9.143 6.57
v 6.7411 8.9579 6.6119
v 6.8233 9.1561 6.57
v 6.8542 9.15 6.57
v 6.8334 8.9395 6.6119
v 9.1458 9.15 6.57
v 9.1666 8.9395 6.6119
v 9.1767 9.1561 6.57
v 9.2589 8.9579 6.6119
v 9.3088 8.9912 6.6119
v 9.157 9.143 6.57
v 9.3421 9.0411 6.6119
v 9.1439 9.1233 6.57
v 9.15 9.1542 6.57
v 9.3605 9.1334 6.6119
v 9.15 12.0458 6.57
v 9.3605 12.0666 6.6119
v 9.1439 12.0767 6.57
v 9.3421 12.1589 6.6119
v 9.3088 12.2088 6.6119
v 9.157 12.057 6.57
v 9.2589 12.2421 6.6119
v 9.1767 12.0439 6.57
v 9.1458 12.05 6.57
v 9.1666 12.2605 6.6119
v 6.8542 12.05 6.57
v 6.8334 12.2605 6.6119
v 6.8233 12.0439 6.57
v 6.7411 12.2421 6.6119
v 6.6912 12.2088 6.6119
v 6.843 12.057 6.57
v 6.6579 12.1589 6.6119
v 6.8561 12.0767 6.57
v 6.85 12.0458 6.57
v 6.6395 12.0666 6.6119
v 6.4898 8.9715 6.7311
v 6.4611 9.1159 6.7311
v 6.5626 8.8626 6.7311
v 6.6715 8.7898 6.7311
v 6.8159 8.7611 6.7311
v 9.1841 8.7611 6.7311
v 9.3285 8.7898 6.7311
v 9.4374 8.8626 6.7311
v 9.5102 8.9715 6.7311
v 9.5389 9.1159 6.7311
v 9.5389 12.0841 6.7311
v 9.5102 12.2285 6.7311
v 9.4374 12.3374 6.7311
v 9.3285 12.4102 6.7311
v 9.1841 12.4389 6.7311
v 6.8159 12.4389 6.7311
v 6.6715 12.4102 6.7311
v 6.5626 12.3374 6.7311
v 6.4898 12.2285 6.7311
v 6.4611 12.0841 6.7311
v 6.3775 8.925 6.9095
v 6.3419 9.1041 6.9095
v 6.4766 8.7766 6.9095
v 6.625 8.6775 6.9095
v 6.8041 8.6419 6.9095
v 9.1959 8.6419 6.9095
v 9.375 8.6775 6.9095
v 9.5234 8.7766 6.9095
v 9.6225 8.925 6.9095
v 9.6581 9.1041 6.9095
v 9.6581 12.0959 6.9095
v 9.6225 12.275 6.9095
v 9.5234 12.4234 6.9095
v 9.375 12.5225 6.9095
v 9.1959 12.5581 6.9095
v 6.8041 12.5581 6.9095
v 6.625 12.5225 6.9095
v 6.4766 12.4234 6.9095
v 6.3775 12.275 6.9095
v 6.3419 12.0959 6.9095
v 6.3381 8.9087 7.12
v 6.3 9.1 7.12
v 6.4464 8.7464 7.12
v 6.6087 8.6381 7.12
v 6.8 8.6 7.12
v 9.2 8.6 7.12
v 9.3913 8.6381 7.12
v 9.5536 8.7464 7.12
v 9.6619 8.9087 7.12
v 9.7 9.1 7.12
v 9.7 12.1 7.12
v 9.6619 12.2913 7.12
v 9.5536 12.4536 7.12
v 9.3913 12.5619 7.12
v 9.2 12.6 7.12
v 6.8 12.6 7.12
v 6.6087 12.5619 7.12
v 6.4464 12.4536 7.12
v 6.3381 12.2913 7.12
v 6.3 12.1 7.12
v 6.3381 8.9087 8.42
v 6.3 9.1 8.42
v 6.4464 8.7464 8.42
v 6.6087 8.6381 8.42
v 6.8 8.6 8.42
v 9.2 8.6 8.42
v 9.3913 8.6381 8.42
v 9.5536 8.7464 8.42
v 9.6619 8.9087 8.42
v 9.7 9.1 8.42
v 9.7 12.1 8.42
v 9.6619 12.2913 8.42
v 9.5536 12.4536 8.42
v 9.3913 12.5619 8.42
v 9.2 12.6 8.42
v 6.8 12.6 8.42
v 6.6087 12.5619 8.42
v 6.4464 12.4536 8.42
v 6.3381 12.2913 8.42
v 6.3 12.1 8.42
v 6.3775 8.925 8.6305
v 6.3419 9.1041 8.6305
v 6.4766 8.7766 8.6305
v 6.625 8.6775 8.6305
v 6.8041 8.6419 8.6305
v 9.1959 8.6419 8.6305
v 9.375 8.6775 8.6305
v 9.5234 8.7766 8.6305
v 9.6225 8.925 8.6305
v 9.6581 9.1041 8.6305
v 9.6581 12.0959 8.6305
v 9.6225 12.275 8.6305
v 9.5234 12.4234 8.6305
v 9.375 12.5225 8.6305
v 9.1959 12.5581 8.6305
v 6.8041 12.5581 8.6305
v 6.625 12.5225 8.6305
v 6.4766 12.4234 8.6305
v 6.3775 12.275 8.6305
v 6.3419 12.0959 8.6305
v 6.4898 8.9715 8.8089
v 6.4611 9.1159 8.8089
v 6.5626 8.8626 8.8089
v 6.6715 8.7898 8.8089
v 6.8159 8.7611 8.8089
v 9.1841 8.7611 8.8089
v 9.3285 8.7898 8.8089
v 9.4374 8.8626 8.8089
v 9.5102 8.9715 8.8089
v 9.5389 9.1159 8.8089
v 9.5389 12.0841 8.8089
v 9.5102 12.2285 8.8089
v 9.4374 12.3374 8.8089
v 9.3285 12.4102 8.8089
v 9.1841 12.4389 8.8089
v 6.8159 12.4389 8.8089
v 6.6715 12.4102 8.8089
v 6.5626 12.3374 8.8089
v 6.4898 12.2285 8.8089
v 6.4611 12.0841 8.8089
v 6.6579 9.0411 8.9281
v 6.6395 9.1334 8.9281
v 6.6912 8.9912 8.9281
v 6.7411 8.9579 8.9281
v 6.8334 8.9395 8.9281
v 9.1666 8.9395 8.9281
v 9.2589 8.9579 8.9281
v 9.3088 8.9912 8.9281
v 9.3421 9.0411 8.9281
v 9.3605 9.1334 8.9281
v 9.3605 12.0666 8.9281
v 9.3421 12.1589 8.9281
v 9.3088 12.2088 8.9281
v 9.2589 12.2421 8.9281
v 9.1666 12.2605 8.9281
v 6.8334 12.2605 8.9281
v 6.7411 12.2421 8.9281
v 6.6912 12.2088 8.9281
v 6.6579 12.1589 8.9281
v 6.6395 12.0666 8.9281
v 6.8561 9.1233 8.97
v 6.85 9.1542 8.97
v 6.843 9.143 8.97
v 6.8233 9.1561 8.97
v 6.8542 9.15 8.97
v 9.1458 9.15 8.97
v 9.1767 9.1561 8.97
v 9.157 9.143 8.97
v 9.1439 9.1233 8.97
v 9.15 9.1542 8.97
v 9.15 12.0458 8.97
v 9.1439 12.0767 8.97
v 9.157 12.057 8.97
v 9.1767 12.0439 8.97
v 9.1458 12.05 8.97
v 6.8542 12.05 8.97
v 6.8233 12.0439 8.97
v 6.843 12.057 8.97
v 6.8561 12.0767 8.97
v 6.85 12.0458 8.97
v 8 10.6 6.57
v 8 10.6 8.97
v 5.2 9.7197 6.97
v 5.2036 9.7015 6.97
v 5.1094 9.6625 6.9968
v 5.1 9.7098 6.9968
v 5.1307 9.6307 6.9968
v 5.2028 9.7028 6.97
v 5.1625 9.6094 6.9968
v 5.2015 9.7036 6.97
v 5.2197 9.7 6.97
v 5.2098 9.6 6.9968
v 6.3803 9.7 6.97
v 6.3902 9.6 6.9968
v 6.3985 9.7036 6.97
v 6.4375 9.6094 6.9968
v 6.4693 9.6307 6.9968
v 6.3972 9.7028 6.97
v 6.4906 9.6625 6.9968
v 6.3964 9.7015 6.97
v 6.4 9.7197 6.97
v 6.5 9.7098 6.9968
v 6.4 10.3803 6.97
v 6.5 10.3902 6.9968
v 6.3964 10.3985 6.97
v 6.4906 10.4375 6.9968
v 6.4693 10.4693 6.9968
v 6.3972 10.3972 6.97
v 6.4375 10.4906 6.9968
v 6.3985 10.3964 6.97
v 6.3803 10.4 6.97
v 6.3902 10.5 6.9968
v 5.2197 10.4 6.97
v 5.2098 10.5 6.9968
v 5.2015 10.3964 6.97
v 5.1625 10.4906 6.9968
v 5.1307 10.4693 6.9968
v 5.2028 10.3972 6.97
v 5.1094 10.4375 6.9968
v 5.2036 10.3985 6.97
v 5.2 10.3803 6.97
v 5.1 10.3902 6.9968
v 5.0405 9.6339 7.07
v 5.0268 9.7026 7.07
v 5.0779 9.5779 7.07
v 5.1339 9.5405 7.07
v 5.2026 9.5268 7.07
v 6.3974 9.5268 7.07
v 6.4661 9.5405 7.07
v 6.5221 9.5779 7.07
v 6.5595 9.6339 7.07
v 6.5732 9.7026 7.07
v 6.5732 10.3974 7.07
v 6.5595 10.4661 7.07
v 6.5221 10.5221 7.07
v 6.4661 10.5595 7.07
v 6.3974 10.5732 7.07
v 5.2026 10.5732 7.07
v 5.1339 10.5595 7.07
v 5.0779 10.5221 7.07
v 5.0405 10.4661 7.07
v 5.0268 10.3974 7.07
v 5.0152 9.6235 7.17
v 5 9.7 7.17
v 5.0586 9.5586 7.17
v 5.1235 9.5152 7.17
v 5.2 9.5 7.17
v 6.4 9.5 7.17
v 6.4765 9.5152 7.17
v 6.5414 9.5586 7.17
v 6.5848 9.6235 7.17
v 6.6 9.7 7.17
v 6.6 10.4 7.17
v 6.5848 10.4765 7.17
v 6.5414 10.5414 7.17
v 6.4765 10.5848 7.17
v 6.4 10.6 7.17
v 5.2 10.6 7.17
v 5.1235 10.5848 7.17
v 5.0586 10.5414 7.17
v 5.0152 10.4765 7.17
v 5 10.4 7.17
v 5.0152 9.6235 8.37
v 5 9.7 8.37
v 5.0586 9.5586 8.37
v 5.1235 9.5152 8.37
v 5.2 9.5 8.37
v 6.4 9.5 8.37
v 6.4765 9.5152 8.37
v 6.5414 9.5586 8.37
v 6.5848 9.6235 8.37
v 6.6 9.7 8.37
v 6.6 10.4 8.37
v 6.5848 10.4765 8.37
v 6.5414 10.5414 8.37
v 6.4765 10.5848 8.37
v 6.4 10.6 8.37
v 5.2 10.6 8.37
v 5.1235 10.5848 8.37
v 5.0586 10.5414 8.37
v 5.0152 10.4765 8.37
v 5 10.4 8.37
v 5.0405 9.6339 8.47
v 5.0268 9.7026 8.47
v 5.0779 9.5779 8.47
v 5.1339 9.5405 8.47
v 5.2026 9.5268 8.47
v 6.3974 9.5268 8.47
v 6.4661 9.5405 8.47
v 6.5221 9.5779 8.47
v 6.5595 9.6339 8.47
v 6.5732 9.7026 8.47
v 6.5732 10.3974 8.47
v 6.5595 10.4661 8.47
v 6.5221 10.5221 8.47
v 6.4661 10.5595 8.47
v 6.3974 10.5732 8.47
v 5.2026 10.5732 8.47
v 5.1339 10.5595 8.47
v 5.0779 10.5221 8.47
v 5.0405 10.4661 8.47
v 5.0268 10.3974 8.47
v 5.1094 9.6625 8.5432
v 5.1 9.7098 8.5432
v 5.1307 9.6307 8.5432
v 5.1625 9.6094 8.5432
v 5.2098 9.6 8.5432
v 6.3902 9.6 8.5432
v 6.4375 9.6094 8.5432
v 6.4693 9.6307 8.5432
v 6.4906 9.6625 8.5432
v 6.5 9.7098 8.5432
v 6.5 10.3902 8.5432
v 6.4906 10.4375 8.5432
v 6.4693 10.4693 8.5432
v 6.4375 10.4906 8.5432
v 6.3902 10.5 8.5432
v 5.2098 10.5 8.5432
v 5.1625 10.4906 8.5432
v 5.1307 10.4693 8.5432
v 5.1094 10.4375 8.5432
v 5.1 10.3902 8.5432
v 5.2036 9.7015 8.57
v 5.2 9.7197 8.57
v 5.2028 9.7028 8.57
v 5.2015 9.7036 8.57
v 5.2197 9.7 8.57
v 6.3803 9.7 8.57
v 6.3985 9.7036 8.57
v 6.3972 9.7028 8.57
v 6.3964 9.7015 8.57
v 6.4 9.7197 8.57
v 6.4 10.3803 8.57
v 6.3964 10.3985 8.57
v 6.3972 10.3972 8.57
v 6.3985 10.3964 8.57
v 6.3803 10.4 8.57
v 5.2197 10.4 8.57
v 5.2015 10.3964 8.57
v 5.2028 10.3972 8.57
v 5.2036 10.3985 8.57
v 5.2 10.3803 8.57
v 5.8 10.05 6.97
v 5.8 10.05 8.57
v 2.35 8.7 9.87
v 2.77 8.7 9.87
v 2.7494 8.5702 9.87
v 2.6898 8.4531 9.87
v 2.5969 8.3602 9.87
v 2.4798 8.3006 9.87
v 2.35 8.28 9.87
v 2.2202 8.3006 9.87
v 2.1031 8.3602 9.87
v 2.0102 8.4531 9.87
v 1.9506 8.5702 9.87
v 1.93 8.7 9.87
v 1.9506 8.8298 9.87
v 2.0102 8.9469 9.87
v 2.1031 9.0398 9.87
v 2.2202 9.0994 9.87
v 2.35 9.12 9.87
v 2.4798 9.0994 9.87
v 2.5969 9.0398 9.87
v 2.6898 8.9469 9.87
v 2.7494 8.8298 9.87
v 2.7494 8.5702 10.01
v 2.77 8.7 10.01
v 2.6898 8.4531 10.01
v 2.5969 8.3602 10.01
v 2.4798 8.3006 10.01
v 2.35 8.28 10.01
v 2.2202 8.3006 10.01
v 2.1031 8.3602 10.01
v 2.0102 8.4531 10.01
v 1.9506 8.5702 10.01
v 1.93 8.7 10.01
v 1.9506 8.8298 10.01
v 2.0102 8.9469 10.01
v 2.1031 9.0398 10.01
v 2.2202 9.0994 10.01
v 2.35 9.12 10.01
v 2.4798 9.0994 10.01
v 2.5969 9.0398 10.01
v 2.6898 8.9469 10.01
v 2.7494 8.8298 10.01
v 2.6353 8.6073 10.13
v 2.65 8.7 10.13
v 2.5927 8.5237 10.13
v 2.5263 8.4573 10.13
v 2.4427 8.4147 10.13
v 2.35 8.4 10.13
v 2.2573 8.4147 10.13
v 2.1737 8.4573 10.13
v 2.1073 8.5237 10.13
v 2.0647 8.6073 10.13
v 2.05 8.7 10.13
v 2.0647 8.7927 10.13
v 2.1073 8.8763 10.13
v 2.1737 8.9427 10.13
v 2.2573 8.9853 10.13
v 2.35 9 10.13
v 2.4427 8.9853 10.13
v 2.5263 8.9427 10.13
v 2.5927 8.8763 10.13
v 2.6353 8.7927 10.13
v 2.35 8.7 10.13
v 12.6 8.8 10.17
v 13.02 8.8 10.17
v 12.9994 8.6702 10.17
v 12.9398 8.5531 10.17
v 12.8469 8.4602 10.17
v 12.7298 8.4006 10.17
v 12.6 8.38 10.17
v 12.4702 8.4006 10.17
v 12.3531 8.4602 10.17
v 12.2602 8.5531 10.17
v 12.2006 8.6702 10.17
v 12.18 8.8 10.17
v 12.2006 8.9298 10.17
v 12.2602 9.0469 10.17
v 12.3531 9.1398 10.17
v 12.4702 9.1994 10.17
v 12.6 9.22 10.17
v 12.7298 9.1994 10.17
v 12.8469 9.1398 10.17
v 12.9398 9.0469 10.17
v 12.9994 8.9298 10.17
v 12.9994 8.6702 10.31
v 13.02 8.8 10.31
v 12.9398 8.5531 10.31
v 12.8469 8.4602 10.31
v 12.7298 8.4006 10.31
v 12.6 8.38 10.31
v 12.4702 8.4006 10.31
v 12.3531 8.4602 10.31
v 12.2602 8.5531 10.31
v 12.2006 8.6702 10.31
v 12.18 8.8 10.31
v 12.2006 8.9298 10.31
v 12.2602 9.0469 10.31
v 12.3531 9.1398 10.31
v 12.4702 9.1994 10.31
v 12.6 9.22 10.31
v 12.7298 9.1994 10.31
v 12.8469 9.1398 10.31
v 12.9398 9.0469 10.31
v 12.9994 8.9298 10.31
v 12.8853 8.7073 10.43
v 12.9 8.8 10.43
v 12.8427 8.6237 10.43
v 12.7763 8.5573 10.43
v 12.6927 8.5147 10.43
v 12.6 8.5 10.43
v 12.5073 8.5147 10.43
v 12.4237 8.5573 10.43
v 12.3573 8.6237 10.43
v 12.3147 8.7073 10.43
v 12.3 8.8 10.43
v 12.3147 8.8927 10.43
v 12.3573 8.9763 10.43
v 12.4237 9.0427 10.43
v 12.5073 9.0853 10.43
v 12.6 9.1 10.43
v 12.6927 9.0853 10.43
v 12.7763 9.0427 10.43
v 12.8427 8.9763 10.43
v 12.8853 8.8927 10.43
v 12.6 8.8 10.43
v 9.3 4.6 8.57
v 10.08 4.6 8.57
v 10.0604 4.6 8.7436
v 10.0028 4.6 8.9084
v 9.9098 4.6 9.0563
v 9.7863 4.6 9.1798
v 9.6384 4.6 9.2728
v 9.4736 4.6 9.3304
v 9.3 4.6 9.35
v 9.1264 4.6 9.3304
v 8.9616 4.6 9.2728
v 8.8137 4.6 9.1798
v 8.6902 4.6 9.0563
v 8.5972 4.6 8.9084
v 8.5396 4.6 8.7436
v 8.52 4.6 8.57
v 8.5396 4.6 8.3964
v 8.5972 4.6 8.2316
v 8.6902 4.6 8.0837
v 8.8137 4.6 7.9602
v 8.9616 4.6 7.8672
v 9.1264 4.6 7.8096
v 9.3 4.6 7.79
v 9.4736 4.6 7.8096
v 9.6384 4.6 7.8672
v 9.7863 4.6 7.9602
v 9.9098 4.6 8.0837
v 10.0028 4.6 8.2316
v 10.0604 4.6 8.3964
v 10.1384 4.7 8.7614
v 10.16 4.7 8.57
v 10.0748 4.7 8.9431
v 9.9724 4.7 9.1062
v 9.8362 4.7 9.2424
v 9.6731 4.7 9.3448
v 9.4914 4.7 9.4084
v 9.3 4.7 9.43
v 9.1086 4.7 9.4084
v 8.9269 4.7 9.3448
v 8.7638 4.7 9.2424
v 8.6276 4.7 9.1062
v 8.5252 4.7 8.9431
v 8.4616 4.7 8.7614
v 8.44 4.7 8.57
v 8.4616 4.7 8.3786
v 8.5252 4.7 8.1969
v 8.6276 4.7 8.0338
v 8.7638 4.7 7.8976
v 8.9269 4.7 7.7952
v 9.1086 4.7 7.7316
v 9.3 4.7 7.71
v 9.4914 4.7 7.7316
v 9.6731 4.7 7.7952
v 9.8362 4.7 7.8976
v 9.9724 4.7 8.0338
v 10.0748 4.7 8.1969
v 10.1384 4.7 8.3786
v 10.1384 8.3 8.7614
v 10.16 8.3 8.57
v 10.0748 8.3 8.9431
v 9.9724 8.3 9.1062
v 9.8362 8.3 9.2424
v 9.6731 8.3 9.3448
v 9.4914 8.3 9.4084
v 9.3 8.3 9.43
v 9.1086 8.3 9.4084
v 8.9269 8.3 9.3448
v 8.7638 8.3 9.2424
v 8.6276 8.3 9.1062
v 8.5252 8.3 8.9431
v 8.4616 8.3 8.7614
v 8.44 8.3 8.57
v 8.4616 8.3 8.3786
v 8.5252 8.3 8.1969
v 8.6276 8.3 8.0338
v 8.7638 8.3 7.8976
v 8.9269 8.3 7.7952
v 9.1086 8.3 7.7316
v 9.3 8.3 7.71
v 9.4914 8.3 7.7316
v 9.6731 8.3 7.7952
v 9.8362 8.3 7.8976
v 9.9724 8.3 8.0338
v 10.0748 8.3 8.1969
v 10.1384 8.3 8.3786
v 9.9824 8.65 8.7258
v 10 8.65 8.57
v 9.9307 8.65 8.8737
v 9.8473 8.65 9.0064
v 9.7364 8.65 9.1173
v 9.6037 8.65 9.2007
v 9.4558 8.65 9.2524
v 9.3 8.65 9.27
v 9.1442 8.65 9.2524
v 8.9963 8.65 9.2007
v 8.8636 8.65 9.1173
v 8.7527 8.65 9.0064
v 8.6693 8.65 8.8737
v 8.6176 8.65 8.7258
v 8.6 8.65 8.57
v 8.6176 8.65 8.4142
v 8.6693 8.65 8.2663
v 8.7527 8.65 8.1336
v 8.8636 8.65 8.0227
v 8.9963 8.65 7.9393
v 9.1442 8.65 7.8876
v 9.3 8.65 7.87
v 9.4558 8.65 7.8876
v 9.6037 8.65 7.9393
v 9.7364 8.65 8.0227
v 9.8473 8.65 8.1336
v 9.9307 8.65 8.2663
v 9.9824 8.65 8.4142
v 9.7875 8.75 8.6813
v 9.8 8.75 8.57
v 9.7505 8.75 8.7869
v 9.6909 8.75 8.8817
v 9.6117 8.75 8.9609
v 9.5169 8.75 9.0205
v 9.4113 8.75 9.0575
v 9.3 8.75 9.07
v 9.1887 8.75 9.0575
v 9.0831 8.75 9.0205
v 8.9883 8.75 8.9609
v 8.9091 8.75 8.8817
v 8.8495 8.75 8.7869
v 8.8125 8.75 8.6813
v 8.8 8.75 8.57
v 8.8125 8.75 8.4587
v 8.8495 8.75 8.3531
v 8.9091 8.75 8.2583
v 8.9883 8.75 8.1791
v 9.0831 8.75 8.1195
v 9.1887 8.75 8.0825
v 9.3 8.75 8.07
v 9.4113 8.75 8.0825
v 9.5169 8.75 8.1195
v 9.6117 8.75 8.1791
v 9.6909 8.75 8.2583
v 9.7505 8.75 8.3531
v 9.7875 8.75 8.4587
v 9.3 8.75 8.57
v 9.783 8.75 8.6994
v 9.733 8.75 8.82
v 9.6536 8.75 8.9236
v 9.55 8.75 9.003
v 9.4294 8.75 9.053
v 9.1706 8.75 9.053
v 9.05 8.75 9.003
v 8.9464 8.75 8.9236
v 8.867 8.75 8.82
v 8.817 8.75 8.6994
v 8.817 8.75 8.4406
v 8.867 8.75 8.32
v 8.9464 8.75 8.2164
v 9.05 8.75 8.137
v 9.1706 8.75 8.087
v 9.4294 8.75 8.087
v 9.55 8.75 8.137
v 9.6536 8.75 8.2164
v 9.733 8.75 8.32
v 9.783 8.75 8.4406
v 9.783 9.4 8.6994
v 9.8 9.4 8.57
v 9.733 9.4 8.82
v 9.6536 9.4 8.9236
v 9.55 9.4 9.003
v 9.4294 9.4 9.053
v 9.3 9.4 9.07
v 9.1706 9.4 9.053
v 9.05 9.4 9.003
v 8.9464 9.4 8.9236
v 8.867 9.4 8.82
v 8.817 9.4 8.6994
v 8.8 9.4 8.57
v 8.817 9.4 8.4406
v 8.867 9.4 8.32
v 8.9464 9.4 8.2164
v 9.05 9.4 8.137
v 9.1706 9.4 8.087
v 9.3 9.4 8.07
v 9.4294 9.4 8.087
v 9.55 9.4 8.137
v 9.6536 9.4 8.2164
v 9.733 9.4 8.32
v 9.783 9.4 8.4406
v 9.3 9.4 8.57
v 10.17 5.2 8.57
v 10.1482 6.3 8.7636
v 10.1482 5.2 8.7636
v 10.17 6.3 8.57
v 10.0838 6.3 8.9475
v 10.0838 5.2 8.9475
v 9.9802 6.3 9.1124
v 9.9802 5.2 9.1124
v 9.8424 6.3 9.2502
v 9.8424 5.2 9.2502
v 9.6775 6.3 9.3538
v 9.6775 5.2 9.3538
v 9.4936 6.3 9.4182
v 9.4936 5.2 9.4182
v 9.3 6.3 9.44
v 9.3 5.2 9.44
v 9.1064 6.3 9.4182
v 9.1064 5.2 9.4182
v 8.9225 6.3 9.3538
v 8.9225 5.2 9.3538
v 8.7576 6.3 9.2502
v 8.7576 5.2 9.2502
v 8.6198 6.3 9.1124
v 8.6198 5.2 9.1124
v 8.5162 6.3 8.9475
v 8.5162 5.2 8.9475
v 8.4518 6.3 8.7636
v 8.4518 5.2 8.7636
v 8.43 6.3 8.57
v 8.43 5.2 8.57
v 8.4518 6.3 8.3764
v 8.4518 5.2 8.3764
v 8.5162 6.3 8.1925
v 8.5162 5.2 8.1925
v 8.6198 6.3 8.0276
v 8.6198 5.2 8.0276
v 8.7576 6.3 7.8898
v 8.7576 5.2 7.8898
v 8.9225 6.3 7.7862
v 8.9225 5.2 7.7862
v 9.1064 6.3 7.7218
v 9.1064 5.2 7.7218
v 9.3 6.3 7.7
v 9.3 5.2 7.7
v 9.4936 6.3 7.7218
v 9.4936 5.2 7.7218
v 9.6775 6.3 7.7862
v 9.6775 5.2 7.7862
v 9.8424 6.3 7.8898
v 9.8424 5.2 7.8898
v 9.9802 6.3 8.0276
v 9.9802 5.2 8.0276
v 10.0838 6.3 8.1925
v 10.0838 5.2 8.1925
v 10.1482 6.3 8.3764
v 10.1482 5.2 8.3764
vt 0.91836 0.51158
vt 0.92533 0.50657
vt 0.91843 0.51229
vt 0.92568 0.51014
vt 0.92498 0.50552
vt 0.9197 0.51608
vt 0.92445 0.50481
vt 0.92159 0.51861
vt 0.92266 0.5041
vt 0.92194 0.51875
vt 0.85189 0.51875
vt 0.85116 0.5041
vt 0.84938 0.50481
vt 0.85224 0.51861
vt 0.84885 0.50552
vt 0.85413 0.51608
vt 0.8485 0.50657
vt 0.8554 0.51229
vt 0.84814 0.51014
vt 0.85547 0.51158
vt 0.85547 0.77748
vt 0.84814 0.77892
vt 0.8485 0.78249
vt 0.8554 0.77678
vt 0.84885 0.78355
vt 0.85413 0.77299
vt 0.84938 0.78425
vt 0.85224 0.77045
vt 0.85116 0.78496
vt 0.85189 0.77031
vt 0.92194 0.77031
vt 0.92266 0.78496
vt 0.92445 0.78425
vt 0.92159 0.77045
vt 0.92498 0.78355
vt 0.9197 0.77299
vt 0.92533 0.78249
vt 0.91843 0.77678
vt 0.92568 0.77892
vt 0.91836 0.77748
vt 0.93118 0.50172
vt 0.93189 0.50892
vt 0.92945 0.49656
vt 0.92687 0.49311
vt 0.92328 0.49168
vt 0.85055 0.49168
vt 0.84696 0.49311
vt 0.84437 0.49656
vt 0.84265 0.50172
vt 0.84193 0.50892
vt 0.84193 0.78015
vt 0.84265 0.78734
vt 0.84437 0.7925
vt 0.84696 0.79595
vt 0.85055 0.79738
vt 0.92328 0.79738
vt 0.92687 0.79595
vt 0.92945 0.7925
vt 0.93118 0.78734
vt 0.93189 0.78015
vt 0.93509 0.49849
vt 0.00391 0.02344
vt 0.93245 0.49058
vt 0.92849 0.4853
vt 0.92368 0.48338
vt 0.85014 0.48338
vt 0.84534 0.4853
vt 0.84138 0.49058
vt 0.83874 0.49849
vt 0.83779 0.5081
vt 0.83779 0.78096
vt 0.83874 0.79058
vt 0.84138 0.79848
vt 0.84534 0.80377
vt 0.85014 0.80568
vt 0.92368 0.80568
vt 0.92849 0.80377
vt 0.93245 0.79848
vt 0.93509 0.79058
vt 0.93604 0.78096
vt 0.93604 0.5081
vt 0.0288 0.5081
vt 0.03367 0.50172
vt 0.03295 0.50892
vt 0.02976 0.49849
vt 0.03539 0.49656
vt 0.0324 0.49058
vt 0.03797 0.49311
vt 0.03635 0.4853
vt 0.04157 0.49168
vt 0.04116 0.48338
vt 0.11429 0.49168
vt 0.1147 0.48338
vt 0.11789 0.49311
vt 0.11951 0.4853
vt 0.12047 0.49656
vt 0.12346 0.49058
vt 0.12219 0.50172
vt 0.1261 0.49849
vt 0.12291 0.50892
vt 0.12706 0.5081
vt 0.12291 0.78015
vt 0.12706 0.78096
vt 0.12219 0.78734
vt 0.1261 0.79058
vt 0.12047 0.7925
vt 0.12346 0.79848
vt 0.11789 0.79595
vt 0.11951 0.80377
vt 0.11429 0.79738
vt 0.1147 0.80568
vt 0.04157 0.79738
vt 0.04116 0.80568
vt 0.03797 0.79595
vt 0.03635 0.80377
vt 0.03539 0.7925
vt 0.0324 0.79848
vt 0.03367 0.78734
vt 0.02976 0.79058
vt 0.03295 0.78015
vt 0.0288 0.78096
vt 0.03951 0.50657
vt 0.03916 0.51014
vt 0.03987 0.50552
vt 0.04039 0.50481
vt 0.04218 0.5041
vt 0.11368 0.5041
vt 0.11547 0.50481
vt 0.11599 0.50552
vt 0.11634 0.50657
vt 0.1167 0.51014
vt 0.1167 0.77892
vt 0.11634 0.78249
vt 0.11599 0.78355
vt 0.11547 0.78425
vt 0.11368 0.78496
vt 0.04218 0.78496
vt 0.04039 0.78425
vt 0.03987 0.78355
vt 0.03951 0.78249
vt 0.03916 0.77892
vt 0.04641 0.51229
vt 0.04648 0.51158
vt 0.04515 0.51608
vt 0.04325 0.51861
vt 0.0429 0.51875
vt 0.11296 0.51875
vt 0.11261 0.51861
vt 0.11071 0.51608
vt 0.10944 0.51229
vt 0.10938 0.51158
vt 0.10938 0.77748
vt 0.10944 0.77678
vt 0.11071 0.77299
vt 0.11261 0.77045
vt 0.11296 0.77031
vt 0.0429 0.77031
vt 0.04325 0.77045
vt 0.04515 0.77299
vt 0.04641 0.77678
vt 0.04648 0.77748
vt 0.88691 0.64453
vt 0.07793 0.64453
vt 0.81445 0.51104
vt 0.81436 0.51015
vt 0.82028 0.50525
vt 0.82073 0.50981
vt 0.81955 0.50308
vt 0.81503 0.51213
vt 0.81847 0.50163
vt 0.81602 0.51346
vt 0.81557 0.51328
vt 0.81619 0.50072
vt 0.76958 0.51328
vt 0.76897 0.50072
vt 0.76914 0.51346
vt 0.76669 0.50163
vt 0.7656 0.50308
vt 0.77013 0.51213
vt 0.76488 0.50525
vt 0.77079 0.51015
vt 0.7707 0.51104
vt 0.76442 0.50981
vt 0.7707 0.75614
vt 0.76442 0.75738
vt 0.77079 0.75704
vt 0.76488 0.76194
vt 0.7656 0.76411
vt 0.77013 0.75505
vt 0.76669 0.76556
vt 0.76914 0.75373
vt 0.76958 0.75391
vt 0.76897 0.76646
vt 0.81557 0.75391
vt 0.81619 0.76646
vt 0.81602 0.75373
vt 0.81847 0.76556
vt 0.81955 0.76411
vt 0.81503 0.75505
vt 0.82028 0.76194
vt 0.81436 0.75704
vt 0.81445 0.75614
vt 0.82073 0.75738
vt 0.82529 0.5011
vt 0.82605 0.50876
vt 0.82339 0.49541
vt 0.82054 0.4916
vt 0.81671 0.49008
vt 0.76844 0.49008
vt 0.76461 0.4916
vt 0.76177 0.49541
vt 0.75986 0.5011
vt 0.7591 0.50876
vt 0.7591 0.75843
vt 0.75986 0.76609
vt 0.76177 0.77178
vt 0.76461 0.77558
vt 0.76844 0.77711
vt 0.81671 0.77711
vt 0.82054 0.77558
vt 0.82339 0.77178
vt 0.82529 0.76609
vt 0.82605 0.75843
vt 0.82864 0.49832
vt 0.82595 0.49028
vt 0.82193 0.4849
vt 0.81706 0.48297
vt 0.76809 0.48297
vt 0.76322 0.4849
vt 0.7592 0.49028
vt 0.75651 0.49832
vt 0.75555 0.50806
vt 0.75555 0.75913
vt 0.75651 0.76886
vt 0.7592 0.77691
vt 0.76322 0.78228
vt 0.76809 0.78422
vt 0.81706 0.78422
vt 0.82193 0.78228
vt 0.82595 0.77691
vt 0.82864 0.76886
vt 0.82961 0.75913
vt 0.82961 0.50806
vt 0.13523 0.50806
vt 0.13955 0.5011
vt 0.13879 0.50876
vt 0.1362 0.49832
vt 0.14145 0.49541
vt 0.13889 0.49028
vt 0.1443 0.4916
vt 0.14291 0.4849
vt 0.14813 0.49008
vt 0.14778 0.48297
vt 0.1964 0.49008
vt 0.19675 0.48297
vt 0.20023 0.4916
vt 0.20162 0.4849
vt 0.20308 0.49541
vt 0.20564 0.49028
vt 0.20498 0.5011
vt 0.20833 0.49832
vt 0.20574 0.50876
vt 0.2093 0.50806
vt 0.20574 0.75843
vt 0.2093 0.75913
vt 0.20498 0.76609
vt 0.20833 0.76886
vt 0.20308 0.77178
vt 0.20564 0.77691
vt 0.20023 0.77558
vt 0.20162 0.78228
vt 0.1964 0.77711
vt 0.19675 0.78422
vt 0.14813 0.77711
vt 0.14778 0.78422
vt 0.1443 0.77558
vt 0.14291 0.78228
vt 0.14145 0.77178
vt 0.13889 0.77691
vt 0.13955 0.76609
vt 0.1362 0.76886
vt 0.13879 0.75843
vt 0.13523 0.75913
vt 0.14457 0.50525
vt 0.14411 0.50981
vt 0.14529 0.50308
vt 0.14638 0.50163
vt 0.14865 0.50072
vt 0.19588 0.50072
vt 0.19816 0.50163
vt 0.19924 0.50308
vt 0.19997 0.50525
vt 0.20042 0.50981
vt 0.20042 0.75738
vt 0.19997 0.76194
vt 0.19924 0.76411
vt 0.19816 0.76556
vt 0.19588 0.76646
vt 0.14865 0.76646
vt 0.14638 0.76556
vt 0.14529 0.76411
vt 0.14457 0.76194
vt 0.14411 0.75738
vt 0.15048 0.51015
vt 0.15039 0.51104
vt 0.14982 0.51213
vt 0.14883 0.51346
vt 0.14927 0.51328
vt 0.19526 0.51328
vt 0.19571 0.51346
vt 0.19471 0.51213
vt 0.19405 0.51015
vt 0.19414 0.51104
vt 0.19414 0.75614
vt 0.19405 0.75704
vt 0.19471 0.75505
vt 0.19571 0.75373
vt 0.19526 0.75391
vt 0.14927 0.75391
vt 0.14883 0.75373
vt 0.14982 0.75505
vt 0.15048 0.75704
vt 0.15039 0.75614
vt 0.79258 0.63359
vt 0.17227 0.63359
vt 0.64766 0.4815
vt 0.64762 0.48116
vt 0.65452 0.47544
vt 0.65498 0.48006
vt 0.65387 0.4735
vt 0.64859 0.48407
vt 0.6529 0.47221
vt 0.65004 0.48601
vt 0.64987 0.48594
vt 0.65059 0.47129
vt 0.56341 0.48594
vt 0.56269 0.47129
vt 0.56324 0.48601
vt 0.56038 0.47221
vt 0.55941 0.4735
vt 0.56469 0.48407
vt 0.55876 0.47544
vt 0.56566 0.48116
vt 0.56562 0.4815
vt 0.5583 0.48006
vt 0.56562 0.77475
vt 0.5583 0.77619
vt 0.56566 0.77509
vt 0.55876 0.78081
vt 0.55941 0.78275
vt 0.56469 0.77218
vt 0.56038 0.78404
vt 0.56324 0.77024
vt 0.56341 0.77031
vt 0.56269 0.78496
vt 0.64987 0.77031
vt 0.65059 0.78496
vt 0.65004 0.77024
vt 0.6529 0.78404
vt 0.65387 0.78275
vt 0.64859 0.77218
vt 0.65452 0.78081
vt 0.64762 0.77509
vt 0.64766 0.77475
vt 0.65498 0.77619
vt 0.66037 0.4706
vt 0.66119 0.47884
vt 0.65835 0.46455
vt 0.65533 0.46051
vt 0.65121 0.45887
vt 0.56208 0.45887
vt 0.55796 0.46051
vt 0.55493 0.46455
vt 0.55291 0.4706
vt 0.55209 0.47884
vt 0.55209 0.77741
vt 0.55291 0.78565
vt 0.55493 0.7917
vt 0.55796 0.79574
vt 0.56208 0.79738
vt 0.65121 0.79738
vt 0.65533 0.79574
vt 0.65835 0.7917
vt 0.66037 0.78565
vt 0.66119 0.77741
vt 0.66428 0.46736
vt 0.66134 0.45857
vt 0.65694 0.45269
vt 0.65161 0.45057
vt 0.56167 0.45057
vt 0.55634 0.45269
vt 0.55194 0.45857
vt 0.549 0.46736
vt 0.54794 0.47802
vt 0.54794 0.77823
vt 0.549 0.78889
vt 0.55194 0.79768
vt 0.55634 0.80356
vt 0.56167 0.80568
vt 0.65161 0.80568
vt 0.65694 0.80356
vt 0.66134 0.79768
vt 0.66428 0.78889
vt 0.66534 0.77823
vt 0.66534 0.47802
vt 0.2995 0.47802
vt 0.30447 0.4706
vt 0.30365 0.47884
vt 0.30056 0.46736
vt 0.30649 0.46455
vt 0.3035 0.45857
vt 0.30952 0.46051
vt 0.3079 0.45269
vt 0.31364 0.45887
vt 0.31323 0.45057
vt 0.40277 0.45887
vt 0.40318 0.45057
vt 0.40689 0.46051
vt 0.40851 0.45269
vt 0.40991 0.46455
vt 0.4129 0.45857
vt 0.41193 0.4706
vt 0.41584 0.46736
vt 0.41275 0.47884
vt 0.4169 0.47802
vt 0.41275 0.77741
vt 0.4169 0.77823
vt 0.41193 0.78565
vt 0.41584 0.78889
vt 0.40991 0.7917
vt 0.4129 0.79768
vt 0.40689 0.79574
vt 0.40851 0.80356
vt 0.40277 0.79738
vt 0.40318 0.80568
vt 0.31364 0.79738
vt 0.31323 0.80568
vt 0.30952 0.79574
vt 0.3079 0.80356
vt 0.30649 0.7917
vt 0.3035 0.79768
vt 0.30447 0.78565
vt 0.30056 0.78889
vt 0.30365 0.77741
vt 0.2995 0.77823
vt 0.31032 0.47544
vt 0.30986 0.48006
vt 0.31097 0.4735
vt 0.31194 0.47221
vt 0.31425 0.47129
vt 0.40216 0.47129
vt 0.40447 0.47221
vt 0.40544 0.4735
vt 0.40608 0.47544
vt 0.40654 0.48006
vt 0.40654 0.77619
vt 0.40608 0.78081
vt 0.40544 0.78275
vt 0.40447 0.78404
vt 0.40216 0.78496
vt 0.31425 0.78496
vt 0.31194 0.78404
vt 0.31097 0.78275
vt 0.31032 0.78081
vt 0.30986 0.77619
vt 0.31722 0.48116
vt 0.31719 0.4815
vt 0.31625 0.48407
vt 0.3148 0.48601
vt 0.31497 0.48594
vt 0.40144 0.48594
vt 0.40161 0.48601
vt 0.40015 0.48407
vt 0.39918 0.48116
vt 0.39922 0.4815
vt 0.39922 0.77475
vt 0.39918 0.77509
vt 0.40015 0.77218
vt 0.40161 0.77024
vt 0.40144 0.77031
vt 0.31497 0.77031
vt 0.3148 0.77024
vt 0.31625 0.77218
vt 0.31722 0.77509
vt 0.31719 0.77475
vt 0.60664 0.62813
vt 0.3582 0.62813
vt 0.9375 0.79488
vt 0.9426 0.7925
vt 0.93767 0.79658
vt 0.94273 0.79385
vt 0.94268 0.79276
vt 0.93891 0.8003
vt 0.94281 0.79293
vt 0.94077 0.80279
vt 0.94214 0.79266
vt 0.94162 0.80313
vt 0.52322 0.80313
vt 0.52271 0.79266
vt 0.52203 0.79293
vt 0.52407 0.80279
vt 0.52216 0.79276
vt 0.52593 0.8003
vt 0.52225 0.7925
vt 0.52717 0.79658
vt 0.52211 0.79385
vt 0.52734 0.79488
vt 0.52734 0.89887
vt 0.52211 0.8999
vt 0.52225 0.90125
vt 0.52717 0.89717
vt 0.52216 0.90099
vt 0.52593 0.89345
vt 0.52203 0.90082
vt 0.52407 0.89096
vt 0.52271 0.90109
vt 0.52322 0.89062
vt 0.94162 0.89062
vt 0.94214 0.90109
vt 0.94281 0.90082
vt 0.94077 0.89096
vt 0.94268 0.90099
vt 0.93891 0.89345
vt 0.9426 0.90125
vt 0.93767 0.89717
vt 0.94273 0.8999
vt 0.9375 0.89887
vt 0.94678 0.78903
vt 0.94717 0.79298
vt 0.94588 0.78636
vt 0.94455 0.78457
vt 0.94257 0.78379
vt 0.52227 0.78379
vt 0.5203 0.78457
vt 0.51896 0.78636
vt 0.51807 0.78903
vt 0.51768 0.79298
vt 0.51768 0.90077
vt 0.51807 0.90472
vt 0.51896 0.90739
vt 0.5203 0.90918
vt 0.52227 0.90996
vt 0.94257 0.90996
vt 0.94455 0.90918
vt 0.94588 0.90739
vt 0.94678 0.90472
vt 0.94717 0.90077
vt 0.94957 0.78672
vt 0.94802 0.78209
vt 0.9457 0.77899
vt 0.94287 0.77786
vt 0.52198 0.77786
vt 0.51914 0.77899
vt 0.51682 0.78209
vt 0.51528 0.78672
vt 0.51471 0.79239
vt 0.51471 0.90136
vt 0.51528 0.90703
vt 0.51682 0.91166
vt 0.51914 0.91476
vt 0.52198 0.91589
vt 0.94287 0.91589
vt 0.9457 0.91476
vt 0.94802 0.91166
vt 0.94957 0.90703
vt 0.95013 0.90136
vt 0.95013 0.79239
vt 0.01471 0.79239
vt 0.01807 0.78903
vt 0.01768 0.79298
vt 0.01528 0.78672
vt 0.01896 0.78636
vt 0.01682 0.78209
vt 0.0203 0.78457
vt 0.01914 0.77899
vt 0.02227 0.78379
vt 0.02198 0.77786
vt 0.44257 0.78379
vt 0.44287 0.77786
vt 0.44455 0.78457
vt 0.4457 0.77899
vt 0.44588 0.78636
vt 0.44802 0.78209
vt 0.44678 0.78903
vt 0.44957 0.78672
vt 0.44717 0.79298
vt 0.45013 0.79239
vt 0.44717 0.90077
vt 0.45013 0.90136
vt 0.44678 0.90472
vt 0.44957 0.90703
vt 0.44588 0.90739
vt 0.44802 0.91166
vt 0.44455 0.90918
vt 0.4457 0.91476
vt 0.44257 0.90996
vt 0.44287 0.91589
vt 0.02227 0.90996
vt 0.02198 0.91589
vt 0.0203 0.90918
vt 0.01914 0.91476
vt 0.01896 0.90739
vt 0.01682 0.91166
vt 0.01807 0.90472
vt 0.01528 0.90703
vt 0.01768 0.90077
vt 0.01471 0.90136
vt 0.02225 0.7925
vt 0.02211 0.79385
vt 0.02216 0.79276
vt 0.02203 0.79293
vt 0.02271 0.79266
vt 0.44214 0.79266
vt 0.44281 0.79293
vt 0.44268 0.79276
vt 0.4426 0.7925
vt 0.44273 0.79385
vt 0.44273 0.8999
vt 0.4426 0.90125
vt 0.44268 0.90099
vt 0.44281 0.90082
vt 0.44214 0.90109
vt 0.02271 0.90109
vt 0.02203 0.90082
vt 0.02216 0.90099
vt 0.02225 0.90125
vt 0.02211 0.8999
vt 0.02717 0.79658
vt 0.02734 0.79488
vt 0.02593 0.8003
vt 0.02407 0.80279
vt 0.02322 0.80313
vt 0.44162 0.80313
vt 0.44077 0.80279
vt 0.43891 0.8003
vt 0.43767 0.79658
vt 0.4375 0.79488
vt 0.4375 0.89887
vt 0.43767 0.89717
vt 0.43891 0.89345
vt 0.44077 0.89096
vt 0.44162 0.89062
vt 0.02322 0.89062
vt 0.02407 0.89096
vt 0.02593 0.89345
vt 0.02717 0.89717
vt 0.02734 0.89887
vt 0.73242 0.84688
vt 0.23242 0.84688
vt 0.87461 0.76484
vt 0.86367 0.76484
vt 0.86158 0.76066
vt 0.8767 0.76066
vt 0.86367 0.92891
vt 0.86158 0.93309
vt 0.87461 0.92891
vt 0.8767 0.93309
vt 0.8598 0.75711
vt 0.87848 0.75711
vt 0.8598 0.93664
vt 0.87848 0.93664
vt 0.85862 0.75474
vt 0.85862 0.93901
vt 0.87966 0.93901
vt 0.87966 0.75474
vt 0.08518 0.75474
vt 0.10504 0.75711
vt 0.08637 0.75711
vt 0.10622 0.75474
vt 0.10504 0.93664
vt 0.10622 0.93901
vt 0.08637 0.93664
vt 0.08518 0.93901
vt 0.10326 0.76066
vt 0.08814 0.76066
vt 0.10326 0.93309
vt 0.08814 0.93309
vt 0.10117 0.76484
vt 0.09023 0.76484
vt 0.10117 0.92891
vt 0.09023 0.92891
vt 0.86914 0.84688
vt 0.0957 0.84688
vt 0.59844 0.76484
vt 0.5875 0.76484
vt 0.58541 0.76066
vt 0.60053 0.76066
vt 0.5875 0.92891
vt 0.58541 0.93309
vt 0.59844 0.92891
vt 0.60053 0.93309
vt 0.58363 0.75711
vt 0.6023 0.75711
vt 0.58363 0.93664
vt 0.6023 0.93664
vt 0.58245 0.75474
vt 0.58245 0.93901
vt 0.60349 0.93901
vt 0.60349 0.75474
vt 0.36135 0.75474
vt 0.38121 0.75711
vt 0.36254 0.75711
vt 0.3824 0.75474
vt 0.38121 0.93664
vt 0.3824 0.93901
vt 0.36254 0.93664
vt 0.36135 0.93901
vt 0.37944 0.76066
vt 0.36431 0.76066
vt 0.37944 0.93309
vt 0.36431 0.93309
vt 0.37734 0.76484
vt 0.36641 0.76484
vt 0.37734 0.92891
vt 0.36641 0.92891
vt 0.59297 0.84688
vt 0.37188 0.84688
vt 0.93066 0.73392
vt 0.93039 0.73113
vt 0.93384 0.72827
vt 0.93433 0.7332
vt 0.93013 0.73036
vt 0.93277 0.72508
vt 0.92975 0.72985
vt 0.93118 0.72295
vt 0.92835 0.7293
vt 0.92871 0.72197
vt 0.84547 0.7293
vt 0.84511 0.72197
vt 0.84408 0.72985
vt 0.84265 0.72295
vt 0.8437 0.73036
vt 0.84106 0.72508
vt 0.84344 0.73113
vt 0.83999 0.72827
vt 0.84316 0.73392
vt 0.8395 0.7332
vt 0.84316 0.80671
vt 0.8395 0.80743
vt 0.84344 0.8095
vt 0.83999 0.81235
vt 0.8437 0.81026
vt 0.84106 0.81554
vt 0.84408 0.81077
vt 0.84265 0.81767
vt 0.84547 0.81133
vt 0.84511 0.81865
vt 0.92835 0.81133
vt 0.92871 0.81865
vt 0.92975 0.81077
vt 0.93118 0.81767
vt 0.93013 0.81026
vt 0.93277 0.81554
vt 0.93039 0.8095
vt 0.93384 0.81235
vt 0.93066 0.80671
vt 0.93433 0.80743
vt 0.93676 0.72585
vt 0.93743 0.73258
vt 0.93501 0.72061
vt 0.93239 0.7171
vt 0.92902 0.71576
vt 0.84481 0.71576
vt 0.84144 0.7171
vt 0.83882 0.72061
vt 0.83707 0.72585
vt 0.8364 0.73258
vt 0.8364 0.80804
vt 0.83707 0.81478
vt 0.83882 0.82002
vt 0.84144 0.82352
vt 0.84481 0.82486
vt 0.92902 0.82486
vt 0.93239 0.82352
vt 0.93501 0.82002
vt 0.93676 0.81478
vt 0.93743 0.80804
vt 0.93872 0.72423
vt 0.93651 0.71761
vt 0.9332 0.71319
vt 0.92923 0.71161
vt 0.8446 0.71161
vt 0.84063 0.71319
vt 0.83732 0.71761
vt 0.83511 0.72423
vt 0.83432 0.73217
vt 0.83432 0.80845
vt 0.83511 0.8164
vt 0.83732 0.82301
vt 0.84063 0.82743
vt 0.8446 0.82901
vt 0.92923 0.82901
vt 0.9332 0.82743
vt 0.93651 0.82301
vt 0.93872 0.8164
vt 0.93951 0.80845
vt 0.93951 0.73217
vt 0.02534 0.73217
vt 0.02808 0.72585
vt 0.02741 0.73258
vt 0.02613 0.72423
vt 0.02983 0.72061
vt 0.02834 0.71761
vt 0.03245 0.7171
vt 0.03165 0.71319
vt 0.03582 0.71576
vt 0.03562 0.71161
vt 0.12004 0.71576
vt 0.12024 0.71161
vt 0.1234 0.7171
vt 0.12421 0.71319
vt 0.12603 0.72061
vt 0.12752 0.71761
vt 0.12778 0.72585
vt 0.12973 0.72423
vt 0.12845 0.73258
vt 0.13052 0.73217
vt 0.12845 0.80804
vt 0.13052 0.80845
vt 0.12778 0.81478
vt 0.12973 0.8164
vt 0.12603 0.82002
vt 0.12752 0.82301
vt 0.1234 0.82352
vt 0.12421 0.82743
vt 0.12004 0.82486
vt 0.12024 0.82901
vt 0.03582 0.82486
vt 0.03562 0.82901
vt 0.03245 0.82352
vt 0.03165 0.82743
vt 0.02983 0.82002
vt 0.02834 0.82301
vt 0.02808 0.81478
vt 0.02613 0.8164
vt 0.02741 0.80804
vt 0.02534 0.80845
vt 0.03101 0.72827
vt 0.03052 0.7332
vt 0.03207 0.72508
vt 0.03367 0.72295
vt 0.03613 0.72197
vt 0.11973 0.72197
vt 0.12219 0.72295
vt 0.12379 0.72508
vt 0.12485 0.72827
vt 0.12534 0.7332
vt 0.12534 0.80743
vt 0.12485 0.81235
vt 0.12379 0.81554
vt 0.12219 0.81767
vt 0.11973 0.81865
vt 0.03613 0.81865
vt 0.03367 0.81767
vt 0.03207 0.81554
vt 0.03101 0.81235
vt 0.03052 0.80743
vt 0.03446 0.73113
vt 0.03418 0.73392
vt 0.03471 0.73036
vt 0.0351 0.72985
vt 0.03649 0.7293
vt 0.11937 0.7293
vt 0.12076 0.72985
vt 0.12115 0.73036
vt 0.1214 0.73113
vt 0.12168 0.73392
vt 0.12168 0.80671
vt 0.1214 0.8095
vt 0.12115 0.81026
vt 0.12076 0.81077
vt 0.11937 0.81133
vt 0.03649 0.81133
vt 0.0351 0.81077
vt 0.03471 0.81026
vt 0.03446 0.8095
vt 0.03418 0.80671
vt 0.88691 0.77031
vt 0.07793 0.77031
vt 0.65859 0.73419
vt 0.6584 0.7322
vt 0.66234 0.72893
vt 0.66278 0.73336
vt 0.66146 0.7263
vt 0.65844 0.73233
vt 0.66014 0.72454
vt 0.65851 0.73243
vt 0.65752 0.73203
vt 0.65793 0.72366
vt 0.55576 0.73203
vt 0.55535 0.72366
vt 0.55477 0.73243
vt 0.55314 0.72454
vt 0.55182 0.7263
vt 0.55484 0.73233
vt 0.55094 0.72893
vt 0.55489 0.7322
vt 0.55469 0.73419
vt 0.5505 0.73336
vt 0.55469 0.81191
vt 0.5505 0.81273
vt 0.55489 0.8139
vt 0.55094 0.81716
vt 0.55182 0.81979
vt 0.55484 0.81376
vt 0.55314 0.82155
vt 0.55477 0.81367
vt 0.55576 0.81406
vt 0.55535 0.82243
vt 0.65752 0.81406
vt 0.65793 0.82243
vt 0.65851 0.81367
vt 0.66014 0.82155
vt 0.66146 0.81979
vt 0.65844 0.81376
vt 0.66234 0.81716
vt 0.6584 0.8139
vt 0.65859 0.81191
vt 0.66278 0.81273
vt 0.66568 0.72616
vt 0.66633 0.73266
vt 0.66402 0.72118
vt 0.66153 0.71786
vt 0.65828 0.71656
vt 0.555 0.71656
vt 0.55175 0.71786
vt 0.54926 0.72118
vt 0.5476 0.72616
vt 0.54695 0.73266
vt 0.54695 0.81343
vt 0.5476 0.81993
vt 0.54926 0.82491
vt 0.55175 0.82824
vt 0.555 0.82953
vt 0.65828 0.82953
vt 0.66153 0.82824
vt 0.66402 0.82491
vt 0.66568 0.81993
vt 0.66633 0.81343
vt 0.66791 0.72431
vt 0.66573 0.71776
vt 0.66245 0.71339
vt 0.65851 0.71182
vt 0.55477 0.71182
vt 0.55083 0.71339
vt 0.54755 0.71776
vt 0.54537 0.72431
vt 0.54458 0.7322
vt 0.54458 0.8139
vt 0.54537 0.82178
vt 0.54755 0.82833
vt 0.55083 0.8327
vt 0.55477 0.83427
vt 0.65851 0.83427
vt 0.66245 0.8327
vt 0.66573 0.82833
vt 0.66791 0.82178
vt 0.6687 0.8139
vt 0.6687 0.7322
vt 0.29615 0.7322
vt 0.29916 0.72616
vt 0.29852 0.73266
vt 0.29693 0.72431
vt 0.30083 0.72118
vt 0.29912 0.71776
vt 0.30331 0.71786
vt 0.30239 0.71339
vt 0.30657 0.71656
vt 0.30633 0.71182
vt 0.40984 0.71656
vt 0.41007 0.71182
vt 0.41309 0.71786
vt 0.41402 0.71339
vt 0.41558 0.72118
vt 0.41729 0.71776
vt 0.41724 0.72616
vt 0.41948 0.72431
vt 0.41789 0.73266
vt 0.42026 0.7322
vt 0.41789 0.81343
vt 0.42026 0.8139
vt 0.41724 0.81993
vt 0.41948 0.82178
vt 0.41558 0.82491
vt 0.41729 0.82833
vt 0.41309 0.82824
vt 0.41402 0.8327
vt 0.40984 0.82953
vt 0.41007 0.83427
vt 0.30657 0.82953
vt 0.30633 0.83427
vt 0.30331 0.82824
vt 0.30239 0.8327
vt 0.30083 0.82491
vt 0.29912 0.82833
vt 0.29916 0.81993
vt 0.29693 0.82178
vt 0.29852 0.81343
vt 0.29615 0.8139
vt 0.30251 0.72893
vt 0.30206 0.73336
vt 0.30338 0.7263
vt 0.3047 0.72454
vt 0.30692 0.72366
vt 0.40949 0.72366
vt 0.41171 0.72454
vt 0.41302 0.7263
vt 0.4139 0.72893
vt 0.41434 0.73336
vt 0.41434 0.81273
vt 0.4139 0.81716
vt 0.41302 0.81979
vt 0.41171 0.82155
vt 0.40949 0.82243
vt 0.30692 0.82243
vt 0.3047 0.82155
vt 0.30338 0.81979
vt 0.30251 0.81716
vt 0.30206 0.81273
vt 0.30645 0.7322
vt 0.30625 0.73419
vt 0.3064 0.73233
vt 0.30633 0.73243
vt 0.30733 0.73203
vt 0.40908 0.73203
vt 0.41007 0.73243
vt 0.41 0.73233
vt 0.40996 0.7322
vt 0.41016 0.73419
vt 0.41016 0.81191
vt 0.40996 0.8139
vt 0.41 0.81376
vt 0.41007 0.81367
vt 0.40908 0.81406
vt 0.30733 0.81406
vt 0.30633 0.81367
vt 0.3064 0.81376
vt 0.30645 0.8139
vt 0.30625 0.81191
vt 0.60664 0.77305
vt 0.3582 0.77305
vt 0.76387 0.76234
vt 0.7637 0.76065
vt 0.76912 0.75616
vt 0.76962 0.7612
vt 0.76821 0.75343
vt 0.76406 0.76173
vt 0.76684 0.7516
vt 0.7646 0.76245
vt 0.76375 0.76211
vt 0.76432 0.7506
vt 0.70109 0.76211
vt 0.70052 0.7506
vt 0.70025 0.76245
vt 0.698 0.7516
vt 0.69664 0.75343
vt 0.70078 0.76173
vt 0.69572 0.75616
vt 0.70114 0.76065
vt 0.70098 0.76234
vt 0.69522 0.7612
vt 0.70098 0.92048
vt 0.69522 0.92161
vt 0.70114 0.92217
vt 0.69572 0.92666
vt 0.69664 0.92939
vt 0.70078 0.92109
vt 0.698 0.93121
vt 0.70025 0.92037
vt 0.70109 0.9207
vt 0.70052 0.93221
vt 0.76375 0.9207
vt 0.76432 0.93221
vt 0.7646 0.92037
vt 0.76684 0.93121
vt 0.76821 0.92939
vt 0.76406 0.92109
vt 0.76912 0.92666
vt 0.7637 0.92217
vt 0.76387 0.92048
vt 0.76962 0.92161
vt 0.77372 0.75235
vt 0.7745 0.76024
vt 0.77173 0.74639
vt 0.76875 0.74241
vt 0.7648 0.74084
vt 0.70004 0.74084
vt 0.6961 0.74241
vt 0.69312 0.74639
vt 0.69113 0.75235
vt 0.69034 0.76024
vt 0.69034 0.92257
vt 0.69113 0.93046
vt 0.69312 0.93642
vt 0.6961 0.9404
vt 0.70004 0.94197
vt 0.7648 0.94197
vt 0.76875 0.9404
vt 0.77173 0.93642
vt 0.77372 0.93046
vt 0.7745 0.92257
vt 0.77679 0.7498
vt 0.01172 0.02344
vt 0.77408 0.74169
vt 0.77002 0.73627
vt 0.76512 0.73432
vt 0.69972 0.73432
vt 0.69482 0.73627
vt 0.69077 0.74169
vt 0.68806 0.7498
vt 0.68708 0.7596
vt 0.68708 0.92321
vt 0.68806 0.93301
vt 0.69077 0.94112
vt 0.69482 0.94654
vt 0.69972 0.94849
vt 0.76512 0.94849
vt 0.77002 0.94654
vt 0.77408 0.94112
vt 0.77679 0.93301
vt 0.77776 0.92321
vt 0.77776 0.7596
vt 0.18708 0.7596
vt 0.19113 0.75235
vt 0.19034 0.76024
vt 0.18806 0.7498
vt 0.19312 0.74639
vt 0.19077 0.74169
vt 0.1961 0.74241
vt 0.19482 0.73627
vt 0.20004 0.74084
vt 0.19972 0.73432
vt 0.2648 0.74084
vt 0.26512 0.73432
vt 0.26875 0.74241
vt 0.27002 0.73627
vt 0.27173 0.74639
vt 0.27408 0.74169
vt 0.27372 0.75235
vt 0.27679 0.7498
vt 0.2745 0.76024
vt 0.27776 0.7596
vt 0.2745 0.92257
vt 0.27776 0.92321
vt 0.27372 0.93046
vt 0.27679 0.93301
vt 0.27173 0.93642
vt 0.27408 0.94112
vt 0.26875 0.9404
vt 0.27002 0.94654
vt 0.2648 0.94197
vt 0.26512 0.94849
vt 0.20004 0.94197
vt 0.19972 0.94849
vt 0.1961 0.9404
vt 0.19482 0.94654
vt 0.19312 0.93642
vt 0.19077 0.94112
vt 0.19113 0.93046
vt 0.18806 0.93301
vt 0.19034 0.92257
vt 0.18708 0.92321
vt 0.19572 0.75616
vt 0.19522 0.7612
vt 0.19664 0.75343
vt 0.198 0.7516
vt 0.20052 0.7506
vt 0.26432 0.7506
vt 0.26684 0.7516
vt 0.26821 0.75343
vt 0.26912 0.75616
vt 0.26962 0.7612
vt 0.26962 0.92161
vt 0.26912 0.92666
vt 0.26821 0.92939
vt 0.26684 0.93121
vt 0.26432 0.93221
vt 0.20052 0.93221
vt 0.198 0.93121
vt 0.19664 0.92939
vt 0.19572 0.92666
vt 0.19522 0.92161
vt 0.20114 0.76065
vt 0.20098 0.76234
vt 0.20078 0.76173
vt 0.20025 0.76245
vt 0.20109 0.76211
vt 0.26375 0.76211
vt 0.2646 0.76245
vt 0.26406 0.76173
vt 0.2637 0.76065
vt 0.26387 0.76234
vt 0.26387 0.92048
vt 0.2637 0.92217
vt 0.26406 0.92109
vt 0.2646 0.92037
vt 0.26375 0.9207
vt 0.20109 0.9207
vt 0.20025 0.92037
vt 0.20078 0.92109
vt 0.20114 0.92217
vt 0.20098 0.92048
vt 0.73242 0.84141
vt 0.23242 0.84141
vt 0.01953 0.02344
vt 0.02734 0.02344
vt 0.03516 0.02344
vt 0.04297 0.02344
vt 0.05078 0.02344
vn -0 -0 -1
vn -0.354 -0.146 -0.924
vn -0.381 -0.038 -0.924
vn -0.271 -0.271 -0.924
vn -0.146 -0.354 -0.924
vn -0.038 -0.381 -0.924
vn 0.038 -0.381 -0.924
vn 0.146 -0.354 -0.924
vn 0.271 -0.271 -0.924
vn 0.354 -0.146 -0.924
vn 0.381 -0.038 -0.924
vn 0.381 0.038 -0.924
vn 0.354 0.146 -0.924
vn 0.271 0.271 -0.924
vn 0.146 0.354 -0.924
vn 0.038 0.381 -0.924
vn -0.038 0.381 -0.924
vn -0.146 0.354 -0.924
vn -0.271 0.271 -0.924
vn -0.354 0.146 -0.924
vn -0.381 0.038 -0.924
vn -0.653 -0.271 -0.707
vn -0.704 -0.069 -0.707
vn -0.5 -0.5 -0.707
vn -0.271 -0.653 -0.707
vn -0.069 -0.704 -0.707
vn 0.069 -0.704 -0.707
vn 0.271 -0.653 -0.707
vn 0.5 -0.5 -0.707
vn 0.653 -0.271 -0.707
vn 0.704 -0.069 -0.707
vn 0.704 0.069 -0.707
vn 0.653 0.271 -0.707
vn 0.5 0.5 -0.707
vn 0.271 0.653 -0.707
vn 0.069 0.704 -0.707
vn -0.069 0.704 -0.707
vn -0.271 0.653 -0.707
vn -0.5 0.5 -0.707
vn -0.653 0.271 -0.707
vn -0.704 0.069 -0.707
vn -0.854 -0.354 -0.383
vn -0.919 -0.091 -0.383
vn -0.653 -0.653 -0.383
vn -0.354 -0.854 -0.383
vn -0.091 -0.919 -0.383
vn 0.091 -0.919 -0.383
vn 0.354 -0.854 -0.383
vn 0.653 -0.653 -0.383
vn 0.854 -0.354 -0.383
vn 0.919 -0.091 -0.383
vn 0.919 0.091 -0.383
vn 0.854 0.354 -0.383
vn 0.653 0.653 -0.383
vn 0.354 0.854 -0.383
vn 0.091 0.919 -0.383
vn -0.091 0.919 -0.383
vn -0.354 0.854 -0.383
vn -0.653 0.653 -0.383
vn -0.854 0.354 -0.383
vn -0.919 0.091 -0.383
vn -0.924 -0.383 -0
vn -0.995 -0.098 -0
vn -0.707 -0.707 -0
vn -0.383 -0.924 -0
vn -0.098 -0.995 -0
vn 0.098 -0.995 -0
vn 0.383 -0.924 -0
vn 0.707 -0.707 -0
vn 0.924 -0.383 -0
vn 0.995 -0.098 -0
vn 0.995 0.098 -0
vn 0.924 0.383 -0
vn 0.707 0.707 -0
vn 0.383 0.924 -0
vn 0.098 0.995 -0
vn -0.098 0.995 -0
vn -0.383 0.924 -0
vn -0.707 0.707 -0
vn -0.924 0.383 -0
vn -0.995 0.098 -0
vn -0.854 -0.354 0.383
vn -0.919 -0.091 0.383
vn -0.653 -0.653 0.383
vn -0.354 -0.854 0.383
vn -0.091 -0.919 0.383
vn 0.091 -0.919 0.383
vn 0.354 -0.854 0.383
vn 0.653 -0.653 0.383
vn 0.854 -0.354 0.383
vn 0.919 -0.091 0.383
vn 0.919 0.091 0.383
vn 0.854 0.354 0.383
vn 0.653 0.653 0.383
vn 0.354 0.854 0.383
vn 0.091 0.919 0.383
vn -0.091 0.919 0.383
vn -0.354 0.854 0.383
vn -0.653 0.653 0.383
vn -0.854 0.354 0.383
vn -0.919 0.091 0.383
vn -0.653 -0.271 0.707
vn -0.704 -0.069 0.707
vn -0.5 -0.5 0.707
vn -0.271 -0.653 0.707
vn -0.069 -0.704 0.707
vn 0.069 -0.704 0.707
vn 0.271 -0.653 0.707
vn 0.5 -0.5 0.707
vn 0.653 -0.271 0.707
vn 0.704 -0.069 0.707
vn 0.704 0.069 0.707
vn 0.653 0.271 0.707
vn 0.5 0.5 0.707
vn 0.271 0.653 0.707
vn 0.069 0.704 0.707
vn -0.069 0.704 0.707
vn -0.271 0.653 0.707
vn -0.5 0.5 0.707
vn -0.653 0.271 0.707
vn -0.704 0.069 0.707
vn -0.354 -0.146 0.924
vn -0.381 -0.038 0.924
vn -0.271 -0.271 0.924
vn -0.146 -0.354 0.924
vn -0.038 -0.381 0.924
vn 0.038 -0.381 0.924
vn 0.146 -0.354 0.924
vn 0.271 -0.271 0.924
vn 0.354 -0.146 0.924
vn 0.381 -0.038 0.924
vn 0.381 0.038 0.924
vn 0.354 0.146 0.924
vn 0.271 0.271 0.924
vn 0.146 0.354 0.924
vn 0.038 0.381 0.924
vn -0.038 0.381 0.924
vn -0.146 0.354 0.924
vn -0.271 0.271 0.924
vn -0.354 0.146 0.924
vn -0.381 0.038 0.924
vn -0 -0 1
vn -0.462 -0.191 -0.866
vn -0.498 -0.049 -0.866
vn -0.354 -0.354 -0.866
vn -0.191 -0.462 -0.866
vn -0.049 -0.498 -0.866
vn 0.049 -0.498 -0.866
vn 0.191 -0.462 -0.866
vn 0.354 -0.354 -0.866
vn 0.462 -0.191 -0.866
vn 0.498 -0.049 -0.866
vn 0.498 0.049 -0.866
vn 0.462 0.191 -0.866
vn 0.354 0.354 -0.866
vn 0.191 0.462 -0.866
vn 0.049 0.498 -0.866
vn -0.049 0.498 -0.866
vn -0.191 0.462 -0.866
vn -0.354 0.354 -0.866
vn -0.462 0.191 -0.866
vn -0.498 0.049 -0.866
vn -0.8 -0.331 -0.5
vn -0.862 -0.085 -0.5
vn -0.612 -0.612 -0.5
vn -0.331 -0.8 -0.5
vn -0.085 -0.862 -0.5
vn 0.085 -0.862 -0.5
vn 0.331 -0.8 -0.5
vn 0.612 -0.612 -0.5
vn 0.8 -0.331 -0.5
vn 0.862 -0.085 -0.5
vn 0.862 0.085 -0.5
vn 0.8 0.331 -0.5
vn 0.612 0.612 -0.5
vn 0.331 0.8 -0.5
vn 0.085 0.862 -0.5
vn -0.085 0.862 -0.5
vn -0.331 0.8 -0.5
vn -0.612 0.612 -0.5
vn -0.8 0.331 -0.5
vn -0.862 0.085 -0.5
vn -0.8 -0.331 0.5
vn -0.862 -0.085 0.5
vn -0.612 -0.612 0.5
vn -0.331 -0.8 0.5
vn -0.085 -0.862 0.5
vn 0.085 -0.862 0.5
vn 0.331 -0.8 0.5
vn 0.612 -0.612 0.5
vn 0.8 -0.331 0.5
vn 0.862 -0.085 0.5
vn 0.862 0.085 0.5
vn 0.8 0.331 0.5
vn 0.612 0.612 0.5
vn 0.331 0.8 0.5
vn 0.085 0.862 0.5
vn -0.085 0.862 0.5
vn -0.331 0.8 0.5
vn -0.612 0.612 0.5
vn -0.8 0.331 0.5
vn -0.862 0.085 0.5
vn -0.462 -0.191 0.866
vn -0.498 -0.049 0.866
vn -0.354 -0.354 0.866
vn -0.191 -0.462 0.866
vn -0.049 -0.498 0.866
vn 0.049 -0.498 0.866
vn 0.191 -0.462 0.866
vn 0.354 -0.354 0.866
vn 0.462 -0.191 0.866
vn 0.498 -0.049 0.866
vn 0.498 0.049 0.866
vn 0.462 0.191 0.866
vn 0.354 0.354 0.866
vn 0.191 0.462 0.866
vn 0.049 0.498 0.866
vn -0.049 0.498 0.866
vn -0.191 0.462 0.866
vn -0.354 0.354 0.866
vn -0.462 0.191 0.866
vn -0.498 0.049 0.866
vn 1 0 0
vn 0.951 -0.309 0
vn 0.809 -0.588 0
vn 0.588 -0.809 0
vn 0.309 -0.951 0
vn 0 -1 0
vn -0.309 -0.951 0
vn -0.588 -0.809 0
vn -0.809 -0.588 0
vn -0.951 -0.309 0
vn -1 -0 0
vn -0.951 0.309 -0
vn -0.809 0.588 -0
vn -0.588 0.809 -0
vn -0.309 0.951 -0
vn -0 1 -0
vn 0.309 0.951 -0
vn 0.588 0.809 -0
vn 0.809 0.588 -0
vn 0.951 0.309 -0
vn 0.707 0 0.707
vn 0.672 -0.219 0.707
vn 0.572 -0.416 0.707
vn 0.416 -0.572 0.707
vn 0.219 -0.672 0.707
vn 0 -0.707 0.707
vn -0.219 -0.672 0.707
vn -0.416 -0.572 0.707
vn -0.572 -0.416 0.707
vn -0.672 -0.219 0.707
vn -0.707 -0 0.707
vn -0.672 0.219 0.707
vn -0.572 0.416 0.707
vn -0.416 0.572 0.707
vn -0.219 0.672 0.707
vn -0 0.707 0.707
vn 0.219 0.672 0.707
vn 0.416 0.572 0.707
vn 0.572 0.416 0.707
vn 0.672 0.219 0.707
vn 0.781 -0.625 0
vn 0.761 -0.625 0.174
vn 0.704 -0.625 0.339
vn 0.611 -0.625 0.487
vn 0.487 -0.625 0.611
vn 0.339 -0.625 0.704
vn 0.174 -0.625 0.761
vn 0 -0.625 0.781
vn -0.174 -0.625 0.761
vn -0.339 -0.625 0.704
vn -0.487 -0.625 0.611
vn -0.611 -0.625 0.487
vn -0.704 -0.625 0.339
vn -0.761 -0.625 0.174
vn -0.781 -0.625 0
vn -0.761 -0.625 -0.174
vn -0.704 -0.625 -0.339
vn -0.611 -0.625 -0.487
vn -0.487 -0.625 -0.611
vn -0.339 -0.625 -0.704
vn -0.174 -0.625 -0.761
vn -0 -0.625 -0.781
vn 0.174 -0.625 -0.761
vn 0.339 -0.625 -0.704
vn 0.487 -0.625 -0.611
vn 0.611 -0.625 -0.487
vn 0.704 -0.625 -0.339
vn 0.761 -0.625 -0.174
vn 0.953 0.213 0.217
vn 0.975 0 0.223
vn 0.977 0.213 0
vn 0.88 0.213 0.424
vn 0.901 0 0.434
vn 0.764 0.213 0.609
vn 0.782 0 0.623
vn 0.609 0.213 0.764
vn 0.623 0 0.782
vn 0.424 0.213 0.88
vn 0.434 0 0.901
vn 0.217 0.213 0.953
vn 0.223 0 0.975
vn 0 0.213 0.977
vn -0.217 0.213 0.953
vn -0.223 0 0.975
vn -0.424 0.213 0.88
vn -0.434 0 0.901
vn -0.609 0.213 0.764
vn -0.623 0 0.782
vn -0.764 0.213 0.609
vn -0.782 0 0.623
vn -0.88 0.213 0.424
vn -0.901 0 0.434
vn -0.953 0.213 0.217
vn -0.975 0 0.223
vn -0.977 0.213 0
vn -0.953 0.213 -0.217
vn -0.975 -0 -0.223
vn -0.88 0.213 -0.424
vn -0.901 -0 -0.434
vn -0.764 0.213 -0.609
vn -0.782 -0 -0.623
vn -0.609 0.213 -0.764
vn -0.623 -0 -0.782
vn -0.424 0.213 -0.88
vn -0.434 -0 -0.901
vn -0.217 0.213 -0.953
vn -0.223 -0 -0.975
vn -0 0.213 -0.977
vn 0.217 0.213 -0.953
vn 0.223 0 -0.975
vn 0.424 0.213 -0.88
vn 0.434 0 -0.901
vn 0.609 0.213 -0.764
vn 0.623 0 -0.782
vn 0.764 0.213 -0.609
vn 0.782 0 -0.623
vn 0.88 0.213 -0.424
vn 0.901 0 -0.434
vn 0.953 0.213 -0.217
vn 0.975 0 -0.223
vn 0.887 0.416 0.202
vn 0.909 0.416 0
vn 0.819 0.416 0.395
vn 0.711 0.416 0.567
vn 0.567 0.416 0.711
vn 0.395 0.416 0.819
vn 0.202 0.416 0.887
vn 0 0.416 0.909
vn -0.202 0.416 0.887
vn -0.395 0.416 0.819
vn -0.567 0.416 0.711
vn -0.711 0.416 0.567
vn -0.819 0.416 0.395
vn -0.887 0.416 0.202
vn -0.909 0.416 0
vn -0.887 0.416 -0.202
vn -0.819 0.416 -0.395
vn -0.711 0.416 -0.567
vn -0.567 0.416 -0.711
vn -0.395 0.416 -0.819
vn -0.202 0.416 -0.887
vn -0 0.416 -0.909
vn 0.202 0.416 -0.887
vn 0.395 0.416 -0.819
vn 0.567 0.416 -0.711
vn 0.711 0.416 -0.567
vn 0.819 0.416 -0.395
vn 0.887 0.416 -0.202
vn 0.447 0.894 0
vn 0.224 0.973 0.051
vn 0.436 0.894 0.1
vn 0.23 0.973 0
vn 0.207 0.973 0.1
vn 0.403 0.894 0.194
vn 0.18 0.973 0.143
vn 0.35 0.894 0.279
vn 0.143 0.973 0.18
vn 0.279 0.894 0.35
vn 0.1 0.973 0.207
vn 0.194 0.894 0.403
vn 0.051 0.973 0.224
vn 0.1 0.894 0.436
vn 0 0.973 0.23
vn 0 0.894 0.447
vn -0.051 0.973 0.224
vn -0.1 0.894 0.436
vn -0.1 0.973 0.207
vn -0.194 0.894 0.403
vn -0.143 0.973 0.18
vn -0.279 0.894 0.35
vn -0.18 0.973 0.143
vn -0.35 0.894 0.279
vn -0.207 0.973 0.1
vn -0.403 0.894 0.194
vn -0.224 0.973 0.051
vn -0.436 0.894 0.1
vn -0.23 0.973 0
vn -0.447 0.894 0
vn -0.224 0.973 -0.051
vn -0.436 0.894 -0.1
vn -0.207 0.973 -0.1
vn -0.403 0.894 -0.194
vn -0.18 0.973 -0.143
vn -0.35 0.894 -0.279
vn -0.143 0.973 -0.18
vn -0.279 0.894 -0.35
vn -0.1 0.973 -0.207
vn -0.194 0.894 -0.403
vn -0.051 0.973 -0.224
vn -0.1 0.894 -0.436
vn -0 0.973 -0.23
vn -0 0.894 -0.447
vn 0.051 0.973 -0.224
vn 0.1 0.894 -0.436
vn 0.1 0.973 -0.207
vn 0.194 0.894 -0.403
vn 0.143 0.973 -0.18
vn 0.279 0.894 -0.35
vn 0.18 0.973 -0.143
vn 0.35 0.894 -0.279
vn 0.207 0.973 -0.1
vn 0.403 0.894 -0.194
vn 0.224 0.973 -0.051
vn 0.436 0.894 -0.1
vn 0.966 0 0.259
vn 0.866 0 0.5
vn 0.5 0 0.866
vn 0.259 0 0.966
vn -0.259 0 0.966
vn -0.5 0 0.866
vn -0.866 0 0.5
vn -0.966 0 0.259
vn -0.966 -0 -0.259
vn -0.866 -0 -0.5
vn -0.707 -0 -0.707
vn -0.5 -0 -0.866
vn -0.259 -0 -0.966
vn 0.259 0 -0.966
vn 0.5 0 -0.866
vn 0.707 0 -0.707
vn 0.866 0 -0.5
vn 0.966 0 -0.259
f 1/1/1 2/2/2 3/3/1
f 1/1/1 2/2/2 4/4/3
f 3/3/1 5/5/4 6/6/1
f 3/3/1 5/5/4 2/2/2
f 6/6/1 7/7/5 8/8/1
f 6/6/1 7/7/5 5/5/4
f 8/8/1 9/9/6 10/10/1
f 8/8/1 9/9/6 7/7/5
f 10/10/1 11/11/1 12/12/7
f 10/10/1 12/12/7 9/9/6
f 11/11/1 13/13/8 14/14/1
f 11/11/1 13/13/8 12/12/7
f 14/14/1 15/15/9 16/16/1
f 14/14/1 15/15/9 13/13/8
f 16/16/1 17/17/10 18/18/1
f 16/16/1 17/17/10 15/15/9
f 18/18/1 19/19/11 20/20/1
f 18/18/1 19/19/11 17/17/10
f 20/20/1 21/21/1 22/22/12
f 20/20/1 22/22/12 19/19/11
f 21/21/1 23/23/13 24/24/1
f 21/21/1 23/23/13 22/22/12
f 24/24/1 25/25/14 26/26/1
f 24/24/1 25/25/14 23/23/13
f 26/26/1 27/27/15 28/28/1
f 26/26/1 27/27/15 25/25/14
f 28/28/1 29/29/16 30/30/1
f 28/28/1 29/29/16 27/27/15
f 30/30/1 31/31/1 32/32/17
f 30/30/1 32/32/17 29/29/16
f 31/31/1 33/33/18 34/34/1
f 31/31/1 33/33/18 32/32/17
f 34/34/1 35/35/19 36/36/1
f 34/34/1 35/35/19 33/33/18
f 36/36/1 37/37/20 38/38/1
f 36/36/1 37/37/20 35/35/19
f 38/38/1 39/39/21 40/40/1
f 38/38/1 39/39/21 37/37/20
f 40/40/1 1/1/1 4/4/3
f 40/40/1 4/4/3 39/39/21
f 4/4/3 2/2/2 41/41/22
f 4/4/3 41/41/22 42/42/23
f 2/2/2 5/5/4 43/43/24
f 2/2/2 43/43/24 41/41/22
f 5/5/4 7/7/5 44/44/25
f 5/5/4 44/44/25 43/43/24
f 7/7/5 9/9/6 45/45/26
f 7/7/5 45/45/26 44/44/25
f 9/9/6 12/12/7 46/46/27
f 9/9/6 46/46/27 45/45/26
f 12/12/7 13/13/8 47/47/28
f 12/12/7 47/47/28 46/46/27
f 13/13/8 15/15/9 48/48/29
f 13/13/8 48/48/29 47/47/28
f 15/15/9 17/17/10 49/49/30
f 15/15/9 49/49/30 48/48/29
f 17/17/10 19/19/11 50/50/31
f 17/17/10 50/50/31 49/49/30
f 19/19/11 22/22/12 51/51/32
f 19/19/11 51/51/32 50/50/31
f 22/22/12 23/23/13 52/52/33
f 22/22/12 52/52/33 51/51/32
f 23/23/13 25/25/14 53/53/34
f 23/23/13 53/53/34 52/52/33
f 25/25/14 27/27/15 54/54/35
f 25/25/14 54/54/35 53/53/34
f 27/27/15 29/29/16 55/55/36
f 27/27/15 55/55/36 54/54/35
f 29/29/16 32/32/17 56/56/37
f 29/29/16 56/56/37 55/55/36
f 32/32/17 33/33/18 57/57/38
f 32/32/17 57/57/38 56/56/37
f 33/33/18 35/35/19 58/58/39
f 33/33/18 58/58/39 57/57/38
f 35/35/19 37/37/20 59/59/40
f 35/35/19 59/59/40 58/58/39
f 37/37/20 39/39/21 60/60/41
f 37/37/20 60/60/41 59/59/40
f 39/39/21 4/4/3 42/42/23
f 39/39/21 42/42/23 60/60/41
f 42/42/23 41/41/22 61/61/42
f 42/62/23 61/62/42 62/62/43
f 41/41/22 43/43/24 63/63/44
f 41/62/22 63/62/44 61/62/42
f 43/43/24 44/44/25 64/64/45
f 43/62/24 64/62/45 63/62/44
f 44/44/25 45/45/26 65/65/46
f 44/62/25 65/62/46 64/62/45
f 45/45/26 46/46/27 66/66/47
f 45/62/26 66/62/47 65/62/46
f 46/46/27 47/47/28 67/67/48
f 46/62/27 67/62/48 66/62/47
f 47/47/28 48/48/29 68/68/49
f 47/62/28 68/62/49 67/62/48
f 48/48/29 49/49/30 69/69/50
f 48/62/29 69/62/50 68/62/49
f 49/49/30 50/50/31 70/70/51
f 49/62/30 70/62/51 69/62/50
f 50/50/31 51/51/32 71/71/52
f 50/62/31 71/62/52 70/62/51
f 51/51/32 52/52/33 72/72/53
f 51/62/32 72/62/53 71/62/52
f 52/52/33 53/53/34 73/73/54
f 52/62/33 73/62/54 72/62/53
f 53/53/34 54/54/35 74/74/55
f 53/62/34 74/62/55 73/62/54
f 54/54/35 55/55/36 75/75/56
f 54/62/35 75/62/56 74/62/55
f 55/55/36 56/56/37 76/76/57
f 55/62/36 76/62/57 75/62/56
f 56/56/37 57/57/38 77/77/58
f 56/62/37 77/62/58 76/62/57
f 57/57/38 58/58/39 78/78/59
f 57/62/38 78/62/59 77/62/58
f 58/58/39 59/59/40 79/79/60
f 58/62/39 79/62/60 78/62/59
f 59/59/40 60/60/41 80/80/61
f 59/62/40 80/62/61 79/62/60
f 60/60/41 42/42/23 62/81/43
f 60/62/41 62/62/43 80/62/61
f 62/62/43 61/62/42 81/62/62
f 62/62/43 81/62/62 82/62/63
f 61/62/42 63/62/44 83/62/64
f 61/62/42 83/62/64 81/62/62
f 63/62/44 64/62/45 84/62/65
f 63/62/44 84/62/65 83/62/64
f 64/62/45 65/62/46 85/62/66
f 64/62/45 85/62/66 84/62/65
f 65/62/46 66/62/47 86/62/67
f 65/62/46 86/62/67 85/62/66
f 66/62/47 67/62/48 87/62/68
f 66/62/47 87/62/68 86/62/67
f 67/62/48 68/62/49 88/62/69
f 67/62/48 88/62/69 87/62/68
f 68/62/49 69/62/50 89/62/70
f 68/62/49 89/62/70 88/62/69
f 69/62/50 70/62/51 90/62/71
f 69/62/50 90/62/71 89/62/70
f 70/62/51 71/62/52 91/62/72
f 70/62/51 91/62/72 90/62/71
f 71/62/52 72/62/53 92/62/73
f 71/62/52 92/62/73 91/62/72
f 72/62/53 73/62/54 93/62/74
f 72/62/53 93/62/74 92/62/73
f 73/62/54 74/62/55 94/62/75
f 73/62/54 94/62/75 93/62/74
f 74/62/55 75/62/56 95/62/76
f 74/62/55 95/62/76 94/62/75
f 75/62/56 76/62/57 96/62/77
f 75/62/56 96/62/77 95/62/76
f 76/62/57 77/62/58 97/62/78
f 76/62/57 97/62/78 96/62/77
f 77/62/58 78/62/59 98/62/79
f 77/62/58 98/62/79 97/62/78
f 78/62/59 79/62/60 99/62/80
f 78/62/59 99/62/80 98/62/79
f 79/62/60 80/62/61 100/62/81
f 79/62/60 100/62/81 99/62/80
f 80/62/61 62/62/43 82/62/63
f 80/62/61 82/62/63 100/62/81
f 82/62/63 81/62/62 101/62/62
f 82/62/63 101/62/62 102/62/63
f 81/62/62 83/62/64 103/62/64
f 81/62/62 103/62/64 101/62/62
f 83/62/64 84/62/65 104/62/65
f 83/62/64 104/62/65 103/62/64
f 84/62/65 85/62/66 105/62/66
f 84/62/65 105/62/66 104/62/65
f 85/62/66 86/62/67 106/62/67
f 85/62/66 106/62/67 105/62/66
f 86/62/67 87/62/68 107/62/68
f 86/62/67 107/62/68 106/62/67
f 87/62/68 88/62/69 108/62/69
f 87/62/68 108/62/69 107/62/68
f 88/62/69 89/62/70 109/62/70
f 88/62/69 109/62/70 108/62/69
f 89/62/70 90/62/71 110/62/71
f 89/62/70 110/62/71 109/62/70
f 90/62/71 91/62/72 111/62/72
f 90/62/71 111/62/72 110/62/71
f 91/62/72 92/62/73 112/62/73
f 91/62/72 112/62/73 111/62/72
f 92/62/73 93/62/74 113/62/74
f 92/62/73 113/62/74 112/62/73
f 93/62/74 94/62/75 114/62/75
f 93/62/74 114/62/75 113/62/74
f 94/62/75 95/62/76 115/62/76
f 94/62/75 115/62/76 114/62/75
f 95/62/76 96/62/77 116/62/77
f 95/62/76 116/62/77 115/62/76
f 96/62/77 97/62/78 117/62/78
f 96/62/77 117/62/78 116/62/77
f 97/62/78 98/62/79 118/62/79
f 97/62/78 118/62/79 117/62/78
f 98/62/79 99/62/80 119/62/80
f 98/62/79 119/62/80 118/62/79
f 99/62/80 100/62/81 120/62/81
f 99/62/80 120/62/81 119/62/80
f 100/62/81 82/62/63 102/62/63
f 100/62/81 102/62/63 120/62/81
f 102/62/63 101/62/62 121/62/82
f 102/62/63 121/62/82 122/62/83
f 101/62/62 103/62/64 123/62/84
f 101/62/62 123/62/84 121/62/82
f 103/62/64 104/62/65 124/62/85
f 103/62/64 124/62/85 123/62/84
f 104/62/65 105/62/66 125/62/86
f 104/62/65 125/62/86 124/62/85
f 105/62/66 106/62/67 126/62/87
f 105/62/66 126/62/87 125/62/86
f 106/62/67 107/62/68 127/62/88
f 106/62/67 127/62/88 126/62/87
f 107/62/68 108/62/69 128/62/89
f 107/62/68 128/62/89 127/62/88
f 108/62/69 109/62/70 129/62/90
f 108/62/69 129/62/90 128/62/89
f 109/62/70 110/62/71 130/62/91
f 109/62/70 130/62/91 129/62/90
f 110/62/71 111/62/72 131/62/92
f 110/62/71 131/62/92 130/62/91
f 111/62/72 112/62/73 132/62/93
f 111/62/72 132/62/93 131/62/92
f 112/62/73 113/62/74 133/62/94
f 112/62/73 133/62/94 132/62/93
f 113/62/74 114/62/75 134/62/95
f 113/62/74 134/62/95 133/62/94
f 114/62/75 115/62/76 135/62/96
f 114/62/75 135/62/96 134/62/95
f 115/62/76 116/62/77 136/62/97
f 115/62/76 136/62/97 135/62/96
f 116/62/77 117/62/78 137/62/98
f 116/62/77 137/62/98 136/62/97
f 117/62/78 118/62/79 138/62/99
f 117/62/78 138/62/99 137/62/98
f 118/62/79 119/62/80 139/62/100
f 118/62/79 139/62/100 138/62/99
f 119/62/80 120/62/81 140/62/101
f 119/62/80 140/62/101 139/62/100
f 120/62/81 102/62/63 122/62/83
f 120/62/81 122/62/83 140/62/101
f 122/62/83 121/62/82 141/62/102
f 122/82/83 141/83/102 142/84/103
f 121/62/82 123/62/84 143/62/104
f 121/85/82 143/86/104 141/83/102
f 123/62/84 124/62/85 144/62/105
f 123/87/84 144/88/105 143/86/104
f 124/62/85 125/62/86 145/62/106
f 124/89/85 145/90/106 144/88/105
f 125/62/86 126/62/87 146/62/107
f 125/91/86 146/92/107 145/90/106
f 126/62/87 127/62/88 147/62/108
f 126/93/87 147/94/108 146/92/107
f 127/62/88 128/62/89 148/62/109
f 127/95/88 148/96/109 147/94/108
f 128/62/89 129/62/90 149/62/110
f 128/97/89 149/98/110 148/96/109
f 129/62/90 130/62/91 150/62/111
f 129/99/90 150/100/111 149/98/110
f 130/62/91 131/62/92 151/62/112
f 130/101/91 151/102/112 150/100/111
f 131/62/92 132/62/93 152/62/113
f 131/103/92 152/104/113 151/102/112
f 132/62/93 133/62/94 153/62/114
f 132/105/93 153/106/114 152/104/113
f 133/62/94 134/62/95 154/62/115
f 133/107/94 154/108/115 153/106/114
f 134/62/95 135/62/96 155/62/116
f 134/109/95 155/110/116 154/108/115
f 135/62/96 136/62/97 156/62/117
f 135/111/96 156/112/117 155/110/116
f 136/62/97 137/62/98 157/62/118
f 136/113/97 157/114/118 156/112/117
f 137/62/98 138/62/99 158/62/119
f 137/115/98 158/116/119 157/114/118
f 138/62/99 139/62/100 159/62/120
f 138/117/99 159/118/120 158/116/119
f 139/62/100 140/62/101 160/62/121
f 139/119/100 160/120/121 159/118/120
f 140/62/101 122/62/83 142/62/103
f 140/121/101 142/84/103 160/120/121
f 142/84/103 141/83/102 161/122/122
f 142/84/103 161/122/122 162/123/123
f 141/83/102 143/86/104 163/124/124
f 141/83/102 163/124/124 161/122/122
f 143/86/104 144/88/105 164/125/125
f 143/86/104 164/125/125 163/124/124
f 144/88/105 145/90/106 165/126/126
f 144/88/105 165/126/126 164/125/125
f 145/90/106 146/92/107 166/127/127
f 145/90/106 166/127/127 165/126/126
f 146/92/107 147/94/108 167/128/128
f 146/92/107 167/128/128 166/127/127
f 147/94/108 148/96/109 168/129/129
f 147/94/108 168/129/129 167/128/128
f 148/96/109 149/98/110 169/130/130
f 148/96/109 169/130/130 168/129/129
f 149/98/110 150/100/111 170/131/131
f 149/98/110 170/131/131 169/130/130
f 150/100/111 151/102/112 171/132/132
f 150/100/111 171/132/132 170/131/131
f 151/102/112 152/104/113 172/133/133
f 151/102/112 172/133/133 171/132/132
f 152/104/113 153/106/114 173/134/134
f 152/104/113 173/134/134 172/133/133
f 153/106/114 154/108/115 174/135/135
f 153/106/114 174/135/135 173/134/134
f 154/108/115 155/110/116 175/136/136
f 154/108/115 175/136/136 174/135/135
f 155/110/116 156/112/117 176/137/137
f 155/110/116 176/137/137 175/136/136
f 156/112/117 157/114/118 177/138/138
f 156/112/117 177/138/138 176/137/137
f 157/114/118 158/116/119 178/139/139
f 157/114/118 178/139/139 177/138/138
f 158/116/119 159/118/120 179/140/140
f 158/116/119 179/140/140 178/139/139
f 159/118/120 160/120/121 180/141/141
f 159/118/120 180/141/141 179/140/140
f 160/120/121 142/84/103 162/123/123
f 160/120/121 162/123/123 180/141/141
f 162/123/123 161/122/122 181/142/142
f 162/123/123 182/143/142 181/142/142
f 161/122/122 163/124/124 183/144/142
f 161/122/122 181/142/142 183/144/142
f 163/124/124 164/125/125 184/145/142
f 163/124/124 183/144/142 184/145/142
f 164/125/125 165/126/126 185/146/142
f 164/125/125 184/145/142 185/146/142
f 165/126/126 166/127/127 186/147/142
f 165/126/126 186/147/142 185/146/142
f 166/127/127 167/128/128 187/148/142
f 166/127/127 186/147/142 187/148/142
f 167/128/128 168/129/129 188/149/142
f 167/128/128 187/148/142 188/149/142
f 168/129/129 169/130/130 189/150/142
f 168/129/129 188/149/142 189/150/142
f 169/130/130 170/131/131 190/151/142
f 169/130/130 189/150/142 190/151/142
f 170/131/131 171/132/132 191/152/142
f 170/131/131 191/152/142 190/151/142
f 171/132/132 172/133/133 192/153/142
f 171/132/132 191/152/142 192/153/142
f 172/133/133 173/134/134 193/154/142
f 172/133/133 192/153/142 193/154/142
f 173/134/134 174/135/135 194/155/142
f 173/134/134 193/154/142 194/155/142
f 174/135/135 175/136/136 195/156/142
f 174/135/135 194/155/142 195/156/142
f 175/136/136 176/137/137 196/157/142
f 175/136/136 196/157/142 195/156/142
f 176/137/137 177/138/138 197/158/142
f 176/137/137 196/157/142 197/158/142
f 177/138/138 178/139/139 198/159/142
f 177/138/138 197/158/142 198/159/142
f 178/139/139 179/140/140 199/160/142
f 178/139/139 198/159/142 199/160/142
f 179/140/140 180/141/141 200/161/142
f 179/140/140 199/160/142 200/161/142
f 180/141/141 162/123/123 182/143/142
f 180/141/141 182/143/142 200/161/142
f 201/162/1 1/1/1 3/3/1
f 201/162/1 3/3/1 6/6/1
f 201/162/1 6/6/1 8/8/1
f 201/162/1 8/8/1 10/10/1
f 201/162/1 11/11/1 10/10/1
f 201/162/1 11/11/1 14/14/1
f 201/162/1 14/14/1 16/16/1
f 201/162/1 16/16/1 18/18/1
f 201/162/1 18/18/1 20/20/1
f 201/162/1 21/21/1 20/20/1
f 201/162/1 21/21/1 24/24/1
f 201/162/1 24/24/1 26/26/1
f 201/162/1 26/26/1 28/28/1
f 201/162/1 28/28/1 30/30/1
f 201/162/1 31/31/1 30/30/1
f 201/162/1 31/31/1 34/34/1
f 201/162/1 34/34/1 36/36/1
f 201/162/1 36/36/1 38/38/1
f 201/162/1 38/38/1 40/40/1
f 201/162/1 1/1/1 40/40/1
f 202/163/142 181/142/142 182/143/142
f 202/163/142 183/144/142 181/142/142
f 202/163/142 184/145/142 183/144/142
f 202/163/142 185/146/142 184/145/142
f 202/163/142 185/146/142 186/147/142
f 202/163/142 187/148/142 186/147/142
f 202/163/142 188/149/142 187/148/142
f 202/163/142 189/150/142 188/149/142
f 202/163/142 190/151/142 189/150/142
f 202/163/142 190/151/142 191/152/142
f 202/163/142 192/153/142 191/152/142
f 202/163/142 193/154/142 192/153/142
f 202/163/142 194/155/142 193/154/142
f 202/163/142 195/156/142 194/155/142
f 202/163/142 195/156/142 196/157/142
f 202/163/142 197/158/142 196/157/142
f 202/163/142 198/159/142 197/158/142
f 202/163/142 199/160/142 198/159/142
f 202/163/142 200/161/142 199/160/142
f 202/163/142 200/161/142 182/143/142
f 203/164/1 204/165/1 205/166/2
f 203/164/1 205/166/2 206/167/3
f 204/165/1 207/168/4 208/169/1
f 204/165/1 207/168/4 205/166/2
f 208/169/1 209/170/5 210/171/1
f 208/169/1 209/170/5 207/168/4
f 210/171/1 211/172/1 212/173/6
f 210/171/1 212/173/6 209/170/5
f 211/172/1 213/174/1 214/175/7
f 211/172/1 214/175/7 212/173/6
f 213/174/1 215/176/1 216/177/8
f 213/174/1 216/177/8 214/175/7
f 215/176/1 217/178/9 218/179/1
f 215/176/1 217/178/9 216/177/8
f 218/179/1 219/180/10 220/181/1
f 218/179/1 219/180/10 217/178/9
f 220/181/1 221/182/1 222/183/11
f 220/181/1 222/183/11 219/180/10
f 221/182/1 223/184/1 224/185/12
f 221/182/1 224/185/12 222/183/11
f 223/184/1 225/186/1 226/187/13
f 223/184/1 226/187/13 224/185/12
f 225/186/1 227/188/14 228/189/1
f 225/186/1 227/188/14 226/187/13
f 228/189/1 229/190/15 230/191/1
f 228/189/1 229/190/15 227/188/14
f 230/191/1 231/192/1 232/193/16
f 230/191/1 232/193/16 229/190/15
f 231/192/1 233/194/1 234/195/17
f 231/192/1 234/195/17 232/193/16
f 233/194/1 235/196/1 236/197/18
f 233/194/1 236/197/18 234/195/17
f 235/196/1 237/198/19 238/199/1
f 235/196/1 237/198/19 236/197/18
f 238/199/1 239/200/20 240/201/1
f 238/199/1 239/200/20 237/198/19
f 240/201/1 241/202/1 242/203/21
f 240/201/1 242/203/21 239/200/20
f 241/202/1 203/164/1 206/167/3
f 241/202/1 206/167/3 242/203/21
f 206/167/3 205/166/2 243/204/22
f 206/167/3 243/204/22 244/205/23
f 205/166/2 207/168/4 245/206/24
f 205/166/2 245/206/24 243/204/22
f 207/168/4 209/170/5 246/207/25
f 207/168/4 246/207/25 245/206/24
f 209/170/5 212/173/6 247/208/26
f 209/170/5 247/208/26 246/207/25
f 212/173/6 214/175/7 248/209/27
f 212/173/6 248/209/27 247/208/26
f 214/175/7 216/177/8 249/210/28
f 214/175/7 249/210/28 248/209/27
f 216/177/8 217/178/9 250/211/29
f 216/177/8 250/211/29 249/210/28
f 217/178/9 219/180/10 251/212/30
f 217/178/9 251/212/30 250/211/29
f 219/180/10 222/183/11 252/213/31
f 219/180/10 252/213/31 251/212/30
f 222/183/11 224/185/12 253/214/32
f 222/183/11 253/214/32 252/213/31
f 224/185/12 226/187/13 254/215/33
f 224/185/12 254/215/33 253/214/32
f 226/187/13 227/188/14 255/216/34
f 226/187/13 255/216/34 254/215/33
f 227/188/14 229/190/15 256/217/35
f 227/188/14 256/217/35 255/216/34
f 229/190/15 232/193/16 257/218/36
f 229/190/15 257/218/36 256/217/35
f 232/193/16 234/195/17 258/219/37
f 232/193/16 258/219/37 257/218/36
f 234/195/17 236/197/18 259/220/38
f 234/195/17 259/220/38 258/219/37
f 236/197/18 237/198/19 260/221/39
f 236/197/18 260/221/39 259/220/38
f 237/198/19 239/200/20 261/222/40
f 237/198/19 261/222/40 260/221/39
f 239/200/20 242/203/21 262/223/41
f 239/200/20 262/223/41 261/222/40
f 242/203/21 206/167/3 244/205/23
f 242/203/21 244/205/23 262/223/41
f 244/205/23 243/204/22 263/224/42
f 244/62/23 263/62/42 264/62/43
f 243/204/22 245/206/24 265/225/44
f 243/62/22 265/62/44 263/62/42
f 245/206/24 246/207/25 266/226/45
f 245/62/24 266/62/45 265/62/44
f 246/207/25 247/208/26 267/227/46
f 246/62/25 267/62/46 266/62/45
f 247/208/26 248/209/27 268/228/47
f 247/62/26 268/62/47 267/62/46
f 248/209/27 249/210/28 269/229/48
f 248/62/27 269/62/48 268/62/47
f 249/210/28 250/211/29 270/230/49
f 249/62/28 270/62/49 269/62/48
f 250/211/29 251/212/30 271/231/50
f 250/62/29 271/62/50 270/62/49
f 251/212/30 252/213/31 272/232/51
f 251/62/30 272/62/51 271/62/50
f 252/213/31 253/214/32 273/233/52
f 252/62/31 273/62/52 272/62/51
f 253/214/32 254/215/33 274/234/53
f 253/62/32 274/62/53 273/62/52
f 254/215/33 255/216/34 275/235/54
f 254/62/33 275/62/54 274/62/53
f 255/216/34 256/217/35 276/236/55
f 255/62/34 276/62/55 275/62/54
f 256/217/35 257/218/36 277/237/56
f 256/62/35 277/62/56 276/62/55
f 257/218/36 258/219/37 278/238/57
f 257/62/36 278/62/57 277/62/56
f 258/219/37 259/220/38 279/239/58
f 258/62/37 279/62/58 278/62/57
f 259/220/38 260/221/39 280/240/59
f 259/62/38 280/62/59 279/62/58
f 260/221/39 261/222/40 281/241/60
f 260/62/39 281/62/60 280/62/59
f 261/222/40 262/223/41 282/242/61
f 261/62/40 282/62/61 281/62/60
f 262/223/41 244/205/23 264/243/43
f 262/62/41 264/62/43 282/62/61
f 264/62/43 263/62/42 283/62/62
f 264/62/43 283/62/62 284/62/63
f 263/62/42 265/62/44 285/62/64
f 263/62/42 285/62/64 283/62/62
f 265/62/44 266/62/45 286/62/65
f 265/62/44 286/62/65 285/62/64
f 266/62/45 267/62/46 287/62/66
f 266/62/45 287/62/66 286/62/65
f 267/62/46 268/62/47 288/62/67
f 267/62/46 288/62/67 287/62/66
f 268/62/47 269/62/48 289/62/68
f 268/62/47 289/62/68 288/62/67
f 269/62/48 270/62/49 290/62/69
f 269/62/48 290/62/69 289/62/68
f 270/62/49 271/62/50 291/62/70
f 270/62/49 291/62/70 290/62/69
f 271/62/50 272/62/51 292/62/71
f 271/62/50 292/62/71 291/62/70
f 272/62/51 273/62/52 293/62/72
f 272/62/51 293/62/72 292/62/71
f 273/62/52 274/62/53 294/62/73
f 273/62/52 294/62/73 293/62/72
f 274/62/53 275/62/54 295/62/74
f 274/62/53 295/62/74 294/62/73
f 275/62/54 276/62/55 296/62/75
f 275/62/54 296/62/75 295/62/74
f 276/62/55 277/62/56 297/62/76
f 276/62/55 297/62/76 296/62/75
f 277/62/56 278/62/57 298/62/77
f 277/62/56 298/62/77 297/62/76
f 278/62/57 279/62/58 299/62/78
f 278/62/57 299/62/78 298/62/77
f 279/62/58 280/62/59 300/62/79
f 279/62/58 300/62/79 299/62/78
f 280/62/59 281/62/60 301/62/80
f 280/62/59 301/62/80 300/62/79
f 281/62/60 282/62/61 302/62/81
f 281/62/60 302/62/81 301/62/80
f 282/62/61 264/62/43 284/62/63
f 282/62/61 284/62/63 302/62/81
f 284/62/63 283/62/62 303/62/62
f 284/62/63 303/62/62 304/62/63
f 283/62/62 285/62/64 305/62/64
f 283/62/62 305/62/64 303/62/62
f 285/62/64 286/62/65 306/62/65
f 285/62/64 306/62/65 305/62/64
f 286/62/65 287/62/66 307/62/66
f 286/62/65 307/62/66 306/62/65
f 287/62/66 288/62/67 308/62/67
f 287/62/66 308/62/67 307/62/66
f 288/62/67 289/62/68 309/62/68
f 288/62/67 309/62/68 308/62/67
f 289/62/68 290/62/69 310/62/69
f 289/62/68 310/62/69 309/62/68
f 290/62/69 291/62/70 311/62/70
f 290/62/69 311/62/70 310/62/69
f 291/62/70 292/62/71 312/62/71
f 291/62/70 312/62/71 311/62/70
f 292/62/71 293/62/72 313/62/72
f 292/62/71 313/62/72 312/62/71
f 293/62/72 294/62/73 314/62/73
f 293/62/72 314/62/73 313/62/72
f 294/62/73 295/62/74 315/62/74
f 294/62/73 315/62/74 314/62/73
f 295/62/74 296/62/75 316/62/75
f 295/62/74 316/62/75 315/62/74
f 296/62/75 297/62/76 317/62/76
f 296/62/75 317/62/76 316/62/75
f 297/62/76 298/62/77 318/62/77
f 297/62/76 318/62/77 317/62/76
f 298/62/77 299/62/78 319/62/78
f 298/62/77 319/62/78 318/62/77
f 299/62/78 300/62/79 320/62/79
f 299/62/78 320/62/79 319/62/78
f 300/62/79 301/62/80 321/62/80
f 300/62/79 321/62/80 320/62/79
f 301/62/80 302/62/81 322/62/81
f 301/62/80 322/62/81 321/62/80
f 302/62/81 284/62/63 304/62/63
f 302/62/81 304/62/63 322/62/81
f 304/62/63 303/62/62 323/62/82
f 304/62/63 323/62/82 324/62/83
f 303/62/62 305/62/64 325/62/84
f 303/62/62 325/62/84 323/62/82
f 305/62/64 306/62/65 326/62/85
f 305/62/64 326/62/85 325/62/84
f 306/62/65 307/62/66 327/62/86
f 306/62/65 327/62/86 326/62/85
f 307/62/66 308/62/67 328/62/87
f 307/62/66 328/62/87 327/62/86
f 308/62/67 309/62/68 329/62/88
f 308/62/67 329/62/88 328/62/87
f 309/62/68 310/62/69 330/62/89
f 309/62/68 330/62/89 329/62/88
f 310/62/69 311/62/70 331/62/90
f 310/62/69 331/62/90 330/62/89
f 311/62/70 312/62/71 332/62/91
f 311/62/70 332/62/91 331/62/90
f 312/62/71 313/62/72 333/62/92
f 312/62/71 333/62/92 332/62/91
f 313/62/72 314/62/73 334/62/93
f 313/62/72 334/62/93 333/62/92
f 314/62/73 315/62/74 335/62/94
f 314/62/73 335/62/94 334/62/93
f 315/62/74 316/62/75 336/62/95
f 315/62/74 336/62/95 335/62/94
f 316/62/75 317/62/76 337/62/96
f 316/62/75 337/62/96 336/62/95
f 317/62/76 318/62/77 338/62/97
f 317/62/76 338/62/97 337/62/96
f 318/62/77 319/62/78 339/62/98
f 318/62/77 339/62/98 338/62/97
f 319/62/78 320/62/79 340/62/99
f 319/62/78 340/62/99 339/62/98
f 320/62/79 321/62/80 341/62/100
f 320/62/79 341/62/100 340/62/99
f 321/62/80 322/62/81 342/62/101
f 321/62/80 342/62/101 341/62/100
f 322/62/81 304/62/63 324/62/83
f 322/62/81 324/62/83 342/62/101
f 324/62/83 323/62/82 343/62/102
f 324/244/83 343/245/102 344/246/103
f 323/62/82 325/62/84 345/62/104
f 323/247/82 345/248/104 343/245/102
f 325/62/84 326/62/85 346/62/105
f 325/249/84 346/250/105 345/248/104
f 326/62/85 327/62/86 347/62/106
f 326/251/85 347/252/106 346/250/105
f 327/62/86 328/62/87 348/62/107
f 327/253/86 348/254/107 347/252/106
f 328/62/87 329/62/88 349/62/108
f 328/255/87 349/256/108 348/254/107
f 329/62/88 330/62/89 350/62/109
f 329/257/88 350/258/109 349/256/108
f 330/62/89 331/62/90 351/62/110
f 330/259/89 351/260/110 350/258/109
f 331/62/90 332/62/91 352/62/111
f 331/261/90 352/262/111 351/260/110
f 332/62/91 333/62/92 353/62/112
f 332/263/91 353/264/112 352/262/111
f 333/62/92 334/62/93 354/62/113
f 333/265/92 354/266/113 353/264/112
f 334/62/93 335/62/94 355/62/114
f 334/267/93 355/268/114 354/266/113
f 335/62/94 336/62/95 356/62/115
f 335/269/94 356/270/115 355/268/114
f 336/62/95 337/62/96 357/62/116
f 336/271/95 357/272/116 356/270/115
f 337/62/96 338/62/97 358/62/117
f 337/273/96 358/274/117 357/272/116
f 338/62/97 339/62/98 359/62/118
f 338/275/97 359/276/118 358/274/117
f 339/62/98 340/62/99 360/62/119
f 339/277/98 360/278/119 359/276/118
f 340/62/99 341/62/100 361/62/120
f 340/279/99 361/280/120 360/278/119
f 341/62/100 342/62/101 362/62/121
f 341/281/100 362/282/121 361/280/120
f 342/62/101 324/62/83 344/62/103
f 342/283/101 344/246/103 362/282/121
f 344/246/103 343/245/102 363/284/122
f 344/246/103 363/284/122 364/285/123
f 343/245/102 345/248/104 365/286/124
f 343/245/102 365/286/124 363/284/122
f 345/248/104 346/250/105 366/287/125
f 345/248/104 366/287/125 365/286/124
f 346/250/105 347/252/106 367/288/126
f 346/250/105 367/288/126 366/287/125
f 347/252/106 348/254/107 368/289/127
f 347/252/106 368/289/127 367/288/126
f 348/254/107 349/256/108 369/290/128
f 348/254/107 369/290/128 368/289/127
f 349/256/108 350/258/109 370/291/129
f 349/256/108 370/291/129 369/290/128
f 350/258/109 351/260/110 371/292/130
f 350/258/109 371/292/130 370/291/129
f 351/260/110 352/262/111 372/293/131
f 351/260/110 372/293/131 371/292/130
f 352/262/111 353/264/112 373/294/132
f 352/262/111 373/294/132 372/293/131
f 353/264/112 354/266/113 374/295/133
f 353/264/112 374/295/133 373/294/132
f 354/266/113 355/268/114 375/296/134
f 354/266/113 375/296/134 374/295/133
f 355/268/114 356/270/115 376/297/135
f 355/268/114 376/297/135 375/296/134
f 356/270/115 357/272/116 377/298/136
f 356/270/115 377/298/136 376/297/135
f 357/272/116 358/274/117 378/299/137
f 357/272/116 378/299/137 377/298/136
f 358/274/117 359/276/118 379/300/138
f 358/274/117 379/300/138 378/299/137
f 359/276/118 360/278/119 380/301/139
f 359/276/118 380/301/139 379/300/138
f 360/278/119 361/280/120 381/302/140
f 360/278/119 381/302/140 380/301/139
f 361/280/120 362/282/121 382/303/141
f 361/280/120 382/303/141 381/302/140
f 362/282/121 344/246/103 364/285/123
f 362/282/121 364/285/123 382/303/141
f 364/285/123 363/284/122 383/304/142
f 364/285/123 383/304/142 384/305/142
f 363/284/122 365/286/124 385/306/142
f 363/284/122 383/304/142 385/306/142
f 365/286/124 366/287/125 386/307/142
f 365/286/124 385/306/142 386/307/142
f 366/287/125 367/288/126 387/308/142
f 366/287/125 387/308/142 386/307/142
f 367/288/126 368/289/127 388/309/142
f 367/288/126 388/309/142 387/308/142
f 368/289/127 369/290/128 389/310/142
f 368/289/127 389/310/142 388/309/142
f 369/290/128 370/291/129 390/311/142
f 369/290/128 389/310/142 390/311/142
f 370/291/129 371/292/130 391/312/142
f 370/291/129 390/311/142 391/312/142
f 371/292/130 372/293/131 392/313/142
f 371/292/130 392/313/142 391/312/142
f 372/293/131 373/294/132 393/314/142
f 372/293/131 393/314/142 392/313/142
f 373/294/132 374/295/133 394/315/142
f 373/294/132 394/315/142 393/314/142
f 374/295/133 375/296/134 395/316/142
f 374/295/133 394/315/142 395/316/142
f 375/296/134 376/297/135 396/317/142
f 375/296/134 395/316/142 396/317/142
f 376/297/135 377/298/136 397/318/142
f 376/297/135 397/318/142 396/317/142
f 377/298/136 378/299/137 398/319/142
f 377/298/136 398/319/142 397/318/142
f 378/299/137 379/300/138 399/320/142
f 378/299/137 399/320/142 398/319/142
f 379/300/138 380/301/139 400/321/142
f 379/300/138 399/320/142 400/321/142
f 380/301/139 381/302/140 401/322/142
f 380/301/139 400/321/142 401/322/142
f 381/302/140 382/303/141 402/323/142
f 381/302/140 402/323/142 401/322/142
f 382/303/141 364/285/123 384/305/142
f 382/303/141 384/305/142 402/323/142
f 403/324/1 204/165/1 203/164/1
f 403/324/1 204/165/1 208/169/1
f 403/324/1 208/169/1 210/171/1
f 403/324/1 211/172/1 210/171/1
f 403/324/1 213/174/1 211/172/1
f 403/324/1 215/176/1 213/174/1
f 403/324/1 215/176/1 218/179/1
f 403/324/1 218/179/1 220/181/1
f 403/324/1 221/182/1 220/181/1
f 403/324/1 223/184/1 221/182/1
f 403/324/1 225/186/1 223/184/1
f 403/324/1 225/186/1 228/189/1
f 403/324/1 228/189/1 230/191/1
f 403/324/1 231/192/1 230/191/1
f 403/324/1 233/194/1 231/192/1
f 403/324/1 235/196/1 233/194/1
f 403/324/1 235/196/1 238/199/1
f 403/324/1 238/199/1 240/201/1
f 403/324/1 241/202/1 240/201/1
f 403/324/1 203/164/1 241/202/1
f 404/325/142 384/305/142 383/304/142
f 404/325/142 385/306/142 383/304/142
f 404/325/142 386/307/142 385/306/142
f 404/325/142 386/307/142 387/308/142
f 404/325/142 387/308/142 388/309/142
f 404/325/142 388/309/142 389/310/142
f 404/325/142 390/311/142 389/310/142
f 404/325/142 391/312/142 390/311/142
f 404/325/142 391/312/142 392/313/142
f 404/325/142 392/313/142 393/314/142
f 404/325/142 393/314/142 394/315/142
f 404/325/142 395/316/142 394/315/142
f 404/325/142 396/317/142 395/316/142
f 404/325/142 396/317/142 397/318/142
f 404/325/142 397/318/142 398/319/142
f 404/325/142 398/319/142 399/320/142
f 404/325/142 400/321/142 399/320/142
f 404/325/142 401/322/142 400/321/142
f 404/325/142 401/322/142 402/323/142
f 404/325/142 402/323/142 384/305/142
f 405/326/1 406/327/1 407/328/2
f 405/326/1 407/328/2 408/329/3
f 406/327/1 409/330/4 410/331/1
f 406/327/1 409/330/4 407/328/2
f 410/331/1 411/332/5 412/333/1
f 410/331/1 411/332/5 409/330/4
f 412/333/1 413/334/1 414/335/6
f 412/333/1 414/335/6 411/332/5
f 413/334/1 415/336/1 416/337/7
f 413/334/1 416/337/7 414/335/6
f 415/336/1 417/338/1 418/339/8
f 415/336/1 418/339/8 416/337/7
f 417/338/1 419/340/9 420/341/1
f 417/338/1 419/340/9 418/339/8
f 420/341/1 421/342/10 422/343/1
f 420/341/1 421/342/10 419/340/9
f 422/343/1 423/344/1 424/345/11
f 422/343/1 424/345/11 421/342/10
f 423/344/1 425/346/1 426/347/12
f 423/344/1 426/347/12 424/345/11
f 425/346/1 427/348/1 428/349/13
f 425/346/1 428/349/13 426/347/12
f 427/348/1 429/350/14 430/351/1
f 427/348/1 429/350/14 428/349/13
f 430/351/1 431/352/15 432/353/1
f 430/351/1 431/352/15 429/350/14
f 432/353/1 433/354/1 434/355/16
f 432/353/1 434/355/16 431/352/15
f 433/354/1 435/356/1 436/357/17
f 433/354/1 436/357/17 434/355/16
f 435/356/1 437/358/1 438/359/18
f 435/356/1 438/359/18 436/357/17
f 437/358/1 439/360/19 440/361/1
f 437/358/1 439/360/19 438/359/18
f 440/361/1 441/362/20 442/363/1
f 440/361/1 441/362/20 439/360/19
f 442/363/1 443/364/1 444/365/21
f 442/363/1 444/365/21 441/362/20
f 443/364/1 405/326/1 408/329/3
f 443/364/1 408/329/3 444/365/21
f 408/329/3 407/328/2 445/366/22
f 408/329/3 445/366/22 446/367/23
f 407/328/2 409/330/4 447/368/24
f 407/328/2 447/368/24 445/366/22
f 409/330/4 411/332/5 448/369/25
f 409/330/4 448/369/25 447/368/24
f 411/332/5 414/335/6 449/370/26
f 411/332/5 449/370/26 448/369/25
f 414/335/6 416/337/7 450/371/27
f 414/335/6 450/371/27 449/370/26
f 416/337/7 418/339/8 451/372/28
f 416/337/7 451/372/28 450/371/27
f 418/339/8 419/340/9 452/373/29
f 418/339/8 452/373/29 451/372/28
f 419/340/9 421/342/10 453/374/30
f 419/340/9 453/374/30 452/373/29
f 421/342/10 424/345/11 454/375/31
f 421/342/10 454/375/31 453/374/30
f 424/345/11 426/347/12 455/376/32
f 424/345/11 455/376/32 454/375/31
f 426/347/12 428/349/13 456/377/33
f 426/347/12 456/377/33 455/376/32
f 428/349/13 429/350/14 457/378/34
f 428/349/13 457/378/34 456/377/33
f 429/350/14 431/352/15 458/379/35
f 429/350/14 458/379/35 457/378/34
f 431/352/15 434/355/16 459/380/36
f 431/352/15 459/380/36 458/379/35
f 434/355/16 436/357/17 460/381/37
f 434/355/16 460/381/37 459/380/36
f 436/357/17 438/359/18 461/382/38
f 436/357/17 461/382/38 460/381/37
f 438/359/18 439/360/19 462/383/39
f 438/359/18 462/383/39 461/382/38
f 439/360/19 441/362/20 463/384/40
f 439/360/19 463/384/40 462/383/39
f 441/362/20 444/365/21 464/385/41
f 441/362/20 464/385/41 463/384/40
f 444/365/21 408/329/3 446/367/23
f 444/365/21 446/367/23 464/385/41
f 446/367/23 445/366/22 465/386/42
f 446/62/23 465/62/42 466/62/43
f 445/366/22 447/368/24 467/387/44
f 445/62/22 467/62/44 465/62/42
f 447/368/24 448/369/25 468/388/45
f 447/62/24 468/62/45 467/62/44
f 448/369/25 449/370/26 469/389/46
f 448/62/25 469/62/46 468/62/45
f 449/370/26 450/371/27 470/390/47
f 449/62/26 470/62/47 469/62/46
f 450/371/27 451/372/28 471/391/48
f 450/62/27 471/62/48 470/62/47
f 451/372/28 452/373/29 472/392/49
f 451/62/28 472/62/49 471/62/48
f 452/373/29 453/374/30 473/393/50
f 452/62/29 473/62/50 472/62/49
f 453/374/30 454/375/31 474/394/51
f 453/62/30 474/62/51 473/62/50
f 454/375/31 455/376/32 475/395/52
f 454/62/31 475/62/52 474/62/51
f 455/376/32 456/377/33 476/396/53
f 455/62/32 476/62/53 475/62/52
f 456/377/33 457/378/34 477/397/54
f 456/62/33 477/62/54 476/62/53
f 457/378/34 458/379/35 478/398/55
f 457/62/34 478/62/55 477/62/54
f 458/379/35 459/380/36 479/399/56
f 458/62/35 479/62/56 478/62/55
f 459/380/36 460/381/37 480/400/57
f 459/62/36 480/62/57 479/62/56
f 460/381/37 461/382/38 481/401/58
f 460/62/37 481/62/58 480/62/57
f 461/382/38 462/383/39 482/402/59
f 461/62/38 482/62/59 481/62/58
f 462/383/39 463/384/40 483/403/60
f 462/62/39 483/62/60 482/62/59
f 463/384/40 464/385/41 484/404/61
f 463/62/40 484/62/61 483/62/60
f 464/385/41 446/367/23 466/405/43
f 464/62/41 466/62/43 484/62/61
f 466/62/43 465/62/42 485/62/62
f 466/62/43 485/62/62 486/62/63
f 465/62/42 467/62/44 487/62/64
f 465/62/42 487/62/64 485/62/62
f 467/62/44 468/62/45 488/62/65
f 467/62/44 488/62/65 487/62/64
f 468/62/45 469/62/46 489/62/66
f 468/62/45 489/62/66 488/62/65
f 469/62/46 470/62/47 490/62/67
f 469/62/46 490/62/67 489/62/66
f 470/62/47 471/62/48 491/62/68
f 470/62/47 491/62/68 490/62/67
f 471/62/48 472/62/49 492/62/69
f 471/62/48 492/62/69 491/62/68
f 472/62/49 473/62/50 493/62/70
f 472/62/49 493/62/70 492/62/69
f 473/62/50 474/62/51 494/62/71
f 473/62/50 494/62/71 493/62/70
f 474/62/51 475/62/52 495/62/72
f 474/62/51 495/62/72 494/62/71
f 475/62/52 476/62/53 496/62/73
f 475/62/52 496/62/73 495/62/72
f 476/62/53 477/62/54 497/62/74
f 476/62/53 497/62/74 496/62/73
f 477/62/54 478/62/55 498/62/75
f 477/62/54 498/62/75 497/62/74
f 478/62/55 479/62/56 499/62/76
f 478/62/55 499/62/76 498/62/75
f 479/62/56 480/62/57 500/62/77
f 479/62/56 500/62/77 499/62/76
f 480/62/57 481/62/58 501/62/78
f 480/62/57 501/62/78 500/62/77
f 481/62/58 482/62/59 502/62/79
f 481/62/58 502/62/79 501/62/78
f 482/62/59 483/62/60 503/62/80
f 482/62/59 503/62/80 502/62/79
f 483/62/60 484/62/61 504/62/81
f 483/62/60 504/62/81 503/62/80
f 484/62/61 466/62/43 486/62/63
f 484/62/61 486/62/63 504/62/81
f 486/62/63 485/62/62 505/62/62
f 486/62/63 505/62/62 506/62/63
f 485/62/62 487/62/64 507/62/64
f 485/62/62 507/62/64 505/62/62
f 487/62/64 488/62/65 508/62/65
f 487/62/64 508/62/65 507/62/64
f 488/62/65 489/62/66 509/62/66
f 488/62/65 509/62/66 508/62/65
f 489/62/66 490/62/67 510/62/67
f 489/62/66 510/62/67 509/62/66
f 490/62/67 491/62/68 511/62/68
f 490/62/67 511/62/68 510/62/67
f 491/62/68 492/62/69 512/62/69
f 491/62/68 512/62/69 511/62/68
f 492/62/69 493/62/70 513/62/70
f 492/62/69 513/62/70 512/62/69
f 493/62/70 494/62/71 514/62/71
f 493/62/70 514/62/71 513/62/70
f 494/62/71 495/62/72 515/62/72
f 494/62/71 515/62/72 514/62/71
f 495/62/72 496/62/73 516/62/73
f 495/62/72 516/62/73 515/62/72
f 496/62/73 497/62/74 517/62/74
f 496/62/73 517/62/74 516/62/73
f 497/62/74 498/62/75 518/62/75
f 497/62/74 518/62/75 517/62/74
f 498/62/75 499/62/76 519/62/76
f 498/62/75 519/62/76 518/62/75
f 499/62/76 500/62/77 520/62/77
f 499/62/76 520/62/77 519/62/76
f 500/62/77 501/62/78 521/62/78
f 500/62/77 521/62/78 520/62/77
f 501/62/78 502/62/79 522/62/79
f 501/62/78 522/62/79 521/62/78
f 502/62/79 503/62/80 523/62/80
f 502/62/79 523/62/80 522/62/79
f 503/62/80 504/62/81 524/62/81
f 503/62/80 524/62/81 523/62/80
f 504/62/81 486/62/63 506/62/63
f 504/62/81 506/62/63 524/62/81
f 506/62/63 505/62/62 525/62/82
f 506/62/63 525/62/82 526/62/83
f 505/62/62 507/62/64 527/62/84
f 505/62/62 527/62/84 525/62/82
f 507/62/64 508/62/65 528/62/85
f 507/62/64 528/62/85 527/62/84
f 508/62/65 509/62/66 529/62/86
f 508/62/65 529/62/86 528/62/85
f 509/62/66 510/62/67 530/62/87
f 509/62/66 530/62/87 529/62/86
f 510/62/67 511/62/68 531/62/88
f 510/62/67 531/62/88 530/62/87
f 511/62/68 512/62/69 532/62/89
f 511/62/68 532/62/89 531/62/88
f 512/62/69 513/62/70 533/62/90
f 512/62/69 533/62/90 532/62/89
f 513/62/70 514/62/71 534/62/91
f 513/62/70 534/62/91 533/62/90
f 514/62/71 515/62/72 535/62/92
f 514/62/71 535/62/92 534/62/91
f 515/62/72 516/62/73 536/62/93
f 515/62/72 536/62/93 535/62/92
f 516/62/73 517/62/74 537/62/94
f 516/62/73 537/62/94 536/62/93
f 517/62/74 518/62/75 538/62/95
f 517/62/74 538/62/95 537/62/94
f 518/62/75 519/62/76 539/62/96
f 518/62/75 539/62/96 538/62/95
f 519/62/76 520/62/77 540/62/97
f 519/62/76 540/62/97 539/62/96
f 520/62/77 521/62/78 541/62/98
f 520/62/77 541/62/98 540/62/97
f 521/62/78 522/62/79 542/62/99
f 521/62/78 542/62/99 541/62/98
f 522/62/79 523/62/80 543/62/100
f 522/62/79 543/62/100 542/62/99
f 523/62/80 524/62/81 544/62/101
f 523/62/80 544/62/101 543/62/100
f 524/62/81 506/62/63 526/62/83
f 524/62/81 526/62/83 544/62/101
f 526/62/83 525/62/82 545/62/102
f 526/406/83 545/407/102 546/408/103
f 525/62/82 527/62/84 547/62/104
f 525/409/82 547/410/104 545/407/102
f 527/62/84 528/62/85 548/62/105
f 527/411/84 548/412/105 547/410/104
f 528/62/85 529/62/86 549/62/106
f 528/413/85 549/414/106 548/412/105
f 529/62/86 530/62/87 550/62/107
f 529/415/86 550/416/107 549/414/106
f 530/62/87 531/62/88 551/62/108
f 530/417/87 551/418/108 550/416/107
f 531/62/88 532/62/89 552/62/109
f 531/419/88 552/420/109 551/418/108
f 532/62/89 533/62/90 553/62/110
f 532/421/89 553/422/110 552/420/109
f 533/62/90 534/62/91 554/62/111
f 533/423/90 554/424/111 553/422/110
f 534/62/91 535/62/92 555/62/112
f 534/425/91 555/426/112 554/424/111
f 535/62/92 536/62/93 556/62/113
f 535/427/92 556/428/113 555/426/112
f 536/62/93 537/62/94 557/62/114
f 536/429/93 557/430/114 556/428/113
f 537/62/94 538/62/95 558/62/115
f 537/431/94 558/432/115 557/430/114
f 538/62/95 539/62/96 559/62/116
f 538/433/95 559/434/116 558/432/115
f 539/62/96 540/62/97 560/62/117
f 539/435/96 560/436/117 559/434/116
f 540/62/97 541/62/98 561/62/118
f 540/437/97 561/438/118 560/436/117
f 541/62/98 542/62/99 562/62/119
f 541/439/98 562/440/119 561/438/118
f 542/62/99 543/62/100 563/62/120
f 542/441/99 563/442/120 562/440/119
f 543/62/100 544/62/101 564/62/121
f 543/443/100 564/444/121 563/442/120
f 544/62/101 526/62/83 546/62/103
f 544/445/101 546/408/103 564/444/121
f 546/408/103 545/407/102 565/446/122
f 546/408/103 565/446/122 566/447/123
f 545/407/102 547/410/104 567/448/124
f 545/407/102 567/448/124 565/446/122
f 547/410/104 548/412/105 568/449/125
f 547/410/104 568/449/125 567/448/124
f 548/412/105 549/414/106 569/450/126
f 548/412/105 569/450/126 568/449/125
f 549/414/106 550/416/107 570/451/127
f 549/414/106 570/451/127 569/450/126
f 550/416/107 551/418/108 571/452/128
f 550/416/107 571/452/128 570/451/127
f 551/418/108 552/420/109 572/453/129
f 551/418/108 572/453/129 571/452/128
f 552/420/109 553/422/110 573/454/130
f 552/420/109 573/454/130 572/453/129
f 553/422/110 554/424/111 574/455/131
f 553/422/110 574/455/131 573/454/130
f 554/424/111 555/426/112 575/456/132
f 554/424/111 575/456/132 574/455/131
f 555/426/112 556/428/113 576/457/133
f 555/426/112 576/457/133 575/456/132
f 556/428/113 557/430/114 577/458/134
f 556/428/113 577/458/134 576/457/133
f 557/430/114 558/432/115 578/459/135
f 557/430/114 578/459/135 577/458/134
f 558/432/115 559/434/116 579/460/136
f 558/432/115 579/460/136 578/459/135
f 559/434/116 560/436/117 580/461/137
f 559/434/116 580/461/137 579/460/136
f 560/436/117 561/438/118 581/462/138
f 560/436/117 581/462/138 580/461/137
f 561/438/118 562/440/119 582/463/139
f 561/438/118 582/463/139 581/462/138
f 562/440/119 563/442/120 583/464/140
f 562/440/119 583/464/140 582/463/139
f 563/442/120 564/444/121 584/465/141
f 563/442/120 584/465/141 583/464/140
f 564/444/121 546/408/103 566/447/123
f 564/444/121 566/447/123 584/465/141
f 566/447/123 565/446/122 585/466/142
f 566/447/123 585/466/142 586/467/142
f 565/446/122 567/448/124 587/468/142
f 565/446/122 585/466/142 587/468/142
f 567/448/124 568/449/125 588/469/142
f 567/448/124 587/468/142 588/469/142
f 568/449/125 569/450/126 589/470/142
f 568/449/125 589/470/142 588/469/142
f 569/450/126 570/451/127 590/471/142
f 569/450/126 590/471/142 589/470/142
f 570/451/127 571/452/128 591/472/142
f 570/451/127 591/472/142 590/471/142
f 571/452/128 572/453/129 592/473/142
f 571/452/128 591/472/142 592/473/142
f 572/453/129 573/454/130 593/474/142
f 572/453/129 592/473/142 593/474/142
f 573/454/130 574/455/131 594/475/142
f 573/454/130 594/475/142 593/474/142
f 574/455/131 575/456/132 595/476/142
f 574/455/131 595/476/142 594/475/142
f 575/456/132 576/457/133 596/477/142
f 575/456/132 596/477/142 595/476/142
f 576/457/133 577/458/134 597/478/142
f 576/457/133 596/477/142 597/478/142
f 577/458/134 578/459/135 598/479/142
f 577/458/134 597/478/142 598/479/142
f 578/459/135 579/460/136 599/480/142
f 578/459/135 599/480/142 598/479/142
f 579/460/136 580/461/137 600/481/142
f 579/460/136 600/481/142 599/480/142
f 580/461/137 581/462/138 601/482/142
f 580/461/137 601/482/142 600/481/142
f 581/462/138 582/463/139 602/483/142
f 581/462/138 601/482/142 602/483/142
f 582/463/139 583/464/140 603/484/142
f 582/463/139 602/483/142 603/484/142
f 583/464/140 584/465/141 604/485/142
f 583/464/140 604/485/142 603/484/142
f 584/465/141 566/447/123 586/467/142
f 584/465/141 586/467/142 604/485/142
f 605/486/1 406/327/1 405/326/1
f 605/486/1 406/327/1 410/331/1
f 605/486/1 410/331/1 412/333/1
f 605/486/1 413/334/1 412/333/1
f 605/486/1 415/336/1 413/334/1
f 605/486/1 417/338/1 415/336/1
f 605/486/1 417/338/1 420/341/1
f 605/486/1 420/341/1 422/343/1
f 605/486/1 423/344/1 422/343/1
f 605/486/1 425/346/1 423/344/1
f 605/486/1 427/348/1 425/346/1
f 605/486/1 427/348/1 430/351/1
f 605/486/1 430/351/1 432/353/1
f 605/486/1 433/354/1 432/353/1
f 605/486/1 435/356/1 433/354/1
f 605/486/1 437/358/1 435/356/1
f 605/486/1 437/358/1 440/361/1
f 605/486/1 440/361/1 442/363/1
f 605/486/1 443/364/1 442/363/1
f 605/486/1 405/326/1 443/364/1
f 606/487/142 586/467/142 585/466/142
f 606/487/142 587/468/142 585/466/142
f 606/487/142 588/469/142 587/468/142
f 606/487/142 588/469/142 589/470/142
f 606/487/142 589/470/142 590/471/142
f 606/487/142 590/471/142 591/472/142
f 606/487/142 592/473/142 591/472/142
f 606/487/142 593/474/142 592/473/142
f 606/487/142 593/474/142 594/475/142
f 606/487/142 594/475/142 595/476/142
f 606/487/142 595/476/142 596/477/142
f 606/487/142 597/478/142 596/477/142
f 606/487/142 598/479/142 597/478/142
f 606/487/142 598/479/142 599/480/142
f 606/487/142 599/480/142 600/481/142
f 606/487/142 600/481/142 601/482/142
f 606/487/142 602/483/142 601/482/142
f 606/487/142 603/484/142 602/483/142
f 606/487/142 603/484/142 604/485/142
f 606/487/142 604/485/142 586/467/142
f 607/488/1 608/489/2 609/490/1
f 607/488/1 608/489/2 610/491/3
f 609/490/1 611/492/4 612/493/1
f 609/490/1 608/489/2 611/492/4
f 612/493/1 613/494/5 614/495/1
f 612/493/1 611/492/4 613/494/5
f 614/495/1 615/496/6 616/497/1
f 614/495/1 615/496/6 613/494/5
f 616/497/1 617/498/1 618/499/7
f 616/497/1 618/499/7 615/496/6
f 617/498/1 619/500/8 620/501/1
f 617/498/1 619/500/8 618/499/7
f 620/501/1 621/502/9 622/503/1
f 620/501/1 619/500/8 621/502/9
f 622/503/1 623/504/10 624/505/1
f 622/503/1 621/502/9 623/504/10
f 624/505/1 625/506/11 626/507/1
f 624/505/1 625/506/11 623/504/10
f 626/507/1 627/508/1 628/509/12
f 626/507/1 628/509/12 625/506/11
f 627/508/1 629/510/13 630/511/1
f 627/508/1 629/510/13 628/509/12
f 630/511/1 631/512/14 632/513/1
f 630/511/1 629/510/13 631/512/14
f 632/513/1 633/514/15 634/515/1
f 632/513/1 631/512/14 633/514/15
f 634/515/1 635/516/16 636/517/1
f 634/515/1 635/516/16 633/514/15
f 636/517/1 637/518/1 638/519/17
f 636/517/1 638/519/17 635/516/16
f 637/518/1 639/520/18 640/521/1
f 637/518/1 639/520/18 638/519/17
f 640/521/1 641/522/19 642/523/1
f 640/521/1 639/520/18 641/522/19
f 642/523/1 643/524/20 644/525/1
f 642/523/1 641/522/19 643/524/20
f 644/525/1 645/526/21 646/527/1
f 644/525/1 645/526/21 643/524/20
f 646/527/1 607/488/1 610/491/3
f 646/527/1 610/491/3 645/526/21
f 610/491/3 608/489/2 647/528/22
f 610/491/3 647/528/22 648/529/23
f 608/489/2 649/530/24 611/492/4
f 608/489/2 649/530/24 647/528/22
f 611/492/4 650/531/25 613/494/5
f 611/492/4 650/531/25 649/530/24
f 613/494/5 615/496/6 651/532/26
f 613/494/5 651/532/26 650/531/25
f 615/496/6 618/499/7 652/533/27
f 615/496/6 652/533/27 651/532/26
f 618/499/7 619/500/8 653/534/28
f 618/499/7 653/534/28 652/533/27
f 619/500/8 654/535/29 621/502/9
f 619/500/8 654/535/29 653/534/28
f 621/502/9 655/536/30 623/504/10
f 621/502/9 655/536/30 654/535/29
f 623/504/10 625/506/11 656/537/31
f 623/504/10 656/537/31 655/536/30
f 625/506/11 628/509/12 657/538/32
f 625/506/11 657/538/32 656/537/31
f 628/509/12 629/510/13 658/539/33
f 628/509/12 658/539/33 657/538/32
f 629/510/13 659/540/34 631/512/14
f 629/510/13 659/540/34 658/539/33
f 631/512/14 660/541/35 633/514/15
f 631/512/14 660/541/35 659/540/34
f 633/514/15 635/516/16 661/542/36
f 633/514/15 661/542/36 660/541/35
f 635/516/16 638/519/17 662/543/37
f 635/516/16 662/543/37 661/542/36
f 638/519/17 639/520/18 663/544/38
f 638/519/17 663/544/38 662/543/37
f 639/520/18 664/545/39 641/522/19
f 639/520/18 664/545/39 663/544/38
f 641/522/19 665/546/40 643/524/20
f 641/522/19 665/546/40 664/545/39
f 643/524/20 645/526/21 666/547/41
f 643/524/20 666/547/41 665/546/40
f 645/526/21 610/491/3 648/529/23
f 645/526/21 648/529/23 666/547/41
f 648/529/23 647/528/22 667/548/42
f 648/62/23 667/62/42 668/62/43
f 647/528/22 649/530/24 669/549/44
f 647/62/22 669/62/44 667/62/42
f 649/530/24 650/531/25 670/550/45
f 649/62/24 670/62/45 669/62/44
f 650/531/25 651/532/26 671/551/46
f 650/62/25 671/62/46 670/62/45
f 651/532/26 652/533/27 672/552/47
f 651/62/26 672/62/47 671/62/46
f 652/533/27 653/534/28 673/553/48
f 652/62/27 673/62/48 672/62/47
f 653/534/28 654/535/29 674/554/49
f 653/62/28 674/62/49 673/62/48
f 654/535/29 655/536/30 675/555/50
f 654/62/29 675/62/50 674/62/49
f 655/536/30 656/537/31 676/556/51
f 655/62/30 676/62/51 675/62/50
f 656/537/31 657/538/32 677/557/52
f 656/62/31 677/62/52 676/62/51
f 657/538/32 658/539/33 678/558/53
f 657/62/32 678/62/53 677/62/52
f 658/539/33 659/540/34 679/559/54
f 658/62/33 679/62/54 678/62/53
f 659/540/34 660/541/35 680/560/55
f 659/62/34 680/62/55 679/62/54
f 660/541/35 661/542/36 681/561/56
f 660/62/35 681/62/56 680/62/55
f 661/542/36 662/543/37 682/562/57
f 661/62/36 682/62/57 681/62/56
f 662/543/37 663/544/38 683/563/58
f 662/62/37 683/62/58 682/62/57
f 663/544/38 664/545/39 684/564/59
f 663/62/38 684/62/59 683/62/58
f 664/545/39 665/546/40 685/565/60
f 664/62/39 685/62/60 684/62/59
f 665/546/40 666/547/41 686/566/61
f 665/62/40 686/62/61 685/62/60
f 666/547/41 648/529/23 668/567/43
f 666/62/41 668/62/43 686/62/61
f 668/62/43 667/62/42 687/62/62
f 668/62/43 687/62/62 688/62/63
f 667/62/42 669/62/44 689/62/64
f 667/62/42 689/62/64 687/62/62
f 669/62/44 670/62/45 690/62/65
f 669/62/44 690/62/65 689/62/64
f 670/62/45 671/62/46 691/62/66
f 670/62/45 691/62/66 690/62/65
f 671/62/46 672/62/47 692/62/67
f 671/62/46 692/62/67 691/62/66
f 672/62/47 673/62/48 693/62/68
f 672/62/47 693/62/68 692/62/67
f 673/62/48 674/62/49 694/62/69
f 673/62/48 694/62/69 693/62/68
f 674/62/49 675/62/50 695/62/70
f 674/62/49 695/62/70 694/62/69
f 675/62/50 676/62/51 696/62/71
f 675/62/50 696/62/71 695/62/70
f 676/62/51 677/62/52 697/62/72
f 676/62/51 697/62/72 696/62/71
f 677/62/52 678/62/53 698/62/73
f 677/62/52 698/62/73 697/62/72
f 678/62/53 679/62/54 699/62/74
f 678/62/53 699/62/74 698/62/73
f 679/62/54 680/62/55 700/62/75
f 679/62/54 700/62/75 699/62/74
f 680/62/55 681/62/56 701/62/76
f 680/62/55 701/62/76 700/62/75
f 681/62/56 682/62/57 702/62/77
f 681/62/56 702/62/77 701/62/76
f 682/62/57 683/62/58 703/62/78
f 682/62/57 703/62/78 702/62/77
f 683/62/58 684/62/59 704/62/79
f 683/62/58 704/62/79 703/62/78
f 684/62/59 685/62/60 705/62/80
f 684/62/59 705/62/80 704/62/79
f 685/62/60 686/62/61 706/62/81
f 685/62/60 706/62/81 705/62/80
f 686/62/61 668/62/43 688/62/63
f 686/62/61 688/62/63 706/62/81
f 688/62/63 687/62/62 707/62/62
f 688/62/63 707/62/62 708/62/63
f 687/62/62 689/62/64 709/62/64
f 687/62/62 709/62/64 707/62/62
f 689/62/64 690/62/65 710/62/65
f 689/62/64 710/62/65 709/62/64
f 690/62/65 691/62/66 711/62/66
f 690/62/65 711/62/66 710/62/65
f 691/62/66 692/62/67 712/62/67
f 691/62/66 712/62/67 711/62/66
f 692/62/67 693/62/68 713/62/68
f 692/62/67 713/62/68 712/62/67
f 693/62/68 694/62/69 714/62/69
f 693/62/68 714/62/69 713/62/68
f 694/62/69 695/62/70 715/62/70
f 694/62/69 715/62/70 714/62/69
f 695/62/70 696/62/71 716/62/71
f 695/62/70 716/62/71 715/62/70
f 696/62/71 697/62/72 717/62/72
f 696/62/71 717/62/72 716/62/71
f 697/62/72 698/62/73 718/62/73
f 697/62/72 718/62/73 717/62/72
f 698/62/73 699/62/74 719/62/74
f 698/62/73 719/62/74 718/62/73
f 699/62/74 700/62/75 720/62/75
f 699/62/74 720/62/75 719/62/74
f 700/62/75 701/62/76 721/62/76
f 700/62/75 721/62/76 720/62/75
f 701/62/76 702/62/77 722/62/77
f 701/62/76 722/62/77 721/62/76
f 702/62/77 703/62/78 723/62/78
f 702/62/77 723/62/78 722/62/77
f 703/62/78 704/62/79 724/62/79
f 703/62/78 724/62/79 723/62/78
f 704/62/79 705/62/80 725/62/80
f 704/62/79 725/62/80 724/62/79
f 705/62/80 706/62/81 726/62/81
f 705/62/80 726/62/81 725/62/80
f 706/62/81 688/62/63 708/62/63
f 706/62/81 708/62/63 726/62/81
f 708/62/63 707/62/62 727/62/82
f 708/62/63 727/62/82 728/62/83
f 707/62/62 709/62/64 729/62/84
f 707/62/62 729/62/84 727/62/82
f 709/62/64 710/62/65 730/62/85
f 709/62/64 730/62/85 729/62/84
f 710/62/65 711/62/66 731/62/86
f 710/62/65 731/62/86 730/62/85
f 711/62/66 712/62/67 732/62/87
f 711/62/66 732/62/87 731/62/86
f 712/62/67 713/62/68 733/62/88
f 712/62/67 733/62/88 732/62/87
f 713/62/68 714/62/69 734/62/89
f 713/62/68 734/62/89 733/62/88
f 714/62/69 715/62/70 735/62/90
f 714/62/69 735/62/90 734/62/89
f 715/62/70 716/62/71 736/62/91
f 715/62/70 736/62/91 735/62/90
f 716/62/71 717/62/72 737/62/92
f 716/62/71 737/62/92 736/62/91
f 717/62/72 718/62/73 738/62/93
f 717/62/72 738/62/93 737/62/92
f 718/62/73 719/62/74 739/62/94
f 718/62/73 739/62/94 738/62/93
f 719/62/74 720/62/75 740/62/95
f 719/62/74 740/62/95 739/62/94
f 720/62/75 721/62/76 741/62/96
f 720/62/75 741/62/96 740/62/95
f 721/62/76 722/62/77 742/62/97
f 721/62/76 742/62/97 741/62/96
f 722/62/77 723/62/78 743/62/98
f 722/62/77 743/62/98 742/62/97
f 723/62/78 724/62/79 744/62/99
f 723/62/78 744/62/99 743/62/98
f 724/62/79 725/62/80 745/62/100
f 724/62/79 745/62/100 744/62/99
f 725/62/80 726/62/81 746/62/101
f 725/62/80 746/62/101 745/62/100
f 726/62/81 708/62/63 728/62/83
f 726/62/81 728/62/83 746/62/101
f 728/62/83 727/62/82 747/62/102
f 728/568/83 747/569/102 748/570/103
f 727/62/82 729/62/84 749/62/104
f 727/571/82 749/572/104 747/569/102
f 729/62/84 730/62/85 750/62/105
f 729/573/84 750/574/105 749/572/104
f 730/62/85 731/62/86 751/62/106
f 730/575/85 751/576/106 750/574/105
f 731/62/86 732/62/87 752/62/107
f 731/577/86 752/578/107 751/576/106
f 732/62/87 733/62/88 753/62/108
f 732/579/87 753/580/108 752/578/107
f 733/62/88 734/62/89 754/62/109
f 733/581/88 754/582/109 753/580/108
f 734/62/89 735/62/90 755/62/110
f 734/583/89 755/584/110 754/582/109
f 735/62/90 736/62/91 756/62/111
f 735/585/90 756/586/111 755/584/110
f 736/62/91 737/62/92 757/62/112
f 736/587/91 757/588/112 756/586/111
f 737/62/92 738/62/93 758/62/113
f 737/589/92 758/590/113 757/588/112
f 738/62/93 739/62/94 759/62/114
f 738/591/93 759/592/114 758/590/113
f 739/62/94 740/62/95 760/62/115
f 739/593/94 760/594/115 759/592/114
f 740/62/95 741/62/96 761/62/116
f 740/595/95 761/596/116 760/594/115
f 741/62/96 742/62/97 762/62/117
f 741/597/96 762/598/117 761/596/116
f 742/62/97 743/62/98 763/62/118
f 742/599/97 763/600/118 762/598/117
f 743/62/98 744/62/99 764/62/119
f 743/601/98 764/602/119 763/600/118
f 744/62/99 745/62/100 765/62/120
f 744/603/99 765/604/120 764/602/119
f 745/62/100 746/62/101 766/62/121
f 745/605/100 766/606/121 765/604/120
f 746/62/101 728/62/83 748/62/103
f 746/607/101 748/570/103 766/606/121
f 748/570/103 747/569/102 767/608/122
f 748/570/103 767/608/122 768/609/123
f 747/569/102 749/572/104 769/610/124
f 747/569/102 767/608/122 769/610/124
f 749/572/104 750/574/105 770/611/125
f 749/572/104 769/610/124 770/611/125
f 750/574/105 751/576/106 771/612/126
f 750/574/105 771/612/126 770/611/125
f 751/576/106 752/578/107 772/613/127
f 751/576/106 772/613/127 771/612/126
f 752/578/107 753/580/108 773/614/128
f 752/578/107 773/614/128 772/613/127
f 753/580/108 754/582/109 774/615/129
f 753/580/108 773/614/128 774/615/129
f 754/582/109 755/584/110 775/616/130
f 754/582/109 774/615/129 775/616/130
f 755/584/110 756/586/111 776/617/131
f 755/584/110 776/617/131 775/616/130
f 756/586/111 757/588/112 777/618/132
f 756/586/111 777/618/132 776/617/131
f 757/588/112 758/590/113 778/619/133
f 757/588/112 778/619/133 777/618/132
f 758/590/113 759/592/114 779/620/134
f 758/590/113 778/619/133 779/620/134
f 759/592/114 760/594/115 780/621/135
f 759/592/114 779/620/134 780/621/135
f 760/594/115 761/596/116 781/622/136
f 760/594/115 781/622/136 780/621/135
f 761/596/116 762/598/117 782/623/137
f 761/596/116 782/623/137 781/622/136
f 762/598/117 763/600/118 783/624/138
f 762/598/117 783/624/138 782/623/137
f 763/600/118 764/602/119 784/625/139
f 763/600/118 783/624/138 784/625/139
f 764/602/119 765/604/120 785/626/140
f 764/602/119 784/625/139 785/626/140
f 765/604/120 766/606/121 786/627/141
f 765/604/120 786/627/141 785/626/140
f 766/606/121 748/570/103 768/609/123
f 766/606/121 768/609/123 786/627/141
f 768/609/123 767/608/122 787/628/142
f 768/609/123 788/629/142 787/628/142
f 767/608/122 789/630/142 769/610/124
f 767/608/122 787/628/142 789/630/142
f 769/610/124 790/631/142 770/611/125
f 769/610/124 789/630/142 790/631/142
f 770/611/125 771/612/126 791/632/142
f 770/611/125 790/631/142 791/632/142
f 771/612/126 772/613/127 792/633/142
f 771/612/126 792/633/142 791/632/142
f 772/613/127 773/614/128 793/634/142
f 772/613/127 792/633/142 793/634/142
f 773/614/128 794/635/142 774/615/129
f 773/614/128 793/634/142 794/635/142
f 774/615/129 795/636/142 775/616/130
f 774/615/129 794/635/142 795/636/142
f 775/616/130 776/617/131 796/637/142
f 775/616/130 795/636/142 796/637/142
f 776/617/131 777/618/132 797/638/142
f 776/617/131 797/638/142 796/637/142
f 777/618/132 778/619/133 798/639/142
f 777/618/132 797/638/142 798/639/142
f 778/619/133 799/640/142 779/620/134
f 778/619/133 798/639/142 799/640/142
f 779/620/134 800/641/142 780/621/135
f 779/620/134 799/640/142 800/641/142
f 780/621/135 781/622/136 801/642/142
f 780/621/135 800/641/142 801/642/142
f 781/622/136 782/623/137 802/643/142
f 781/622/136 802/643/142 801/642/142
f 782/623/137 783/624/138 803/644/142
f 782/623/137 802/643/142 803/644/142
f 783/624/138 804/645/142 784/625/139
f 783/624/138 803/644/142 804/645/142
f 784/625/139 805/646/142 785/626/140
f 784/625/139 804/645/142 805/646/142
f 785/626/140 786/627/141 806/647/142
f 785/626/140 805/646/142 806/647/142
f 786/627/141 768/609/123 788/629/142
f 786/627/141 788/629/142 806/647/142
f 807/648/1 607/488/1 609/490/1
f 807/648/1 609/490/1 612/493/1
f 807/648/1 612/493/1 614/495/1
f 807/648/1 614/495/1 616/497/1
f 807/648/1 617/498/1 616/497/1
f 807/648/1 617/498/1 620/501/1
f 807/648/1 620/501/1 622/503/1
f 807/648/1 622/503/1 624/505/1
f 807/648/1 624/505/1 626/507/1
f 807/648/1 627/508/1 626/507/1
f 807/648/1 627/508/1 630/511/1
f 807/648/1 630/511/1 632/513/1
f 807/648/1 632/513/1 634/515/1
f 807/648/1 634/515/1 636/517/1
f 807/648/1 637/518/1 636/517/1
f 807/648/1 637/518/1 640/521/1
f 807/648/1 640/521/1 642/523/1
f 807/648/1 642/523/1 644/525/1
f 807/648/1 644/525/1 646/527/1
f 807/648/1 607/488/1 646/527/1
f 808/649/142 787/628/142 788/629/142
f 808/649/142 789/630/142 787/628/142
f 808/649/142 790/631/142 789/630/142
f 808/649/142 791/632/142 790/631/142
f 808/649/142 791/632/142 792/633/142
f 808/649/142 793/634/142 792/633/142
f 808/649/142 794/635/142 793/634/142
f 808/649/142 795/636/142 794/635/142
f 808/649/142 796/637/142 795/636/142
f 808/649/142 796/637/142 797/638/142
f 808/649/142 798/639/142 797/638/142
f 808/649/142 799/640/142 798/639/142
f 808/649/142 800/641/142 799/640/142
f 808/649/142 801/642/142 800/641/142
f 808/649/142 801/642/142 802/643/142
f 808/649/142 803/644/142 802/643/142
f 808/649/142 804/645/142 803/644/142
f 808/649/142 805/646/142 804/645/142
f 808/649/142 806/647/142 805/646/142
f 808/649/142 806/647/142 788/629/142
f 809/650/1 810/651/1 811/652/9
f 809/650/1 811/652/9 812/653/4
f 810/651/1 813/654/1 814/655/14
f 810/651/1 814/655/14 811/652/9
f 813/654/1 815/656/1 816/657/19
f 813/654/1 816/657/19 814/655/14
f 815/656/1 809/650/1 812/653/4
f 815/656/1 812/653/4 816/657/19
f 812/653/4 811/652/9 817/658/29
f 812/653/4 817/658/29 818/659/24
f 811/652/9 814/655/14 819/660/34
f 811/652/9 819/660/34 817/658/29
f 814/655/14 816/657/19 820/661/39
f 814/655/14 820/661/39 819/660/34
f 816/657/19 812/653/4 818/659/24
f 816/657/19 818/659/24 820/661/39
f 818/659/24 817/658/29 821/662/49
f 818/62/24 821/62/49 822/62/44
f 817/658/29 819/660/34 823/663/54
f 817/62/29 823/62/54 821/62/49
f 819/660/34 820/661/39 824/664/59
f 819/62/34 824/62/59 823/62/54
f 820/661/39 818/659/24 822/665/44
f 820/62/39 822/62/44 824/62/59
f 822/62/44 821/62/49 825/62/69
f 822/62/44 825/62/69 826/62/64
f 821/62/49 823/62/54 827/62/74
f 821/62/49 827/62/74 825/62/69
f 823/62/54 824/62/59 828/62/79
f 823/62/54 828/62/79 827/62/74
f 824/62/59 822/62/44 826/62/64
f 824/62/59 826/62/64 828/62/79
f 826/62/64 825/62/69 829/62/69
f 826/62/64 829/62/69 830/62/64
f 825/62/69 827/62/74 831/62/74
f 825/62/69 831/62/74 829/62/69
f 827/62/74 828/62/79 832/62/79
f 827/62/74 832/62/79 831/62/74
f 828/62/79 826/62/64 830/62/64
f 828/62/79 830/62/64 832/62/79
f 830/62/64 829/62/69 833/62/89
f 830/62/64 833/62/89 834/62/84
f 829/62/69 831/62/74 835/62/94
f 829/62/69 835/62/94 833/62/89
f 831/62/74 832/62/79 836/62/99
f 831/62/74 836/62/99 835/62/94
f 832/62/79 830/62/64 834/62/84
f 832/62/79 834/62/84 836/62/99
f 834/62/84 833/62/89 837/62/109
f 834/666/84 837/667/109 838/668/104
f 833/62/89 835/62/94 839/62/114
f 833/669/89 839/670/114 837/667/109
f 835/62/94 836/62/99 840/62/119
f 835/671/94 840/672/119 839/670/114
f 836/62/99 834/62/84 838/62/104
f 836/673/99 838/668/104 840/672/119
f 838/668/104 837/667/109 841/674/129
f 838/668/104 841/674/129 842/675/124
f 837/667/109 839/670/114 843/676/134
f 837/667/109 843/676/134 841/674/129
f 839/670/114 840/672/119 844/677/139
f 839/670/114 844/677/139 843/676/134
f 840/672/119 838/668/104 842/675/124
f 840/672/119 842/675/124 844/677/139
f 842/675/124 841/674/129 845/678/142
f 842/675/124 845/678/142 846/679/142
f 841/674/129 843/676/134 847/680/142
f 841/674/129 847/680/142 845/678/142
f 843/676/134 844/677/139 848/681/142
f 843/676/134 848/681/142 847/680/142
f 844/677/139 842/675/124 846/679/142
f 844/677/139 846/679/142 848/681/142
f 849/682/1 810/651/1 809/650/1
f 849/682/1 813/654/1 810/651/1
f 849/682/1 815/656/1 813/654/1
f 849/682/1 809/650/1 815/656/1
f 850/683/142 846/679/142 845/678/142
f 850/683/142 845/678/142 847/680/142
f 850/683/142 847/680/142 848/681/142
f 850/683/142 848/681/142 846/679/142
f 851/684/1 852/685/1 853/686/9
f 851/684/1 853/686/9 854/687/4
f 852/685/1 855/688/1 856/689/14
f 852/685/1 856/689/14 853/686/9
f 855/688/1 857/690/1 858/691/19
f 855/688/1 858/691/19 856/689/14
f 857/690/1 851/684/1 854/687/4
f 857/690/1 854/687/4 858/691/19
f 854/687/4 853/686/9 859/692/29
f 854/687/4 859/692/29 860/693/24
f 853/686/9 856/689/14 861/694/34
f 853/686/9 861/694/34 859/692/29
f 856/689/14 858/691/19 862/695/39
f 856/689/14 862/695/39 861/694/34
f 858/691/19 854/687/4 860/693/24
f 858/691/19 860/693/24 862/695/39
f 860/693/24 859/692/29 863/696/49
f 860/62/24 863/62/49 864/62/44
f 859/692/29 861/694/34 865/697/54
f 859/62/29 865/62/54 863/62/49
f 861/694/34 862/695/39 866/698/59
f 861/62/34 866/62/59 865/62/54
f 862/695/39 860/693/24 864/699/44
f 862/62/39 864/62/44 866/62/59
f 864/62/44 863/62/49 867/62/69
f 864/62/44 867/62/69 868/62/64
f 863/62/49 865/62/54 869/62/74
f 863/62/49 869/62/74 867/62/69
f 865/62/54 866/62/59 870/62/79
f 865/62/54 870/62/79 869/62/74
f 866/62/59 864/62/44 868/62/64
f 866/62/59 868/62/64 870/62/79
f 868/62/64 867/62/69 871/62/69
f 868/62/64 871/62/69 872/62/64
f 867/62/69 869/62/74 873/62/74
f 867/62/69 873/62/74 871/62/69
f 869/62/74 870/62/79 874/62/79
f 869/62/74 874/62/79 873/62/74
f 870/62/79 868/62/64 872/62/64
f 870/62/79 872/62/64 874/62/79
f 872/62/64 871/62/69 875/62/89
f 872/62/64 875/62/89 876/62/84
f 871/62/69 873/62/74 877/62/94
f 871/62/69 877/62/94 875/62/89
f 873/62/74 874/62/79 878/62/99
f 873/62/74 878/62/99 877/62/94
f 874/62/79 872/62/64 876/62/84
f 874/62/79 876/62/84 878/62/99
f 876/62/84 875/62/89 879/62/109
f 876/700/84 879/701/109 880/702/104
f 875/62/89 877/62/94 881/62/114
f 875/703/89 881/704/114 879/701/109
f 877/62/94 878/62/99 882/62/119
f 877/705/94 882/706/119 881/704/114
f 878/62/99 876/62/84 880/62/104
f 878/707/99 880/702/104 882/706/119
f 880/702/104 879/701/109 883/708/129
f 880/702/104 883/708/129 884/709/124
f 879/701/109 881/704/114 885/710/134
f 879/701/109 885/710/134 883/708/129
f 881/704/114 882/706/119 886/711/139
f 881/704/114 886/711/139 885/710/134
f 882/706/119 880/702/104 884/709/124
f 882/706/119 884/709/124 886/711/139
f 884/709/124 883/708/129 887/712/142
f 884/709/124 887/712/142 888/713/142
f 883/708/129 885/710/134 889/714/142
f 883/708/129 889/714/142 887/712/142
f 885/710/134 886/711/139 890/715/142
f 885/710/134 890/715/142 889/714/142
f 886/711/139 884/709/124 888/713/142
f 886/711/139 888/713/142 890/715/142
f 891/716/1 852/685/1 851/684/1
f 891/716/1 855/688/1 852/685/1
f 891/716/1 857/690/1 855/688/1
f 891/716/1 851/684/1 857/690/1
f 892/717/142 888/713/142 887/712/142
f 892/717/142 887/712/142 889/714/142
f 892/717/142 889/714/142 890/715/142
f 892/717/142 890/715/142 888/713/142
f 893/718/1 894/719/1 895/720/2
f 893/718/1 895/720/2 896/721/3
f 894/719/1 897/722/1 898/723/4
f 894/719/1 898/723/4 895/720/2
f 897/722/1 899/724/1 900/725/5
f 897/722/1 900/725/5 898/723/4
f 899/724/1 901/726/1 902/727/6
f 899/724/1 902/727/6 900/725/5
f 901/726/1 903/728/1 904/729/7
f 901/726/1 904/729/7 902/727/6
f 903/728/1 905/730/1 906/731/8
f 903/728/1 906/731/8 904/729/7
f 905/730/1 907/732/1 908/733/9
f 905/730/1 908/733/9 906/731/8
f 907/732/1 909/734/1 910/735/10
f 907/732/1 910/735/10 908/733/9
f 909/734/1 911/736/1 912/737/11
f 909/734/1 912/737/11 910/735/10
f 911/736/1 913/738/1 914/739/12
f 911/736/1 914/739/12 912/737/11
f 913/738/1 915/740/1 916/741/13
f 913/738/1 916/741/13 914/739/12
f 915/740/1 917/742/1 918/743/14
f 915/740/1 918/743/14 916/741/13
f 917/742/1 919/744/1 920/745/15
f 917/742/1 920/745/15 918/743/14
f 919/744/1 921/746/1 922/747/16
f 919/744/1 922/747/16 920/745/15
f 921/746/1 923/748/1 924/749/17
f 921/746/1 924/749/17 922/747/16
f 923/748/1 925/750/1 926/751/18
f 923/748/1 926/751/18 924/749/17
f 925/750/1 927/752/1 928/753/19
f 925/750/1 928/753/19 926/751/18
f 927/752/1 929/754/1 930/755/20
f 927/752/1 930/755/20 928/753/19
f 929/754/1 931/756/1 932/757/21
f 929/754/1 932/757/21 930/755/20
f 931/756/1 893/718/1 896/721/3
f 931/756/1 896/721/3 932/757/21
f 896/721/3 895/720/2 933/758/22
f 896/721/3 933/758/22 934/759/23
f 895/720/2 898/723/4 935/760/24
f 895/720/2 935/760/24 933/758/22
f 898/723/4 900/725/5 936/761/25
f 898/723/4 936/761/25 935/760/24
f 900/725/5 902/727/6 937/762/26
f 900/725/5 937/762/26 936/761/25
f 902/727/6 904/729/7 938/763/27
f 902/727/6 938/763/27 937/762/26
f 904/729/7 906/731/8 939/764/28
f 904/729/7 939/764/28 938/763/27
f 906/731/8 908/733/9 940/765/29
f 906/731/8 940/765/29 939/764/28
f 908/733/9 910/735/10 941/766/30
f 908/733/9 941/766/30 940/765/29
f 910/735/10 912/737/11 942/767/31
f 910/735/10 942/767/31 941/766/30
f 912/737/11 914/739/12 943/768/32
f 912/737/11 943/768/32 942/767/31
f 914/739/12 916/741/13 944/769/33
f 914/739/12 944/769/33 943/768/32
f 916/741/13 918/743/14 945/770/34
f 916/741/13 945/770/34 944/769/33
f 918/743/14 920/745/15 946/771/35
f 918/743/14 946/771/35 945/770/34
f 920/745/15 922/747/16 947/772/36
f 920/745/15 947/772/36 946/771/35
f 922/747/16 924/749/17 948/773/37
f 922/747/16 948/773/37 947/772/36
f 924/749/17 926/751/18 949/774/38
f 924/749/17 949/774/38 948/773/37
f 926/751/18 928/753/19 950/775/39
f 926/751/18 950/775/39 949/774/38
f 928/753/19 930/755/20 951/776/40
f 928/753/19 951/776/40 950/775/39
f 930/755/20 932/757/21 952/777/41
f 930/755/20 952/777/41 951/776/40
f 932/757/21 896/721/3 934/759/23
f 932/757/21 934/759/23 952/777/41
f 934/759/23 933/758/22 953/778/42
f 934/62/23 953/62/42 954/62/43
f 933/758/22 935/760/24 955/779/44
f 933/62/22 955/62/44 953/62/42
f 935/760/24 936/761/25 956/780/45
f 935/62/24 956/62/45 955/62/44
f 936/761/25 937/762/26 957/781/46
f 936/62/25 957/62/46 956/62/45
f 937/762/26 938/763/27 958/782/47
f 937/62/26 958/62/47 957/62/46
f 938/763/27 939/764/28 959/783/48
f 938/62/27 959/62/48 958/62/47
f 939/764/28 940/765/29 960/784/49
f 939/62/28 960/62/49 959/62/48
f 940/765/29 941/766/30 961/785/50
f 940/62/29 961/62/50 960/62/49
f 941/766/30 942/767/31 962/786/51
f 941/62/30 962/62/51 961/62/50
f 942/767/31 943/768/32 963/787/52
f 942/62/31 963/62/52 962/62/51
f 943/768/32 944/769/33 964/788/53
f 943/62/32 964/62/53 963/62/52
f 944/769/33 945/770/34 965/789/54
f 944/62/33 965/62/54 964/62/53
f 945/770/34 946/771/35 966/790/55
f 945/62/34 966/62/55 965/62/54
f 946/771/35 947/772/36 967/791/56
f 946/62/35 967/62/56 966/62/55
f 947/772/36 948/773/37 968/792/57
f 947/62/36 968/62/57 967/62/56
f 948/773/37 949/774/38 969/793/58
f 948/62/37 969/62/58 968/62/57
f 949/774/38 950/775/39 970/794/59
f 949/62/38 970/62/59 969/62/58
f 950/775/39 951/776/40 971/795/60
f 950/62/39 971/62/60 970/62/59
f 951/776/40 952/777/41 972/796/61
f 951/62/40 972/62/61 971/62/60
f 952/777/41 934/759/23 954/797/43
f 952/62/41 954/62/43 972/62/61
f 954/62/43 953/62/42 973/62/62
f 954/62/43 973/62/62 974/62/63
f 953/62/42 955/62/44 975/62/64
f 953/62/42 975/62/64 973/62/62
f 955/62/44 956/62/45 976/62/65
f 955/62/44 976/62/65 975/62/64
f 956/62/45 957/62/46 977/62/66
f 956/62/45 977/62/66 976/62/65
f 957/62/46 958/62/47 978/62/67
f 957/62/46 978/62/67 977/62/66
f 958/62/47 959/62/48 979/62/68
f 958/62/47 979/62/68 978/62/67
f 959/62/48 960/62/49 980/62/69
f 959/62/48 980/62/69 979/62/68
f 960/62/49 961/62/50 981/62/70
f 960/62/49 981/62/70 980/62/69
f 961/62/50 962/62/51 982/62/71
f 961/62/50 982/62/71 981/62/70
f 962/62/51 963/62/52 983/62/72
f 962/62/51 983/62/72 982/62/71
f 963/62/52 964/62/53 984/62/73
f 963/62/52 984/62/73 983/62/72
f 964/62/53 965/62/54 985/62/74
f 964/62/53 985/62/74 984/62/73
f 965/62/54 966/62/55 986/62/75
f 965/62/54 986/62/75 985/62/74
f 966/62/55 967/62/56 987/62/76
f 966/62/55 987/62/76 986/62/75
f 967/62/56 968/62/57 988/62/77
f 967/62/56 988/62/77 987/62/76
f 968/62/57 969/62/58 989/62/78
f 968/62/57 989/62/78 988/62/77
f 969/62/58 970/62/59 990/62/79
f 969/62/58 990/62/79 989/62/78
f 970/62/59 971/62/60 991/62/80
f 970/62/59 991/62/80 990/62/79
f 971/62/60 972/62/61 992/62/81
f 971/62/60 992/62/81 991/62/80
f 972/62/61 954/62/43 974/62/63
f 972/62/61 974/62/63 992/62/81
f 974/62/63 973/62/62 993/62/62
f 974/62/63 993/62/62 994/62/63
f 973/62/62 975/62/64 995/62/64
f 973/62/62 995/62/64 993/62/62
f 975/62/64 976/62/65 996/62/65
f 975/62/64 996/62/65 995/62/64
f 976/62/65 977/62/66 997/62/66
f 976/62/65 997/62/66 996/62/65
f 977/62/66 978/62/67 998/62/67
f 977/62/66 998/62/67 997/62/66
f 978/62/67 979/62/68 999/62/68
f 978/62/67 999/62/68 998/62/67
f 979/62/68 980/62/69 1000/62/69
f 979/62/68 1000/62/69 999/62/68
f 980/62/69 981/62/70 1001/62/70
f 980/62/69 1001/62/70 1000/62/69
f 981/62/70 982/62/71 1002/62/71
f 981/62/70 1002/62/71 1001/62/70
f 982/62/71 983/62/72 1003/62/72
f 982/62/71 1003/62/72 1002/62/71
f 983/62/72 984/62/73 1004/62/73
f 983/62/72 1004/62/73 1003/62/72
f 984/62/73 985/62/74 1005/62/74
f 984/62/73 1005/62/74 1004/62/73
f 985/62/74 986/62/75 1006/62/75
f 985/62/74 1006/62/75 1005/62/74
f 986/62/75 987/62/76 1007/62/76
f 986/62/75 1007/62/76 1006/62/75
f 987/62/76 988/62/77 1008/62/77
f 987/62/76 1008/62/77 1007/62/76
f 988/62/77 989/62/78 1009/62/78
f 988/62/77 1009/62/78 1008/62/77
f 989/62/78 990/62/79 1010/62/79
f 989/62/78 1010/62/79 1009/62/78
f 990/62/79 991/62/80 1011/62/80
f 990/62/79 1011/62/80 1010/62/79
f 991/62/80 992/62/81 1012/62/81
f 991/62/80 1012/62/81 1011/62/80
f 992/62/81 974/62/63 994/62/63
f 992/62/81 994/62/63 1012/62/81
f 994/62/63 993/62/62 1013/62/82
f 994/62/63 1013/62/82 1014/62/83
f 993/62/62 995/62/64 1015/62/84
f 993/62/62 1015/62/84 1013/62/82
f 995/62/64 996/62/65 1016/62/85
f 995/62/64 1016/62/85 1015/62/84
f 996/62/65 997/62/66 1017/62/86
f 996/62/65 1017/62/86 1016/62/85
f 997/62/66 998/62/67 1018/62/87
f 997/62/66 1018/62/87 1017/62/86
f 998/62/67 999/62/68 1019/62/88
f 998/62/67 1019/62/88 1018/62/87
f 999/62/68 1000/62/69 1020/62/89
f 999/62/68 1020/62/89 1019/62/88
f 1000/62/69 1001/62/70 1021/62/90
f 1000/62/69 1021/62/90 1020/62/89
f 1001/62/70 1002/62/71 1022/62/91
f 1001/62/70 1022/62/91 1021/62/90
f 1002/62/71 1003/62/72 1023/62/92
f 1002/62/71 1023/62/92 1022/62/91
f 1003/62/72 1004/62/73 1024/62/93
f 1003/62/72 1024/62/93 1023/62/92
f 1004/62/73 1005/62/74 1025/62/94
f 1004/62/73 1025/62/94 1024/62/93
f 1005/62/74 1006/62/75 1026/62/95
f 1005/62/74 1026/62/95 1025/62/94
f 1006/62/75 1007/62/76 1027/62/96
f 1006/62/75 1027/62/96 1026/62/95
f 1007/62/76 1008/62/77 1028/62/97
f 1007/62/76 1028/62/97 1027/62/96
f 1008/62/77 1009/62/78 1029/62/98
f 1008/62/77 1029/62/98 1028/62/97
f 1009/62/78 1010/62/79 1030/62/99
f 1009/62/78 1030/62/99 1029/62/98
f 1010/62/79 1011/62/80 1031/62/100
f 1010/62/79 1031/62/100 1030/62/99
f 1011/62/80 1012/62/81 1032/62/101
f 1011/62/80 1032/62/101 1031/62/100
f 1012/62/81 994/62/63 1014/62/83
f 1012/62/81 1014/62/83 1032/62/101
f 1014/62/83 1013/62/82 1033/62/102
f 1014/798/83 1033/799/102 1034/800/103
f 1013/62/82 1015/62/84 1035/62/104
f 1013/801/82 1035/802/104 1033/799/102
f 1015/62/84 1016/62/85 1036/62/105
f 1015/803/84 1036/804/105 1035/802/104
f 1016/62/85 1017/62/86 1037/62/106
f 1016/805/85 1037/806/106 1036/804/105
f 1017/62/86 1018/62/87 1038/62/107
f 1017/807/86 1038/808/107 1037/806/106
f 1018/62/87 1019/62/88 1039/62/108
f 1018/809/87 1039/810/108 1038/808/107
f 1019/62/88 1020/62/89 1040/62/109
f 1019/811/88 1040/812/109 1039/810/108
f 1020/62/89 1021/62/90 1041/62/110
f 1020/813/89 1041/814/110 1040/812/109
f 1021/62/90 1022/62/91 1042/62/111
f 1021/815/90 1042/816/111 1041/814/110
f 1022/62/91 1023/62/92 1043/62/112
f 1022/817/91 1043/818/112 1042/816/111
f 1023/62/92 1024/62/93 1044/62/113
f 1023/819/92 1044/820/113 1043/818/112
f 1024/62/93 1025/62/94 1045/62/114
f 1024/821/93 1045/822/114 1044/820/113
f 1025/62/94 1026/62/95 1046/62/115
f 1025/823/94 1046/824/115 1045/822/114
f 1026/62/95 1027/62/96 1047/62/116
f 1026/825/95 1047/826/116 1046/824/115
f 1027/62/96 1028/62/97 1048/62/117
f 1027/827/96 1048/828/117 1047/826/116
f 1028/62/97 1029/62/98 1049/62/118
f 1028/829/97 1049/830/118 1048/828/117
f 1029/62/98 1030/62/99 1050/62/119
f 1029/831/98 1050/832/119 1049/830/118
f 1030/62/99 1031/62/100 1051/62/120
f 1030/833/99 1051/834/120 1050/832/119
f 1031/62/100 1032/62/101 1052/62/121
f 1031/835/100 1052/836/121 1051/834/120
f 1032/62/101 1014/62/83 1034/62/103
f 1032/837/101 1034/800/103 1052/836/121
f 1034/800/103 1033/799/102 1053/838/122
f 1034/800/103 1053/838/122 1054/839/123
f 1033/799/102 1035/802/104 1055/840/124
f 1033/799/102 1055/840/124 1053/838/122
f 1035/802/104 1036/804/105 1056/841/125
f 1035/802/104 1056/841/125 1055/840/124
f 1036/804/105 1037/806/106 1057/842/126
f 1036/804/105 1057/842/126 1056/841/125
f 1037/806/106 1038/808/107 1058/843/127
f 1037/806/106 1058/843/127 1057/842/126
f 1038/808/107 1039/810/108 1059/844/128
f 1038/808/107 1059/844/128 1058/843/127
f 1039/810/108 1040/812/109 1060/845/129
f 1039/810/108 1060/845/129 1059/844/128
f 1040/812/109 1041/814/110 1061/846/130
f 1040/812/109 1061/846/130 1060/845/129
f 1041/814/110 1042/816/111 1062/847/131
f 1041/814/110 1062/847/131 1061/846/130
f 1042/816/111 1043/818/112 1063/848/132
f 1042/816/111 1063/848/132 1062/847/131
f 1043/818/112 1044/820/113 1064/849/133
f 1043/818/112 1064/849/133 1063/848/132
f 1044/820/113 1045/822/114 1065/850/134
f 1044/820/113 1065/850/134 1064/849/133
f 1045/822/114 1046/824/115 1066/851/135
f 1045/822/114 1066/851/135 1065/850/134
f 1046/824/115 1047/826/116 1067/852/136
f 1046/824/115 1067/852/136 1066/851/135
f 1047/826/116 1048/828/117 1068/853/137
f 1047/826/116 1068/853/137 1067/852/136
f 1048/828/117 1049/830/118 1069/854/138
f 1048/828/117 1069/854/138 1068/853/137
f 1049/830/118 1050/832/119 1070/855/139
f 1049/830/118 1070/855/139 1069/854/138
f 1050/832/119 1051/834/120 1071/856/140
f 1050/832/119 1071/856/140 1070/855/139
f 1051/834/120 1052/836/121 1072/857/141
f 1051/834/120 1072/857/141 1071/856/140
f 1052/836/121 1034/800/103 1054/839/123
f 1052/836/121 1054/839/123 1072/857/141
f 1054/839/123 1053/838/122 1073/858/142
f 1054/839/123 1073/858/142 1074/859/142
f 1053/838/122 1055/840/124 1075/860/142
f 1053/838/122 1075/860/142 1073/858/142
f 1055/840/124 1056/841/125 1076/861/142
f 1055/840/124 1076/861/142 1075/860/142
f 1056/841/125 1057/842/126 1077/862/142
f 1056/841/125 1077/862/142 1076/861/142
f 1057/842/126 1058/843/127 1078/863/142
f 1057/842/126 1078/863/142 1077/862/142
f 1058/843/127 1059/844/128 1079/864/142
f 1058/843/127 1079/864/142 1078/863/142
f 1059/844/128 1060/845/129 1080/865/142
f 1059/844/128 1080/865/142 1079/864/142
f 1060/845/129 1061/846/130 1081/866/142
f 1060/845/129 1081/866/142 1080/865/142
f 1061/846/130 1062/847/131 1082/867/142
f 1061/846/130 1082/867/142 1081/866/142
f 1062/847/131 1063/848/132 1083/868/142
f 1062/847/131 1083/868/142 1082/867/142
f 1063/848/132 1064/849/133 1084/869/142
f 1063/848/132 1084/869/142 1083/868/142
f 1064/849/133 1065/850/134 1085/870/142
f 1064/849/133 1085/870/142 1084/869/142
f 1065/850/134 1066/851/135 1086/871/142
f 1065/850/134 1086/871/142 1085/870/142
f 1066/851/135 1067/852/136 1087/872/142
f 1066/851/135 1087/872/142 1086/871/142
f 1067/852/136 1068/853/137 1088/873/142
f 1067/852/136 1088/873/142 1087/872/142
f 1068/853/137 1069/854/138 1089/874/142
f 1068/853/137 1089/874/142 1088/873/142
f 1069/854/138 1070/855/139 1090/875/142
f 1069/854/138 1090/875/142 1089/874/142
f 1070/855/139 1071/856/140 1091/876/142
f 1070/855/139 1091/876/142 1090/875/142
f 1071/856/140 1072/857/141 1092/877/142
f 1071/856/140 1092/877/142 1091/876/142
f 1072/857/141 1054/839/123 1074/859/142
f 1072/857/141 1074/859/142 1092/877/142
f 1093/878/1 894/719/1 893/718/1
f 1093/878/1 897/722/1 894/719/1
f 1093/878/1 899/724/1 897/722/1
f 1093/878/1 901/726/1 899/724/1
f 1093/878/1 903/728/1 901/726/1
f 1093/878/1 905/730/1 903/728/1
f 1093/878/1 907/732/1 905/730/1
f 1093/878/1 909/734/1 907/732/1
f 1093/878/1 911/736/1 909/734/1
f 1093/878/1 913/738/1 911/736/1
f 1093/878/1 915/740/1 913/738/1
f 1093/878/1 917/742/1 915/740/1
f 1093/878/1 919/744/1 917/742/1
f 1093/878/1 921/746/1 919/744/1
f 1093/878/1 923/748/1 921/746/1
f 1093/878/1 925/750/1 923/748/1
f 1093/878/1 927/752/1 925/750/1
f 1093/878/1 929/754/1 927/752/1
f 1093/878/1 931/756/1 929/754/1
f 1093/878/1 893/718/1 931/756/1
f 1094/879/142 1074/859/142 1073/858/142
f 1094/879/142 1073/858/142 1075/860/142
f 1094/879/142 1075/860/142 1076/861/142
f 1094/879/142 1076/861/142 1077/862/142
f 1094/879/142 1077/862/142 1078/863/142
f 1094/879/142 1078/863/142 1079/864/142
f 1094/879/142 1079/864/142 1080/865/142
f 1094/879/142 1080/865/142 1081/866/142
f 1094/879/142 1081/866/142 1082/867/142
f 1094/879/142 1082/867/142 1083/868/142
f 1094/879/142 1083/868/142 1084/869/142
f 1094/879/142 1084/869/142 1085/870/142
f 1094/879/142 1085/870/142 1086/871/142
f 1094/879/142 1086/871/142 1087/872/142
f 1094/879/142 1087/872/142 1088/873/142
f 1094/879/142 1088/873/142 1089/874/142
f 1094/879/142 1089/874/142 1090/875/142
f 1094/879/142 1090/875/142 1091/876/142
f 1094/879/142 1091/876/142 1092/877/142
f 1094/879/142 1092/877/142 1074/859/142
f 1095/880/1 1096/881/1 1097/882/2
f 1095/880/1 1097/882/2 1098/883/3
f 1096/881/1 1099/884/4 1100/885/1
f 1096/881/1 1099/884/4 1097/882/2
f 1100/885/1 1101/886/5 1102/887/1
f 1100/885/1 1101/886/5 1099/884/4
f 1102/887/1 1103/888/1 1104/889/6
f 1102/887/1 1104/889/6 1101/886/5
f 1103/888/1 1105/890/1 1106/891/7
f 1103/888/1 1106/891/7 1104/889/6
f 1105/890/1 1107/892/1 1108/893/8
f 1105/890/1 1108/893/8 1106/891/7
f 1107/892/1 1109/894/9 1110/895/1
f 1107/892/1 1109/894/9 1108/893/8
f 1110/895/1 1111/896/10 1112/897/1
f 1110/895/1 1111/896/10 1109/894/9
f 1112/897/1 1113/898/1 1114/899/11
f 1112/897/1 1114/899/11 1111/896/10
f 1113/898/1 1115/900/1 1116/901/12
f 1113/898/1 1116/901/12 1114/899/11
f 1115/900/1 1117/902/1 1118/903/13
f 1115/900/1 1118/903/13 1116/901/12
f 1117/902/1 1119/904/14 1120/905/1
f 1117/902/1 1119/904/14 1118/903/13
f 1120/905/1 1121/906/15 1122/907/1
f 1120/905/1 1121/906/15 1119/904/14
f 1122/907/1 1123/908/1 1124/909/16
f 1122/907/1 1124/909/16 1121/906/15
f 1123/908/1 1125/910/1 1126/911/17
f 1123/908/1 1126/911/17 1124/909/16
f 1125/910/1 1127/912/1 1128/913/18
f 1125/910/1 1128/913/18 1126/911/17
f 1127/912/1 1129/914/19 1130/915/1
f 1127/912/1 1129/914/19 1128/913/18
f 1130/915/1 1131/916/20 1132/917/1
f 1130/915/1 1131/916/20 1129/914/19
f 1132/917/1 1133/918/1 1134/919/21
f 1132/917/1 1134/919/21 1131/916/20
f 1133/918/1 1095/880/1 1098/883/3
f 1133/918/1 1098/883/3 1134/919/21
f 1098/883/3 1097/882/2 1135/920/22
f 1098/883/3 1135/920/22 1136/921/23
f 1097/882/2 1099/884/4 1137/922/24
f 1097/882/2 1137/922/24 1135/920/22
f 1099/884/4 1101/886/5 1138/923/25
f 1099/884/4 1138/923/25 1137/922/24
f 1101/886/5 1104/889/6 1139/924/26
f 1101/886/5 1139/924/26 1138/923/25
f 1104/889/6 1106/891/7 1140/925/27
f 1104/889/6 1140/925/27 1139/924/26
f 1106/891/7 1108/893/8 1141/926/28
f 1106/891/7 1141/926/28 1140/925/27
f 1108/893/8 1109/894/9 1142/927/29
f 1108/893/8 1142/927/29 1141/926/28
f 1109/894/9 1111/896/10 1143/928/30
f 1109/894/9 1143/928/30 1142/927/29
f 1111/896/10 1114/899/11 1144/929/31
f 1111/896/10 1144/929/31 1143/928/30
f 1114/899/11 1116/901/12 1145/930/32
f 1114/899/11 1145/930/32 1144/929/31
f 1116/901/12 1118/903/13 1146/931/33
f 1116/901/12 1146/931/33 1145/930/32
f 1118/903/13 1119/904/14 1147/932/34
f 1118/903/13 1147/932/34 1146/931/33
f 1119/904/14 1121/906/15 1148/933/35
f 1119/904/14 1148/933/35 1147/932/34
f 1121/906/15 1124/909/16 1149/934/36
f 1121/906/15 1149/934/36 1148/933/35
f 1124/909/16 1126/911/17 1150/935/37
f 1124/909/16 1150/935/37 1149/934/36
f 1126/911/17 1128/913/18 1151/936/38
f 1126/911/17 1151/936/38 1150/935/37
f 1128/913/18 1129/914/19 1152/937/39
f 1128/913/18 1152/937/39 1151/936/38
f 1129/914/19 1131/916/20 1153/938/40
f 1129/914/19 1153/938/40 1152/937/39
f 1131/916/20 1134/919/21 1154/939/41
f 1131/916/20 1154/939/41 1153/938/40
f 1134/919/21 1098/883/3 1136/921/23
f 1134/919/21 1136/921/23 1154/939/41
f 1136/921/23 1135/920/22 1155/940/42
f 1136/62/23 1155/62/42 1156/62/43
f 1135/920/22 1137/922/24 1157/941/44
f 1135/62/22 1157/62/44 1155/62/42
f 1137/922/24 1138/923/25 1158/942/45
f 1137/62/24 1158/62/45 1157/62/44
f 1138/923/25 1139/924/26 1159/943/46
f 1138/62/25 1159/62/46 1158/62/45
f 1139/924/26 1140/925/27 1160/944/47
f 1139/62/26 1160/62/47 1159/62/46
f 1140/925/27 1141/926/28 1161/945/48
f 1140/62/27 1161/62/48 1160/62/47
f 1141/926/28 1142/927/29 1162/946/49
f 1141/62/28 1162/62/49 1161/62/48
f 1142/927/29 1143/928/30 1163/947/50
f 1142/62/29 1163/62/50 1162/62/49
f 1143/928/30 1144/929/31 1164/948/51
f 1143/62/30 1164/62/51 1163/62/50
f 1144/929/31 1145/930/32 1165/949/52
f 1144/62/31 1165/62/52 1164/62/51
f 1145/930/32 1146/931/33 1166/950/53
f 1145/62/32 1166/62/53 1165/62/52
f 1146/931/33 1147/932/34 1167/951/54
f 1146/62/33 1167/62/54 1166/62/53
f 1147/932/34 1148/933/35 1168/952/55
f 1147/62/34 1168/62/55 1167/62/54
f 1148/933/35 1149/934/36 1169/953/56
f 1148/62/35 1169/62/56 1168/62/55
f 1149/934/36 1150/935/37 1170/954/57
f 1149/62/36 1170/62/57 1169/62/56
f 1150/935/37 1151/936/38 1171/955/58
f 1150/62/37 1171/62/58 1170/62/57
f 1151/936/38 1152/937/39 1172/956/59
f 1151/62/38 1172/62/59 1171/62/58
f 1152/937/39 1153/938/40 1173/957/60
f 1152/62/39 1173/62/60 1172/62/59
f 1153/938/40 1154/939/41 1174/958/61
f 1153/62/40 1174/62/61 1173/62/60
f 1154/939/41 1136/921/23 1156/959/43
f 1154/62/41 1156/62/43 1174/62/61
f 1156/62/43 1155/62/42 1175/62/62
f 1156/62/43 1175/62/62 1176/62/63
f 1155/62/42 1157/62/44 1177/62/64
f 1155/62/42 1177/62/64 1175/62/62
f 1157/62/44 1158/62/45 1178/62/65
f 1157/62/44 1178/62/65 1177/62/64
f 1158/62/45 1159/62/46 1179/62/66
f 1158/62/45 1179/62/66 1178/62/65
f 1159/62/46 1160/62/47 1180/62/67
f 1159/62/46 1180/62/67 1179/62/66
f 1160/62/47 1161/62/48 1181/62/68
f 1160/62/47 1181/62/68 1180/62/67
f 1161/62/48 1162/62/49 1182/62/69
f 1161/62/48 1182/62/69 1181/62/68
f 1162/62/49 1163/62/50 1183/62/70
f 1162/62/49 1183/62/70 1182/62/69
f 1163/62/50 1164/62/51 1184/62/71
f 1163/62/50 1184/62/71 1183/62/70
f 1164/62/51 1165/62/52 1185/62/72
f 1164/62/51 1185/62/72 1184/62/71
f 1165/62/52 1166/62/53 1186/62/73
f 1165/62/52 1186/62/73 1185/62/72
f 1166/62/53 1167/62/54 1187/62/74
f 1166/62/53 1187/62/74 1186/62/73
f 1167/62/54 1168/62/55 1188/62/75
f 1167/62/54 1188/62/75 1187/62/74
f 1168/62/55 1169/62/56 1189/62/76
f 1168/62/55 1189/62/76 1188/62/75
f 1169/62/56 1170/62/57 1190/62/77
f 1169/62/56 1190/62/77 1189/62/76
f 1170/62/57 1171/62/58 1191/62/78
f 1170/62/57 1191/62/78 1190/62/77
f 1171/62/58 1172/62/59 1192/62/79
f 1171/62/58 1192/62/79 1191/62/78
f 1172/62/59 1173/62/60 1193/62/80
f 1172/62/59 1193/62/80 1192/62/79
f 1173/62/60 1174/62/61 1194/62/81
f 1173/62/60 1194/62/81 1193/62/80
f 1174/62/61 1156/62/43 1176/62/63
f 1174/62/61 1176/62/63 1194/62/81
f 1176/62/63 1175/62/62 1195/62/62
f 1176/62/63 1195/62/62 1196/62/63
f 1175/62/62 1177/62/64 1197/62/64
f 1175/62/62 1197/62/64 1195/62/62
f 1177/62/64 1178/62/65 1198/62/65
f 1177/62/64 1198/62/65 1197/62/64
f 1178/62/65 1179/62/66 1199/62/66
f 1178/62/65 1199/62/66 1198/62/65
f 1179/62/66 1180/62/67 1200/62/67
f 1179/62/66 1200/62/67 1199/62/66
f 1180/62/67 1181/62/68 1201/62/68
f 1180/62/67 1201/62/68 1200/62/67
f 1181/62/68 1182/62/69 1202/62/69
f 1181/62/68 1202/62/69 1201/62/68
f 1182/62/69 1183/62/70 1203/62/70
f 1182/62/69 1203/62/70 1202/62/69
f 1183/62/70 1184/62/71 1204/62/71
f 1183/62/70 1204/62/71 1203/62/70
f 1184/62/71 1185/62/72 1205/62/72
f 1184/62/71 1205/62/72 1204/62/71
f 1185/62/72 1186/62/73 1206/62/73
f 1185/62/72 1206/62/73 1205/62/72
f 1186/62/73 1187/62/74 1207/62/74
f 1186/62/73 1207/62/74 1206/62/73
f 1187/62/74 1188/62/75 1208/62/75
f 1187/62/74 1208/62/75 1207/62/74
f 1188/62/75 1189/62/76 1209/62/76
f 1188/62/75 1209/62/76 1208/62/75
f 1189/62/76 1190/62/77 1210/62/77
f 1189/62/76 1210/62/77 1209/62/76
f 1190/62/77 1191/62/78 1211/62/78
f 1190/62/77 1211/62/78 1210/62/77
f 1191/62/78 1192/62/79 1212/62/79
f 1191/62/78 1212/62/79 1211/62/78
f 1192/62/79 1193/62/80 1213/62/80
f 1192/62/79 1213/62/80 1212/62/79
f 1193/62/80 1194/62/81 1214/62/81
f 1193/62/80 1214/62/81 1213/62/80
f 1194/62/81 1176/62/63 1196/62/63
f 1194/62/81 1196/62/63 1214/62/81
f 1196/62/63 1195/62/62 1215/62/82
f 1196/62/63 1215/62/82 1216/62/83
f 1195/62/62 1197/62/64 1217/62/84
f 1195/62/62 1217/62/84 1215/62/82
f 1197/62/64 1198/62/65 1218/62/85
f 1197/62/64 1218/62/85 1217/62/84
f 1198/62/65 1199/62/66 1219/62/86
f 1198/62/65 1219/62/86 1218/62/85
f 1199/62/66 1200/62/67 1220/62/87
f 1199/62/66 1220/62/87 1219/62/86
f 1200/62/67 1201/62/68 1221/62/88
f 1200/62/67 1221/62/88 1220/62/87
f 1201/62/68 1202/62/69 1222/62/89
f 1201/62/68 1222/62/89 1221/62/88
f 1202/62/69 1203/62/70 1223/62/90
f 1202/62/69 1223/62/90 1222/62/89
f 1203/62/70 1204/62/71 1224/62/91
f 1203/62/70 1224/62/91 1223/62/90
f 1204/62/71 1205/62/72 1225/62/92
f 1204/62/71 1225/62/92 1224/62/91
f 1205/62/72 1206/62/73 1226/62/93
f 1205/62/72 1226/62/93 1225/62/92
f 1206/62/73 1207/62/74 1227/62/94
f 1206/62/73 1227/62/94 1226/62/93
f 1207/62/74 1208/62/75 1228/62/95
f 1207/62/74 1228/62/95 1227/62/94
f 1208/62/75 1209/62/76 1229/62/96
f 1208/62/75 1229/62/96 1228/62/95
f 1209/62/76 1210/62/77 1230/62/97
f 1209/62/76 1230/62/97 1229/62/96
f 1210/62/77 1211/62/78 1231/62/98
f 1210/62/77 1231/62/98 1230/62/97
f 1211/62/78 1212/62/79 1232/62/99
f 1211/62/78 1232/62/99 1231/62/98
f 1212/62/79 1213/62/80 1233/62/100
f 1212/62/79 1233/62/100 1232/62/99
f 1213/62/80 1214/62/81 1234/62/101
f 1213/62/80 1234/62/101 1233/62/100
f 1214/62/81 1196/62/63 1216/62/83
f 1214/62/81 1216/62/83 1234/62/101
f 1216/62/83 1215/62/82 1235/62/102
f 1216/960/83 1235/961/102 1236/962/103
f 1215/62/82 1217/62/84 1237/62/104
f 1215/963/82 1237/964/104 1235/961/102
f 1217/62/84 1218/62/85 1238/62/105
f 1217/965/84 1238/966/105 1237/964/104
f 1218/62/85 1219/62/86 1239/62/106
f 1218/967/85 1239/968/106 1238/966/105
f 1219/62/86 1220/62/87 1240/62/107
f 1219/969/86 1240/970/107 1239/968/106
f 1220/62/87 1221/62/88 1241/62/108
f 1220/971/87 1241/972/108 1240/970/107
f 1221/62/88 1222/62/89 1242/62/109
f 1221/973/88 1242/974/109 1241/972/108
f 1222/62/89 1223/62/90 1243/62/110
f 1222/975/89 1243/976/110 1242/974/109
f 1223/62/90 1224/62/91 1244/62/111
f 1223/977/90 1244/978/111 1243/976/110
f 1224/62/91 1225/62/92 1245/62/112
f 1224/979/91 1245/980/112 1244/978/111
f 1225/62/92 1226/62/93 1246/62/113
f 1225/981/92 1246/982/113 1245/980/112
f 1226/62/93 1227/62/94 1247/62/114
f 1226/983/93 1247/984/114 1246/982/113
f 1227/62/94 1228/62/95 1248/62/115
f 1227/985/94 1248/986/115 1247/984/114
f 1228/62/95 1229/62/96 1249/62/116
f 1228/987/95 1249/988/116 1248/986/115
f 1229/62/96 1230/62/97 1250/62/117
f 1229/989/96 1250/990/117 1249/988/116
f 1230/62/97 1231/62/98 1251/62/118
f 1230/991/97 1251/992/118 1250/990/117
f 1231/62/98 1232/62/99 1252/62/119
f 1231/993/98 1252/994/119 1251/992/118
f 1232/62/99 1233/62/100 1253/62/120
f 1232/995/99 1253/996/120 1252/994/119
f 1233/62/100 1234/62/101 1254/62/121
f 1233/997/100 1254/998/121 1253/996/120
f 1234/62/101 1216/62/83 1236/62/103
f 1234/999/101 1236/962/103 1254/998/121
f 1236/962/103 1235/961/102 1255/1000/122
f 1236/962/103 1255/1000/122 1256/1001/123
f 1235/961/102 1237/964/104 1257/1002/124
f 1235/961/102 1257/1002/124 1255/1000/122
f 1237/964/104 1238/966/105 1258/1003/125
f 1237/964/104 1258/1003/125 1257/1002/124
f 1238/966/105 1239/968/106 1259/1004/126
f 1238/966/105 1259/1004/126 1258/1003/125
f 1239/968/106 1240/970/107 1260/1005/127
f 1239/968/106 1260/1005/127 1259/1004/126
f 1240/970/107 1241/972/108 1261/1006/128
f 1240/970/107 1261/1006/128 1260/1005/127
f 1241/972/108 1242/974/109 1262/1007/129
f 1241/972/108 1262/1007/129 1261/1006/128
f 1242/974/109 1243/976/110 1263/1008/130
f 1242/974/109 1263/1008/130 1262/1007/129
f 1243/976/110 1244/978/111 1264/1009/131
f 1243/976/110 1264/1009/131 1263/1008/130
f 1244/978/111 1245/980/112 1265/1010/132
f 1244/978/111 1265/1010/132 1264/1009/131
f 1245/980/112 1246/982/113 1266/1011/133
f 1245/980/112 1266/1011/133 1265/1010/132
f 1246/982/113 1247/984/114 1267/1012/134
f 1246/982/113 1267/1012/134 1266/1011/133
f 1247/984/114 1248/986/115 1268/1013/135
f 1247/984/114 1268/1013/135 1267/1012/134
f 1248/986/115 1249/988/116 1269/1014/136
f 1248/986/115 1269/1014/136 1268/1013/135
f 1249/988/116 1250/990/117 1270/1015/137
f 1249/988/116 1270/1015/137 1269/1014/136
f 1250/990/117 1251/992/118 1271/1016/138
f 1250/990/117 1271/1016/138 1270/1015/137
f 1251/992/118 1252/994/119 1272/1017/139
f 1251/992/118 1272/1017/139 1271/1016/138
f 1252/994/119 1253/996/120 1273/1018/140
f 1252/994/119 1273/1018/140 1272/1017/139
f 1253/996/120 1254/998/121 1274/1019/141
f 1253/996/120 1274/1019/141 1273/1018/140
f 1254/998/121 1236/962/103 1256/1001/123
f 1254/998/121 1256/1001/123 1274/1019/141
f 1256/1001/123 1255/1000/122 1275/1020/142
f 1256/1001/123 1275/1020/142 1276/1021/142
f 1255/1000/122 1257/1002/124 1277/1022/142
f 1255/1000/122 1275/1020/142 1277/1022/142
f 1257/1002/124 1258/1003/125 1278/1023/142
f 1257/1002/124 1277/1022/142 1278/1023/142
f 1258/1003/125 1259/1004/126 1279/1024/142
f 1258/1003/125 1279/1024/142 1278/1023/142
f 1259/1004/126 1260/1005/127 1280/1025/142
f 1259/1004/126 1280/1025/142 1279/1024/142
f 1260/1005/127 1261/1006/128 1281/1026/142
f 1260/1005/127 1281/1026/142 1280/1025/142
f 1261/1006/128 1262/1007/129 1282/1027/142
f 1261/1006/128 1281/1026/142 1282/1027/142
f 1262/1007/129 1263/1008/130 1283/1028/142
f 1262/1007/129 1282/1027/142 1283/1028/142
f 1263/1008/130 1264/1009/131 1284/1029/142
f 1263/1008/130 1284/1029/142 1283/1028/142
f 1264/1009/131 1265/1010/132 1285/1030/142
f 1264/1009/131 1285/1030/142 1284/1029/142
f 1265/1010/132 1266/1011/133 1286/1031/142
f 1265/1010/132 1286/1031/142 1285/1030/142
f 1266/1011/133 1267/1012/134 1287/1032/142
f 1266/1011/133 1286/1031/142 1287/1032/142
f 1267/1012/134 1268/1013/135 1288/1033/142
f 1267/1012/134 1287/1032/142 1288/1033/142
f 1268/1013/135 1269/1014/136 1289/1034/142
f 1268/1013/135 1289/1034/142 1288/1033/142
f 1269/1014/136 1270/1015/137 1290/1035/142
f 1269/1014/136 1290/1035/142 1289/1034/142
f 1270/1015/137 1271/1016/138 1291/1036/142
f 1270/1015/137 1291/1036/142 1290/1035/142
f 1271/1016/138 1272/1017/139 1292/1037/142
f 1271/1016/138 1291/1036/142 1292/1037/142
f 1272/1017/139 1273/1018/140 1293/1038/142
f 1272/1017/139 1292/1037/142 1293/1038/142
f 1273/1018/140 1274/1019/141 1294/1039/142
f 1273/1018/140 1294/1039/142 1293/1038/142
f 1274/1019/141 1256/1001/123 1276/1021/142
f 1274/1019/141 1276/1021/142 1294/1039/142
f 1295/1040/1 1096/881/1 1095/880/1
f 1295/1040/1 1096/881/1 1100/885/1
f 1295/1040/1 1100/885/1 1102/887/1
f 1295/1040/1 1103/888/1 1102/887/1
f 1295/1040/1 1105/890/1 1103/888/1
f 1295/1040/1 1107/892/1 1105/890/1
f 1295/1040/1 1107/892/1 1110/895/1
f 1295/1040/1 1110/895/1 1112/897/1
f 1295/1040/1 1113/898/1 1112/897/1
f 1295/1040/1 1115/900/1 1113/898/1
f 1295/1040/1 1117/902/1 1115/900/1
f 1295/1040/1 1117/902/1 1120/905/1
f 1295/1040/1 1120/905/1 1122/907/1
f 1295/1040/1 1123/908/1 1122/907/1
f 1295/1040/1 1125/910/1 1123/908/1
f 1295/1040/1 1127/912/1 1125/910/1
f 1295/1040/1 1127/912/1 1130/915/1
f 1295/1040/1 1130/915/1 1132/917/1
f 1295/1040/1 1133/918/1 1132/917/1
f 1295/1040/1 1095/880/1 1133/918/1
f 1296/1041/142 1276/1021/142 1275/1020/142
f 1296/1041/142 1277/1022/142 1275/1020/142
f 1296/1041/142 1278/1023/142 1277/1022/142
f 1296/1041/142 1278/1023/142 1279/1024/142
f 1296/1041/142 1279/1024/142 1280/1025/142
f 1296/1041/142 1280/1025/142 1281/1026/142
f 1296/1041/142 1282/1027/142 1281/1026/142
f 1296/1041/142 1283/1028/142 1282/1027/142
f 1296/1041/142 1283/1028/142 1284/1029/142
f 1296/1041/142 1284/1029/142 1285/1030/142
f 1296/1041/142 1285/1030/142 1286/1031/142
f 1296/1041/142 1287/1032/142 1286/1031/142
f 1296/1041/142 1288/1033/142 1287/1032/142
f 1296/1041/142 1288/1033/142 1289/1034/142
f 1296/1041/142 1289/1034/142 1290/1035/142
f 1296/1041/142 1290/1035/142 1291/1036/142
f 1296/1041/142 1292/1037/142 1291/1036/142
f 1296/1041/142 1293/1038/142 1292/1037/142
f 1296/1041/142 1293/1038/142 1294/1039/142
f 1296/1041/142 1294/1039/142 1276/1021/142
f 1297/1042/1 1298/1043/1 1299/1044/2
f 1297/1042/1 1299/1044/2 1300/1045/3
f 1298/1043/1 1301/1046/4 1302/1047/1
f 1298/1043/1 1301/1046/4 1299/1044/2
f 1302/1047/1 1303/1048/5 1304/1049/1
f 1302/1047/1 1303/1048/5 1301/1046/4
f 1304/1049/1 1305/1050/1 1306/1051/6
f 1304/1049/1 1306/1051/6 1303/1048/5
f 1305/1050/1 1307/1052/1 1308/1053/7
f 1305/1050/1 1308/1053/7 1306/1051/6
f 1307/1052/1 1309/1054/1 1310/1055/8
f 1307/1052/1 1310/1055/8 1308/1053/7
f 1309/1054/1 1311/1056/9 1312/1057/1
f 1309/1054/1 1311/1056/9 1310/1055/8
f 1312/1057/1 1313/1058/10 1314/1059/1
f 1312/1057/1 1313/1058/10 1311/1056/9
f 1314/1059/1 1315/1060/1 1316/1061/11
f 1314/1059/1 1316/1061/11 1313/1058/10
f 1315/1060/1 1317/1062/1 1318/1063/12
f 1315/1060/1 1318/1063/12 1316/1061/11
f 1317/1062/1 1319/1064/1 1320/1065/13
f 1317/1062/1 1320/1065/13 1318/1063/12
f 1319/1064/1 1321/1066/14 1322/1067/1
f 1319/1064/1 1321/1066/14 1320/1065/13
f 1322/1067/1 1323/1068/15 1324/1069/1
f 1322/1067/1 1323/1068/15 1321/1066/14
f 1324/1069/1 1325/1070/1 1326/1071/16
f 1324/1069/1 1326/1071/16 1323/1068/15
f 1325/1070/1 1327/1072/1 1328/1073/17
f 1325/1070/1 1328/1073/17 1326/1071/16
f 1327/1072/1 1329/1074/1 1330/1075/18
f 1327/1072/1 1330/1075/18 1328/1073/17
f 1329/1074/1 1331/1076/19 1332/1077/1
f 1329/1074/1 1331/1076/19 1330/1075/18
f 1332/1077/1 1333/1078/20 1334/1079/1
f 1332/1077/1 1333/1078/20 1331/1076/19
f 1334/1079/1 1335/1080/1 1336/1081/21
f 1334/1079/1 1336/1081/21 1333/1078/20
f 1335/1080/1 1297/1042/1 1300/1045/3
f 1335/1080/1 1300/1045/3 1336/1081/21
f 1300/1045/3 1299/1044/2 1337/1082/22
f 1300/1045/3 1337/1082/22 1338/1083/23
f 1299/1044/2 1301/1046/4 1339/1084/24
f 1299/1044/2 1339/1084/24 1337/1082/22
f 1301/1046/4 1303/1048/5 1340/1085/25
f 1301/1046/4 1340/1085/25 1339/1084/24
f 1303/1048/5 1306/1051/6 1341/1086/26
f 1303/1048/5 1341/1086/26 1340/1085/25
f 1306/1051/6 1308/1053/7 1342/1087/27
f 1306/1051/6 1342/1087/27 1341/1086/26
f 1308/1053/7 1310/1055/8 1343/1088/28
f 1308/1053/7 1343/1088/28 1342/1087/27
f 1310/1055/8 1311/1056/9 1344/1089/29
f 1310/1055/8 1344/1089/29 1343/1088/28
f 1311/1056/9 1313/1058/10 1345/1090/30
f 1311/1056/9 1345/1090/30 1344/1089/29
f 1313/1058/10 1316/1061/11 1346/1091/31
f 1313/1058/10 1346/1091/31 1345/1090/30
f 1316/1061/11 1318/1063/12 1347/1092/32
f 1316/1061/11 1347/1092/32 1346/1091/31
f 1318/1063/12 1320/1065/13 1348/1093/33
f 1318/1063/12 1348/1093/33 1347/1092/32
f 1320/1065/13 1321/1066/14 1349/1094/34
f 1320/1065/13 1349/1094/34 1348/1093/33
f 1321/1066/14 1323/1068/15 1350/1095/35
f 1321/1066/14 1350/1095/35 1349/1094/34
f 1323/1068/15 1326/1071/16 1351/1096/36
f 1323/1068/15 1351/1096/36 1350/1095/35
f 1326/1071/16 1328/1073/17 1352/1097/37
f 1326/1071/16 1352/1097/37 1351/1096/36
f 1328/1073/17 1330/1075/18 1353/1098/38
f 1328/1073/17 1353/1098/38 1352/1097/37
f 1330/1075/18 1331/1076/19 1354/1099/39
f 1330/1075/18 1354/1099/39 1353/1098/38
f 1331/1076/19 1333/1078/20 1355/1100/40
f 1331/1076/19 1355/1100/40 1354/1099/39
f 1333/1078/20 1336/1081/21 1356/1101/41
f 1333/1078/20 1356/1101/41 1355/1100/40
f 1336/1081/21 1300/1045/3 1338/1083/23
f 1336/1081/21 1338/1083/23 1356/1101/41
f 1338/1083/23 1337/1082/22 1357/1102/42
f 1338/1103/23 1357/1103/42 1358/1103/43
f 1337/1082/22 1339/1084/24 1359/1104/44
f 1337/1103/22 1359/1103/44 1357/1103/42
f 1339/1084/24 1340/1085/25 1360/1105/45
f 1339/1103/24 1360/1103/45 1359/1103/44
f 1340/1085/25 1341/1086/26 1361/1106/46
f 1340/1103/25 1361/1103/46 1360/1103/45
f 1341/1086/26 1342/1087/27 1362/1107/47
f 1341/1103/26 1362/1103/47 1361/1103/46
f 1342/1087/27 1343/1088/28 1363/1108/48
f 1342/1103/27 1363/1103/48 1362/1103/47
f 1343/1088/28 1344/1089/29 1364/1109/49
f 1343/1103/28 1364/1103/49 1363/1103/48
f 1344/1089/29 1345/1090/30 1365/1110/50
f 1344/1103/29 1365/1103/50 1364/1103/49
f 1345/1090/30 1346/1091/31 1366/1111/51
f 1345/1103/30 1366/1103/51 1365/1103/50
f 1346/1091/31 1347/1092/32 1367/1112/52
f 1346/1103/31 1367/1103/52 1366/1103/51
f 1347/1092/32 1348/1093/33 1368/1113/53
f 1347/1103/32 1368/1103/53 1367/1103/52
f 1348/1093/33 1349/1094/34 1369/1114/54
f 1348/1103/33 1369/1103/54 1368/1103/53
f 1349/1094/34 1350/1095/35 1370/1115/55
f 1349/1103/34 1370/1103/55 1369/1103/54
f 1350/1095/35 1351/1096/36 1371/1116/56
f 1350/1103/35 1371/1103/56 1370/1103/55
f 1351/1096/36 1352/1097/37 1372/1117/57
f 1351/1103/36 1372/1103/57 1371/1103/56
f 1352/1097/37 1353/1098/38 1373/1118/58
f 1352/1103/37 1373/1103/58 1372/1103/57
f 1353/1098/38 1354/1099/39 1374/1119/59
f 1353/1103/38 1374/1103/59 1373/1103/58
f 1354/1099/39 1355/1100/40 1375/1120/60
f 1354/1103/39 1375/1103/60 1374/1103/59
f 1355/1100/40 1356/1101/41 1376/1121/61
f 1355/1103/40 1376/1103/61 1375/1103/60
f 1356/1101/41 1338/1083/23 1358/1122/43
f 1356/1103/41 1358/1103/43 1376/1103/61
f 1358/1103/43 1357/1103/42 1377/1103/62
f 1358/1103/43 1377/1103/62 1378/1103/63
f 1357/1103/42 1359/1103/44 1379/1103/64
f 1357/1103/42 1379/1103/64 1377/1103/62
f 1359/1103/44 1360/1103/45 1380/1103/65
f 1359/1103/44 1380/1103/65 1379/1103/64
f 1360/1103/45 1361/1103/46 1381/1103/66
f 1360/1103/45 1381/1103/66 1380/1103/65
f 1361/1103/46 1362/1103/47 1382/1103/67
f 1361/1103/46 1382/1103/67 1381/1103/66
f 1362/1103/47 1363/1103/48 1383/1103/68
f 1362/1103/47 1383/1103/68 1382/1103/67
f 1363/1103/48 1364/1103/49 1384/1103/69
f 1363/1103/48 1384/1103/69 1383/1103/68
f 1364/1103/49 1365/1103/50 1385/1103/70
f 1364/1103/49 1385/1103/70 1384/1103/69
f 1365/1103/50 1366/1103/51 1386/1103/71
f 1365/1103/50 1386/1103/71 1385/1103/70
f 1366/1103/51 1367/1103/52 1387/1103/72
f 1366/1103/51 1387/1103/72 1386/1103/71
f 1367/1103/52 1368/1103/53 1388/1103/73
f 1367/1103/52 1388/1103/73 1387/1103/72
f 1368/1103/53 1369/1103/54 1389/1103/74
f 1368/1103/53 1389/1103/74 1388/1103/73
f 1369/1103/54 1370/1103/55 1390/1103/75
f 1369/1103/54 1390/1103/75 1389/1103/74
f 1370/1103/55 1371/1103/56 1391/1103/76
f 1370/1103/55 1391/1103/76 1390/1103/75
f 1371/1103/56 1372/1103/57 1392/1103/77
f 1371/1103/56 1392/1103/77 1391/1103/76
f 1372/1103/57 1373/1103/58 1393/1103/78
f 1372/1103/57 1393/1103/78 1392/1103/77
f 1373/1103/58 1374/1103/59 1394/1103/79
f 1373/1103/58 1394/1103/79 1393/1103/78
f 1374/1103/59 1375/1103/60 1395/1103/80
f 1374/1103/59 1395/1103/80 1394/1103/79
f 1375/1103/60 1376/1103/61 1396/1103/81
f 1375/1103/60 1396/1103/81 1395/1103/80
f 1376/1103/61 1358/1103/43 1378/1103/63
f 1376/1103/61 1378/1103/63 1396/1103/81
f 1378/1103/63 1377/1103/62 1397/1103/62
f 1378/1103/63 1397/1103/62 1398/1103/63
f 1377/1103/62 1379/1103/64 1399/1103/64
f 1377/1103/62 1399/1103/64 1397/1103/62
f 1379/1103/64 1380/1103/65 1400/1103/65
f 1379/1103/64 1400/1103/65 1399/1103/64
f 1380/1103/65 1381/1103/66 1401/1103/66
f 1380/1103/65 1401/1103/66 1400/1103/65
f 1381/1103/66 1382/1103/67 1402/1103/67
f 1381/1103/66 1402/1103/67 1401/1103/66
f 1382/1103/67 1383/1103/68 1403/1103/68
f 1382/1103/67 1403/1103/68 1402/1103/67
f 1383/1103/68 1384/1103/69 1404/1103/69
f 1383/1103/68 1404/1103/69 1403/1103/68
f 1384/1103/69 1385/1103/70 1405/1103/70
f 1384/1103/69 1405/1103/70 1404/1103/69
f 1385/1103/70 1386/1103/71 1406/1103/71
f 1385/1103/70 1406/1103/71 1405/1103/70
f 1386/1103/71 1387/1103/72 1407/1103/72
f 1386/1103/71 1407/1103/72 1406/1103/71
f 1387/1103/72 1388/1103/73 1408/1103/73
f 1387/1103/72 1408/1103/73 1407/1103/72
f 1388/1103/73 1389/1103/74 1409/1103/74
f 1388/1103/73 1409/1103/74 1408/1103/73
f 1389/1103/74 1390/1103/75 1410/1103/75
f 1389/1103/74 1410/1103/75 1409/1103/74
f 1390/1103/75 1391/1103/76 1411/1103/76
f 1390/1103/75 1411/1103/76 1410/1103/75
f 1391/1103/76 1392/1103/77 1412/1103/77
f 1391/1103/76 1412/1103/77 1411/1103/76
f 1392/1103/77 1393/1103/78 1413/1103/78
f 1392/1103/77 1413/1103/78 1412/1103/77
f 1393/1103/78 1394/1103/79 1414/1103/79
f 1393/1103/78 1414/1103/79 1413/1103/78
f 1394/1103/79 1395/1103/80 1415/1103/80
f 1394/1103/79 1415/1103/80 1414/1103/79
f 1395/1103/80 1396/1103/81 1416/1103/81
f 1395/1103/80 1416/1103/81 1415/1103/80
f 1396/1103/81 1378/1103/63 1398/1103/63
f 1396/1103/81 1398/1103/63 1416/1103/81
f 1398/1103/63 1397/1103/62 1417/1103/82
f 1398/1103/63 1417/1103/82 1418/1103/83
f 1397/1103/62 1399/1103/64 1419/1103/84
f 1397/1103/62 1419/1103/84 1417/1103/82
f 1399/1103/64 1400/1103/65 1420/1103/85
f 1399/1103/64 1420/1103/85 1419/1103/84
f 1400/1103/65 1401/1103/66 1421/1103/86
f 1400/1103/65 1421/1103/86 1420/1103/85
f 1401/1103/66 1402/1103/67 1422/1103/87
f 1401/1103/66 1422/1103/87 1421/1103/86
f 1402/1103/67 1403/1103/68 1423/1103/88
f 1402/1103/67 1423/1103/88 1422/1103/87
f 1403/1103/68 1404/1103/69 1424/1103/89
f 1403/1103/68 1424/1103/89 1423/1103/88
f 1404/1103/69 1405/1103/70 1425/1103/90
f 1404/1103/69 1425/1103/90 1424/1103/89
f 1405/1103/70 1406/1103/71 1426/1103/91
f 1405/1103/70 1426/1103/91 1425/1103/90
f 1406/1103/71 1407/1103/72 1427/1103/92
f 1406/1103/71 1427/1103/92 1426/1103/91
f 1407/1103/72 1408/1103/73 1428/1103/93
f 1407/1103/72 1428/1103/93 1427/1103/92
f 1408/1103/73 1409/1103/74 1429/1103/94
f 1408/1103/73 1429/1103/94 1428/1103/93
f 1409/1103/74 1410/1103/75 1430/1103/95
f 1409/1103/74 1430/1103/95 1429/1103/94
f 1410/1103/75 1411/1103/76 1431/1103/96
f 1410/1103/75 1431/1103/96 1430/1103/95
f 1411/1103/76 1412/1103/77 1432/1103/97
f 1411/1103/76 1432/1103/97 1431/1103/96
f 1412/1103/77 1413/1103/78 1433/1103/98
f 1412/1103/77 1433/1103/98 1432/1103/97
f 1413/1103/78 1414/1103/79 1434/1103/99
f 1413/1103/78 1434/1103/99 1433/1103/98
f 1414/1103/79 1415/1103/80 1435/1103/100
f 1414/1103/79 1435/1103/100 1434/1103/99
f 1415/1103/80 1416/1103/81 1436/1103/101
f 1415/1103/80 1436/1103/101 1435/1103/100
f 1416/1103/81 1398/1103/63 1418/1103/83
f 1416/1103/81 1418/1103/83 1436/1103/101
f 1418/1103/83 1417/1103/82 1437/1103/102
f 1418/1123/83 1437/1124/102 1438/1125/103
f 1417/1103/82 1419/1103/84 1439/1103/104
f 1417/1126/82 1439/1127/104 1437/1124/102
f 1419/1103/84 1420/1103/85 1440/1103/105
f 1419/1128/84 1440/1129/105 1439/1127/104
f 1420/1103/85 1421/1103/86 1441/1103/106
f 1420/1130/85 1441/1131/106 1440/1129/105
f 1421/1103/86 1422/1103/87 1442/1103/107
f 1421/1132/86 1442/1133/107 1441/1131/106
f 1422/1103/87 1423/1103/88 1443/1103/108
f 1422/1134/87 1443/1135/108 1442/1133/107
f 1423/1103/88 1424/1103/89 1444/1103/109
f 1423/1136/88 1444/1137/109 1443/1135/108
f 1424/1103/89 1425/1103/90 1445/1103/110
f 1424/1138/89 1445/1139/110 1444/1137/109
f 1425/1103/90 1426/1103/91 1446/1103/111
f 1425/1140/90 1446/1141/111 1445/1139/110
f 1426/1103/91 1427/1103/92 1447/1103/112
f 1426/1142/91 1447/1143/112 1446/1141/111
f 1427/1103/92 1428/1103/93 1448/1103/113
f 1427/1144/92 1448/1145/113 1447/1143/112
f 1428/1103/93 1429/1103/94 1449/1103/114
f 1428/1146/93 1449/1147/114 1448/1145/113
f 1429/1103/94 1430/1103/95 1450/1103/115
f 1429/1148/94 1450/1149/115 1449/1147/114
f 1430/1103/95 1431/1103/96 1451/1103/116
f 1430/1150/95 1451/1151/116 1450/1149/115
f 1431/1103/96 1432/1103/97 1452/1103/117
f 1431/1152/96 1452/1153/117 1451/1151/116
f 1432/1103/97 1433/1103/98 1453/1103/118
f 1432/1154/97 1453/1155/118 1452/1153/117
f 1433/1103/98 1434/1103/99 1454/1103/119
f 1433/1156/98 1454/1157/119 1453/1155/118
f 1434/1103/99 1435/1103/100 1455/1103/120
f 1434/1158/99 1455/1159/120 1454/1157/119
f 1435/1103/100 1436/1103/101 1456/1103/121
f 1435/1160/100 1456/1161/121 1455/1159/120
f 1436/1103/101 1418/1103/83 1438/1103/103
f 1436/1162/101 1438/1125/103 1456/1161/121
f 1438/1125/103 1437/1124/102 1457/1163/122
f 1438/1125/103 1457/1163/122 1458/1164/123
f 1437/1124/102 1439/1127/104 1459/1165/124
f 1437/1124/102 1459/1165/124 1457/1163/122
f 1439/1127/104 1440/1129/105 1460/1166/125
f 1439/1127/104 1460/1166/125 1459/1165/124
f 1440/1129/105 1441/1131/106 1461/1167/126
f 1440/1129/105 1461/1167/126 1460/1166/125
f 1441/1131/106 1442/1133/107 1462/1168/127
f 1441/1131/106 1462/1168/127 1461/1167/126
f 1442/1133/107 1443/1135/108 1463/1169/128
f 1442/1133/107 1463/1169/128 1462/1168/127
f 1443/1135/108 1444/1137/109 1464/1170/129
f 1443/1135/108 1464/1170/129 1463/1169/128
f 1444/1137/109 1445/1139/110 1465/1171/130
f 1444/1137/109 1465/1171/130 1464/1170/129
f 1445/1139/110 1446/1141/111 1466/1172/131
f 1445/1139/110 1466/1172/131 1465/1171/130
f 1446/1141/111 1447/1143/112 1467/1173/132
f 1446/1141/111 1467/1173/132 1466/1172/131
f 1447/1143/112 1448/1145/113 1468/1174/133
f 1447/1143/112 1468/1174/133 1467/1173/132
f 1448/1145/113 1449/1147/114 1469/1175/134
f 1448/1145/113 1469/1175/134 1468/1174/133
f 1449/1147/114 1450/1149/115 1470/1176/135
f 1449/1147/114 1470/1176/135 1469/1175/134
f 1450/1149/115 1451/1151/116 1471/1177/136
f 1450/1149/115 1471/1177/136 1470/1176/135
f 1451/1151/116 1452/1153/117 1472/1178/137
f 1451/1151/116 1472/1178/137 1471/1177/136
f 1452/1153/117 1453/1155/118 1473/1179/138
f 1452/1153/117 1473/1179/138 1472/1178/137
f 1453/1155/118 1454/1157/119 1474/1180/139
f 1453/1155/118 1474/1180/139 1473/1179/138
f 1454/1157/119 1455/1159/120 1475/1181/140
f 1454/1157/119 1475/1181/140 1474/1180/139
f 1455/1159/120 1456/1161/121 1476/1182/141
f 1455/1159/120 1476/1182/141 1475/1181/140
f 1456/1161/121 1438/1125/103 1458/1164/123
f 1456/1161/121 1458/1164/123 1476/1182/141
f 1458/1164/123 1457/1163/122 1477/1183/142
f 1458/1164/123 1477/1183/142 1478/1184/142
f 1457/1163/122 1459/1165/124 1479/1185/142
f 1457/1163/122 1477/1183/142 1479/1185/142
f 1459/1165/124 1460/1166/125 1480/1186/142
f 1459/1165/124 1479/1185/142 1480/1186/142
f 1460/1166/125 1461/1167/126 1481/1187/142
f 1460/1166/125 1481/1187/142 1480/1186/142
f 1461/1167/126 1462/1168/127 1482/1188/142
f 1461/1167/126 1482/1188/142 1481/1187/142
f 1462/1168/127 1463/1169/128 1483/1189/142
f 1462/1168/127 1483/1189/142 1482/1188/142
f 1463/1169/128 1464/1170/129 1484/1190/142
f 1463/1169/128 1483/1189/142 1484/1190/142
f 1464/1170/129 1465/1171/130 1485/1191/142
f 1464/1170/129 1484/1190/142 1485/1191/142
f 1465/1171/130 1466/1172/131 1486/1192/142
f 1465/1171/130 1486/1192/142 1485/1191/142
f 1466/1172/131 1467/1173/132 1487/1193/142
f 1466/1172/131 1487/1193/142 1486/1192/142
f 1467/1173/132 1468/1174/133 1488/1194/142
f 1467/1173/132 1488/1194/142 1487/1193/142
f 1468/1174/133 1469/1175/134 1489/1195/142
f 1468/1174/133 1488/1194/142 1489/1195/142
f 1469/1175/134 1470/1176/135 1490/1196/142
f 1469/1175/134 1489/1195/142 1490/1196/142
f 1470/1176/135 1471/1177/136 1491/1197/142
f 1470/1176/135 1491/1197/142 1490/1196/142
f 1471/1177/136 1472/1178/137 1492/1198/142
f 1471/1177/136 1492/1198/142 1491/1197/142
f 1472/1178/137 1473/1179/138 1493/1199/142
f 1472/1178/137 1493/1199/142 1492/1198/142
f 1473/1179/138 1474/1180/139 1494/1200/142
f 1473/1179/138 1493/1199/142 1494/1200/142
f 1474/1180/139 1475/1181/140 1495/1201/142
f 1474/1180/139 1494/1200/142 1495/1201/142
f 1475/1181/140 1476/1182/141 1496/1202/142
f 1475/1181/140 1496/1202/142 1495/1201/142
f 1476/1182/141 1458/1164/123 1478/1184/142
f 1476/1182/141 1478/1184/142 1496/1202/142
f 1497/1203/1 1298/1043/1 1297/1042/1
f 1497/1203/1 1298/1043/1 1302/1047/1
f 1497/1203/1 1302/1047/1 1304/1049/1
f 1497/1203/1 1305/1050/1 1304/1049/1
f 1497/1203/1 1307/1052/1 1305/1050/1
f 1497/1203/1 1309/1054/1 1307/1052/1
f 1497/1203/1 1309/1054/1 1312/1057/1
f 1497/1203/1 1312/1057/1 1314/1059/1
f 1497/1203/1 1315/1060/1 1314/1059/1
f 1497/1203/1 1317/1062/1 1315/1060/1
f 1497/1203/1 1319/1064/1 1317/1062/1
f 1497/1203/1 1319/1064/1 1322/1067/1
f 1497/1203/1 1322/1067/1 1324/1069/1
f 1497/1203/1 1325/1070/1 1324/1069/1
f 1497/1203/1 1327/1072/1 1325/1070/1
f 1497/1203/1 1329/1074/1 1327/1072/1
f 1497/1203/1 1329/1074/1 1332/1077/1
f 1497/1203/1 1332/1077/1 1334/1079/1
f 1497/1203/1 1335/1080/1 1334/1079/1
f 1497/1203/1 1297/1042/1 1335/1080/1
f 1498/1204/142 1478/1184/142 1477/1183/142
f 1498/1204/142 1479/1185/142 1477/1183/142
f 1498/1204/142 1480/1186/142 1479/1185/142
f 1498/1204/142 1480/1186/142 1481/1187/142
f 1498/1204/142 1481/1187/142 1482/1188/142
f 1498/1204/142 1482/1188/142 1483/1189/142
f 1498/1204/142 1484/1190/142 1483/1189/142
f 1498/1204/142 1485/1191/142 1484/1190/142
f 1498/1204/142 1485/1191/142 1486/1192/142
f 1498/1204/142 1486/1192/142 1487/1193/142
f 1498/1204/142 1487/1193/142 1488/1194/142
f 1498/1204/142 1489/1195/142 1488/1194/142
f 1498/1204/142 1490/1196/142 1489/1195/142
f 1498/1204/142 1490/1196/142 1491/1197/142
f 1498/1204/142 1491/1197/142 1492/1198/142
f 1498/1204/142 1492/1198/142 1493/1199/142
f 1498/1204/142 1494/1200/142 1493/1199/142
f 1498/1204/142 1495/1201/142 1494/1200/142
f 1498/1204/142 1495/1201/142 1496/1202/142
f 1498/1204/142 1496/1202/142 1478/1184/142
f 1499/1205/1 1500/1205/1 1501/1205/143
f 1499/1205/1 1501/1205/143 1502/1205/144
f 1500/1205/1 1503/1205/145 1504/1205/1
f 1500/1205/1 1503/1205/145 1501/1205/143
f 1504/1205/1 1505/1205/146 1506/1205/1
f 1504/1205/1 1505/1205/146 1503/1205/145
f 1506/1205/1 1507/1205/1 1508/1205/147
f 1506/1205/1 1508/1205/147 1505/1205/146
f 1507/1205/1 1509/1205/1 1510/1205/148
f 1507/1205/1 1510/1205/148 1508/1205/147
f 1509/1205/1 1511/1205/1 1512/1205/149
f 1509/1205/1 1512/1205/149 1510/1205/148
f 1511/1205/1 1513/1205/150 1514/1205/1
f 1511/1205/1 1513/1205/150 1512/1205/149
f 1514/1205/1 1515/1205/151 1516/1205/1
f 1514/1205/1 1515/1205/151 1513/1205/150
f 1516/1205/1 1517/1205/1 1518/1205/152
f 1516/1205/1 1518/1205/152 1515/1205/151
f 1517/1205/1 1519/1205/1 1520/1205/153
f 1517/1205/1 1520/1205/153 1518/1205/152
f 1519/1205/1 1521/1205/1 1522/1205/154
f 1519/1205/1 1522/1205/154 1520/1205/153
f 1521/1205/1 1523/1205/155 1524/1205/1
f 1521/1205/1 1523/1205/155 1522/1205/154
f 1524/1205/1 1525/1205/156 1526/1205/1
f 1524/1205/1 1525/1205/156 1523/1205/155
f 1526/1205/1 1527/1205/1 1528/1205/157
f 1526/1205/1 1528/1205/157 1525/1205/156
f 1527/1205/1 1529/1205/1 1530/1205/158
f 1527/1205/1 1530/1205/158 1528/1205/157
f 1529/1205/1 1531/1205/1 1532/1205/159
f 1529/1205/1 1532/1205/159 1530/1205/158
f 1531/1205/1 1533/1205/160 1534/1205/1
f 1531/1205/1 1533/1205/160 1532/1205/159
f 1534/1205/1 1535/1205/161 1536/1205/1
f 1534/1205/1 1535/1205/161 1533/1205/160
f 1536/1205/1 1537/1205/1 1538/1205/162
f 1536/1205/1 1538/1205/162 1535/1205/161
f 1537/1205/1 1499/1205/1 1502/1205/144
f 1537/1205/1 1502/1205/144 1538/1205/162
f 1502/1205/144 1501/1205/143 1539/1205/163
f 1502/1205/144 1539/1205/163 1540/1205/164
f 1501/1205/143 1503/1205/145 1541/1205/165
f 1501/1205/143 1541/1205/165 1539/1205/163
f 1503/1205/145 1505/1205/146 1542/1205/166
f 1503/1205/145 1542/1205/166 1541/1205/165
f 1505/1205/146 1508/1205/147 1543/1205/167
f 1505/1205/146 1543/1205/167 1542/1205/166
f 1508/1205/147 1510/1205/148 1544/1205/168
f 1508/1205/147 1544/1205/168 1543/1205/167
f 1510/1205/148 1512/1205/149 1545/1205/169
f 1510/1205/148 1545/1205/169 1544/1205/168
f 1512/1205/149 1513/1205/150 1546/1205/170
f 1512/1205/149 1546/1205/170 1545/1205/169
f 1513/1205/150 1515/1205/151 1547/1205/171
f 1513/1205/150 1547/1205/171 1546/1205/170
f 1515/1205/151 1518/1205/152 1548/1205/172
f 1515/1205/151 1548/1205/172 1547/1205/171
f 1518/1205/152 1520/1205/153 1549/1205/173
f 1518/1205/152 1549/1205/173 1548/1205/172
f 1520/1205/153 1522/1205/154 1550/1205/174
f 1520/1205/153 1550/1205/174 1549/1205/173
f 1522/1205/154 1523/1205/155 1551/1205/175
f 1522/1205/154 1551/1205/175 1550/1205/174
f 1523/1205/155 1525/1205/156 1552/1205/176
f 1523/1205/155 1552/1205/176 1551/1205/175
f 1525/1205/156 1528/1205/157 1553/1205/177
f 1525/1205/156 1553/1205/177 1552/1205/176
f 1528/1205/157 1530/1205/158 1554/1205/178
f 1528/1205/157 1554/1205/178 1553/1205/177
f 1530/1205/158 1532/1205/159 1555/1205/179
f 1530/1205/158 1555/1205/179 1554/1205/178
f 1532/1205/159 1533/1205/160 1556/1205/180
f 1532/1205/159 1556/1205/180 1555/1205/179
f 1533/1205/160 1535/1205/161 1557/1205/181
f 1533/1205/160 1557/1205/181 1556/1205/180
f 1535/1205/161 1538/1205/162 1558/1205/182
f 1535/1205/161 1558/1205/182 1557/1205/181
f 1538/1205/162 1502/1205/144 1540/1205/164
f 1538/1205/162 1540/1205/164 1558/1205/182
f 1540/1205/164 1539/1205/163 1559/1205/62
f 1540/1205/164 1559/1205/62 1560/1205/63
f 1539/1205/163 1541/1205/165 1561/1205/64
f 1539/1205/163 1561/1205/64 1559/1205/62
f 1541/1205/165 1542/1205/166 1562/1205/65
f 1541/1205/165 1562/1205/65 1561/1205/64
f 1542/1205/166 1543/1205/167 1563/1205/66
f 1542/1205/166 1563/1205/66 1562/1205/65
f 1543/1205/167 1544/1205/168 1564/1205/67
f 1543/1205/167 1564/1205/67 1563/1205/66
f 1544/1205/168 1545/1205/169 1565/1205/68
f 1544/1205/168 1565/1205/68 1564/1205/67
f 1545/1205/169 1546/1205/170 1566/1205/69
f 1545/1205/169 1566/1205/69 1565/1205/68
f 1546/1205/170 1547/1205/171 1567/1205/70
f 1546/1205/170 1567/1205/70 1566/1205/69
f 1547/1205/171 1548/1205/172 1568/1205/71
f 1547/1205/171 1568/1205/71 1567/1205/70
f 1548/1205/172 1549/1205/173 1569/1205/72
f 1548/1205/172 1569/1205/72 1568/1205/71
f 1549/1205/173 1550/1205/174 1570/1205/73
f 1549/1205/173 1570/1205/73 1569/1205/72
f 1550/1205/174 1551/1205/175 1571/1205/74
f 1550/1205/174 1571/1205/74 1570/1205/73
f 1551/1205/175 1552/1205/176 1572/1205/75
f 1551/1205/175 1572/1205/75 1571/1205/74
f 1552/1205/176 1553/1205/177 1573/1205/76
f 1552/1205/176 1573/1205/76 1572/1205/75
f 1553/1205/177 1554/1205/178 1574/1205/77
f 1553/1205/177 1574/1205/77 1573/1205/76
f 1554/1205/178 1555/1205/179 1575/1205/78
f 1554/1205/178 1575/1205/78 1574/1205/77
f 1555/1205/179 1556/1205/180 1576/1205/79
f 1555/1205/179 1576/1205/79 1575/1205/78
f 1556/1205/180 1557/1205/181 1577/1205/80
f 1556/1205/180 1577/1205/80 1576/1205/79
f 1557/1205/181 1558/1205/182 1578/1205/81
f 1557/1205/181 1578/1205/81 1577/1205/80
f 1558/1205/182 1540/1205/164 1560/1205/63
f 1558/1205/182 1560/1205/63 1578/1205/81
f 1560/1205/63 1559/1205/62 1579/1205/62
f 1560/1205/63 1579/1205/62 1580/1205/63
f 1559/1205/62 1561/1205/64 1581/1205/64
f 1559/1205/62 1581/1205/64 1579/1205/62
f 1561/1205/64 1562/1205/65 1582/1205/65
f 1561/1205/64 1582/1205/65 1581/1205/64
f 1562/1205/65 1563/1205/66 1583/1205/66
f 1562/1205/65 1583/1205/66 1582/1205/65
f 1563/1205/66 1564/1205/67 1584/1205/67
f 1563/1205/66 1584/1205/67 1583/1205/66
f 1564/1205/67 1565/1205/68 1585/1205/68
f 1564/1205/67 1585/1205/68 1584/1205/67
f 1565/1205/68 1566/1205/69 1586/1205/69
f 1565/1205/68 1586/1205/69 1585/1205/68
f 1566/1205/69 1567/1205/70 1587/1205/70
f 1566/1205/69 1587/1205/70 1586/1205/69
f 1567/1205/70 1568/1205/71 1588/1205/71
f 1567/1205/70 1588/1205/71 1587/1205/70
f 1568/1205/71 1569/1205/72 1589/1205/72
f 1568/1205/71 1589/1205/72 1588/1205/71
f 1569/1205/72 1570/1205/73 1590/1205/73
f 1569/1205/72 1590/1205/73 1589/1205/72
f 1570/1205/73 1571/1205/74 1591/1205/74
f 1570/1205/73 1591/1205/74 1590/1205/73
f 1571/1205/74 1572/1205/75 1592/1205/75
f 1571/1205/74 1592/1205/75 1591/1205/74
f 1572/1205/75 1573/1205/76 1593/1205/76
f 1572/1205/75 1593/1205/76 1592/1205/75
f 1573/1205/76 1574/1205/77 1594/1205/77
f 1573/1205/76 1594/1205/77 1593/1205/76
f 1574/1205/77 1575/1205/78 1595/1205/78
f 1574/1205/77 1595/1205/78 1594/1205/77
f 1575/1205/78 1576/1205/79 1596/1205/79
f 1575/1205/78 1596/1205/79 1595/1205/78
f 1576/1205/79 1577/1205/80 1597/1205/80
f 1576/1205/79 1597/1205/80 1596/1205/79
f 1577/1205/80 1578/1205/81 1598/1205/81
f 1577/1205/80 1598/1205/81 1597/1205/80
f 1578/1205/81 1560/1205/63 1580/1205/63
f 1578/1205/81 1580/1205/63 1598/1205/81
f 1580/1205/63 1579/1205/62 1599/1205/183
f 1580/1205/63 1599/1205/183 1600/1205/184
f 1579/1205/62 1581/1205/64 1601/1205/185
f 1579/1205/62 1601/1205/185 1599/1205/183
f 1581/1205/64 1582/1205/65 1602/1205/186
f 1581/1205/64 1602/1205/186 1601/1205/185
f 1582/1205/65 1583/1205/66 1603/1205/187
f 1582/1205/65 1603/1205/187 1602/1205/186
f 1583/1205/66 1584/1205/67 1604/1205/188
f 1583/1205/66 1604/1205/188 1603/1205/187
f 1584/1205/67 1585/1205/68 1605/1205/189
f 1584/1205/67 1605/1205/189 1604/1205/188
f 1585/1205/68 1586/1205/69 1606/1205/190
f 1585/1205/68 1606/1205/190 1605/1205/189
f 1586/1205/69 1587/1205/70 1607/1205/191
f 1586/1205/69 1607/1205/191 1606/1205/190
f 1587/1205/70 1588/1205/71 1608/1205/192
f 1587/1205/70 1608/1205/192 1607/1205/191
f 1588/1205/71 1589/1205/72 1609/1205/193
f 1588/1205/71 1609/1205/193 1608/1205/192
f 1589/1205/72 1590/1205/73 1610/1205/194
f 1589/1205/72 1610/1205/194 1609/1205/193
f 1590/1205/73 1591/1205/74 1611/1205/195
f 1590/1205/73 1611/1205/195 1610/1205/194
f 1591/1205/74 1592/1205/75 1612/1205/196
f 1591/1205/74 1612/1205/196 1611/1205/195
f 1592/1205/75 1593/1205/76 1613/1205/197
f 1592/1205/75 1613/1205/197 1612/1205/196
f 1593/1205/76 1594/1205/77 1614/1205/198
f 1593/1205/76 1614/1205/198 1613/1205/197
f 1594/1205/77 1595/1205/78 1615/1205/199
f 1594/1205/77 1615/1205/199 1614/1205/198
f 1595/1205/78 1596/1205/79 1616/1205/200
f 1595/1205/78 1616/1205/200 1615/1205/199
f 1596/1205/79 1597/1205/80 1617/1205/201
f 1596/1205/79 1617/1205/201 1616/1205/200
f 1597/1205/80 1598/1205/81 1618/1205/202
f 1597/1205/80 1618/1205/202 1617/1205/201
f 1598/1205/81 1580/1205/63 1600/1205/184
f 1598/1205/81 1600/1205/184 1618/1205/202
f 1600/1205/184 1599/1205/183 1619/1205/203
f 1600/1205/184 1619/1205/203 1620/1205/204
f 1599/1205/183 1601/1205/185 1621/1205/205
f 1599/1205/183 1621/1205/205 1619/1205/203
f 1601/1205/185 1602/1205/186 1622/1205/206
f 1601/1205/185 1622/1205/206 1621/1205/205
f 1602/1205/186 1603/1205/187 1623/1205/207
f 1602/1205/186 1623/1205/207 1622/1205/206
f 1603/1205/187 1604/1205/188 1624/1205/208
f 1603/1205/187 1624/1205/208 1623/1205/207
f 1604/1205/188 1605/1205/189 1625/1205/209
f 1604/1205/188 1625/1205/209 1624/1205/208
f 1605/1205/189 1606/1205/190 1626/1205/210
f 1605/1205/189 1626/1205/210 1625/1205/209
f 1606/1205/190 1607/1205/191 1627/1205/211
f 1606/1205/190 1627/1205/211 1626/1205/210
f 1607/1205/191 1608/1205/192 1628/1205/212
f 1607/1205/191 1628/1205/212 1627/1205/211
f 1608/1205/192 1609/1205/193 1629/1205/213
f 1608/1205/192 1629/1205/213 1628/1205/212
f 1609/1205/193 1610/1205/194 1630/1205/214
f 1609/1205/193 1630/1205/214 1629/1205/213
f 1610/1205/194 1611/1205/195 1631/1205/215
f 1610/1205/194 1631/1205/215 1630/1205/214
f 1611/1205/195 1612/1205/196 1632/1205/216
f 1611/1205/195 1632/1205/216 1631/1205/215
f 1612/1205/196 1613/1205/197 1633/1205/217
f 1612/1205/196 1633/1205/217 1632/1205/216
f 1613/1205/197 1614/1205/198 1634/1205/218
f 1613/1205/197 1634/1205/218 1633/1205/217
f 1614/1205/198 1615/1205/199 1635/1205/219
f 1614/1205/198 1635/1205/219 1634/1205/218
f 1615/1205/199 1616/1205/200 1636/1205/220
f 1615/1205/199 1636/1205/220 1635/1205/219
f 1616/1205/200 1617/1205/201 1637/1205/221
f 1616/1205/200 1637/1205/221 1636/1205/220
f 1617/1205/201 1618/1205/202 1638/1205/222
f 1617/1205/201 1638/1205/222 1637/1205/221
f 1618/1205/202 1600/1205/184 1620/1205/204
f 1618/1205/202 1620/1205/204 1638/1205/222
f 1620/1205/204 1619/1205/203 1639/1205/142
f 1620/1205/204 1639/1205/142 1640/1205/142
f 1619/1205/203 1621/1205/205 1641/1205/142
f 1619/1205/203 1639/1205/142 1641/1205/142
f 1621/1205/205 1622/1205/206 1642/1205/142
f 1621/1205/205 1641/1205/142 1642/1205/142
f 1622/1205/206 1623/1205/207 1643/1205/142
f 1622/1205/206 1643/1205/142 1642/1205/142
f 1623/1205/207 1624/1205/208 1644/1205/142
f 1623/1205/207 1644/1205/142 1643/1205/142
f 1624/1205/208 1625/1205/209 1645/1205/142
f 1624/1205/208 1645/1205/142 1644/1205/142
f 1625/1205/209 1626/1205/210 1646/1205/142
f 1625/1205/209 1645/1205/142 1646/1205/142
f 1626/1205/210 1627/1205/211 1647/1205/142
f 1626/1205/210 1646/1205/142 1647/1205/142
f 1627/1205/211 1628/1205/212 1648/1205/142
f 1627/1205/211 1648/1205/142 1647/1205/142
f 1628/1205/212 1629/1205/213 1649/1205/142
f 1628/1205/212 1649/1205/142 1648/1205/142
f 1629/1205/213 1630/1205/214 1650/1205/142
f 1629/1205/213 1650/1205/142 1649/1205/142
f 1630/1205/214 1631/1205/215 1651/1205/142
f 1630/1205/214 1650/1205/142 1651/1205/142
f 1631/1205/215 1632/1205/216 1652/1205/142
f 1631/1205/215 1651/1205/142 1652/1205/142
f 1632/1205/216 1633/1205/217 1653/1205/142
f 1632/1205/216 1653/1205/142 1652/1205/142
f 1633/1205/217 1634/1205/218 1654/1205/142
f 1633/1205/217 1654/1205/142 1653/1205/142
f 1634/1205/218 1635/1205/219 1655/1205/142
f 1634/1205/218 1655/1205/142 1654/1205/142
f 1635/1205/219 1636/1205/220 1656/1205/142
f 1635/1205/219 1655/1205/142 1656/1205/142
f 1636/1205/220 1637/1205/221 1657/1205/142
f 1636/1205/220 1656/1205/142 1657/1205/142
f 1637/1205/221 1638/1205/222 1658/1205/142
f 1637/1205/221 1658/1205/142 1657/1205/142
f 1638/1205/222 1620/1205/204 1640/1205/142
f 1638/1205/222 1640/1205/142 1658/1205/142
f 1659/1205/1 1500/1205/1 1499/1205/1
f 1659/1205/1 1500/1205/1 1504/1205/1
f 1659/1205/1 1504/1205/1 1506/1205/1
f 1659/1205/1 1507/1205/1 1506/1205/1
f 1659/1205/1 1509/1205/1 1507/1205/1
f 1659/1205/1 1511/1205/1 1509/1205/1
f 1659/1205/1 1511/1205/1 1514/1205/1
f 1659/1205/1 1514/1205/1 1516/1205/1
f 1659/1205/1 1517/1205/1 1516/1205/1
f 1659/1205/1 1519/1205/1 1517/1205/1
f 1659/1205/1 1521/1205/1 1519/1205/1
f 1659/1205/1 1521/1205/1 1524/1205/1
f 1659/1205/1 1524/1205/1 1526/1205/1
f 1659/1205/1 1527/1205/1 1526/1205/1
f 1659/1205/1 1529/1205/1 1527/1205/1
f 1659/1205/1 1531/1205/1 1529/1205/1
f 1659/1205/1 1531/1205/1 1534/1205/1
f 1659/1205/1 1534/1205/1 1536/1205/1
f 1659/1205/1 1537/1205/1 1536/1205/1
f 1659/1205/1 1499/1205/1 1537/1205/1
f 1660/1205/142 1640/1205/142 1639/1205/142
f 1660/1205/142 1641/1205/142 1639/1205/142
f 1660/1205/142 1642/1205/142 1641/1205/142
f 1660/1205/142 1642/1205/142 1643/1205/142
f 1660/1205/142 1643/1205/142 1644/1205/142
f 1660/1205/142 1644/1205/142 1645/1205/142
f 1660/1205/142 1646/1205/142 1645/1205/142
f 1660/1205/142 1647/1205/142 1646/1205/142
f 1660/1205/142 1647/1205/142 1648/1205/142
f 1660/1205/142 1648/1205/142 1649/1205/142
f 1660/1205/142 1649/1205/142 1650/1205/142
f 1660/1205/142 1651/1205/142 1650/1205/142
f 1660/1205/142 1652/1205/142 1651/1205/142
f 1660/1205/142 1652/1205/142 1653/1205/142
f 1660/1205/142 1653/1205/142 1654/1205/142
f 1660/1205/142 1654/1205/142 1655/1205/142
f 1660/1205/142 1656/1205/142 1655/1205/142
f 1660/1205/142 1657/1205/142 1656/1205/142
f 1660/1205/142 1657/1205/142 1658/1205/142
f 1660/1205/142 1658/1205/142 1640/1205/142
f 1661/1206/1 1662/1206/1 1663/1206/1
f 1661/1206/1 1663/1206/1 1664/1206/1
f 1661/1206/1 1664/1206/1 1665/1206/1
f 1661/1206/1 1665/1206/1 1666/1206/1
f 1661/1206/1 1666/1206/1 1667/1206/1
f 1661/1206/1 1667/1206/1 1668/1206/1
f 1661/1206/1 1668/1206/1 1669/1206/1
f 1661/1206/1 1669/1206/1 1670/1206/1
f 1661/1206/1 1670/1206/1 1671/1206/1
f 1661/1206/1 1671/1206/1 1672/1206/1
f 1661/1206/1 1672/1206/1 1673/1206/1
f 1661/1206/1 1673/1206/1 1674/1206/1
f 1661/1206/1 1674/1206/1 1675/1206/1
f 1661/1206/1 1675/1206/1 1676/1206/1
f 1661/1206/1 1676/1206/1 1677/1206/1
f 1661/1206/1 1677/1206/1 1678/1206/1
f 1661/1206/1 1678/1206/1 1679/1206/1
f 1661/1206/1 1679/1206/1 1680/1206/1
f 1661/1206/1 1680/1206/1 1681/1206/1
f 1661/1206/1 1681/1206/1 1662/1206/1
f 1662/1206/223 1682/1206/224 1663/1206/224
f 1662/1206/223 1683/1206/223 1682/1206/224
f 1663/1206/224 1684/1206/225 1664/1206/225
f 1663/1206/224 1682/1206/224 1684/1206/225
f 1664/1206/225 1685/1206/226 1665/1206/226
f 1664/1206/225 1684/1206/225 1685/1206/226
f 1665/1206/226 1686/1206/227 1666/1206/227
f 1665/1206/226 1685/1206/226 1686/1206/227
f 1666/1206/227 1687/1206/228 1667/1206/228
f 1666/1206/227 1686/1206/227 1687/1206/228
f 1667/1206/228 1688/1206/229 1668/1206/229
f 1667/1206/228 1687/1206/228 1688/1206/229
f 1668/1206/229 1689/1206/230 1669/1206/230
f 1668/1206/229 1688/1206/229 1689/1206/230
f 1669/1206/230 1690/1206/231 1670/1206/231
f 1669/1206/230 1689/1206/230 1690/1206/231
f 1670/1206/231 1691/1206/232 1671/1206/232
f 1670/1206/231 1690/1206/231 1691/1206/232
f 1671/1206/232 1692/1206/233 1672/1206/233
f 1671/1206/232 1691/1206/232 1692/1206/233
f 1672/1206/233 1693/1206/234 1673/1206/234
f 1672/1206/233 1692/1206/233 1693/1206/234
f 1673/1206/234 1694/1206/235 1674/1206/235
f 1673/1206/234 1693/1206/234 1694/1206/235
f 1674/1206/235 1695/1206/236 1675/1206/236
f 1674/1206/235 1694/1206/235 1695/1206/236
f 1675/1206/236 1696/1206/237 1676/1206/237
f 1675/1206/236 1695/1206/236 1696/1206/237
f 1676/1206/237 1697/1206/238 1677/1206/238
f 1676/1206/237 1696/1206/237 1697/1206/238
f 1677/1206/238 1698/1206/239 1678/1206/239
f 1677/1206/238 1697/1206/238 1698/1206/239
f 1678/1206/239 1699/1206/240 1679/1206/240
f 1678/1206/239 1698/1206/239 1699/1206/240
f 1679/1206/240 1700/1206/241 1680/1206/241
f 1679/1206/240 1699/1206/240 1700/1206/241
f 1680/1206/241 1701/1206/242 1681/1206/242
f 1680/1206/241 1700/1206/241 1701/1206/242
f 1681/1206/242 1683/1206/223 1662/1206/223
f 1681/1206/242 1701/1206/242 1683/1206/223
f 1683/1206/243 1702/1206/244 1682/1206/244
f 1683/1206/243 1703/1206/243 1702/1206/244
f 1682/1206/244 1704/1206/245 1684/1206/245
f 1682/1206/244 1702/1206/244 1704/1206/245
f 1684/1206/245 1705/1206/246 1685/1206/246
f 1684/1206/245 1704/1206/245 1705/1206/246
f 1685/1206/246 1706/1206/247 1686/1206/247
f 1685/1206/246 1705/1206/246 1706/1206/247
f 1686/1206/247 1707/1206/248 1687/1206/248
f 1686/1206/247 1706/1206/247 1707/1206/248
f 1687/1206/248 1708/1206/249 1688/1206/249
f 1687/1206/248 1707/1206/248 1708/1206/249
f 1688/1206/249 1709/1206/250 1689/1206/250
f 1688/1206/249 1708/1206/249 1709/1206/250
f 1689/1206/250 1710/1206/251 1690/1206/251
f 1689/1206/250 1709/1206/250 1710/1206/251
f 1690/1206/251 1711/1206/252 1691/1206/252
f 1690/1206/251 1710/1206/251 1711/1206/252
f 1691/1206/252 1712/1206/253 1692/1206/253
f 1691/1206/252 1711/1206/252 1712/1206/253
f 1692/1206/253 1713/1206/254 1693/1206/254
f 1692/1206/253 1712/1206/253 1713/1206/254
f 1693/1206/254 1714/1206/255 1694/1206/255
f 1693/1206/254 1713/1206/254 1714/1206/255
f 1694/1206/255 1715/1206/256 1695/1206/256
f 1694/1206/255 1714/1206/255 1715/1206/256
f 1695/1206/256 1716/1206/257 1696/1206/257
f 1695/1206/256 1715/1206/256 1716/1206/257
f 1696/1206/257 1717/1206/258 1697/1206/258
f 1696/1206/257 1716/1206/257 1717/1206/258
f 1697/1206/258 1718/1206/259 1698/1206/259
f 1697/1206/258 1717/1206/258 1718/1206/259
f 1698/1206/259 1719/1206/260 1699/1206/260
f 1698/1206/259 1718/1206/259 1719/1206/260
f 1699/1206/260 1720/1206/261 1700/1206/261
f 1699/1206/260 1719/1206/260 1720/1206/261
f 1700/1206/261 1721/1206/262 1701/1206/262
f 1700/1206/261 1720/1206/261 1721/1206/262
f 1701/1206/262 1703/1206/243 1683/1206/243
f 1701/1206/262 1721/1206/262 1703/1206/243
f 1703/1206/142 1722/1206/142 1702/1206/142
f 1702/1206/142 1722/1206/142 1704/1206/142
f 1704/1206/142 1722/1206/142 1705/1206/142
f 1705/1206/142 1722/1206/142 1706/1206/142
f 1706/1206/142 1722/1206/142 1707/1206/142
f 1707/1206/142 1722/1206/142 1708/1206/142
f 1708/1206/142 1722/1206/142 1709/1206/142
f 1709/1206/142 1722/1206/142 1710/1206/142
f 1710/1206/142 1722/1206/142 1711/1206/142
f 1711/1206/142 1722/1206/142 1712/1206/142
f 1712/1206/142 1722/1206/142 1713/1206/142
f 1713/1206/142 1722/1206/142 1714/1206/142
f 1714/1206/142 1722/1206/142 1715/1206/142
f 1715/1206/142 1722/1206/142 1716/1206/142
f 1716/1206/142 1722/1206/142 1717/1206/142
f 1717/1206/142 1722/1206/142 1718/1206/142
f 1718/1206/142 1722/1206/142 1719/1206/142
f 1719/1206/142 1722/1206/142 1720/1206/142
f 1720/1206/142 1722/1206/142 1721/1206/142
f 1721/1206/142 1722/1206/142 1703/1206/142
f 1723/1206/1 1724/1206/1 1725/1206/1
f 1723/1206/1 1725/1206/1 1726/1206/1
f 1723/1206/1 1726/1206/1 1727/1206/1
f 1723/1206/1 1727/1206/1 1728/1206/1
f 1723/1206/1 1728/1206/1 1729/1206/1
f 1723/1206/1 1729/1206/1 1730/1206/1
f 1723/1206/1 1730/1206/1 1731/1206/1
f 1723/1206/1 1731/1206/1 1732/1206/1
f 1723/1206/1 1732/1206/1 1733/1206/1
f 1723/1206/1 1733/1206/1 1734/1206/1
f 1723/1206/1 1734/1206/1 1735/1206/1
f 1723/1206/1 1735/1206/1 1736/1206/1
f 1723/1206/1 1736/1206/1 1737/1206/1
f 1723/1206/1 1737/1206/1 1738/1206/1
f 1723/1206/1 1738/1206/1 1739/1206/1
f 1723/1206/1 1739/1206/1 1740/1206/1
f 1723/1206/1 1740/1206/1 1741/1206/1
f 1723/1206/1 1741/1206/1 1742/1206/1
f 1723/1206/1 1742/1206/1 1743/1206/1
f 1723/1206/1 1743/1206/1 1724/1206/1
f 1724/1206/223 1744/1206/224 1725/1206/224
f 1724/1206/223 1745/1206/223 1744/1206/224
f 1725/1206/224 1746/1206/225 1726/1206/225
f 1725/1206/224 1744/1206/224 1746/1206/225
f 1726/1206/225 1747/1206/226 1727/1206/226
f 1726/1206/225 1746/1206/225 1747/1206/226
f 1727/1206/226 1748/1206/227 1728/1206/227
f 1727/1206/226 1747/1206/226 1748/1206/227
f 1728/1206/227 1749/1206/228 1729/1206/228
f 1728/1206/227 1748/1206/227 1749/1206/228
f 1729/1206/228 1750/1206/229 1730/1206/229
f 1729/1206/228 1749/1206/228 1750/1206/229
f 1730/1206/229 1751/1206/230 1731/1206/230
f 1730/1206/229 1750/1206/229 1751/1206/230
f 1731/1206/230 1752/1206/231 1732/1206/231
f 1731/1206/230 1751/1206/230 1752/1206/231
f 1732/1206/231 1753/1206/232 1733/1206/232
f 1732/1206/231 1752/1206/231 1753/1206/232
f 1733/1206/232 1754/1206/233 1734/1206/233
f 1733/1206/232 1753/1206/232 1754/1206/233
f 1734/1206/233 1755/1206/234 1735/1206/234
f 1734/1206/233 1754/1206/233 1755/1206/234
f 1735/1206/234 1756/1206/235 1736/1206/235
f 1735/1206/234 1755/1206/234 1756/1206/235
f 1736/1206/235 1757/1206/236 1737/1206/236
f 1736/1206/235 1756/1206/235 1757/1206/236
f 1737/1206/236 1758/1206/237 1738/1206/237
f 1737/1206/236 1757/1206/236 1758/1206/237
f 1738/1206/237 1759/1206/238 1739/1206/238
f 1738/1206/237 1758/1206/237 1759/1206/238
f 1739/1206/238 1760/1206/239 1740/1206/239
f 1739/1206/238 1759/1206/238 1760/1206/239
f 1740/1206/239 1761/1206/240 1741/1206/240
f 1740/1206/239 1760/1206/239 1761/1206/240
f 1741/1206/240 1762/1206/241 1742/1206/241
f 1741/1206/240 1761/1206/240 1762/1206/241
f 1742/1206/241 1763/1206/242 1743/1206/242
f 1742/1206/241 1762/1206/241 1763/1206/242
f 1743/1206/242 1745/1206/223 1724/1206/223
f 1743/1206/242 1763/1206/242 1745/1206/223
f 1745/1206/243 1764/1206/244 1744/1206/244
f 1745/1206/243 1765/1206/243 1764/1206/244
f 1744/1206/244 1766/1206/245 1746/1206/245
f 1744/1206/244 1764/1206/244 1766/1206/245
f 1746/1206/245 1767/1206/246 1747/1206/246
f 1746/1206/245 1766/1206/245 1767/1206/246
f 1747/1206/246 1768/1206/247 1748/1206/247
f 1747/1206/246 1767/1206/246 1768/1206/247
f 1748/1206/247 1769/1206/248 1749/1206/248
f 1748/1206/247 1768/1206/247 1769/1206/248
f 1749/1206/248 1770/1206/249 1750/1206/249
f 1749/1206/248 1769/1206/248 1770/1206/249
f 1750/1206/249 1771/1206/250 1751/1206/250
f 1750/1206/249 1770/1206/249 1771/1206/250
f 1751/1206/250 1772/1206/251 1752/1206/251
f 1751/1206/250 1771/1206/250 1772/1206/251
f 1752/1206/251 1773/1206/252 1753/1206/252
f 1752/1206/251 1772/1206/251 1773/1206/252
f 1753/1206/252 1774/1206/253 1754/1206/253
f 1753/1206/252 1773/1206/252 1774/1206/253
f 1754/1206/253 1775/1206/254 1755/1206/254
f 1754/1206/253 1774/1206/253 1775/1206/254
f 1755/1206/254 1776/1206/255 1756/1206/255
f 1755/1206/254 1775/1206/254 1776/1206/255
f 1756/1206/255 1777/1206/256 1757/1206/256
f 1756/1206/255 1776/1206/255 1777/1206/256
f 1757/1206/256 1778/1206/257 1758/1206/257
f 1757/1206/256 1777/1206/256 1778/1206/257
f 1758/1206/257 1779/1206/258 1759/1206/258
f 1758/1206/257 1778/1206/257 1779/1206/258
f 1759/1206/258 1780/1206/259 1760/1206/259
f 1759/1206/258 1779/1206/258 1780/1206/259
f 1760/1206/259 1781/1206/260 1761/1206/260
f 1760/1206/259 1780/1206/259 1781/1206/260
f 1761/1206/260 1782/1206/261 1762/1206/261
f 1761/1206/260 1781/1206/260 1782/1206/261
f 1762/1206/261 1783/1206/262 1763/1206/262
f 1762/1206/261 1782/1206/261 1783/1206/262
f 1763/1206/262 1765/1206/243 1745/1206/243
f 1763/1206/262 1783/1206/262 1765/1206/243
f 1765/1206/142 1784/1206/142 1764/1206/142
f 1764/1206/142 1784/1206/142 1766/1206/142
f 1766/1206/142 1784/1206/142 1767/1206/142
f 1767/1206/142 1784/1206/142 1768/1206/142
f 1768/1206/142 1784/1206/142 1769/1206/142
f 1769/1206/142 1784/1206/142 1770/1206/142
f 1770/1206/142 1784/1206/142 1771/1206/142
f 1771/1206/142 1784/1206/142 1772/1206/142
f 1772/1206/142 1784/1206/142 1773/1206/142
f 1773/1206/142 1784/1206/142 1774/1206/142
f 1774/1206/142 1784/1206/142 1775/1206/142
f 1775/1206/142 1784/1206/142 1776/1206/142
f 1776/1206/142 1784/1206/142 1777/1206/142
f 1777/1206/142 1784/1206/142 1778/1206/142
f 1778/1206/142 1784/1206/142 1779/1206/142
f 1779/1206/142 1784/1206/142 1780/1206/142
f 1780/1206/142 1784/1206/142 1781/1206/142
f 1781/1206/142 1784/1206/142 1782/1206/142
f 1782/1206/142 1784/1206/142 1783/1206/142
f 1783/1206/142 1784/1206/142 1765/1206/142
f 1785/1207/228 1786/1207/228 1787/1207/228
f 1785/1207/228 1787/1207/228 1788/1207/228
f 1785/1207/228 1788/1207/228 1789/1207/228
f 1785/1207/228 1789/1207/228 1790/1207/228
f 1785/1207/228 1790/1207/228 1791/1207/228
f 1785/1207/228 1791/1207/228 1792/1207/228
f 1785/1207/228 1792/1207/228 1793/1207/228
f 1785/1207/228 1793/1207/228 1794/1207/228
f 1785/1207/228 1794/1207/228 1795/1207/228
f 1785/1207/228 1795/1207/228 1796/1207/228
f 1785/1207/228 1796/1207/228 1797/1207/228
f 1785/1207/228 1797/1207/228 1798/1207/228
f 1785/1207/228 1798/1207/228 1799/1207/228
f 1785/1207/228 1799/1207/228 1800/1207/228
f 1785/1207/228 1800/1207/228 1801/1207/228
f 1785/1207/228 1801/1207/228 1802/1207/228
f 1785/1207/228 1802/1207/228 1803/1207/228
f 1785/1207/228 1803/1207/228 1804/1207/228
f 1785/1207/228 1804/1207/228 1805/1207/228
f 1785/1207/228 1805/1207/228 1806/1207/228
f 1785/1207/228 1806/1207/228 1807/1207/228
f 1785/1207/228 1807/1207/228 1808/1207/228
f 1785/1207/228 1808/1207/228 1809/1207/228
f 1785/1207/228 1809/1207/228 1810/1207/228
f 1785/1207/228 1810/1207/228 1811/1207/228
f 1785/1207/228 1811/1207/228 1812/1207/228
f 1785/1207/228 1812/1207/228 1813/1207/228
f 1785/1207/228 1813/1207/228 1786/1207/228
f 1786/1207/263 1814/1207/264 1787/1207/264
f 1786/1207/263 1815/1207/263 1814/1207/264
f 1787/1207/264 1816/1207/265 1788/1207/265
f 1787/1207/264 1814/1207/264 1816/1207/265
f 1788/1207/265 1817/1207/266 1789/1207/266
f 1788/1207/265 1816/1207/265 1817/1207/266
f 1789/1207/266 1818/1207/267 1790/1207/267
f 1789/1207/266 1817/1207/266 1818/1207/267
f 1790/1207/267 1819/1207/268 1791/1207/268
f 1790/1207/267 1818/1207/267 1819/1207/268
f 1791/1207/268 1820/1207/269 1792/1207/269
f 1791/1207/268 1819/1207/268 1820/1207/269
f 1792/1207/269 1821/1207/270 1793/1207/270
f 1792/1207/269 1820/1207/269 1821/1207/270
f 1793/1207/270 1822/1207/271 1794/1207/271
f 1793/1207/270 1821/1207/270 1822/1207/271
f 1794/1207/271 1823/1207/272 1795/1207/272
f 1794/1207/271 1822/1207/271 1823/1207/272
f 1795/1207/272 1824/1207/273 1796/1207/273
f 1795/1207/272 1823/1207/272 1824/1207/273
f 1796/1207/273 1825/1207/274 1797/1207/274
f 1796/1207/273 1824/1207/273 1825/1207/274
f 1797/1207/274 1826/1207/275 1798/1207/275
f 1797/1207/274 1825/1207/274 1826/1207/275
f 1798/1207/275 1827/1207/276 1799/1207/276
f 1798/1207/275 1826/1207/275 1827/1207/276
f 1799/1207/276 1828/1207/277 1800/1207/277
f 1799/1207/276 1827/1207/276 1828/1207/277
f 1800/1207/277 1829/1207/278 1801/1207/278
f 1800/1207/277 1828/1207/277 1829/1207/278
f 1801/1207/278 1830/1207/279 1802/1207/279
f 1801/1207/278 1829/1207/278 1830/1207/279
f 1802/1207/279 1831/1207/280 1803/1207/280
f 1802/1207/279 1830/1207/279 1831/1207/280
f 1803/1207/280 1832/1207/281 1804/1207/281
f 1803/1207/280 1831/1207/280 1832/1207/281
f 1804/1207/281 1833/1207/282 1805/1207/282
f 1804/1207/281 1832/1207/281 1833/1207/282
f 1805/1207/282 1834/1207/283 1806/1207/283
f 1805/1207/282 1833/1207/282 1834/1207/283
f 1806/1207/283 1835/1207/284 1807/1207/284
f 1806/1207/283 1834/1207/283 1835/1207/284
f 1807/1207/284 1836/1207/285 1808/1207/285
f 1807/1207/284 1835/1207/284 1836/1207/285
f 1808/1207/285 1837/1207/286 1809/1207/286
f 1808/1207/285 1836/1207/285 1837/1207/286
f 1809/1207/286 1838/1207/287 1810/1207/287
f 1809/1207/286 1837/1207/286 1838/1207/287
f 1810/1207/287 1839/1207/288 1811/1207/288
f 1810/1207/287 1838/1207/287 1839/1207/288
f 1811/1207/288 1840/1207/289 1812/1207/289
f 1811/1207/288 1839/1207/288 1840/1207/289
f 1812/1207/289 1841/1207/290 1813/1207/290
f 1812/1207/289 1840/1207/289 1841/1207/290
f 1813/1207/290 1815/1207/263 1786/1207/263
f 1813/1207/290 1841/1207/290 1815/1207/263
f 1815/1207/223 1842/1207/291 1814/1207/292
f 1815/1207/223 1843/1207/293 1842/1207/291
f 1814/1207/292 1844/1207/294 1816/1207/295
f 1814/1207/292 1842/1207/291 1844/1207/294
f 1816/1207/295 1845/1207/296 1817/1207/297
f 1816/1207/295 1844/1207/294 1845/1207/296
f 1817/1207/297 1846/1207/298 1818/1207/299
f 1817/1207/297 1845/1207/296 1846/1207/298
f 1818/1207/299 1847/1207/300 1819/1207/301
f 1818/1207/299 1846/1207/298 1847/1207/300
f 1819/1207/301 1848/1207/302 1820/1207/303
f 1819/1207/301 1847/1207/300 1848/1207/302
f 1820/1207/303 1849/1207/304 1821/1207/142
f 1820/1207/303 1848/1207/302 1849/1207/304
f 1821/1207/142 1850/1207/305 1822/1207/306
f 1821/1207/142 1849/1207/304 1850/1207/305
f 1822/1207/306 1851/1207/307 1823/1207/308
f 1822/1207/306 1850/1207/305 1851/1207/307
f 1823/1207/308 1852/1207/309 1824/1207/310
f 1823/1207/308 1851/1207/307 1852/1207/309
f 1824/1207/310 1853/1207/311 1825/1207/312
f 1824/1207/310 1852/1207/309 1853/1207/311
f 1825/1207/312 1854/1207/313 1826/1207/314
f 1825/1207/312 1853/1207/311 1854/1207/313
f 1826/1207/314 1855/1207/315 1827/1207/316
f 1826/1207/314 1854/1207/313 1855/1207/315
f 1827/1207/316 1856/1207/317 1828/1207/233
f 1827/1207/316 1855/1207/315 1856/1207/317
f 1828/1207/233 1857/1207/318 1829/1207/319
f 1828/1207/233 1856/1207/317 1857/1207/318
f 1829/1207/319 1858/1207/320 1830/1207/321
f 1829/1207/319 1857/1207/318 1858/1207/320
f 1830/1207/321 1859/1207/322 1831/1207/323
f 1830/1207/321 1858/1207/320 1859/1207/322
f 1831/1207/323 1860/1207/324 1832/1207/325
f 1831/1207/323 1859/1207/322 1860/1207/324
f 1832/1207/325 1861/1207/326 1833/1207/327
f 1832/1207/325 1860/1207/324 1861/1207/326
f 1833/1207/327 1862/1207/328 1834/1207/329
f 1833/1207/327 1861/1207/326 1862/1207/328
f 1834/1207/329 1863/1207/330 1835/1207/1
f 1834/1207/329 1862/1207/328 1863/1207/330
f 1835/1207/1 1864/1207/331 1836/1207/332
f 1835/1207/1 1863/1207/330 1864/1207/331
f 1836/1207/332 1865/1207/333 1837/1207/334
f 1836/1207/332 1864/1207/331 1865/1207/333
f 1837/1207/334 1866/1207/335 1838/1207/336
f 1837/1207/334 1865/1207/333 1866/1207/335
f 1838/1207/336 1867/1207/337 1839/1207/338
f 1838/1207/336 1866/1207/335 1867/1207/337
f 1839/1207/338 1868/1207/339 1840/1207/340
f 1839/1207/338 1867/1207/337 1868/1207/339
f 1840/1207/340 1869/1207/341 1841/1207/342
f 1840/1207/340 1868/1207/339 1869/1207/341
f 1841/1207/342 1843/1207/293 1815/1207/223
f 1841/1207/342 1869/1207/341 1843/1207/293
f 1843/1207/293 1870/1207/343 1842/1207/291
f 1843/1207/293 1871/1207/344 1870/1207/343
f 1842/1207/291 1872/1207/345 1844/1207/294
f 1842/1207/291 1870/1207/343 1872/1207/345
f 1844/1207/294 1873/1207/346 1845/1207/296
f 1844/1207/294 1872/1207/345 1873/1207/346
f 1845/1207/296 1874/1207/347 1846/1207/298
f 1845/1207/296 1873/1207/346 1874/1207/347
f 1846/1207/298 1875/1207/348 1847/1207/300
f 1846/1207/298 1874/1207/347 1875/1207/348
f 1847/1207/300 1876/1207/349 1848/1207/302
f 1847/1207/300 1875/1207/348 1876/1207/349
f 1848/1207/302 1877/1207/350 1849/1207/304
f 1848/1207/302 1876/1207/349 1877/1207/350
f 1849/1207/304 1878/1207/351 1850/1207/305
f 1849/1207/304 1877/1207/350 1878/1207/351
f 1850/1207/305 1879/1207/352 1851/1207/307
f 1850/1207/305 1878/1207/351 1879/1207/352
f 1851/1207/307 1880/1207/353 1852/1207/309
f 1851/1207/307 1879/1207/352 1880/1207/353
f 1852/1207/309 1881/1207/354 1853/1207/311
f 1852/1207/309 1880/1207/353 1881/1207/354
f 1853/1207/311 1882/1207/355 1854/1207/313
f 1853/1207/311 1881/1207/354 1882/1207/355
f 1854/1207/313 1883/1207/356 1855/1207/315
f 1854/1207/313 1882/1207/355 1883/1207/356
f 1855/1207/315 1884/1207/357 1856/1207/317
f 1855/1207/315 1883/1207/356 1884/1207/357
f 1856/1207/317 1885/1207/358 1857/1207/318
f 1856/1207/317 1884/1207/357 1885/1207/358
f 1857/1207/318 1886/1207/359 1858/1207/320
f 1857/1207/318 1885/1207/358 1886/1207/359
f 1858/1207/320 1887/1207/360 1859/1207/322
f 1858/1207/320 1886/1207/359 1887/1207/360
f 1859/1207/322 1888/1207/361 1860/1207/324
f 1859/1207/322 1887/1207/360 1888/1207/361
f 1860/1207/324 1889/1207/362 1861/1207/326
f 1860/1207/324 1888/1207/361 1889/1207/362
f 1861/1207/326 1890/1207/363 1862/1207/328
f 1861/1207/326 1889/1207/362 1890/1207/363
f 1862/1207/328 1891/1207/364 1863/1207/330
f 1862/1207/328 1890/1207/363 1891/1207/364
f 1863/1207/330 1892/1207/365 1864/1207/331
f 1863/1207/330 1891/1207/364 1892/1207/365
f 1864/1207/331 1893/1207/366 1865/1207/333
f 1864/1207/331 1892/1207/365 1893/1207/366
f 1865/1207/333 1894/1207/367 1866/1207/335
f 1865/1207/333 1893/1207/366 1894/1207/367
f 1866/1207/335 1895/1207/368 1867/1207/337
f 1866/1207/335 1894/1207/367 1895/1207/368
f 1867/1207/337 1896/1207/369 1868/1207/339
f 1867/1207/337 1895/1207/368 1896/1207/369
f 1868/1207/339 1897/1207/370 1869/1207/341
f 1868/1207/339 1896/1207/369 1897/1207/370
f 1869/1207/341 1871/1207/344 1843/1207/293
f 1869/1207/341 1897/1207/370 1871/1207/344
f 1871/1207/371 1898/1207/372 1870/1207/373
f 1871/1207/371 1899/1207/374 1898/1207/372
f 1870/1207/373 1900/1207/375 1872/1207/376
f 1870/1207/373 1898/1207/372 1900/1207/375
f 1872/1207/376 1901/1207/377 1873/1207/378
f 1872/1207/376 1900/1207/375 1901/1207/377
f 1873/1207/378 1902/1207/379 1874/1207/380
f 1873/1207/378 1901/1207/377 1902/1207/379
f 1874/1207/380 1903/1207/381 1875/1207/382
f 1874/1207/380 1902/1207/379 1903/1207/381
f 1875/1207/382 1904/1207/383 1876/1207/384
f 1875/1207/382 1903/1207/381 1904/1207/383
f 1876/1207/384 1905/1207/385 1877/1207/386
f 1876/1207/384 1904/1207/383 1905/1207/385
f 1877/1207/386 1906/1207/387 1878/1207/388
f 1877/1207/386 1905/1207/385 1906/1207/387
f 1878/1207/388 1907/1207/389 1879/1207/390
f 1878/1207/388 1906/1207/387 1907/1207/389
f 1879/1207/390 1908/1207/391 1880/1207/392
f 1879/1207/390 1907/1207/389 1908/1207/391
f 1880/1207/392 1909/1207/393 1881/1207/394
f 1880/1207/392 1908/1207/391 1909/1207/393
f 1881/1207/394 1910/1207/395 1882/1207/396
f 1881/1207/394 1909/1207/393 1910/1207/395
f 1882/1207/396 1911/1207/397 1883/1207/398
f 1882/1207/396 1910/1207/395 1911/1207/397
f 1883/1207/398 1912/1207/399 1884/1207/400
f 1883/1207/398 1911/1207/397 1912/1207/399
f 1884/1207/400 1913/1207/401 1885/1207/402
f 1884/1207/400 1912/1207/399 1913/1207/401
f 1885/1207/402 1914/1207/403 1886/1207/404
f 1885/1207/402 1913/1207/401 1914/1207/403
f 1886/1207/404 1915/1207/405 1887/1207/406
f 1886/1207/404 1914/1207/403 1915/1207/405
f 1887/1207/406 1916/1207/407 1888/1207/408
f 1887/1207/406 1915/1207/405 1916/1207/407
f 1888/1207/408 1917/1207/409 1889/1207/410
f 1888/1207/408 1916/1207/407 1917/1207/409
f 1889/1207/410 1918/1207/411 1890/1207/412
f 1889/1207/410 1917/1207/409 1918/1207/411
f 1890/1207/412 1919/1207/413 1891/1207/414
f 1890/1207/412 1918/1207/411 1919/1207/413
f 1891/1207/414 1920/1207/415 1892/1207/416
f 1891/1207/414 1919/1207/413 1920/1207/415
f 1892/1207/416 1921/1207/417 1893/1207/418
f 1892/1207/416 1920/1207/415 1921/1207/417
f 1893/1207/418 1922/1207/419 1894/1207/420
f 1893/1207/418 1921/1207/417 1922/1207/419
f 1894/1207/420 1923/1207/421 1895/1207/422
f 1894/1207/420 1922/1207/419 1923/1207/421
f 1895/1207/422 1924/1207/423 1896/1207/424
f 1895/1207/422 1923/1207/421 1924/1207/423
f 1896/1207/424 1925/1207/425 1897/1207/426
f 1896/1207/424 1924/1207/423 1925/1207/425
f 1897/1207/426 1899/1207/374 1871/1207/371
f 1897/1207/426 1925/1207/425 1899/1207/374
f 1899/1207/374 1926/1207/238 1898/1207/372
f 1898/1207/372 1926/1207/238 1900/1207/375
f 1900/1207/375 1926/1207/238 1901/1207/377
f 1901/1207/377 1926/1207/238 1902/1207/379
f 1902/1207/379 1926/1207/238 1903/1207/381
f 1903/1207/381 1926/1207/238 1904/1207/383
f 1904/1207/383 1926/1207/238 1905/1207/385
f 1905/1207/385 1926/1207/238 1906/1207/387
f 1906/1207/387 1926/1207/238 1907/1207/389
f 1907/1207/389 1926/1207/238 1908/1207/391
f 1908/1207/391 1926/1207/238 1909/1207/393
f 1909/1207/393 1926/1207/238 1910/1207/395
f 1910/1207/395 1926/1207/238 1911/1207/397
f 1911/1207/397 1926/1207/238 1912/1207/399
f 1912/1207/399 1926/1207/238 1913/1207/401
f 1913/1207/401 1926/1207/238 1914/1207/403
f 1914/1207/403 1926/1207/238 1915/1207/405
f 1915/1207/405 1926/1207/238 1916/1207/407
f 1916/1207/407 1926/1207/238 1917/1207/409
f 1917/1207/409 1926/1207/238 1918/1207/411
f 1918/1207/411 1926/1207/238 1919/1207/413
f 1919/1207/413 1926/1207/238 1920/1207/415
f 1920/1207/415 1926/1207/238 1921/1207/417
f 1921/1207/417 1926/1207/238 1922/1207/419
f 1922/1207/419 1926/1207/238 1923/1207/421
f 1923/1207/421 1926/1207/238 1924/1207/423
f 1924/1207/423 1926/1207/238 1925/1207/425
f 1925/1207/425 1926/1207/238 1899/1207/374
f 1926/1208/228 1899/1208/228 1927/1208/228
f 1926/1208/228 1927/1208/228 1928/1208/228
f 1926/1208/228 1928/1208/228 1929/1208/228
f 1926/1208/228 1929/1208/228 1930/1208/228
f 1926/1208/228 1930/1208/228 1931/1208/228
f 1926/1208/228 1931/1208/228 1905/1208/228
f 1926/1208/228 1905/1208/228 1932/1208/228
f 1926/1208/228 1932/1208/228 1933/1208/228
f 1926/1208/228 1933/1208/228 1934/1208/228
f 1926/1208/228 1934/1208/228 1935/1208/228
f 1926/1208/228 1935/1208/228 1936/1208/228
f 1926/1208/228 1936/1208/228 1912/1208/228
f 1926/1208/228 1912/1208/228 1937/1208/228
f 1926/1208/228 1937/1208/228 1938/1208/228
f 1926/1208/228 1938/1208/228 1939/1208/228
f 1926/1208/228 1939/1208/228 1940/1208/228
f 1926/1208/228 1940/1208/228 1941/1208/228
f 1926/1208/228 1941/1208/228 1919/1208/228
f 1926/1208/228 1919/1208/228 1942/1208/228
f 1926/1208/228 1942/1208/228 1943/1208/228
f 1926/1208/228 1943/1208/228 1944/1208/228
f 1926/1208/228 1944/1208/228 1945/1208/228
f 1926/1208/228 1945/1208/228 1946/1208/228
f 1926/1208/228 1946/1208/228 1899/1208/228
f 1899/1208/223 1947/1208/427 1927/1208/427
f 1899/1208/223 1948/1208/223 1947/1208/427
f 1927/1208/427 1949/1208/428 1928/1208/428
f 1927/1208/427 1947/1208/427 1949/1208/428
f 1928/1208/428 1950/1208/243 1929/1208/243
f 1928/1208/428 1949/1208/428 1950/1208/243
f 1929/1208/243 1951/1208/429 1930/1208/429
f 1929/1208/243 1950/1208/243 1951/1208/429
f 1930/1208/429 1952/1208/430 1931/1208/430
f 1930/1208/429 1951/1208/429 1952/1208/430
f 1931/1208/430 1953/1208/142 1905/1208/142
f 1931/1208/430 1952/1208/430 1953/1208/142
f 1905/1208/142 1954/1208/431 1932/1208/431
f 1905/1208/142 1953/1208/142 1954/1208/431
f 1932/1208/431 1955/1208/432 1933/1208/432
f 1932/1208/431 1954/1208/431 1955/1208/432
f 1933/1208/432 1956/1208/253 1934/1208/253
f 1933/1208/432 1955/1208/432 1956/1208/253
f 1934/1208/253 1957/1208/433 1935/1208/433
f 1934/1208/253 1956/1208/253 1957/1208/433
f 1935/1208/433 1958/1208/434 1936/1208/434
f 1935/1208/433 1957/1208/433 1958/1208/434
f 1936/1208/434 1959/1208/233 1912/1208/233
f 1936/1208/434 1958/1208/434 1959/1208/233
f 1912/1208/233 1960/1208/435 1937/1208/435
f 1912/1208/233 1959/1208/233 1960/1208/435
f 1937/1208/435 1961/1208/436 1938/1208/436
f 1937/1208/435 1960/1208/435 1961/1208/436
f 1938/1208/436 1962/1208/437 1939/1208/437
f 1938/1208/436 1961/1208/436 1962/1208/437
f 1939/1208/437 1963/1208/438 1940/1208/438
f 1939/1208/437 1962/1208/437 1963/1208/438
f 1940/1208/438 1964/1208/439 1941/1208/439
f 1940/1208/438 1963/1208/438 1964/1208/439
f 1941/1208/439 1965/1208/1 1919/1208/1
f 1941/1208/439 1964/1208/439 1965/1208/1
f 1919/1208/1 1966/1208/440 1942/1208/440
f 1919/1208/1 1965/1208/1 1966/1208/440
f 1942/1208/440 1967/1208/441 1943/1208/441
f 1942/1208/440 1966/1208/440 1967/1208/441
f 1943/1208/441 1968/1208/442 1944/1208/442
f 1943/1208/441 1967/1208/441 1968/1208/442
f 1944/1208/442 1969/1208/443 1945/1208/443
f 1944/1208/442 1968/1208/442 1969/1208/443
f 1945/1208/443 1970/1208/444 1946/1208/444
f 1945/1208/443 1969/1208/443 1970/1208/444
f 1946/1208/444 1948/1208/223 1899/1208/223
f 1946/1208/444 1970/1208/444 1948/1208/223
f 1948/1208/238 1971/1208/238 1947/1208/238
f 1947/1208/238 1971/1208/238 1949/1208/238
f 1949/1208/238 1971/1208/238 1950/1208/238
f 1950/1208/238 1971/1208/238 1951/1208/238
f 1951/1208/238 1971/1208/238 1952/1208/238
f 1952/1208/238 1971/1208/238 1953/1208/238
f 1953/1208/238 1971/1208/238 1954/1208/238
f 1954/1208/238 1971/1208/238 1955/1208/238
f 1955/1208/238 1971/1208/238 1956/1208/238
f 1956/1208/238 1971/1208/238 1957/1208/238
f 1957/1208/238 1971/1208/238 1958/1208/238
f 1958/1208/238 1971/1208/238 1959/1208/238
f 1959/1208/238 1971/1208/238 1960/1208/238
f 1960/1208/238 1971/1208/238 1961/1208/238
f 1961/1208/238 1971/1208/238 1962/1208/238
f 1962/1208/238 1971/1208/238 1963/1208/238
f 1963/1208/238 1971/1208/238 1964/1208/238
f 1964/1208/238 1971/1208/238 1965/1208/238
f 1965/1208/238 1971/1208/238 1966/1208/238
f 1966/1208/238 1971/1208/238 1967/1208/238
f 1967/1208/238 1971/1208/238 1968/1208/238
f 1968/1208/238 1971/1208/238 1969/1208/238
f 1969/1208/238 1971/1208/238 1970/1208/238
f 1970/1208/238 1971/1208/238 1948/1208/238
f 1972/1209/223 1973/1209/292 1974/1209/292
f 1972/1209/223 1975/1209/223 1973/1209/292
f 1974/1209/292 1976/1209/295 1977/1209/295
f 1974/1209/292 1973/1209/292 1976/1209/295
f 1977/1209/295 1978/1209/297 1979/1209/297
f 1977/1209/295 1976/1209/295 1978/1209/297
f 1979/1209/297 1980/1209/299 1981/1209/299
f 1979/1209/297 1978/1209/297 1980/1209/299
f 1981/1209/299 1982/1209/301 1983/1209/301
f 1981/1209/299 1980/1209/299 1982/1209/301
f 1983/1209/301 1984/1209/303 1985/1209/303
f 1983/1209/301 1982/1209/301 1984/1209/303
f 1985/1209/303 1986/1209/142 1987/1209/142
f 1985/1209/303 1984/1209/303 1986/1209/142
f 1987/1209/142 1988/1209/306 1989/1209/306
f 1987/1209/142 1986/1209/142 1988/1209/306
f 1989/1209/306 1990/1209/308 1991/1209/308
f 1989/1209/306 1988/1209/306 1990/1209/308
f 1991/1209/308 1992/1209/310 1993/1209/310
f 1991/1209/308 1990/1209/308 1992/1209/310
f 1993/1209/310 1994/1209/312 1995/1209/312
f 1993/1209/310 1992/1209/310 1994/1209/312
f 1995/1209/312 1996/1209/314 1997/1209/314
f 1995/1209/312 1994/1209/312 1996/1209/314
f 1997/1209/314 1998/1209/316 1999/1209/316
f 1997/1209/314 1996/1209/314 1998/1209/316
f 1999/1209/316 2000/1209/233 2001/1209/233
f 1999/1209/316 1998/1209/316 2000/1209/233
f 2001/1209/233 2002/1209/319 2003/1209/319
f 2001/1209/233 2000/1209/233 2002/1209/319
f 2003/1209/319 2004/1209/321 2005/1209/321
f 2003/1209/319 2002/1209/319 2004/1209/321
f 2005/1209/321 2006/1209/323 2007/1209/323
f 2005/1209/321 2004/1209/321 2006/1209/323
f 2007/1209/323 2008/1209/325 2009/1209/325
f 2007/1209/323 2006/1209/323 2008/1209/325
f 2009/1209/325 2010/1209/327 2011/1209/327
f 2009/1209/325 2008/1209/325 2010/1209/327
f 2011/1209/327 2012/1209/329 2013/1209/329
f 2011/1209/327 2010/1209/327 2012/1209/329
f 2013/1209/329 2014/1209/1 2015/1209/1
f 2013/1209/329 2012/1209/329 2014/1209/1
f 2015/1209/1 2016/1209/332 2017/1209/332
f 2015/1209/1 2014/1209/1 2016/1209/332
f 2017/1209/332 2018/1209/334 2019/1209/334
f 2017/1209/332 2016/1209/332 2018/1209/334
f 2019/1209/334 2020/1209/336 2021/1209/336
f 2019/1209/334 2018/1209/334 2020/1209/336
f 2021/1209/336 2022/1209/338 2023/1209/338
f 2021/1209/336 2020/1209/336 2022/1209/338
f 2023/1209/338 2024/1209/340 2025/1209/340
f 2023/1209/338 2022/1209/338 2024/1209/340
f 2025/1209/340 2026/1209/342 2027/1209/342
f 2025/1209/340 2024/1209/340 2026/1209/342
f 2027/1209/342 1975/1209/223 1972/1209/223
f 2027/1209/342 2026/1209/342 1975/1209/223
